/Users/alice/Desktop/python/FL_selection/system /Users/alice/Desktop/python/FL_selection
2024-10-24 21:33:46.494753: I tensorflow/core/platform/cpu_feature_guard.cc:182] This TensorFlow binary is optimized to use available CPU instructions in performance-critical operations.
To enable the following instructions: SSE4.1 SSE4.2 AVX AVX2 FMA, in other operations, rebuild TensorFlow with the appropriate compiler flags.

cuda is not avaiable.

==================================================
Algorithm: FedAvg
Local batch size: 10
Local steps: 5
Local learing rate: 0.005
Local learing rate decay: False
Total number of clients: 20
Clients join in each round: 0.5
Clients randomly join: False
Client drop rate: 0.0
Client select regarding time: False
Running times: 1
Dataset: mnist
Number of classes: 10
Backbone: dnn
Using device: cpu
Using DP: False
Auto break: False
Global rounds: 200
DLG attack: False
Total number of new clients: 0
Fine tuning epoches on new clients: 0
==================================================

============= Running time: 0th =============
Creating server and clients ...
DNN(
  (fc1): Linear(in_features=784, out_features=100, bias=True)
  (fc): Linear(in_features=100, out_features=10, bias=True)
)
INFO:------------------------args.algorithm is:FedAvg-----------------------
**************************1.INfo,set_clients ,init data********************
train_slow,send_slow 20 [False, False, False, False, False, False, False, False, False, False, False, False, False, False, False, False, False, False, False, False] [False, False, False, False, False, False, False, False, False, False, False, False, False, False, False, False, False, False, False, False]
10 args.num_classes
10 args.num_classes
10 args.num_classes
10 args.num_classes
10 args.num_classes
10 args.num_classes
10 args.num_classes
10 args.num_classes
10 args.num_classes
10 args.num_classes
10 args.num_classes
10 args.num_classes
10 args.num_classes
10 args.num_classes
10 args.num_classes
10 args.num_classes
10 args.num_classes
10 args.num_classes
10 args.num_classes
10 args.num_classes
client base client  0, total_num is 2370,label is [1006, 47, 0, 0, 0, 0, 620, 0, 671, 26]
client base client  1, total_num is 2612,label is [2378, 20, 7, 0, 0, 0, 0, 207, 0, 0]
client base client  2, total_num is 534,label is [0, 0, 0, 0, 0, 0, 464, 0, 70, 0]
client base client  3, total_num is 2184,label is [0, 0, 30, 3, 42, 1, 1, 2106, 0, 1]
client base client  4, total_num is 8040,label is [370, 50, 484, 7136, 0, 0, 0, 0, 0, 0]
client base client  5, total_num is 3748,label is [55, 0, 0, 0, 0, 0, 0, 0, 3693, 0]
client base client  6, total_num is 7980,label is [1797, 6183, 0, 0, 0, 0, 0, 0, 0, 0]
client base client  7, total_num is 1414,label is [0, 126, 11, 0, 636, 0, 641, 0, 0, 0]
client base client  8, total_num is 362,label is [336, 0, 0, 0, 0, 13, 0, 9, 1, 3]
client base client  9, total_num is 4040,label is [0, 16, 0, 0, 4024, 0, 0, 0, 0, 0]
client base client  10, total_num is 2386,label is [0, 0, 0, 0, 17, 1, 0, 0, 2368, 0]
client base client  11, total_num is 5184,label is [0, 0, 172, 0, 0, 1, 5011, 0, 0, 0]
client base client  12, total_num is 4995,label is [0, 0, 2727, 0, 0, 2268, 0, 0, 0, 0]
client base client  13, total_num is 1215,label is [18, 0, 0, 0, 0, 1197, 0, 0, 0, 0]
client base client  14, total_num is 3157,label is [919, 0, 0, 0, 2073, 6, 138, 0, 21, 0]
client base client  15, total_num is 78,label is [0, 0, 4, 0, 0, 0, 0, 73, 0, 1]
client base client  16, total_num is 4995,label is [1, 0, 0, 1, 0, 95, 0, 4898, 0, 0]
client base client  17, total_num is 6947,label is [0, 0, 0, 0, 20, 0, 0, 0, 0, 6927]
client base client  18, total_num is 3872,label is [22, 296, 3554, 0, 0, 0, 0, 0, 0, 0]
client base client  19, total_num is 3887,label is [1, 1139, 1, 1, 12, 2731, 1, 0, 1, 0]

Join ratio / total clients: 0.5 / 20
Finished creating server and clients.

-------------Round number: 0-------------

Evaluate global model
Averaged Train Loss: 6.1797
Averaged Test Accurancy: 0.1021
Averaged Test AUC: 0.5077
Std Test Accurancy: 0.2848
Std Test AUC: 0.2954
------------------------- Round is  0 ------------------------- time cost ------------------------- 851.0159862041473
------------------------- Budget is : [851.0159862041473]

-------------Round number: 1-------------

Evaluate global model
Averaged Train Loss: 2.7982
Averaged Test Accurancy: 0.2073
Averaged Test AUC: 0.5551
Std Test Accurancy: 0.3211
Std Test AUC: 0.3119
------------------------- Round is  1 ------------------------- time cost ------------------------- 747.597101688385
------------------------- Budget is : [851.0159862041473, 747.597101688385]

-------------Round number: 2-------------

Evaluate global model
Averaged Train Loss: 2.5979
Averaged Test Accurancy: 0.2876
Averaged Test AUC: 0.6137
Std Test Accurancy: 0.3466
Std Test AUC: 0.3252
------------------------- Round is  2 ------------------------- time cost ------------------------- 749.3950757980347
------------------------- Budget is : [851.0159862041473, 747.597101688385, 749.3950757980347]

-------------Round number: 3-------------

Evaluate global model
Averaged Train Loss: 2.3041
Averaged Test Accurancy: 0.2901
Averaged Test AUC: 0.6790
Std Test Accurancy: 0.3249
Std Test AUC: 0.2428
------------------------- Round is  3 ------------------------- time cost ------------------------- 330.52095890045166
------------------------- Budget is : [851.0159862041473, 747.597101688385, 749.3950757980347, 330.52095890045166]

-------------Round number: 4-------------

Evaluate global model
Averaged Train Loss: 1.7113
Averaged Test Accurancy: 0.4758
Averaged Test AUC: 0.7692
Std Test Accurancy: 0.3911
Std Test AUC: 0.2331
------------------------- Round is  4 ------------------------- time cost ------------------------- 233.53188562393188
------------------------- Budget is : [851.0159862041473, 747.597101688385, 749.3950757980347, 330.52095890045166, 233.53188562393188]

-------------Round number: 5-------------

Evaluate global model
Averaged Train Loss: 1.2838
Averaged Test Accurancy: 0.6069
Averaged Test AUC: 0.8858
Std Test Accurancy: 0.2704
Std Test AUC: 0.0938
------------------------- Round is  5 ------------------------- time cost ------------------------- 237.79051613807678
------------------------- Budget is : [851.0159862041473, 747.597101688385, 749.3950757980347, 330.52095890045166, 233.53188562393188, 237.79051613807678]

-------------Round number: 6-------------

Evaluate global model
Averaged Train Loss: 2.0042
Averaged Test Accurancy: 0.3857
Averaged Test AUC: 0.7701
Std Test Accurancy: 0.3530
Std Test AUC: 0.2079
------------------------- Round is  6 ------------------------- time cost ------------------------- 234.48510479927063
------------------------- Budget is : [851.0159862041473, 747.597101688385, 749.3950757980347, 330.52095890045166, 233.53188562393188, 237.79051613807678, 234.48510479927063]

-------------Round number: 7-------------

Evaluate global model
Averaged Train Loss: 1.1741
Averaged Test Accurancy: 0.5948
Averaged Test AUC: 0.8918
Std Test Accurancy: 0.2845
Std Test AUC: 0.0921
------------------------- Round is  7 ------------------------- time cost ------------------------- 238.2229518890381
------------------------- Budget is : [851.0159862041473, 747.597101688385, 749.3950757980347, 330.52095890045166, 233.53188562393188, 237.79051613807678, 234.48510479927063, 238.2229518890381]

-------------Round number: 8-------------

Evaluate global model
Averaged Train Loss: 1.4455
Averaged Test Accurancy: 0.4877
Averaged Test AUC: 0.8449
Std Test Accurancy: 0.3391
Std Test AUC: 0.1307
------------------------- Round is  8 ------------------------- time cost ------------------------- 242.60584592819214
------------------------- Budget is : [851.0159862041473, 747.597101688385, 749.3950757980347, 330.52095890045166, 233.53188562393188, 237.79051613807678, 234.48510479927063, 238.2229518890381, 242.60584592819214]

-------------Round number: 9-------------

Evaluate global model
Averaged Train Loss: 1.4761
Averaged Test Accurancy: 0.5268
Averaged Test AUC: 0.8432
Std Test Accurancy: 0.3640
Std Test AUC: 0.1604
------------------------- Round is  9 ------------------------- time cost ------------------------- 223.61668825149536
------------------------- Budget is : [851.0159862041473, 747.597101688385, 749.3950757980347, 330.52095890045166, 233.53188562393188, 237.79051613807678, 234.48510479927063, 238.2229518890381, 242.60584592819214, 223.61668825149536]

-------------Round number: 10-------------

Evaluate global model
Averaged Train Loss: 2.0535
Averaged Test Accurancy: 0.3841
Averaged Test AUC: 0.8286
Std Test Accurancy: 0.3333
Std Test AUC: 0.1413
------------------------- Round is  10 ------------------------- time cost ------------------------- 230.21543717384338
------------------------- Budget is : [851.0159862041473, 747.597101688385, 749.3950757980347, 330.52095890045166, 233.53188562393188, 237.79051613807678, 234.48510479927063, 238.2229518890381, 242.60584592819214, 223.61668825149536, 230.21543717384338]

-------------Round number: 11-------------

Evaluate global model
Averaged Train Loss: 1.3176
Averaged Test Accurancy: 0.6102
Averaged Test AUC: 0.8731
Std Test Accurancy: 0.2535
Std Test AUC: 0.1490
------------------------- Round is  11 ------------------------- time cost ------------------------- 231.056086063385
------------------------- Budget is : [851.0159862041473, 747.597101688385, 749.3950757980347, 330.52095890045166, 233.53188562393188, 237.79051613807678, 234.48510479927063, 238.2229518890381, 242.60584592819214, 223.61668825149536, 230.21543717384338, 231.056086063385]

-------------Round number: 12-------------

Evaluate global model
Averaged Train Loss: 1.4783
Averaged Test Accurancy: 0.5237
Averaged Test AUC: 0.8665
Std Test Accurancy: 0.3723
Std Test AUC: 0.1453
------------------------- Round is  12 ------------------------- time cost ------------------------- 257.8421287536621
------------------------- Budget is : [851.0159862041473, 747.597101688385, 749.3950757980347, 330.52095890045166, 233.53188562393188, 237.79051613807678, 234.48510479927063, 238.2229518890381, 242.60584592819214, 223.61668825149536, 230.21543717384338, 231.056086063385, 257.8421287536621]

-------------Round number: 13-------------

Evaluate global model
Averaged Train Loss: 1.2980
Averaged Test Accurancy: 0.5852
Averaged Test AUC: 0.8776
Std Test Accurancy: 0.3581
Std Test AUC: 0.1434
------------------------- Round is  13 ------------------------- time cost ------------------------- 240.15797209739685
------------------------- Budget is : [851.0159862041473, 747.597101688385, 749.3950757980347, 330.52095890045166, 233.53188562393188, 237.79051613807678, 234.48510479927063, 238.2229518890381, 242.60584592819214, 223.61668825149536, 230.21543717384338, 231.056086063385, 257.8421287536621, 240.15797209739685]

-------------Round number: 14-------------

Evaluate global model
Averaged Train Loss: 1.3120
Averaged Test Accurancy: 0.6070
Averaged Test AUC: 0.8712
Std Test Accurancy: 0.3643
Std Test AUC: 0.1621
------------------------- Round is  14 ------------------------- time cost ------------------------- 227.73291015625
------------------------- Budget is : [851.0159862041473, 747.597101688385, 749.3950757980347, 330.52095890045166, 233.53188562393188, 237.79051613807678, 234.48510479927063, 238.2229518890381, 242.60584592819214, 223.61668825149536, 230.21543717384338, 231.056086063385, 257.8421287536621, 240.15797209739685, 227.73291015625]

-------------Round number: 15-------------

Evaluate global model
Averaged Train Loss: 1.2438
Averaged Test Accurancy: 0.6275
Averaged Test AUC: 0.8784
Std Test Accurancy: 0.2825
Std Test AUC: 0.1207
------------------------- Round is  15 ------------------------- time cost ------------------------- 222.73093605041504
------------------------- Budget is : [851.0159862041473, 747.597101688385, 749.3950757980347, 330.52095890045166, 233.53188562393188, 237.79051613807678, 234.48510479927063, 238.2229518890381, 242.60584592819214, 223.61668825149536, 230.21543717384338, 231.056086063385, 257.8421287536621, 240.15797209739685, 227.73291015625, 222.73093605041504]

-------------Round number: 16-------------

Evaluate global model
Averaged Train Loss: 1.4181
Averaged Test Accurancy: 0.5991
Averaged Test AUC: 0.8805
Std Test Accurancy: 0.3315
Std Test AUC: 0.1167
------------------------- Round is  16 ------------------------- time cost ------------------------- 240.34417605400085
------------------------- Budget is : [851.0159862041473, 747.597101688385, 749.3950757980347, 330.52095890045166, 233.53188562393188, 237.79051613807678, 234.48510479927063, 238.2229518890381, 242.60584592819214, 223.61668825149536, 230.21543717384338, 231.056086063385, 257.8421287536621, 240.15797209739685, 227.73291015625, 222.73093605041504, 240.34417605400085]

-------------Round number: 17-------------

Evaluate global model
Averaged Train Loss: 1.3967
Averaged Test Accurancy: 0.5835
Averaged Test AUC: 0.8824
Std Test Accurancy: 0.2928
Std Test AUC: 0.1356
------------------------- Round is  17 ------------------------- time cost ------------------------- 232.38708782196045
------------------------- Budget is : [851.0159862041473, 747.597101688385, 749.3950757980347, 330.52095890045166, 233.53188562393188, 237.79051613807678, 234.48510479927063, 238.2229518890381, 242.60584592819214, 223.61668825149536, 230.21543717384338, 231.056086063385, 257.8421287536621, 240.15797209739685, 227.73291015625, 222.73093605041504, 240.34417605400085, 232.38708782196045]

-------------Round number: 18-------------

Evaluate global model
Averaged Train Loss: 1.3395
Averaged Test Accurancy: 0.5720
Averaged Test AUC: 0.8883
Std Test Accurancy: 0.3258
Std Test AUC: 0.1263
------------------------- Round is  18 ------------------------- time cost ------------------------- 229.2259509563446
------------------------- Budget is : [851.0159862041473, 747.597101688385, 749.3950757980347, 330.52095890045166, 233.53188562393188, 237.79051613807678, 234.48510479927063, 238.2229518890381, 242.60584592819214, 223.61668825149536, 230.21543717384338, 231.056086063385, 257.8421287536621, 240.15797209739685, 227.73291015625, 222.73093605041504, 240.34417605400085, 232.38708782196045, 229.2259509563446]

-------------Round number: 19-------------

Evaluate global model
Averaged Train Loss: 1.2192
Averaged Test Accurancy: 0.6126
Averaged Test AUC: 0.8934
Std Test Accurancy: 0.3131
Std Test AUC: 0.1211
------------------------- Round is  19 ------------------------- time cost ------------------------- 235.94315314292908
------------------------- Budget is : [851.0159862041473, 747.597101688385, 749.3950757980347, 330.52095890045166, 233.53188562393188, 237.79051613807678, 234.48510479927063, 238.2229518890381, 242.60584592819214, 223.61668825149536, 230.21543717384338, 231.056086063385, 257.8421287536621, 240.15797209739685, 227.73291015625, 222.73093605041504, 240.34417605400085, 232.38708782196045, 229.2259509563446, 235.94315314292908]

-------------Round number: 20-------------

Evaluate global model
Averaged Train Loss: 1.2364
Averaged Test Accurancy: 0.6143
Averaged Test AUC: 0.9037
Std Test Accurancy: 0.2447
Std Test AUC: 0.0936
------------------------- Round is  20 ------------------------- time cost ------------------------- 234.66389799118042
------------------------- Budget is : [851.0159862041473, 747.597101688385, 749.3950757980347, 330.52095890045166, 233.53188562393188, 237.79051613807678, 234.48510479927063, 238.2229518890381, 242.60584592819214, 223.61668825149536, 230.21543717384338, 231.056086063385, 257.8421287536621, 240.15797209739685, 227.73291015625, 222.73093605041504, 240.34417605400085, 232.38708782196045, 229.2259509563446, 235.94315314292908, 234.66389799118042]

-------------Round number: 21-------------

Evaluate global model
Averaged Train Loss: 1.0136
Averaged Test Accurancy: 0.6187
Averaged Test AUC: 0.9166
Std Test Accurancy: 0.3348
Std Test AUC: 0.0958
------------------------- Round is  21 ------------------------- time cost ------------------------- 230.83648896217346
------------------------- Budget is : [851.0159862041473, 747.597101688385, 749.3950757980347, 330.52095890045166, 233.53188562393188, 237.79051613807678, 234.48510479927063, 238.2229518890381, 242.60584592819214, 223.61668825149536, 230.21543717384338, 231.056086063385, 257.8421287536621, 240.15797209739685, 227.73291015625, 222.73093605041504, 240.34417605400085, 232.38708782196045, 229.2259509563446, 235.94315314292908, 234.66389799118042, 230.83648896217346]

-------------Round number: 22-------------

Evaluate global model
Averaged Train Loss: 1.1888
Averaged Test Accurancy: 0.6153
Averaged Test AUC: 0.8996
Std Test Accurancy: 0.3312
Std Test AUC: 0.1099
------------------------- Round is  22 ------------------------- time cost ------------------------- 230.45425987243652
------------------------- Budget is : [851.0159862041473, 747.597101688385, 749.3950757980347, 330.52095890045166, 233.53188562393188, 237.79051613807678, 234.48510479927063, 238.2229518890381, 242.60584592819214, 223.61668825149536, 230.21543717384338, 231.056086063385, 257.8421287536621, 240.15797209739685, 227.73291015625, 222.73093605041504, 240.34417605400085, 232.38708782196045, 229.2259509563446, 235.94315314292908, 234.66389799118042, 230.83648896217346, 230.45425987243652]

-------------Round number: 23-------------

Evaluate global model
Averaged Train Loss: 0.7589
Averaged Test Accurancy: 0.7274
Averaged Test AUC: 0.9442
Std Test Accurancy: 0.2019
Std Test AUC: 0.0418
------------------------- Round is  23 ------------------------- time cost ------------------------- 234.8525607585907
------------------------- Budget is : [851.0159862041473, 747.597101688385, 749.3950757980347, 330.52095890045166, 233.53188562393188, 237.79051613807678, 234.48510479927063, 238.2229518890381, 242.60584592819214, 223.61668825149536, 230.21543717384338, 231.056086063385, 257.8421287536621, 240.15797209739685, 227.73291015625, 222.73093605041504, 240.34417605400085, 232.38708782196045, 229.2259509563446, 235.94315314292908, 234.66389799118042, 230.83648896217346, 230.45425987243652, 234.8525607585907]

-------------Round number: 24-------------

Evaluate global model
Averaged Train Loss: 0.7513
Averaged Test Accurancy: 0.7372
Averaged Test AUC: 0.9404
Std Test Accurancy: 0.2550
Std Test AUC: 0.0736
------------------------- Round is  24 ------------------------- time cost ------------------------- 236.79091906547546
------------------------- Budget is : [851.0159862041473, 747.597101688385, 749.3950757980347, 330.52095890045166, 233.53188562393188, 237.79051613807678, 234.48510479927063, 238.2229518890381, 242.60584592819214, 223.61668825149536, 230.21543717384338, 231.056086063385, 257.8421287536621, 240.15797209739685, 227.73291015625, 222.73093605041504, 240.34417605400085, 232.38708782196045, 229.2259509563446, 235.94315314292908, 234.66389799118042, 230.83648896217346, 230.45425987243652, 234.8525607585907, 236.79091906547546]

-------------Round number: 25-------------

Evaluate global model
Averaged Train Loss: 0.8800
Averaged Test Accurancy: 0.6769
Averaged Test AUC: 0.9323
Std Test Accurancy: 0.3165
Std Test AUC: 0.0716
------------------------- Round is  25 ------------------------- time cost ------------------------- 226.25344395637512
------------------------- Budget is : [851.0159862041473, 747.597101688385, 749.3950757980347, 330.52095890045166, 233.53188562393188, 237.79051613807678, 234.48510479927063, 238.2229518890381, 242.60584592819214, 223.61668825149536, 230.21543717384338, 231.056086063385, 257.8421287536621, 240.15797209739685, 227.73291015625, 222.73093605041504, 240.34417605400085, 232.38708782196045, 229.2259509563446, 235.94315314292908, 234.66389799118042, 230.83648896217346, 230.45425987243652, 234.8525607585907, 236.79091906547546, 226.25344395637512]

-------------Round number: 26-------------

Evaluate global model
Averaged Train Loss: 0.8783
Averaged Test Accurancy: 0.7461
Averaged Test AUC: 0.9207
Std Test Accurancy: 0.2222
Std Test AUC: 0.1103
------------------------- Round is  26 ------------------------- time cost ------------------------- 230.4469268321991
------------------------- Budget is : [851.0159862041473, 747.597101688385, 749.3950757980347, 330.52095890045166, 233.53188562393188, 237.79051613807678, 234.48510479927063, 238.2229518890381, 242.60584592819214, 223.61668825149536, 230.21543717384338, 231.056086063385, 257.8421287536621, 240.15797209739685, 227.73291015625, 222.73093605041504, 240.34417605400085, 232.38708782196045, 229.2259509563446, 235.94315314292908, 234.66389799118042, 230.83648896217346, 230.45425987243652, 234.8525607585907, 236.79091906547546, 226.25344395637512, 230.4469268321991]

-------------Round number: 27-------------

Evaluate global model
Averaged Train Loss: 0.8651
Averaged Test Accurancy: 0.6783
Averaged Test AUC: 0.9339
Std Test Accurancy: 0.3057
Std Test AUC: 0.0703
------------------------- Round is  27 ------------------------- time cost ------------------------- 225.31712698936462
------------------------- Budget is : [851.0159862041473, 747.597101688385, 749.3950757980347, 330.52095890045166, 233.53188562393188, 237.79051613807678, 234.48510479927063, 238.2229518890381, 242.60584592819214, 223.61668825149536, 230.21543717384338, 231.056086063385, 257.8421287536621, 240.15797209739685, 227.73291015625, 222.73093605041504, 240.34417605400085, 232.38708782196045, 229.2259509563446, 235.94315314292908, 234.66389799118042, 230.83648896217346, 230.45425987243652, 234.8525607585907, 236.79091906547546, 226.25344395637512, 230.4469268321991, 225.31712698936462]

-------------Round number: 28-------------

Evaluate global model
Averaged Train Loss: 1.0825
Averaged Test Accurancy: 0.6523
Averaged Test AUC: 0.9133
Std Test Accurancy: 0.3102
Std Test AUC: 0.0955
------------------------- Round is  28 ------------------------- time cost ------------------------- 231.52774286270142
------------------------- Budget is : [851.0159862041473, 747.597101688385, 749.3950757980347, 330.52095890045166, 233.53188562393188, 237.79051613807678, 234.48510479927063, 238.2229518890381, 242.60584592819214, 223.61668825149536, 230.21543717384338, 231.056086063385, 257.8421287536621, 240.15797209739685, 227.73291015625, 222.73093605041504, 240.34417605400085, 232.38708782196045, 229.2259509563446, 235.94315314292908, 234.66389799118042, 230.83648896217346, 230.45425987243652, 234.8525607585907, 236.79091906547546, 226.25344395637512, 230.4469268321991, 225.31712698936462, 231.52774286270142]

-------------Round number: 29-------------

Evaluate global model
Averaged Train Loss: 0.9128
Averaged Test Accurancy: 0.7192
Averaged Test AUC: 0.9223
Std Test Accurancy: 0.2639
Std Test AUC: 0.0953
------------------------- Round is  29 ------------------------- time cost ------------------------- 238.15003323554993
------------------------- Budget is : [851.0159862041473, 747.597101688385, 749.3950757980347, 330.52095890045166, 233.53188562393188, 237.79051613807678, 234.48510479927063, 238.2229518890381, 242.60584592819214, 223.61668825149536, 230.21543717384338, 231.056086063385, 257.8421287536621, 240.15797209739685, 227.73291015625, 222.73093605041504, 240.34417605400085, 232.38708782196045, 229.2259509563446, 235.94315314292908, 234.66389799118042, 230.83648896217346, 230.45425987243652, 234.8525607585907, 236.79091906547546, 226.25344395637512, 230.4469268321991, 225.31712698936462, 231.52774286270142, 238.15003323554993]

-------------Round number: 30-------------

Evaluate global model
Averaged Train Loss: 0.8298
Averaged Test Accurancy: 0.7446
Averaged Test AUC: 0.9295
Std Test Accurancy: 0.2232
Std Test AUC: 0.0908
------------------------- Round is  30 ------------------------- time cost ------------------------- 235.30017280578613
------------------------- Budget is : [851.0159862041473, 747.597101688385, 749.3950757980347, 330.52095890045166, 233.53188562393188, 237.79051613807678, 234.48510479927063, 238.2229518890381, 242.60584592819214, 223.61668825149536, 230.21543717384338, 231.056086063385, 257.8421287536621, 240.15797209739685, 227.73291015625, 222.73093605041504, 240.34417605400085, 232.38708782196045, 229.2259509563446, 235.94315314292908, 234.66389799118042, 230.83648896217346, 230.45425987243652, 234.8525607585907, 236.79091906547546, 226.25344395637512, 230.4469268321991, 225.31712698936462, 231.52774286270142, 238.15003323554993, 235.30017280578613]

-------------Round number: 31-------------

Evaluate global model
Averaged Train Loss: 0.9161
Averaged Test Accurancy: 0.6648
Averaged Test AUC: 0.9349
Std Test Accurancy: 0.2991
Std Test AUC: 0.0690
------------------------- Round is  31 ------------------------- time cost ------------------------- 235.30817103385925
------------------------- Budget is : [851.0159862041473, 747.597101688385, 749.3950757980347, 330.52095890045166, 233.53188562393188, 237.79051613807678, 234.48510479927063, 238.2229518890381, 242.60584592819214, 223.61668825149536, 230.21543717384338, 231.056086063385, 257.8421287536621, 240.15797209739685, 227.73291015625, 222.73093605041504, 240.34417605400085, 232.38708782196045, 229.2259509563446, 235.94315314292908, 234.66389799118042, 230.83648896217346, 230.45425987243652, 234.8525607585907, 236.79091906547546, 226.25344395637512, 230.4469268321991, 225.31712698936462, 231.52774286270142, 238.15003323554993, 235.30017280578613, 235.30817103385925]

-------------Round number: 32-------------

Evaluate global model
Averaged Train Loss: 0.9732
Averaged Test Accurancy: 0.6669
Averaged Test AUC: 0.9303
Std Test Accurancy: 0.2395
Std Test AUC: 0.0633
------------------------- Round is  32 ------------------------- time cost ------------------------- 226.8762969970703
------------------------- Budget is : [851.0159862041473, 747.597101688385, 749.3950757980347, 330.52095890045166, 233.53188562393188, 237.79051613807678, 234.48510479927063, 238.2229518890381, 242.60584592819214, 223.61668825149536, 230.21543717384338, 231.056086063385, 257.8421287536621, 240.15797209739685, 227.73291015625, 222.73093605041504, 240.34417605400085, 232.38708782196045, 229.2259509563446, 235.94315314292908, 234.66389799118042, 230.83648896217346, 230.45425987243652, 234.8525607585907, 236.79091906547546, 226.25344395637512, 230.4469268321991, 225.31712698936462, 231.52774286270142, 238.15003323554993, 235.30017280578613, 235.30817103385925, 226.8762969970703]

-------------Round number: 33-------------

Evaluate global model
Averaged Train Loss: 1.0634
Averaged Test Accurancy: 0.6711
Averaged Test AUC: 0.9144
Std Test Accurancy: 0.2654
Std Test AUC: 0.0908
------------------------- Round is  33 ------------------------- time cost ------------------------- 247.40836477279663
------------------------- Budget is : [851.0159862041473, 747.597101688385, 749.3950757980347, 330.52095890045166, 233.53188562393188, 237.79051613807678, 234.48510479927063, 238.2229518890381, 242.60584592819214, 223.61668825149536, 230.21543717384338, 231.056086063385, 257.8421287536621, 240.15797209739685, 227.73291015625, 222.73093605041504, 240.34417605400085, 232.38708782196045, 229.2259509563446, 235.94315314292908, 234.66389799118042, 230.83648896217346, 230.45425987243652, 234.8525607585907, 236.79091906547546, 226.25344395637512, 230.4469268321991, 225.31712698936462, 231.52774286270142, 238.15003323554993, 235.30017280578613, 235.30817103385925, 226.8762969970703, 247.40836477279663]

-------------Round number: 34-------------

Evaluate global model
Averaged Train Loss: 1.0726
Averaged Test Accurancy: 0.6649
Averaged Test AUC: 0.9128
Std Test Accurancy: 0.2380
Std Test AUC: 0.0867
------------------------- Round is  34 ------------------------- time cost ------------------------- 236.56913208961487
------------------------- Budget is : [851.0159862041473, 747.597101688385, 749.3950757980347, 330.52095890045166, 233.53188562393188, 237.79051613807678, 234.48510479927063, 238.2229518890381, 242.60584592819214, 223.61668825149536, 230.21543717384338, 231.056086063385, 257.8421287536621, 240.15797209739685, 227.73291015625, 222.73093605041504, 240.34417605400085, 232.38708782196045, 229.2259509563446, 235.94315314292908, 234.66389799118042, 230.83648896217346, 230.45425987243652, 234.8525607585907, 236.79091906547546, 226.25344395637512, 230.4469268321991, 225.31712698936462, 231.52774286270142, 238.15003323554993, 235.30017280578613, 235.30817103385925, 226.8762969970703, 247.40836477279663, 236.56913208961487]

-------------Round number: 35-------------

Evaluate global model
Averaged Train Loss: 0.8605
Averaged Test Accurancy: 0.6788
Averaged Test AUC: 0.9369
Std Test Accurancy: 0.2850
Std Test AUC: 0.0648
------------------------- Round is  35 ------------------------- time cost ------------------------- 239.99431705474854
------------------------- Budget is : [851.0159862041473, 747.597101688385, 749.3950757980347, 330.52095890045166, 233.53188562393188, 237.79051613807678, 234.48510479927063, 238.2229518890381, 242.60584592819214, 223.61668825149536, 230.21543717384338, 231.056086063385, 257.8421287536621, 240.15797209739685, 227.73291015625, 222.73093605041504, 240.34417605400085, 232.38708782196045, 229.2259509563446, 235.94315314292908, 234.66389799118042, 230.83648896217346, 230.45425987243652, 234.8525607585907, 236.79091906547546, 226.25344395637512, 230.4469268321991, 225.31712698936462, 231.52774286270142, 238.15003323554993, 235.30017280578613, 235.30817103385925, 226.8762969970703, 247.40836477279663, 236.56913208961487, 239.99431705474854]

-------------Round number: 36-------------

Evaluate global model
Averaged Train Loss: 0.6584
Averaged Test Accurancy: 0.7812
Averaged Test AUC: 0.9496
Std Test Accurancy: 0.2314
Std Test AUC: 0.0694
------------------------- Round is  36 ------------------------- time cost ------------------------- 230.47901582717896
------------------------- Budget is : [851.0159862041473, 747.597101688385, 749.3950757980347, 330.52095890045166, 233.53188562393188, 237.79051613807678, 234.48510479927063, 238.2229518890381, 242.60584592819214, 223.61668825149536, 230.21543717384338, 231.056086063385, 257.8421287536621, 240.15797209739685, 227.73291015625, 222.73093605041504, 240.34417605400085, 232.38708782196045, 229.2259509563446, 235.94315314292908, 234.66389799118042, 230.83648896217346, 230.45425987243652, 234.8525607585907, 236.79091906547546, 226.25344395637512, 230.4469268321991, 225.31712698936462, 231.52774286270142, 238.15003323554993, 235.30017280578613, 235.30817103385925, 226.8762969970703, 247.40836477279663, 236.56913208961487, 239.99431705474854, 230.47901582717896]

-------------Round number: 37-------------

Evaluate global model
Averaged Train Loss: 0.7824
Averaged Test Accurancy: 0.7448
Averaged Test AUC: 0.9417
Std Test Accurancy: 0.2278
Std Test AUC: 0.0682
------------------------- Round is  37 ------------------------- time cost ------------------------- 234.5268030166626
------------------------- Budget is : [851.0159862041473, 747.597101688385, 749.3950757980347, 330.52095890045166, 233.53188562393188, 237.79051613807678, 234.48510479927063, 238.2229518890381, 242.60584592819214, 223.61668825149536, 230.21543717384338, 231.056086063385, 257.8421287536621, 240.15797209739685, 227.73291015625, 222.73093605041504, 240.34417605400085, 232.38708782196045, 229.2259509563446, 235.94315314292908, 234.66389799118042, 230.83648896217346, 230.45425987243652, 234.8525607585907, 236.79091906547546, 226.25344395637512, 230.4469268321991, 225.31712698936462, 231.52774286270142, 238.15003323554993, 235.30017280578613, 235.30817103385925, 226.8762969970703, 247.40836477279663, 236.56913208961487, 239.99431705474854, 230.47901582717896, 234.5268030166626]

-------------Round number: 38-------------

Evaluate global model
Averaged Train Loss: 0.7977
Averaged Test Accurancy: 0.7370
Averaged Test AUC: 0.9427
Std Test Accurancy: 0.2320
Std Test AUC: 0.0642
------------------------- Round is  38 ------------------------- time cost ------------------------- 236.0567991733551
------------------------- Budget is : [851.0159862041473, 747.597101688385, 749.3950757980347, 330.52095890045166, 233.53188562393188, 237.79051613807678, 234.48510479927063, 238.2229518890381, 242.60584592819214, 223.61668825149536, 230.21543717384338, 231.056086063385, 257.8421287536621, 240.15797209739685, 227.73291015625, 222.73093605041504, 240.34417605400085, 232.38708782196045, 229.2259509563446, 235.94315314292908, 234.66389799118042, 230.83648896217346, 230.45425987243652, 234.8525607585907, 236.79091906547546, 226.25344395637512, 230.4469268321991, 225.31712698936462, 231.52774286270142, 238.15003323554993, 235.30017280578613, 235.30817103385925, 226.8762969970703, 247.40836477279663, 236.56913208961487, 239.99431705474854, 230.47901582717896, 234.5268030166626, 236.0567991733551]

-------------Round number: 39-------------

Evaluate global model
Averaged Train Loss: 0.9045
Averaged Test Accurancy: 0.6948
Averaged Test AUC: 0.9340
Std Test Accurancy: 0.2284
Std Test AUC: 0.0595
------------------------- Round is  39 ------------------------- time cost ------------------------- 234.98214983940125
------------------------- Budget is : [851.0159862041473, 747.597101688385, 749.3950757980347, 330.52095890045166, 233.53188562393188, 237.79051613807678, 234.48510479927063, 238.2229518890381, 242.60584592819214, 223.61668825149536, 230.21543717384338, 231.056086063385, 257.8421287536621, 240.15797209739685, 227.73291015625, 222.73093605041504, 240.34417605400085, 232.38708782196045, 229.2259509563446, 235.94315314292908, 234.66389799118042, 230.83648896217346, 230.45425987243652, 234.8525607585907, 236.79091906547546, 226.25344395637512, 230.4469268321991, 225.31712698936462, 231.52774286270142, 238.15003323554993, 235.30017280578613, 235.30817103385925, 226.8762969970703, 247.40836477279663, 236.56913208961487, 239.99431705474854, 230.47901582717896, 234.5268030166626, 236.0567991733551, 234.98214983940125]

-------------Round number: 40-------------

Evaluate global model
Averaged Train Loss: 0.9807
Averaged Test Accurancy: 0.6867
Averaged Test AUC: 0.9263
Std Test Accurancy: 0.2161
Std Test AUC: 0.0780
------------------------- Round is  40 ------------------------- time cost ------------------------- 232.51492285728455
------------------------- Budget is : [851.0159862041473, 747.597101688385, 749.3950757980347, 330.52095890045166, 233.53188562393188, 237.79051613807678, 234.48510479927063, 238.2229518890381, 242.60584592819214, 223.61668825149536, 230.21543717384338, 231.056086063385, 257.8421287536621, 240.15797209739685, 227.73291015625, 222.73093605041504, 240.34417605400085, 232.38708782196045, 229.2259509563446, 235.94315314292908, 234.66389799118042, 230.83648896217346, 230.45425987243652, 234.8525607585907, 236.79091906547546, 226.25344395637512, 230.4469268321991, 225.31712698936462, 231.52774286270142, 238.15003323554993, 235.30017280578613, 235.30817103385925, 226.8762969970703, 247.40836477279663, 236.56913208961487, 239.99431705474854, 230.47901582717896, 234.5268030166626, 236.0567991733551, 234.98214983940125, 232.51492285728455]

-------------Round number: 41-------------

Evaluate global model
Averaged Train Loss: 0.9208
Averaged Test Accurancy: 0.6823
Averaged Test AUC: 0.9423
Std Test Accurancy: 0.2569
Std Test AUC: 0.0536
------------------------- Round is  41 ------------------------- time cost ------------------------- 228.83365392684937
------------------------- Budget is : [851.0159862041473, 747.597101688385, 749.3950757980347, 330.52095890045166, 233.53188562393188, 237.79051613807678, 234.48510479927063, 238.2229518890381, 242.60584592819214, 223.61668825149536, 230.21543717384338, 231.056086063385, 257.8421287536621, 240.15797209739685, 227.73291015625, 222.73093605041504, 240.34417605400085, 232.38708782196045, 229.2259509563446, 235.94315314292908, 234.66389799118042, 230.83648896217346, 230.45425987243652, 234.8525607585907, 236.79091906547546, 226.25344395637512, 230.4469268321991, 225.31712698936462, 231.52774286270142, 238.15003323554993, 235.30017280578613, 235.30817103385925, 226.8762969970703, 247.40836477279663, 236.56913208961487, 239.99431705474854, 230.47901582717896, 234.5268030166626, 236.0567991733551, 234.98214983940125, 232.51492285728455, 228.83365392684937]

-------------Round number: 42-------------

Evaluate global model
Averaged Train Loss: 0.7206
Averaged Test Accurancy: 0.7924
Averaged Test AUC: 0.9439
Std Test Accurancy: 0.2118
Std Test AUC: 0.0777
------------------------- Round is  42 ------------------------- time cost ------------------------- 231.61347484588623
------------------------- Budget is : [851.0159862041473, 747.597101688385, 749.3950757980347, 330.52095890045166, 233.53188562393188, 237.79051613807678, 234.48510479927063, 238.2229518890381, 242.60584592819214, 223.61668825149536, 230.21543717384338, 231.056086063385, 257.8421287536621, 240.15797209739685, 227.73291015625, 222.73093605041504, 240.34417605400085, 232.38708782196045, 229.2259509563446, 235.94315314292908, 234.66389799118042, 230.83648896217346, 230.45425987243652, 234.8525607585907, 236.79091906547546, 226.25344395637512, 230.4469268321991, 225.31712698936462, 231.52774286270142, 238.15003323554993, 235.30017280578613, 235.30817103385925, 226.8762969970703, 247.40836477279663, 236.56913208961487, 239.99431705474854, 230.47901582717896, 234.5268030166626, 236.0567991733551, 234.98214983940125, 232.51492285728455, 228.83365392684937, 231.61347484588623]

-------------Round number: 43-------------

Evaluate global model
Averaged Train Loss: 0.6312
Averaged Test Accurancy: 0.7673
Averaged Test AUC: 0.9550
Std Test Accurancy: 0.2114
Std Test AUC: 0.0435
------------------------- Round is  43 ------------------------- time cost ------------------------- 227.1500689983368
------------------------- Budget is : [851.0159862041473, 747.597101688385, 749.3950757980347, 330.52095890045166, 233.53188562393188, 237.79051613807678, 234.48510479927063, 238.2229518890381, 242.60584592819214, 223.61668825149536, 230.21543717384338, 231.056086063385, 257.8421287536621, 240.15797209739685, 227.73291015625, 222.73093605041504, 240.34417605400085, 232.38708782196045, 229.2259509563446, 235.94315314292908, 234.66389799118042, 230.83648896217346, 230.45425987243652, 234.8525607585907, 236.79091906547546, 226.25344395637512, 230.4469268321991, 225.31712698936462, 231.52774286270142, 238.15003323554993, 235.30017280578613, 235.30817103385925, 226.8762969970703, 247.40836477279663, 236.56913208961487, 239.99431705474854, 230.47901582717896, 234.5268030166626, 236.0567991733551, 234.98214983940125, 232.51492285728455, 228.83365392684937, 231.61347484588623, 227.1500689983368]

-------------Round number: 44-------------

Evaluate global model
Averaged Train Loss: 0.9680
Averaged Test Accurancy: 0.6926
Averaged Test AUC: 0.9338
Std Test Accurancy: 0.2113
Std Test AUC: 0.0613
------------------------- Round is  44 ------------------------- time cost ------------------------- 227.44782900810242
------------------------- Budget is : [851.0159862041473, 747.597101688385, 749.3950757980347, 330.52095890045166, 233.53188562393188, 237.79051613807678, 234.48510479927063, 238.2229518890381, 242.60584592819214, 223.61668825149536, 230.21543717384338, 231.056086063385, 257.8421287536621, 240.15797209739685, 227.73291015625, 222.73093605041504, 240.34417605400085, 232.38708782196045, 229.2259509563446, 235.94315314292908, 234.66389799118042, 230.83648896217346, 230.45425987243652, 234.8525607585907, 236.79091906547546, 226.25344395637512, 230.4469268321991, 225.31712698936462, 231.52774286270142, 238.15003323554993, 235.30017280578613, 235.30817103385925, 226.8762969970703, 247.40836477279663, 236.56913208961487, 239.99431705474854, 230.47901582717896, 234.5268030166626, 236.0567991733551, 234.98214983940125, 232.51492285728455, 228.83365392684937, 231.61347484588623, 227.1500689983368, 227.44782900810242]

-------------Round number: 45-------------

Evaluate global model
Averaged Train Loss: 0.6651
Averaged Test Accurancy: 0.7470
Averaged Test AUC: 0.9544
Std Test Accurancy: 0.2461
Std Test AUC: 0.0378
------------------------- Round is  45 ------------------------- time cost ------------------------- 231.2380349636078
------------------------- Budget is : [851.0159862041473, 747.597101688385, 749.3950757980347, 330.52095890045166, 233.53188562393188, 237.79051613807678, 234.48510479927063, 238.2229518890381, 242.60584592819214, 223.61668825149536, 230.21543717384338, 231.056086063385, 257.8421287536621, 240.15797209739685, 227.73291015625, 222.73093605041504, 240.34417605400085, 232.38708782196045, 229.2259509563446, 235.94315314292908, 234.66389799118042, 230.83648896217346, 230.45425987243652, 234.8525607585907, 236.79091906547546, 226.25344395637512, 230.4469268321991, 225.31712698936462, 231.52774286270142, 238.15003323554993, 235.30017280578613, 235.30817103385925, 226.8762969970703, 247.40836477279663, 236.56913208961487, 239.99431705474854, 230.47901582717896, 234.5268030166626, 236.0567991733551, 234.98214983940125, 232.51492285728455, 228.83365392684937, 231.61347484588623, 227.1500689983368, 227.44782900810242, 231.2380349636078]

-------------Round number: 46-------------

Evaluate global model
Averaged Train Loss: 0.8685
Averaged Test Accurancy: 0.6719
Averaged Test AUC: 0.9397
Std Test Accurancy: 0.2893
Std Test AUC: 0.0528
------------------------- Round is  46 ------------------------- time cost ------------------------- 242.06183099746704
------------------------- Budget is : [851.0159862041473, 747.597101688385, 749.3950757980347, 330.52095890045166, 233.53188562393188, 237.79051613807678, 234.48510479927063, 238.2229518890381, 242.60584592819214, 223.61668825149536, 230.21543717384338, 231.056086063385, 257.8421287536621, 240.15797209739685, 227.73291015625, 222.73093605041504, 240.34417605400085, 232.38708782196045, 229.2259509563446, 235.94315314292908, 234.66389799118042, 230.83648896217346, 230.45425987243652, 234.8525607585907, 236.79091906547546, 226.25344395637512, 230.4469268321991, 225.31712698936462, 231.52774286270142, 238.15003323554993, 235.30017280578613, 235.30817103385925, 226.8762969970703, 247.40836477279663, 236.56913208961487, 239.99431705474854, 230.47901582717896, 234.5268030166626, 236.0567991733551, 234.98214983940125, 232.51492285728455, 228.83365392684937, 231.61347484588623, 227.1500689983368, 227.44782900810242, 231.2380349636078, 242.06183099746704]

-------------Round number: 47-------------

Evaluate global model
Averaged Train Loss: 1.0223
Averaged Test Accurancy: 0.6838
Averaged Test AUC: 0.9296
Std Test Accurancy: 0.2351
Std Test AUC: 0.0672
------------------------- Round is  47 ------------------------- time cost ------------------------- 245.2459921836853
------------------------- Budget is : [851.0159862041473, 747.597101688385, 749.3950757980347, 330.52095890045166, 233.53188562393188, 237.79051613807678, 234.48510479927063, 238.2229518890381, 242.60584592819214, 223.61668825149536, 230.21543717384338, 231.056086063385, 257.8421287536621, 240.15797209739685, 227.73291015625, 222.73093605041504, 240.34417605400085, 232.38708782196045, 229.2259509563446, 235.94315314292908, 234.66389799118042, 230.83648896217346, 230.45425987243652, 234.8525607585907, 236.79091906547546, 226.25344395637512, 230.4469268321991, 225.31712698936462, 231.52774286270142, 238.15003323554993, 235.30017280578613, 235.30817103385925, 226.8762969970703, 247.40836477279663, 236.56913208961487, 239.99431705474854, 230.47901582717896, 234.5268030166626, 236.0567991733551, 234.98214983940125, 232.51492285728455, 228.83365392684937, 231.61347484588623, 227.1500689983368, 227.44782900810242, 231.2380349636078, 242.06183099746704, 245.2459921836853]

-------------Round number: 48-------------

Evaluate global model
Averaged Train Loss: 0.6402
Averaged Test Accurancy: 0.7799
Averaged Test AUC: 0.9551
Std Test Accurancy: 0.1807
Std Test AUC: 0.0387
------------------------- Round is  48 ------------------------- time cost ------------------------- 230.72104811668396
------------------------- Budget is : [851.0159862041473, 747.597101688385, 749.3950757980347, 330.52095890045166, 233.53188562393188, 237.79051613807678, 234.48510479927063, 238.2229518890381, 242.60584592819214, 223.61668825149536, 230.21543717384338, 231.056086063385, 257.8421287536621, 240.15797209739685, 227.73291015625, 222.73093605041504, 240.34417605400085, 232.38708782196045, 229.2259509563446, 235.94315314292908, 234.66389799118042, 230.83648896217346, 230.45425987243652, 234.8525607585907, 236.79091906547546, 226.25344395637512, 230.4469268321991, 225.31712698936462, 231.52774286270142, 238.15003323554993, 235.30017280578613, 235.30817103385925, 226.8762969970703, 247.40836477279663, 236.56913208961487, 239.99431705474854, 230.47901582717896, 234.5268030166626, 236.0567991733551, 234.98214983940125, 232.51492285728455, 228.83365392684937, 231.61347484588623, 227.1500689983368, 227.44782900810242, 231.2380349636078, 242.06183099746704, 245.2459921836853, 230.72104811668396]

-------------Round number: 49-------------

Evaluate global model
Averaged Train Loss: 0.6600
Averaged Test Accurancy: 0.7648
Averaged Test AUC: 0.9487
Std Test Accurancy: 0.1951
Std Test AUC: 0.0517
------------------------- Round is  49 ------------------------- time cost ------------------------- 231.8699562549591
------------------------- Budget is : [851.0159862041473, 747.597101688385, 749.3950757980347, 330.52095890045166, 233.53188562393188, 237.79051613807678, 234.48510479927063, 238.2229518890381, 242.60584592819214, 223.61668825149536, 230.21543717384338, 231.056086063385, 257.8421287536621, 240.15797209739685, 227.73291015625, 222.73093605041504, 240.34417605400085, 232.38708782196045, 229.2259509563446, 235.94315314292908, 234.66389799118042, 230.83648896217346, 230.45425987243652, 234.8525607585907, 236.79091906547546, 226.25344395637512, 230.4469268321991, 225.31712698936462, 231.52774286270142, 238.15003323554993, 235.30017280578613, 235.30817103385925, 226.8762969970703, 247.40836477279663, 236.56913208961487, 239.99431705474854, 230.47901582717896, 234.5268030166626, 236.0567991733551, 234.98214983940125, 232.51492285728455, 228.83365392684937, 231.61347484588623, 227.1500689983368, 227.44782900810242, 231.2380349636078, 242.06183099746704, 245.2459921836853, 230.72104811668396, 231.8699562549591]

-------------Round number: 50-------------

Evaluate global model
Averaged Train Loss: 0.8080
Averaged Test Accurancy: 0.7666
Averaged Test AUC: 0.9436
Std Test Accurancy: 0.2383
Std Test AUC: 0.0710
------------------------- Round is  50 ------------------------- time cost ------------------------- 232.1072120666504
------------------------- Budget is : [851.0159862041473, 747.597101688385, 749.3950757980347, 330.52095890045166, 233.53188562393188, 237.79051613807678, 234.48510479927063, 238.2229518890381, 242.60584592819214, 223.61668825149536, 230.21543717384338, 231.056086063385, 257.8421287536621, 240.15797209739685, 227.73291015625, 222.73093605041504, 240.34417605400085, 232.38708782196045, 229.2259509563446, 235.94315314292908, 234.66389799118042, 230.83648896217346, 230.45425987243652, 234.8525607585907, 236.79091906547546, 226.25344395637512, 230.4469268321991, 225.31712698936462, 231.52774286270142, 238.15003323554993, 235.30017280578613, 235.30817103385925, 226.8762969970703, 247.40836477279663, 236.56913208961487, 239.99431705474854, 230.47901582717896, 234.5268030166626, 236.0567991733551, 234.98214983940125, 232.51492285728455, 228.83365392684937, 231.61347484588623, 227.1500689983368, 227.44782900810242, 231.2380349636078, 242.06183099746704, 245.2459921836853, 230.72104811668396, 231.8699562549591, 232.1072120666504]

-------------Round number: 51-------------

Evaluate global model
Averaged Train Loss: 0.7528
Averaged Test Accurancy: 0.7284
Averaged Test AUC: 0.9482
Std Test Accurancy: 0.2574
Std Test AUC: 0.0510
------------------------- Round is  51 ------------------------- time cost ------------------------- 232.9659948348999
------------------------- Budget is : [851.0159862041473, 747.597101688385, 749.3950757980347, 330.52095890045166, 233.53188562393188, 237.79051613807678, 234.48510479927063, 238.2229518890381, 242.60584592819214, 223.61668825149536, 230.21543717384338, 231.056086063385, 257.8421287536621, 240.15797209739685, 227.73291015625, 222.73093605041504, 240.34417605400085, 232.38708782196045, 229.2259509563446, 235.94315314292908, 234.66389799118042, 230.83648896217346, 230.45425987243652, 234.8525607585907, 236.79091906547546, 226.25344395637512, 230.4469268321991, 225.31712698936462, 231.52774286270142, 238.15003323554993, 235.30017280578613, 235.30817103385925, 226.8762969970703, 247.40836477279663, 236.56913208961487, 239.99431705474854, 230.47901582717896, 234.5268030166626, 236.0567991733551, 234.98214983940125, 232.51492285728455, 228.83365392684937, 231.61347484588623, 227.1500689983368, 227.44782900810242, 231.2380349636078, 242.06183099746704, 245.2459921836853, 230.72104811668396, 231.8699562549591, 232.1072120666504, 232.9659948348999]

-------------Round number: 52-------------

Evaluate global model
Averaged Train Loss: 0.6289
Averaged Test Accurancy: 0.7858
Averaged Test AUC: 0.9581
Std Test Accurancy: 0.1423
Std Test AUC: 0.0296
------------------------- Round is  52 ------------------------- time cost ------------------------- 233.70126080513
------------------------- Budget is : [851.0159862041473, 747.597101688385, 749.3950757980347, 330.52095890045166, 233.53188562393188, 237.79051613807678, 234.48510479927063, 238.2229518890381, 242.60584592819214, 223.61668825149536, 230.21543717384338, 231.056086063385, 257.8421287536621, 240.15797209739685, 227.73291015625, 222.73093605041504, 240.34417605400085, 232.38708782196045, 229.2259509563446, 235.94315314292908, 234.66389799118042, 230.83648896217346, 230.45425987243652, 234.8525607585907, 236.79091906547546, 226.25344395637512, 230.4469268321991, 225.31712698936462, 231.52774286270142, 238.15003323554993, 235.30017280578613, 235.30817103385925, 226.8762969970703, 247.40836477279663, 236.56913208961487, 239.99431705474854, 230.47901582717896, 234.5268030166626, 236.0567991733551, 234.98214983940125, 232.51492285728455, 228.83365392684937, 231.61347484588623, 227.1500689983368, 227.44782900810242, 231.2380349636078, 242.06183099746704, 245.2459921836853, 230.72104811668396, 231.8699562549591, 232.1072120666504, 232.9659948348999, 233.70126080513]

-------------Round number: 53-------------

Evaluate global model
Averaged Train Loss: 0.6845
Averaged Test Accurancy: 0.7606
Averaged Test AUC: 0.9535
Std Test Accurancy: 0.1993
Std Test AUC: 0.0456
------------------------- Round is  53 ------------------------- time cost ------------------------- 227.1596109867096
------------------------- Budget is : [851.0159862041473, 747.597101688385, 749.3950757980347, 330.52095890045166, 233.53188562393188, 237.79051613807678, 234.48510479927063, 238.2229518890381, 242.60584592819214, 223.61668825149536, 230.21543717384338, 231.056086063385, 257.8421287536621, 240.15797209739685, 227.73291015625, 222.73093605041504, 240.34417605400085, 232.38708782196045, 229.2259509563446, 235.94315314292908, 234.66389799118042, 230.83648896217346, 230.45425987243652, 234.8525607585907, 236.79091906547546, 226.25344395637512, 230.4469268321991, 225.31712698936462, 231.52774286270142, 238.15003323554993, 235.30017280578613, 235.30817103385925, 226.8762969970703, 247.40836477279663, 236.56913208961487, 239.99431705474854, 230.47901582717896, 234.5268030166626, 236.0567991733551, 234.98214983940125, 232.51492285728455, 228.83365392684937, 231.61347484588623, 227.1500689983368, 227.44782900810242, 231.2380349636078, 242.06183099746704, 245.2459921836853, 230.72104811668396, 231.8699562549591, 232.1072120666504, 232.9659948348999, 233.70126080513, 227.1596109867096]

-------------Round number: 54-------------

Evaluate global model
Averaged Train Loss: 0.6593
Averaged Test Accurancy: 0.7485
Averaged Test AUC: 0.9537
Std Test Accurancy: 0.2583
Std Test AUC: 0.0484
------------------------- Round is  54 ------------------------- time cost ------------------------- 233.7321240901947
------------------------- Budget is : [851.0159862041473, 747.597101688385, 749.3950757980347, 330.52095890045166, 233.53188562393188, 237.79051613807678, 234.48510479927063, 238.2229518890381, 242.60584592819214, 223.61668825149536, 230.21543717384338, 231.056086063385, 257.8421287536621, 240.15797209739685, 227.73291015625, 222.73093605041504, 240.34417605400085, 232.38708782196045, 229.2259509563446, 235.94315314292908, 234.66389799118042, 230.83648896217346, 230.45425987243652, 234.8525607585907, 236.79091906547546, 226.25344395637512, 230.4469268321991, 225.31712698936462, 231.52774286270142, 238.15003323554993, 235.30017280578613, 235.30817103385925, 226.8762969970703, 247.40836477279663, 236.56913208961487, 239.99431705474854, 230.47901582717896, 234.5268030166626, 236.0567991733551, 234.98214983940125, 232.51492285728455, 228.83365392684937, 231.61347484588623, 227.1500689983368, 227.44782900810242, 231.2380349636078, 242.06183099746704, 245.2459921836853, 230.72104811668396, 231.8699562549591, 232.1072120666504, 232.9659948348999, 233.70126080513, 227.1596109867096, 233.7321240901947]

-------------Round number: 55-------------

Evaluate global model
Averaged Train Loss: 0.8025
Averaged Test Accurancy: 0.7220
Averaged Test AUC: 0.9394
Std Test Accurancy: 0.2256
Std Test AUC: 0.0601
------------------------- Round is  55 ------------------------- time cost ------------------------- 234.10426497459412
------------------------- Budget is : [851.0159862041473, 747.597101688385, 749.3950757980347, 330.52095890045166, 233.53188562393188, 237.79051613807678, 234.48510479927063, 238.2229518890381, 242.60584592819214, 223.61668825149536, 230.21543717384338, 231.056086063385, 257.8421287536621, 240.15797209739685, 227.73291015625, 222.73093605041504, 240.34417605400085, 232.38708782196045, 229.2259509563446, 235.94315314292908, 234.66389799118042, 230.83648896217346, 230.45425987243652, 234.8525607585907, 236.79091906547546, 226.25344395637512, 230.4469268321991, 225.31712698936462, 231.52774286270142, 238.15003323554993, 235.30017280578613, 235.30817103385925, 226.8762969970703, 247.40836477279663, 236.56913208961487, 239.99431705474854, 230.47901582717896, 234.5268030166626, 236.0567991733551, 234.98214983940125, 232.51492285728455, 228.83365392684937, 231.61347484588623, 227.1500689983368, 227.44782900810242, 231.2380349636078, 242.06183099746704, 245.2459921836853, 230.72104811668396, 231.8699562549591, 232.1072120666504, 232.9659948348999, 233.70126080513, 227.1596109867096, 233.7321240901947, 234.10426497459412]

-------------Round number: 56-------------

Evaluate global model
Averaged Train Loss: 0.9074
Averaged Test Accurancy: 0.7055
Averaged Test AUC: 0.9341
Std Test Accurancy: 0.2286
Std Test AUC: 0.0627
------------------------- Round is  56 ------------------------- time cost ------------------------- 239.5199489593506
------------------------- Budget is : [851.0159862041473, 747.597101688385, 749.3950757980347, 330.52095890045166, 233.53188562393188, 237.79051613807678, 234.48510479927063, 238.2229518890381, 242.60584592819214, 223.61668825149536, 230.21543717384338, 231.056086063385, 257.8421287536621, 240.15797209739685, 227.73291015625, 222.73093605041504, 240.34417605400085, 232.38708782196045, 229.2259509563446, 235.94315314292908, 234.66389799118042, 230.83648896217346, 230.45425987243652, 234.8525607585907, 236.79091906547546, 226.25344395637512, 230.4469268321991, 225.31712698936462, 231.52774286270142, 238.15003323554993, 235.30017280578613, 235.30817103385925, 226.8762969970703, 247.40836477279663, 236.56913208961487, 239.99431705474854, 230.47901582717896, 234.5268030166626, 236.0567991733551, 234.98214983940125, 232.51492285728455, 228.83365392684937, 231.61347484588623, 227.1500689983368, 227.44782900810242, 231.2380349636078, 242.06183099746704, 245.2459921836853, 230.72104811668396, 231.8699562549591, 232.1072120666504, 232.9659948348999, 233.70126080513, 227.1596109867096, 233.7321240901947, 234.10426497459412, 239.5199489593506]

-------------Round number: 57-------------

Evaluate global model
Averaged Train Loss: 0.8492
Averaged Test Accurancy: 0.7020
Averaged Test AUC: 0.9482
Std Test Accurancy: 0.2749
Std Test AUC: 0.0553
------------------------- Round is  57 ------------------------- time cost ------------------------- 231.63014101982117
------------------------- Budget is : [851.0159862041473, 747.597101688385, 749.3950757980347, 330.52095890045166, 233.53188562393188, 237.79051613807678, 234.48510479927063, 238.2229518890381, 242.60584592819214, 223.61668825149536, 230.21543717384338, 231.056086063385, 257.8421287536621, 240.15797209739685, 227.73291015625, 222.73093605041504, 240.34417605400085, 232.38708782196045, 229.2259509563446, 235.94315314292908, 234.66389799118042, 230.83648896217346, 230.45425987243652, 234.8525607585907, 236.79091906547546, 226.25344395637512, 230.4469268321991, 225.31712698936462, 231.52774286270142, 238.15003323554993, 235.30017280578613, 235.30817103385925, 226.8762969970703, 247.40836477279663, 236.56913208961487, 239.99431705474854, 230.47901582717896, 234.5268030166626, 236.0567991733551, 234.98214983940125, 232.51492285728455, 228.83365392684937, 231.61347484588623, 227.1500689983368, 227.44782900810242, 231.2380349636078, 242.06183099746704, 245.2459921836853, 230.72104811668396, 231.8699562549591, 232.1072120666504, 232.9659948348999, 233.70126080513, 227.1596109867096, 233.7321240901947, 234.10426497459412, 239.5199489593506, 231.63014101982117]

-------------Round number: 58-------------

Evaluate global model
Averaged Train Loss: 0.8999
Averaged Test Accurancy: 0.7392
Averaged Test AUC: 0.9344
Std Test Accurancy: 0.2574
Std Test AUC: 0.0844
------------------------- Round is  58 ------------------------- time cost ------------------------- 232.56504917144775
------------------------- Budget is : [851.0159862041473, 747.597101688385, 749.3950757980347, 330.52095890045166, 233.53188562393188, 237.79051613807678, 234.48510479927063, 238.2229518890381, 242.60584592819214, 223.61668825149536, 230.21543717384338, 231.056086063385, 257.8421287536621, 240.15797209739685, 227.73291015625, 222.73093605041504, 240.34417605400085, 232.38708782196045, 229.2259509563446, 235.94315314292908, 234.66389799118042, 230.83648896217346, 230.45425987243652, 234.8525607585907, 236.79091906547546, 226.25344395637512, 230.4469268321991, 225.31712698936462, 231.52774286270142, 238.15003323554993, 235.30017280578613, 235.30817103385925, 226.8762969970703, 247.40836477279663, 236.56913208961487, 239.99431705474854, 230.47901582717896, 234.5268030166626, 236.0567991733551, 234.98214983940125, 232.51492285728455, 228.83365392684937, 231.61347484588623, 227.1500689983368, 227.44782900810242, 231.2380349636078, 242.06183099746704, 245.2459921836853, 230.72104811668396, 231.8699562549591, 232.1072120666504, 232.9659948348999, 233.70126080513, 227.1596109867096, 233.7321240901947, 234.10426497459412, 239.5199489593506, 231.63014101982117, 232.56504917144775]

-------------Round number: 59-------------

Evaluate global model
Averaged Train Loss: 0.8732
Averaged Test Accurancy: 0.7236
Averaged Test AUC: 0.9366
Std Test Accurancy: 0.2433
Std Test AUC: 0.0706
------------------------- Round is  59 ------------------------- time cost ------------------------- 235.20819973945618
------------------------- Budget is : [851.0159862041473, 747.597101688385, 749.3950757980347, 330.52095890045166, 233.53188562393188, 237.79051613807678, 234.48510479927063, 238.2229518890381, 242.60584592819214, 223.61668825149536, 230.21543717384338, 231.056086063385, 257.8421287536621, 240.15797209739685, 227.73291015625, 222.73093605041504, 240.34417605400085, 232.38708782196045, 229.2259509563446, 235.94315314292908, 234.66389799118042, 230.83648896217346, 230.45425987243652, 234.8525607585907, 236.79091906547546, 226.25344395637512, 230.4469268321991, 225.31712698936462, 231.52774286270142, 238.15003323554993, 235.30017280578613, 235.30817103385925, 226.8762969970703, 247.40836477279663, 236.56913208961487, 239.99431705474854, 230.47901582717896, 234.5268030166626, 236.0567991733551, 234.98214983940125, 232.51492285728455, 228.83365392684937, 231.61347484588623, 227.1500689983368, 227.44782900810242, 231.2380349636078, 242.06183099746704, 245.2459921836853, 230.72104811668396, 231.8699562549591, 232.1072120666504, 232.9659948348999, 233.70126080513, 227.1596109867096, 233.7321240901947, 234.10426497459412, 239.5199489593506, 231.63014101982117, 232.56504917144775, 235.20819973945618]

-------------Round number: 60-------------

Evaluate global model
Averaged Train Loss: 0.6285
Averaged Test Accurancy: 0.7810
Averaged Test AUC: 0.9595
Std Test Accurancy: 0.1912
Std Test AUC: 0.0393
------------------------- Round is  60 ------------------------- time cost ------------------------- 229.19202589988708
------------------------- Budget is : [851.0159862041473, 747.597101688385, 749.3950757980347, 330.52095890045166, 233.53188562393188, 237.79051613807678, 234.48510479927063, 238.2229518890381, 242.60584592819214, 223.61668825149536, 230.21543717384338, 231.056086063385, 257.8421287536621, 240.15797209739685, 227.73291015625, 222.73093605041504, 240.34417605400085, 232.38708782196045, 229.2259509563446, 235.94315314292908, 234.66389799118042, 230.83648896217346, 230.45425987243652, 234.8525607585907, 236.79091906547546, 226.25344395637512, 230.4469268321991, 225.31712698936462, 231.52774286270142, 238.15003323554993, 235.30017280578613, 235.30817103385925, 226.8762969970703, 247.40836477279663, 236.56913208961487, 239.99431705474854, 230.47901582717896, 234.5268030166626, 236.0567991733551, 234.98214983940125, 232.51492285728455, 228.83365392684937, 231.61347484588623, 227.1500689983368, 227.44782900810242, 231.2380349636078, 242.06183099746704, 245.2459921836853, 230.72104811668396, 231.8699562549591, 232.1072120666504, 232.9659948348999, 233.70126080513, 227.1596109867096, 233.7321240901947, 234.10426497459412, 239.5199489593506, 231.63014101982117, 232.56504917144775, 235.20819973945618, 229.19202589988708]

-------------Round number: 61-------------

Evaluate global model
Averaged Train Loss: 0.5671
Averaged Test Accurancy: 0.7787
Averaged Test AUC: 0.9625
Std Test Accurancy: 0.2295
Std Test AUC: 0.0344
------------------------- Round is  61 ------------------------- time cost ------------------------- 223.47441411018372
------------------------- Budget is : [851.0159862041473, 747.597101688385, 749.3950757980347, 330.52095890045166, 233.53188562393188, 237.79051613807678, 234.48510479927063, 238.2229518890381, 242.60584592819214, 223.61668825149536, 230.21543717384338, 231.056086063385, 257.8421287536621, 240.15797209739685, 227.73291015625, 222.73093605041504, 240.34417605400085, 232.38708782196045, 229.2259509563446, 235.94315314292908, 234.66389799118042, 230.83648896217346, 230.45425987243652, 234.8525607585907, 236.79091906547546, 226.25344395637512, 230.4469268321991, 225.31712698936462, 231.52774286270142, 238.15003323554993, 235.30017280578613, 235.30817103385925, 226.8762969970703, 247.40836477279663, 236.56913208961487, 239.99431705474854, 230.47901582717896, 234.5268030166626, 236.0567991733551, 234.98214983940125, 232.51492285728455, 228.83365392684937, 231.61347484588623, 227.1500689983368, 227.44782900810242, 231.2380349636078, 242.06183099746704, 245.2459921836853, 230.72104811668396, 231.8699562549591, 232.1072120666504, 232.9659948348999, 233.70126080513, 227.1596109867096, 233.7321240901947, 234.10426497459412, 239.5199489593506, 231.63014101982117, 232.56504917144775, 235.20819973945618, 229.19202589988708, 223.47441411018372]

-------------Round number: 62-------------

Evaluate global model
Averaged Train Loss: 0.5570
Averaged Test Accurancy: 0.8181
Averaged Test AUC: 0.9617
Std Test Accurancy: 0.1224
Std Test AUC: 0.0257
------------------------- Round is  62 ------------------------- time cost ------------------------- 234.55875992774963
------------------------- Budget is : [851.0159862041473, 747.597101688385, 749.3950757980347, 330.52095890045166, 233.53188562393188, 237.79051613807678, 234.48510479927063, 238.2229518890381, 242.60584592819214, 223.61668825149536, 230.21543717384338, 231.056086063385, 257.8421287536621, 240.15797209739685, 227.73291015625, 222.73093605041504, 240.34417605400085, 232.38708782196045, 229.2259509563446, 235.94315314292908, 234.66389799118042, 230.83648896217346, 230.45425987243652, 234.8525607585907, 236.79091906547546, 226.25344395637512, 230.4469268321991, 225.31712698936462, 231.52774286270142, 238.15003323554993, 235.30017280578613, 235.30817103385925, 226.8762969970703, 247.40836477279663, 236.56913208961487, 239.99431705474854, 230.47901582717896, 234.5268030166626, 236.0567991733551, 234.98214983940125, 232.51492285728455, 228.83365392684937, 231.61347484588623, 227.1500689983368, 227.44782900810242, 231.2380349636078, 242.06183099746704, 245.2459921836853, 230.72104811668396, 231.8699562549591, 232.1072120666504, 232.9659948348999, 233.70126080513, 227.1596109867096, 233.7321240901947, 234.10426497459412, 239.5199489593506, 231.63014101982117, 232.56504917144775, 235.20819973945618, 229.19202589988708, 223.47441411018372, 234.55875992774963]

-------------Round number: 63-------------

Evaluate global model
Averaged Train Loss: 0.7968
Averaged Test Accurancy: 0.7336
Averaged Test AUC: 0.9452
Std Test Accurancy: 0.2013
Std Test AUC: 0.0468
------------------------- Round is  63 ------------------------- time cost ------------------------- 228.5964982509613
------------------------- Budget is : [851.0159862041473, 747.597101688385, 749.3950757980347, 330.52095890045166, 233.53188562393188, 237.79051613807678, 234.48510479927063, 238.2229518890381, 242.60584592819214, 223.61668825149536, 230.21543717384338, 231.056086063385, 257.8421287536621, 240.15797209739685, 227.73291015625, 222.73093605041504, 240.34417605400085, 232.38708782196045, 229.2259509563446, 235.94315314292908, 234.66389799118042, 230.83648896217346, 230.45425987243652, 234.8525607585907, 236.79091906547546, 226.25344395637512, 230.4469268321991, 225.31712698936462, 231.52774286270142, 238.15003323554993, 235.30017280578613, 235.30817103385925, 226.8762969970703, 247.40836477279663, 236.56913208961487, 239.99431705474854, 230.47901582717896, 234.5268030166626, 236.0567991733551, 234.98214983940125, 232.51492285728455, 228.83365392684937, 231.61347484588623, 227.1500689983368, 227.44782900810242, 231.2380349636078, 242.06183099746704, 245.2459921836853, 230.72104811668396, 231.8699562549591, 232.1072120666504, 232.9659948348999, 233.70126080513, 227.1596109867096, 233.7321240901947, 234.10426497459412, 239.5199489593506, 231.63014101982117, 232.56504917144775, 235.20819973945618, 229.19202589988708, 223.47441411018372, 234.55875992774963, 228.5964982509613]

-------------Round number: 64-------------

Evaluate global model
Averaged Train Loss: 0.5537
Averaged Test Accurancy: 0.8138
Averaged Test AUC: 0.9620
Std Test Accurancy: 0.1482
Std Test AUC: 0.0330
------------------------- Round is  64 ------------------------- time cost ------------------------- 229.28886914253235
------------------------- Budget is : [851.0159862041473, 747.597101688385, 749.3950757980347, 330.52095890045166, 233.53188562393188, 237.79051613807678, 234.48510479927063, 238.2229518890381, 242.60584592819214, 223.61668825149536, 230.21543717384338, 231.056086063385, 257.8421287536621, 240.15797209739685, 227.73291015625, 222.73093605041504, 240.34417605400085, 232.38708782196045, 229.2259509563446, 235.94315314292908, 234.66389799118042, 230.83648896217346, 230.45425987243652, 234.8525607585907, 236.79091906547546, 226.25344395637512, 230.4469268321991, 225.31712698936462, 231.52774286270142, 238.15003323554993, 235.30017280578613, 235.30817103385925, 226.8762969970703, 247.40836477279663, 236.56913208961487, 239.99431705474854, 230.47901582717896, 234.5268030166626, 236.0567991733551, 234.98214983940125, 232.51492285728455, 228.83365392684937, 231.61347484588623, 227.1500689983368, 227.44782900810242, 231.2380349636078, 242.06183099746704, 245.2459921836853, 230.72104811668396, 231.8699562549591, 232.1072120666504, 232.9659948348999, 233.70126080513, 227.1596109867096, 233.7321240901947, 234.10426497459412, 239.5199489593506, 231.63014101982117, 232.56504917144775, 235.20819973945618, 229.19202589988708, 223.47441411018372, 234.55875992774963, 228.5964982509613, 229.28886914253235]

-------------Round number: 65-------------

Evaluate global model
Averaged Train Loss: 0.6748
Averaged Test Accurancy: 0.7746
Averaged Test AUC: 0.9555
Std Test Accurancy: 0.1627
Std Test AUC: 0.0366
------------------------- Round is  65 ------------------------- time cost ------------------------- 232.42222499847412
------------------------- Budget is : [851.0159862041473, 747.597101688385, 749.3950757980347, 330.52095890045166, 233.53188562393188, 237.79051613807678, 234.48510479927063, 238.2229518890381, 242.60584592819214, 223.61668825149536, 230.21543717384338, 231.056086063385, 257.8421287536621, 240.15797209739685, 227.73291015625, 222.73093605041504, 240.34417605400085, 232.38708782196045, 229.2259509563446, 235.94315314292908, 234.66389799118042, 230.83648896217346, 230.45425987243652, 234.8525607585907, 236.79091906547546, 226.25344395637512, 230.4469268321991, 225.31712698936462, 231.52774286270142, 238.15003323554993, 235.30017280578613, 235.30817103385925, 226.8762969970703, 247.40836477279663, 236.56913208961487, 239.99431705474854, 230.47901582717896, 234.5268030166626, 236.0567991733551, 234.98214983940125, 232.51492285728455, 228.83365392684937, 231.61347484588623, 227.1500689983368, 227.44782900810242, 231.2380349636078, 242.06183099746704, 245.2459921836853, 230.72104811668396, 231.8699562549591, 232.1072120666504, 232.9659948348999, 233.70126080513, 227.1596109867096, 233.7321240901947, 234.10426497459412, 239.5199489593506, 231.63014101982117, 232.56504917144775, 235.20819973945618, 229.19202589988708, 223.47441411018372, 234.55875992774963, 228.5964982509613, 229.28886914253235, 232.42222499847412]

-------------Round number: 66-------------

Evaluate global model
Averaged Train Loss: 0.5378
Averaged Test Accurancy: 0.8103
Averaged Test AUC: 0.9628
Std Test Accurancy: 0.1369
Std Test AUC: 0.0263
------------------------- Round is  66 ------------------------- time cost ------------------------- 244.37599682807922
------------------------- Budget is : [851.0159862041473, 747.597101688385, 749.3950757980347, 330.52095890045166, 233.53188562393188, 237.79051613807678, 234.48510479927063, 238.2229518890381, 242.60584592819214, 223.61668825149536, 230.21543717384338, 231.056086063385, 257.8421287536621, 240.15797209739685, 227.73291015625, 222.73093605041504, 240.34417605400085, 232.38708782196045, 229.2259509563446, 235.94315314292908, 234.66389799118042, 230.83648896217346, 230.45425987243652, 234.8525607585907, 236.79091906547546, 226.25344395637512, 230.4469268321991, 225.31712698936462, 231.52774286270142, 238.15003323554993, 235.30017280578613, 235.30817103385925, 226.8762969970703, 247.40836477279663, 236.56913208961487, 239.99431705474854, 230.47901582717896, 234.5268030166626, 236.0567991733551, 234.98214983940125, 232.51492285728455, 228.83365392684937, 231.61347484588623, 227.1500689983368, 227.44782900810242, 231.2380349636078, 242.06183099746704, 245.2459921836853, 230.72104811668396, 231.8699562549591, 232.1072120666504, 232.9659948348999, 233.70126080513, 227.1596109867096, 233.7321240901947, 234.10426497459412, 239.5199489593506, 231.63014101982117, 232.56504917144775, 235.20819973945618, 229.19202589988708, 223.47441411018372, 234.55875992774963, 228.5964982509613, 229.28886914253235, 232.42222499847412, 244.37599682807922]

-------------Round number: 67-------------

Evaluate global model
Averaged Train Loss: 0.4978
Averaged Test Accurancy: 0.8346
Averaged Test AUC: 0.9656
Std Test Accurancy: 0.1124
Std Test AUC: 0.0247
------------------------- Round is  67 ------------------------- time cost ------------------------- 230.07026481628418
------------------------- Budget is : [851.0159862041473, 747.597101688385, 749.3950757980347, 330.52095890045166, 233.53188562393188, 237.79051613807678, 234.48510479927063, 238.2229518890381, 242.60584592819214, 223.61668825149536, 230.21543717384338, 231.056086063385, 257.8421287536621, 240.15797209739685, 227.73291015625, 222.73093605041504, 240.34417605400085, 232.38708782196045, 229.2259509563446, 235.94315314292908, 234.66389799118042, 230.83648896217346, 230.45425987243652, 234.8525607585907, 236.79091906547546, 226.25344395637512, 230.4469268321991, 225.31712698936462, 231.52774286270142, 238.15003323554993, 235.30017280578613, 235.30817103385925, 226.8762969970703, 247.40836477279663, 236.56913208961487, 239.99431705474854, 230.47901582717896, 234.5268030166626, 236.0567991733551, 234.98214983940125, 232.51492285728455, 228.83365392684937, 231.61347484588623, 227.1500689983368, 227.44782900810242, 231.2380349636078, 242.06183099746704, 245.2459921836853, 230.72104811668396, 231.8699562549591, 232.1072120666504, 232.9659948348999, 233.70126080513, 227.1596109867096, 233.7321240901947, 234.10426497459412, 239.5199489593506, 231.63014101982117, 232.56504917144775, 235.20819973945618, 229.19202589988708, 223.47441411018372, 234.55875992774963, 228.5964982509613, 229.28886914253235, 232.42222499847412, 244.37599682807922, 230.07026481628418]

-------------Round number: 68-------------

Evaluate global model
Averaged Train Loss: 0.5777
Averaged Test Accurancy: 0.7937
Averaged Test AUC: 0.9616
Std Test Accurancy: 0.1732
Std Test AUC: 0.0305
------------------------- Round is  68 ------------------------- time cost ------------------------- 237.61301708221436
------------------------- Budget is : [851.0159862041473, 747.597101688385, 749.3950757980347, 330.52095890045166, 233.53188562393188, 237.79051613807678, 234.48510479927063, 238.2229518890381, 242.60584592819214, 223.61668825149536, 230.21543717384338, 231.056086063385, 257.8421287536621, 240.15797209739685, 227.73291015625, 222.73093605041504, 240.34417605400085, 232.38708782196045, 229.2259509563446, 235.94315314292908, 234.66389799118042, 230.83648896217346, 230.45425987243652, 234.8525607585907, 236.79091906547546, 226.25344395637512, 230.4469268321991, 225.31712698936462, 231.52774286270142, 238.15003323554993, 235.30017280578613, 235.30817103385925, 226.8762969970703, 247.40836477279663, 236.56913208961487, 239.99431705474854, 230.47901582717896, 234.5268030166626, 236.0567991733551, 234.98214983940125, 232.51492285728455, 228.83365392684937, 231.61347484588623, 227.1500689983368, 227.44782900810242, 231.2380349636078, 242.06183099746704, 245.2459921836853, 230.72104811668396, 231.8699562549591, 232.1072120666504, 232.9659948348999, 233.70126080513, 227.1596109867096, 233.7321240901947, 234.10426497459412, 239.5199489593506, 231.63014101982117, 232.56504917144775, 235.20819973945618, 229.19202589988708, 223.47441411018372, 234.55875992774963, 228.5964982509613, 229.28886914253235, 232.42222499847412, 244.37599682807922, 230.07026481628418, 237.61301708221436]

-------------Round number: 69-------------

Evaluate global model
Averaged Train Loss: 0.6097
Averaged Test Accurancy: 0.7958
Averaged Test AUC: 0.9611
Std Test Accurancy: 0.1607
Std Test AUC: 0.0340
------------------------- Round is  69 ------------------------- time cost ------------------------- 232.37708711624146
------------------------- Budget is : [851.0159862041473, 747.597101688385, 749.3950757980347, 330.52095890045166, 233.53188562393188, 237.79051613807678, 234.48510479927063, 238.2229518890381, 242.60584592819214, 223.61668825149536, 230.21543717384338, 231.056086063385, 257.8421287536621, 240.15797209739685, 227.73291015625, 222.73093605041504, 240.34417605400085, 232.38708782196045, 229.2259509563446, 235.94315314292908, 234.66389799118042, 230.83648896217346, 230.45425987243652, 234.8525607585907, 236.79091906547546, 226.25344395637512, 230.4469268321991, 225.31712698936462, 231.52774286270142, 238.15003323554993, 235.30017280578613, 235.30817103385925, 226.8762969970703, 247.40836477279663, 236.56913208961487, 239.99431705474854, 230.47901582717896, 234.5268030166626, 236.0567991733551, 234.98214983940125, 232.51492285728455, 228.83365392684937, 231.61347484588623, 227.1500689983368, 227.44782900810242, 231.2380349636078, 242.06183099746704, 245.2459921836853, 230.72104811668396, 231.8699562549591, 232.1072120666504, 232.9659948348999, 233.70126080513, 227.1596109867096, 233.7321240901947, 234.10426497459412, 239.5199489593506, 231.63014101982117, 232.56504917144775, 235.20819973945618, 229.19202589988708, 223.47441411018372, 234.55875992774963, 228.5964982509613, 229.28886914253235, 232.42222499847412, 244.37599682807922, 230.07026481628418, 237.61301708221436, 232.37708711624146]

-------------Round number: 70-------------

Evaluate global model
Averaged Train Loss: 0.6823
Averaged Test Accurancy: 0.7638
Averaged Test AUC: 0.9534
Std Test Accurancy: 0.2083
Std Test AUC: 0.0473
------------------------- Round is  70 ------------------------- time cost ------------------------- 229.58097410202026
------------------------- Budget is : [851.0159862041473, 747.597101688385, 749.3950757980347, 330.52095890045166, 233.53188562393188, 237.79051613807678, 234.48510479927063, 238.2229518890381, 242.60584592819214, 223.61668825149536, 230.21543717384338, 231.056086063385, 257.8421287536621, 240.15797209739685, 227.73291015625, 222.73093605041504, 240.34417605400085, 232.38708782196045, 229.2259509563446, 235.94315314292908, 234.66389799118042, 230.83648896217346, 230.45425987243652, 234.8525607585907, 236.79091906547546, 226.25344395637512, 230.4469268321991, 225.31712698936462, 231.52774286270142, 238.15003323554993, 235.30017280578613, 235.30817103385925, 226.8762969970703, 247.40836477279663, 236.56913208961487, 239.99431705474854, 230.47901582717896, 234.5268030166626, 236.0567991733551, 234.98214983940125, 232.51492285728455, 228.83365392684937, 231.61347484588623, 227.1500689983368, 227.44782900810242, 231.2380349636078, 242.06183099746704, 245.2459921836853, 230.72104811668396, 231.8699562549591, 232.1072120666504, 232.9659948348999, 233.70126080513, 227.1596109867096, 233.7321240901947, 234.10426497459412, 239.5199489593506, 231.63014101982117, 232.56504917144775, 235.20819973945618, 229.19202589988708, 223.47441411018372, 234.55875992774963, 228.5964982509613, 229.28886914253235, 232.42222499847412, 244.37599682807922, 230.07026481628418, 237.61301708221436, 232.37708711624146, 229.58097410202026]

-------------Round number: 71-------------

Evaluate global model
Averaged Train Loss: 0.5773
Averaged Test Accurancy: 0.7974
Averaged Test AUC: 0.9603
Std Test Accurancy: 0.1452
Std Test AUC: 0.0302
------------------------- Round is  71 ------------------------- time cost ------------------------- 228.48834419250488
------------------------- Budget is : [851.0159862041473, 747.597101688385, 749.3950757980347, 330.52095890045166, 233.53188562393188, 237.79051613807678, 234.48510479927063, 238.2229518890381, 242.60584592819214, 223.61668825149536, 230.21543717384338, 231.056086063385, 257.8421287536621, 240.15797209739685, 227.73291015625, 222.73093605041504, 240.34417605400085, 232.38708782196045, 229.2259509563446, 235.94315314292908, 234.66389799118042, 230.83648896217346, 230.45425987243652, 234.8525607585907, 236.79091906547546, 226.25344395637512, 230.4469268321991, 225.31712698936462, 231.52774286270142, 238.15003323554993, 235.30017280578613, 235.30817103385925, 226.8762969970703, 247.40836477279663, 236.56913208961487, 239.99431705474854, 230.47901582717896, 234.5268030166626, 236.0567991733551, 234.98214983940125, 232.51492285728455, 228.83365392684937, 231.61347484588623, 227.1500689983368, 227.44782900810242, 231.2380349636078, 242.06183099746704, 245.2459921836853, 230.72104811668396, 231.8699562549591, 232.1072120666504, 232.9659948348999, 233.70126080513, 227.1596109867096, 233.7321240901947, 234.10426497459412, 239.5199489593506, 231.63014101982117, 232.56504917144775, 235.20819973945618, 229.19202589988708, 223.47441411018372, 234.55875992774963, 228.5964982509613, 229.28886914253235, 232.42222499847412, 244.37599682807922, 230.07026481628418, 237.61301708221436, 232.37708711624146, 229.58097410202026, 228.48834419250488]

-------------Round number: 72-------------

Evaluate global model
Averaged Train Loss: 0.6842
Averaged Test Accurancy: 0.7783
Averaged Test AUC: 0.9564
Std Test Accurancy: 0.1633
Std Test AUC: 0.0360
------------------------- Round is  72 ------------------------- time cost ------------------------- 229.54794883728027
------------------------- Budget is : [851.0159862041473, 747.597101688385, 749.3950757980347, 330.52095890045166, 233.53188562393188, 237.79051613807678, 234.48510479927063, 238.2229518890381, 242.60584592819214, 223.61668825149536, 230.21543717384338, 231.056086063385, 257.8421287536621, 240.15797209739685, 227.73291015625, 222.73093605041504, 240.34417605400085, 232.38708782196045, 229.2259509563446, 235.94315314292908, 234.66389799118042, 230.83648896217346, 230.45425987243652, 234.8525607585907, 236.79091906547546, 226.25344395637512, 230.4469268321991, 225.31712698936462, 231.52774286270142, 238.15003323554993, 235.30017280578613, 235.30817103385925, 226.8762969970703, 247.40836477279663, 236.56913208961487, 239.99431705474854, 230.47901582717896, 234.5268030166626, 236.0567991733551, 234.98214983940125, 232.51492285728455, 228.83365392684937, 231.61347484588623, 227.1500689983368, 227.44782900810242, 231.2380349636078, 242.06183099746704, 245.2459921836853, 230.72104811668396, 231.8699562549591, 232.1072120666504, 232.9659948348999, 233.70126080513, 227.1596109867096, 233.7321240901947, 234.10426497459412, 239.5199489593506, 231.63014101982117, 232.56504917144775, 235.20819973945618, 229.19202589988708, 223.47441411018372, 234.55875992774963, 228.5964982509613, 229.28886914253235, 232.42222499847412, 244.37599682807922, 230.07026481628418, 237.61301708221436, 232.37708711624146, 229.58097410202026, 228.48834419250488, 229.54794883728027]

-------------Round number: 73-------------

Evaluate global model
Averaged Train Loss: 0.6670
Averaged Test Accurancy: 0.7697
Averaged Test AUC: 0.9540
Std Test Accurancy: 0.2189
Std Test AUC: 0.0502
------------------------- Round is  73 ------------------------- time cost ------------------------- 226.20923113822937
------------------------- Budget is : [851.0159862041473, 747.597101688385, 749.3950757980347, 330.52095890045166, 233.53188562393188, 237.79051613807678, 234.48510479927063, 238.2229518890381, 242.60584592819214, 223.61668825149536, 230.21543717384338, 231.056086063385, 257.8421287536621, 240.15797209739685, 227.73291015625, 222.73093605041504, 240.34417605400085, 232.38708782196045, 229.2259509563446, 235.94315314292908, 234.66389799118042, 230.83648896217346, 230.45425987243652, 234.8525607585907, 236.79091906547546, 226.25344395637512, 230.4469268321991, 225.31712698936462, 231.52774286270142, 238.15003323554993, 235.30017280578613, 235.30817103385925, 226.8762969970703, 247.40836477279663, 236.56913208961487, 239.99431705474854, 230.47901582717896, 234.5268030166626, 236.0567991733551, 234.98214983940125, 232.51492285728455, 228.83365392684937, 231.61347484588623, 227.1500689983368, 227.44782900810242, 231.2380349636078, 242.06183099746704, 245.2459921836853, 230.72104811668396, 231.8699562549591, 232.1072120666504, 232.9659948348999, 233.70126080513, 227.1596109867096, 233.7321240901947, 234.10426497459412, 239.5199489593506, 231.63014101982117, 232.56504917144775, 235.20819973945618, 229.19202589988708, 223.47441411018372, 234.55875992774963, 228.5964982509613, 229.28886914253235, 232.42222499847412, 244.37599682807922, 230.07026481628418, 237.61301708221436, 232.37708711624146, 229.58097410202026, 228.48834419250488, 229.54794883728027, 226.20923113822937]

-------------Round number: 74-------------

Evaluate global model
Averaged Train Loss: 0.8429
Averaged Test Accurancy: 0.7455
Averaged Test AUC: 0.9414
Std Test Accurancy: 0.2201
Std Test AUC: 0.0647
------------------------- Round is  74 ------------------------- time cost ------------------------- 229.11407899856567
------------------------- Budget is : [851.0159862041473, 747.597101688385, 749.3950757980347, 330.52095890045166, 233.53188562393188, 237.79051613807678, 234.48510479927063, 238.2229518890381, 242.60584592819214, 223.61668825149536, 230.21543717384338, 231.056086063385, 257.8421287536621, 240.15797209739685, 227.73291015625, 222.73093605041504, 240.34417605400085, 232.38708782196045, 229.2259509563446, 235.94315314292908, 234.66389799118042, 230.83648896217346, 230.45425987243652, 234.8525607585907, 236.79091906547546, 226.25344395637512, 230.4469268321991, 225.31712698936462, 231.52774286270142, 238.15003323554993, 235.30017280578613, 235.30817103385925, 226.8762969970703, 247.40836477279663, 236.56913208961487, 239.99431705474854, 230.47901582717896, 234.5268030166626, 236.0567991733551, 234.98214983940125, 232.51492285728455, 228.83365392684937, 231.61347484588623, 227.1500689983368, 227.44782900810242, 231.2380349636078, 242.06183099746704, 245.2459921836853, 230.72104811668396, 231.8699562549591, 232.1072120666504, 232.9659948348999, 233.70126080513, 227.1596109867096, 233.7321240901947, 234.10426497459412, 239.5199489593506, 231.63014101982117, 232.56504917144775, 235.20819973945618, 229.19202589988708, 223.47441411018372, 234.55875992774963, 228.5964982509613, 229.28886914253235, 232.42222499847412, 244.37599682807922, 230.07026481628418, 237.61301708221436, 232.37708711624146, 229.58097410202026, 228.48834419250488, 229.54794883728027, 226.20923113822937, 229.11407899856567]

-------------Round number: 75-------------

Evaluate global model
Averaged Train Loss: 0.8741
Averaged Test Accurancy: 0.7126
Averaged Test AUC: 0.9346
Std Test Accurancy: 0.2489
Std Test AUC: 0.0691
------------------------- Round is  75 ------------------------- time cost ------------------------- 227.1140661239624
------------------------- Budget is : [851.0159862041473, 747.597101688385, 749.3950757980347, 330.52095890045166, 233.53188562393188, 237.79051613807678, 234.48510479927063, 238.2229518890381, 242.60584592819214, 223.61668825149536, 230.21543717384338, 231.056086063385, 257.8421287536621, 240.15797209739685, 227.73291015625, 222.73093605041504, 240.34417605400085, 232.38708782196045, 229.2259509563446, 235.94315314292908, 234.66389799118042, 230.83648896217346, 230.45425987243652, 234.8525607585907, 236.79091906547546, 226.25344395637512, 230.4469268321991, 225.31712698936462, 231.52774286270142, 238.15003323554993, 235.30017280578613, 235.30817103385925, 226.8762969970703, 247.40836477279663, 236.56913208961487, 239.99431705474854, 230.47901582717896, 234.5268030166626, 236.0567991733551, 234.98214983940125, 232.51492285728455, 228.83365392684937, 231.61347484588623, 227.1500689983368, 227.44782900810242, 231.2380349636078, 242.06183099746704, 245.2459921836853, 230.72104811668396, 231.8699562549591, 232.1072120666504, 232.9659948348999, 233.70126080513, 227.1596109867096, 233.7321240901947, 234.10426497459412, 239.5199489593506, 231.63014101982117, 232.56504917144775, 235.20819973945618, 229.19202589988708, 223.47441411018372, 234.55875992774963, 228.5964982509613, 229.28886914253235, 232.42222499847412, 244.37599682807922, 230.07026481628418, 237.61301708221436, 232.37708711624146, 229.58097410202026, 228.48834419250488, 229.54794883728027, 226.20923113822937, 229.11407899856567, 227.1140661239624]

-------------Round number: 76-------------

Evaluate global model
Averaged Train Loss: 0.6317
Averaged Test Accurancy: 0.7593
Averaged Test AUC: 0.9585
Std Test Accurancy: 0.2525
Std Test AUC: 0.0388
------------------------- Round is  76 ------------------------- time cost ------------------------- 233.19059991836548
------------------------- Budget is : [851.0159862041473, 747.597101688385, 749.3950757980347, 330.52095890045166, 233.53188562393188, 237.79051613807678, 234.48510479927063, 238.2229518890381, 242.60584592819214, 223.61668825149536, 230.21543717384338, 231.056086063385, 257.8421287536621, 240.15797209739685, 227.73291015625, 222.73093605041504, 240.34417605400085, 232.38708782196045, 229.2259509563446, 235.94315314292908, 234.66389799118042, 230.83648896217346, 230.45425987243652, 234.8525607585907, 236.79091906547546, 226.25344395637512, 230.4469268321991, 225.31712698936462, 231.52774286270142, 238.15003323554993, 235.30017280578613, 235.30817103385925, 226.8762969970703, 247.40836477279663, 236.56913208961487, 239.99431705474854, 230.47901582717896, 234.5268030166626, 236.0567991733551, 234.98214983940125, 232.51492285728455, 228.83365392684937, 231.61347484588623, 227.1500689983368, 227.44782900810242, 231.2380349636078, 242.06183099746704, 245.2459921836853, 230.72104811668396, 231.8699562549591, 232.1072120666504, 232.9659948348999, 233.70126080513, 227.1596109867096, 233.7321240901947, 234.10426497459412, 239.5199489593506, 231.63014101982117, 232.56504917144775, 235.20819973945618, 229.19202589988708, 223.47441411018372, 234.55875992774963, 228.5964982509613, 229.28886914253235, 232.42222499847412, 244.37599682807922, 230.07026481628418, 237.61301708221436, 232.37708711624146, 229.58097410202026, 228.48834419250488, 229.54794883728027, 226.20923113822937, 229.11407899856567, 227.1140661239624, 233.19059991836548]

-------------Round number: 77-------------

Evaluate global model
Averaged Train Loss: 0.6187
Averaged Test Accurancy: 0.7880
Averaged Test AUC: 0.9533
Std Test Accurancy: 0.1859
Std Test AUC: 0.0484
------------------------- Round is  77 ------------------------- time cost ------------------------- 234.43196392059326
------------------------- Budget is : [851.0159862041473, 747.597101688385, 749.3950757980347, 330.52095890045166, 233.53188562393188, 237.79051613807678, 234.48510479927063, 238.2229518890381, 242.60584592819214, 223.61668825149536, 230.21543717384338, 231.056086063385, 257.8421287536621, 240.15797209739685, 227.73291015625, 222.73093605041504, 240.34417605400085, 232.38708782196045, 229.2259509563446, 235.94315314292908, 234.66389799118042, 230.83648896217346, 230.45425987243652, 234.8525607585907, 236.79091906547546, 226.25344395637512, 230.4469268321991, 225.31712698936462, 231.52774286270142, 238.15003323554993, 235.30017280578613, 235.30817103385925, 226.8762969970703, 247.40836477279663, 236.56913208961487, 239.99431705474854, 230.47901582717896, 234.5268030166626, 236.0567991733551, 234.98214983940125, 232.51492285728455, 228.83365392684937, 231.61347484588623, 227.1500689983368, 227.44782900810242, 231.2380349636078, 242.06183099746704, 245.2459921836853, 230.72104811668396, 231.8699562549591, 232.1072120666504, 232.9659948348999, 233.70126080513, 227.1596109867096, 233.7321240901947, 234.10426497459412, 239.5199489593506, 231.63014101982117, 232.56504917144775, 235.20819973945618, 229.19202589988708, 223.47441411018372, 234.55875992774963, 228.5964982509613, 229.28886914253235, 232.42222499847412, 244.37599682807922, 230.07026481628418, 237.61301708221436, 232.37708711624146, 229.58097410202026, 228.48834419250488, 229.54794883728027, 226.20923113822937, 229.11407899856567, 227.1140661239624, 233.19059991836548, 234.43196392059326]

-------------Round number: 78-------------

Evaluate global model
Averaged Train Loss: 0.5682
Averaged Test Accurancy: 0.7851
Averaged Test AUC: 0.9637
Std Test Accurancy: 0.2495
Std Test AUC: 0.0375
------------------------- Round is  78 ------------------------- time cost ------------------------- 234.51812291145325
------------------------- Budget is : [851.0159862041473, 747.597101688385, 749.3950757980347, 330.52095890045166, 233.53188562393188, 237.79051613807678, 234.48510479927063, 238.2229518890381, 242.60584592819214, 223.61668825149536, 230.21543717384338, 231.056086063385, 257.8421287536621, 240.15797209739685, 227.73291015625, 222.73093605041504, 240.34417605400085, 232.38708782196045, 229.2259509563446, 235.94315314292908, 234.66389799118042, 230.83648896217346, 230.45425987243652, 234.8525607585907, 236.79091906547546, 226.25344395637512, 230.4469268321991, 225.31712698936462, 231.52774286270142, 238.15003323554993, 235.30017280578613, 235.30817103385925, 226.8762969970703, 247.40836477279663, 236.56913208961487, 239.99431705474854, 230.47901582717896, 234.5268030166626, 236.0567991733551, 234.98214983940125, 232.51492285728455, 228.83365392684937, 231.61347484588623, 227.1500689983368, 227.44782900810242, 231.2380349636078, 242.06183099746704, 245.2459921836853, 230.72104811668396, 231.8699562549591, 232.1072120666504, 232.9659948348999, 233.70126080513, 227.1596109867096, 233.7321240901947, 234.10426497459412, 239.5199489593506, 231.63014101982117, 232.56504917144775, 235.20819973945618, 229.19202589988708, 223.47441411018372, 234.55875992774963, 228.5964982509613, 229.28886914253235, 232.42222499847412, 244.37599682807922, 230.07026481628418, 237.61301708221436, 232.37708711624146, 229.58097410202026, 228.48834419250488, 229.54794883728027, 226.20923113822937, 229.11407899856567, 227.1140661239624, 233.19059991836548, 234.43196392059326, 234.51812291145325]

-------------Round number: 79-------------

Evaluate global model
Averaged Train Loss: 0.5896
Averaged Test Accurancy: 0.7948
Averaged Test AUC: 0.9555
Std Test Accurancy: 0.1813
Std Test AUC: 0.0466
------------------------- Round is  79 ------------------------- time cost ------------------------- 229.92254495620728
------------------------- Budget is : [851.0159862041473, 747.597101688385, 749.3950757980347, 330.52095890045166, 233.53188562393188, 237.79051613807678, 234.48510479927063, 238.2229518890381, 242.60584592819214, 223.61668825149536, 230.21543717384338, 231.056086063385, 257.8421287536621, 240.15797209739685, 227.73291015625, 222.73093605041504, 240.34417605400085, 232.38708782196045, 229.2259509563446, 235.94315314292908, 234.66389799118042, 230.83648896217346, 230.45425987243652, 234.8525607585907, 236.79091906547546, 226.25344395637512, 230.4469268321991, 225.31712698936462, 231.52774286270142, 238.15003323554993, 235.30017280578613, 235.30817103385925, 226.8762969970703, 247.40836477279663, 236.56913208961487, 239.99431705474854, 230.47901582717896, 234.5268030166626, 236.0567991733551, 234.98214983940125, 232.51492285728455, 228.83365392684937, 231.61347484588623, 227.1500689983368, 227.44782900810242, 231.2380349636078, 242.06183099746704, 245.2459921836853, 230.72104811668396, 231.8699562549591, 232.1072120666504, 232.9659948348999, 233.70126080513, 227.1596109867096, 233.7321240901947, 234.10426497459412, 239.5199489593506, 231.63014101982117, 232.56504917144775, 235.20819973945618, 229.19202589988708, 223.47441411018372, 234.55875992774963, 228.5964982509613, 229.28886914253235, 232.42222499847412, 244.37599682807922, 230.07026481628418, 237.61301708221436, 232.37708711624146, 229.58097410202026, 228.48834419250488, 229.54794883728027, 226.20923113822937, 229.11407899856567, 227.1140661239624, 233.19059991836548, 234.43196392059326, 234.51812291145325, 229.92254495620728]

-------------Round number: 80-------------

Evaluate global model
Averaged Train Loss: 0.6143
Averaged Test Accurancy: 0.7805
Averaged Test AUC: 0.9611
Std Test Accurancy: 0.2422
Std Test AUC: 0.0415
------------------------- Round is  80 ------------------------- time cost ------------------------- 244.469722032547
------------------------- Budget is : [851.0159862041473, 747.597101688385, 749.3950757980347, 330.52095890045166, 233.53188562393188, 237.79051613807678, 234.48510479927063, 238.2229518890381, 242.60584592819214, 223.61668825149536, 230.21543717384338, 231.056086063385, 257.8421287536621, 240.15797209739685, 227.73291015625, 222.73093605041504, 240.34417605400085, 232.38708782196045, 229.2259509563446, 235.94315314292908, 234.66389799118042, 230.83648896217346, 230.45425987243652, 234.8525607585907, 236.79091906547546, 226.25344395637512, 230.4469268321991, 225.31712698936462, 231.52774286270142, 238.15003323554993, 235.30017280578613, 235.30817103385925, 226.8762969970703, 247.40836477279663, 236.56913208961487, 239.99431705474854, 230.47901582717896, 234.5268030166626, 236.0567991733551, 234.98214983940125, 232.51492285728455, 228.83365392684937, 231.61347484588623, 227.1500689983368, 227.44782900810242, 231.2380349636078, 242.06183099746704, 245.2459921836853, 230.72104811668396, 231.8699562549591, 232.1072120666504, 232.9659948348999, 233.70126080513, 227.1596109867096, 233.7321240901947, 234.10426497459412, 239.5199489593506, 231.63014101982117, 232.56504917144775, 235.20819973945618, 229.19202589988708, 223.47441411018372, 234.55875992774963, 228.5964982509613, 229.28886914253235, 232.42222499847412, 244.37599682807922, 230.07026481628418, 237.61301708221436, 232.37708711624146, 229.58097410202026, 228.48834419250488, 229.54794883728027, 226.20923113822937, 229.11407899856567, 227.1140661239624, 233.19059991836548, 234.43196392059326, 234.51812291145325, 229.92254495620728, 244.469722032547]

-------------Round number: 81-------------

Evaluate global model
Averaged Train Loss: 0.5706
Averaged Test Accurancy: 0.8094
Averaged Test AUC: 0.9640
Std Test Accurancy: 0.1586
Std Test AUC: 0.0309
------------------------- Round is  81 ------------------------- time cost ------------------------- 233.39230704307556
------------------------- Budget is : [851.0159862041473, 747.597101688385, 749.3950757980347, 330.52095890045166, 233.53188562393188, 237.79051613807678, 234.48510479927063, 238.2229518890381, 242.60584592819214, 223.61668825149536, 230.21543717384338, 231.056086063385, 257.8421287536621, 240.15797209739685, 227.73291015625, 222.73093605041504, 240.34417605400085, 232.38708782196045, 229.2259509563446, 235.94315314292908, 234.66389799118042, 230.83648896217346, 230.45425987243652, 234.8525607585907, 236.79091906547546, 226.25344395637512, 230.4469268321991, 225.31712698936462, 231.52774286270142, 238.15003323554993, 235.30017280578613, 235.30817103385925, 226.8762969970703, 247.40836477279663, 236.56913208961487, 239.99431705474854, 230.47901582717896, 234.5268030166626, 236.0567991733551, 234.98214983940125, 232.51492285728455, 228.83365392684937, 231.61347484588623, 227.1500689983368, 227.44782900810242, 231.2380349636078, 242.06183099746704, 245.2459921836853, 230.72104811668396, 231.8699562549591, 232.1072120666504, 232.9659948348999, 233.70126080513, 227.1596109867096, 233.7321240901947, 234.10426497459412, 239.5199489593506, 231.63014101982117, 232.56504917144775, 235.20819973945618, 229.19202589988708, 223.47441411018372, 234.55875992774963, 228.5964982509613, 229.28886914253235, 232.42222499847412, 244.37599682807922, 230.07026481628418, 237.61301708221436, 232.37708711624146, 229.58097410202026, 228.48834419250488, 229.54794883728027, 226.20923113822937, 229.11407899856567, 227.1140661239624, 233.19059991836548, 234.43196392059326, 234.51812291145325, 229.92254495620728, 244.469722032547, 233.39230704307556]

-------------Round number: 82-------------

Evaluate global model
Averaged Train Loss: 0.5780
Averaged Test Accurancy: 0.7979
Averaged Test AUC: 0.9599
Std Test Accurancy: 0.1922
Std Test AUC: 0.0431
------------------------- Round is  82 ------------------------- time cost ------------------------- 231.37859296798706
------------------------- Budget is : [851.0159862041473, 747.597101688385, 749.3950757980347, 330.52095890045166, 233.53188562393188, 237.79051613807678, 234.48510479927063, 238.2229518890381, 242.60584592819214, 223.61668825149536, 230.21543717384338, 231.056086063385, 257.8421287536621, 240.15797209739685, 227.73291015625, 222.73093605041504, 240.34417605400085, 232.38708782196045, 229.2259509563446, 235.94315314292908, 234.66389799118042, 230.83648896217346, 230.45425987243652, 234.8525607585907, 236.79091906547546, 226.25344395637512, 230.4469268321991, 225.31712698936462, 231.52774286270142, 238.15003323554993, 235.30017280578613, 235.30817103385925, 226.8762969970703, 247.40836477279663, 236.56913208961487, 239.99431705474854, 230.47901582717896, 234.5268030166626, 236.0567991733551, 234.98214983940125, 232.51492285728455, 228.83365392684937, 231.61347484588623, 227.1500689983368, 227.44782900810242, 231.2380349636078, 242.06183099746704, 245.2459921836853, 230.72104811668396, 231.8699562549591, 232.1072120666504, 232.9659948348999, 233.70126080513, 227.1596109867096, 233.7321240901947, 234.10426497459412, 239.5199489593506, 231.63014101982117, 232.56504917144775, 235.20819973945618, 229.19202589988708, 223.47441411018372, 234.55875992774963, 228.5964982509613, 229.28886914253235, 232.42222499847412, 244.37599682807922, 230.07026481628418, 237.61301708221436, 232.37708711624146, 229.58097410202026, 228.48834419250488, 229.54794883728027, 226.20923113822937, 229.11407899856567, 227.1140661239624, 233.19059991836548, 234.43196392059326, 234.51812291145325, 229.92254495620728, 244.469722032547, 233.39230704307556, 231.37859296798706]

-------------Round number: 83-------------

Evaluate global model
Averaged Train Loss: 0.5766
Averaged Test Accurancy: 0.7995
Averaged Test AUC: 0.9586
Std Test Accurancy: 0.1928
Std Test AUC: 0.0473
------------------------- Round is  83 ------------------------- time cost ------------------------- 236.25725889205933
------------------------- Budget is : [851.0159862041473, 747.597101688385, 749.3950757980347, 330.52095890045166, 233.53188562393188, 237.79051613807678, 234.48510479927063, 238.2229518890381, 242.60584592819214, 223.61668825149536, 230.21543717384338, 231.056086063385, 257.8421287536621, 240.15797209739685, 227.73291015625, 222.73093605041504, 240.34417605400085, 232.38708782196045, 229.2259509563446, 235.94315314292908, 234.66389799118042, 230.83648896217346, 230.45425987243652, 234.8525607585907, 236.79091906547546, 226.25344395637512, 230.4469268321991, 225.31712698936462, 231.52774286270142, 238.15003323554993, 235.30017280578613, 235.30817103385925, 226.8762969970703, 247.40836477279663, 236.56913208961487, 239.99431705474854, 230.47901582717896, 234.5268030166626, 236.0567991733551, 234.98214983940125, 232.51492285728455, 228.83365392684937, 231.61347484588623, 227.1500689983368, 227.44782900810242, 231.2380349636078, 242.06183099746704, 245.2459921836853, 230.72104811668396, 231.8699562549591, 232.1072120666504, 232.9659948348999, 233.70126080513, 227.1596109867096, 233.7321240901947, 234.10426497459412, 239.5199489593506, 231.63014101982117, 232.56504917144775, 235.20819973945618, 229.19202589988708, 223.47441411018372, 234.55875992774963, 228.5964982509613, 229.28886914253235, 232.42222499847412, 244.37599682807922, 230.07026481628418, 237.61301708221436, 232.37708711624146, 229.58097410202026, 228.48834419250488, 229.54794883728027, 226.20923113822937, 229.11407899856567, 227.1140661239624, 233.19059991836548, 234.43196392059326, 234.51812291145325, 229.92254495620728, 244.469722032547, 233.39230704307556, 231.37859296798706, 236.25725889205933]

-------------Round number: 84-------------

Evaluate global model
Averaged Train Loss: 0.5008
Averaged Test Accurancy: 0.8296
Averaged Test AUC: 0.9677
Std Test Accurancy: 0.1181
Std Test AUC: 0.0239
------------------------- Round is  84 ------------------------- time cost ------------------------- 234.84776520729065
------------------------- Budget is : [851.0159862041473, 747.597101688385, 749.3950757980347, 330.52095890045166, 233.53188562393188, 237.79051613807678, 234.48510479927063, 238.2229518890381, 242.60584592819214, 223.61668825149536, 230.21543717384338, 231.056086063385, 257.8421287536621, 240.15797209739685, 227.73291015625, 222.73093605041504, 240.34417605400085, 232.38708782196045, 229.2259509563446, 235.94315314292908, 234.66389799118042, 230.83648896217346, 230.45425987243652, 234.8525607585907, 236.79091906547546, 226.25344395637512, 230.4469268321991, 225.31712698936462, 231.52774286270142, 238.15003323554993, 235.30017280578613, 235.30817103385925, 226.8762969970703, 247.40836477279663, 236.56913208961487, 239.99431705474854, 230.47901582717896, 234.5268030166626, 236.0567991733551, 234.98214983940125, 232.51492285728455, 228.83365392684937, 231.61347484588623, 227.1500689983368, 227.44782900810242, 231.2380349636078, 242.06183099746704, 245.2459921836853, 230.72104811668396, 231.8699562549591, 232.1072120666504, 232.9659948348999, 233.70126080513, 227.1596109867096, 233.7321240901947, 234.10426497459412, 239.5199489593506, 231.63014101982117, 232.56504917144775, 235.20819973945618, 229.19202589988708, 223.47441411018372, 234.55875992774963, 228.5964982509613, 229.28886914253235, 232.42222499847412, 244.37599682807922, 230.07026481628418, 237.61301708221436, 232.37708711624146, 229.58097410202026, 228.48834419250488, 229.54794883728027, 226.20923113822937, 229.11407899856567, 227.1140661239624, 233.19059991836548, 234.43196392059326, 234.51812291145325, 229.92254495620728, 244.469722032547, 233.39230704307556, 231.37859296798706, 236.25725889205933, 234.84776520729065]

-------------Round number: 85-------------

Evaluate global model
Averaged Train Loss: 0.4596
Averaged Test Accurancy: 0.8384
Averaged Test AUC: 0.9700
Std Test Accurancy: 0.1452
Std Test AUC: 0.0259
------------------------- Round is  85 ------------------------- time cost ------------------------- 253.4372079372406
------------------------- Budget is : [851.0159862041473, 747.597101688385, 749.3950757980347, 330.52095890045166, 233.53188562393188, 237.79051613807678, 234.48510479927063, 238.2229518890381, 242.60584592819214, 223.61668825149536, 230.21543717384338, 231.056086063385, 257.8421287536621, 240.15797209739685, 227.73291015625, 222.73093605041504, 240.34417605400085, 232.38708782196045, 229.2259509563446, 235.94315314292908, 234.66389799118042, 230.83648896217346, 230.45425987243652, 234.8525607585907, 236.79091906547546, 226.25344395637512, 230.4469268321991, 225.31712698936462, 231.52774286270142, 238.15003323554993, 235.30017280578613, 235.30817103385925, 226.8762969970703, 247.40836477279663, 236.56913208961487, 239.99431705474854, 230.47901582717896, 234.5268030166626, 236.0567991733551, 234.98214983940125, 232.51492285728455, 228.83365392684937, 231.61347484588623, 227.1500689983368, 227.44782900810242, 231.2380349636078, 242.06183099746704, 245.2459921836853, 230.72104811668396, 231.8699562549591, 232.1072120666504, 232.9659948348999, 233.70126080513, 227.1596109867096, 233.7321240901947, 234.10426497459412, 239.5199489593506, 231.63014101982117, 232.56504917144775, 235.20819973945618, 229.19202589988708, 223.47441411018372, 234.55875992774963, 228.5964982509613, 229.28886914253235, 232.42222499847412, 244.37599682807922, 230.07026481628418, 237.61301708221436, 232.37708711624146, 229.58097410202026, 228.48834419250488, 229.54794883728027, 226.20923113822937, 229.11407899856567, 227.1140661239624, 233.19059991836548, 234.43196392059326, 234.51812291145325, 229.92254495620728, 244.469722032547, 233.39230704307556, 231.37859296798706, 236.25725889205933, 234.84776520729065, 253.4372079372406]

-------------Round number: 86-------------

Evaluate global model
Averaged Train Loss: 0.6122
Averaged Test Accurancy: 0.7782
Averaged Test AUC: 0.9616
Std Test Accurancy: 0.2335
Std Test AUC: 0.0335
------------------------- Round is  86 ------------------------- time cost ------------------------- 248.42400598526
------------------------- Budget is : [851.0159862041473, 747.597101688385, 749.3950757980347, 330.52095890045166, 233.53188562393188, 237.79051613807678, 234.48510479927063, 238.2229518890381, 242.60584592819214, 223.61668825149536, 230.21543717384338, 231.056086063385, 257.8421287536621, 240.15797209739685, 227.73291015625, 222.73093605041504, 240.34417605400085, 232.38708782196045, 229.2259509563446, 235.94315314292908, 234.66389799118042, 230.83648896217346, 230.45425987243652, 234.8525607585907, 236.79091906547546, 226.25344395637512, 230.4469268321991, 225.31712698936462, 231.52774286270142, 238.15003323554993, 235.30017280578613, 235.30817103385925, 226.8762969970703, 247.40836477279663, 236.56913208961487, 239.99431705474854, 230.47901582717896, 234.5268030166626, 236.0567991733551, 234.98214983940125, 232.51492285728455, 228.83365392684937, 231.61347484588623, 227.1500689983368, 227.44782900810242, 231.2380349636078, 242.06183099746704, 245.2459921836853, 230.72104811668396, 231.8699562549591, 232.1072120666504, 232.9659948348999, 233.70126080513, 227.1596109867096, 233.7321240901947, 234.10426497459412, 239.5199489593506, 231.63014101982117, 232.56504917144775, 235.20819973945618, 229.19202589988708, 223.47441411018372, 234.55875992774963, 228.5964982509613, 229.28886914253235, 232.42222499847412, 244.37599682807922, 230.07026481628418, 237.61301708221436, 232.37708711624146, 229.58097410202026, 228.48834419250488, 229.54794883728027, 226.20923113822937, 229.11407899856567, 227.1140661239624, 233.19059991836548, 234.43196392059326, 234.51812291145325, 229.92254495620728, 244.469722032547, 233.39230704307556, 231.37859296798706, 236.25725889205933, 234.84776520729065, 253.4372079372406, 248.42400598526]

-------------Round number: 87-------------

Evaluate global model
Averaged Train Loss: 0.6580
Averaged Test Accurancy: 0.7744
Averaged Test AUC: 0.9539
Std Test Accurancy: 0.1604
Std Test AUC: 0.0381
------------------------- Round is  87 ------------------------- time cost ------------------------- 256.3125250339508
------------------------- Budget is : [851.0159862041473, 747.597101688385, 749.3950757980347, 330.52095890045166, 233.53188562393188, 237.79051613807678, 234.48510479927063, 238.2229518890381, 242.60584592819214, 223.61668825149536, 230.21543717384338, 231.056086063385, 257.8421287536621, 240.15797209739685, 227.73291015625, 222.73093605041504, 240.34417605400085, 232.38708782196045, 229.2259509563446, 235.94315314292908, 234.66389799118042, 230.83648896217346, 230.45425987243652, 234.8525607585907, 236.79091906547546, 226.25344395637512, 230.4469268321991, 225.31712698936462, 231.52774286270142, 238.15003323554993, 235.30017280578613, 235.30817103385925, 226.8762969970703, 247.40836477279663, 236.56913208961487, 239.99431705474854, 230.47901582717896, 234.5268030166626, 236.0567991733551, 234.98214983940125, 232.51492285728455, 228.83365392684937, 231.61347484588623, 227.1500689983368, 227.44782900810242, 231.2380349636078, 242.06183099746704, 245.2459921836853, 230.72104811668396, 231.8699562549591, 232.1072120666504, 232.9659948348999, 233.70126080513, 227.1596109867096, 233.7321240901947, 234.10426497459412, 239.5199489593506, 231.63014101982117, 232.56504917144775, 235.20819973945618, 229.19202589988708, 223.47441411018372, 234.55875992774963, 228.5964982509613, 229.28886914253235, 232.42222499847412, 244.37599682807922, 230.07026481628418, 237.61301708221436, 232.37708711624146, 229.58097410202026, 228.48834419250488, 229.54794883728027, 226.20923113822937, 229.11407899856567, 227.1140661239624, 233.19059991836548, 234.43196392059326, 234.51812291145325, 229.92254495620728, 244.469722032547, 233.39230704307556, 231.37859296798706, 236.25725889205933, 234.84776520729065, 253.4372079372406, 248.42400598526, 256.3125250339508]

-------------Round number: 88-------------

Evaluate global model
Averaged Train Loss: 0.6414
Averaged Test Accurancy: 0.7982
Averaged Test AUC: 0.9562
Std Test Accurancy: 0.2165
Std Test AUC: 0.0545
------------------------- Round is  88 ------------------------- time cost ------------------------- 225.9049937725067
------------------------- Budget is : [851.0159862041473, 747.597101688385, 749.3950757980347, 330.52095890045166, 233.53188562393188, 237.79051613807678, 234.48510479927063, 238.2229518890381, 242.60584592819214, 223.61668825149536, 230.21543717384338, 231.056086063385, 257.8421287536621, 240.15797209739685, 227.73291015625, 222.73093605041504, 240.34417605400085, 232.38708782196045, 229.2259509563446, 235.94315314292908, 234.66389799118042, 230.83648896217346, 230.45425987243652, 234.8525607585907, 236.79091906547546, 226.25344395637512, 230.4469268321991, 225.31712698936462, 231.52774286270142, 238.15003323554993, 235.30017280578613, 235.30817103385925, 226.8762969970703, 247.40836477279663, 236.56913208961487, 239.99431705474854, 230.47901582717896, 234.5268030166626, 236.0567991733551, 234.98214983940125, 232.51492285728455, 228.83365392684937, 231.61347484588623, 227.1500689983368, 227.44782900810242, 231.2380349636078, 242.06183099746704, 245.2459921836853, 230.72104811668396, 231.8699562549591, 232.1072120666504, 232.9659948348999, 233.70126080513, 227.1596109867096, 233.7321240901947, 234.10426497459412, 239.5199489593506, 231.63014101982117, 232.56504917144775, 235.20819973945618, 229.19202589988708, 223.47441411018372, 234.55875992774963, 228.5964982509613, 229.28886914253235, 232.42222499847412, 244.37599682807922, 230.07026481628418, 237.61301708221436, 232.37708711624146, 229.58097410202026, 228.48834419250488, 229.54794883728027, 226.20923113822937, 229.11407899856567, 227.1140661239624, 233.19059991836548, 234.43196392059326, 234.51812291145325, 229.92254495620728, 244.469722032547, 233.39230704307556, 231.37859296798706, 236.25725889205933, 234.84776520729065, 253.4372079372406, 248.42400598526, 256.3125250339508, 225.9049937725067]

-------------Round number: 89-------------

Evaluate global model
Averaged Train Loss: 0.7487
Averaged Test Accurancy: 0.7358
Averaged Test AUC: 0.9568
Std Test Accurancy: 0.2665
Std Test AUC: 0.0379
------------------------- Round is  89 ------------------------- time cost ------------------------- 230.26039600372314
------------------------- Budget is : [851.0159862041473, 747.597101688385, 749.3950757980347, 330.52095890045166, 233.53188562393188, 237.79051613807678, 234.48510479927063, 238.2229518890381, 242.60584592819214, 223.61668825149536, 230.21543717384338, 231.056086063385, 257.8421287536621, 240.15797209739685, 227.73291015625, 222.73093605041504, 240.34417605400085, 232.38708782196045, 229.2259509563446, 235.94315314292908, 234.66389799118042, 230.83648896217346, 230.45425987243652, 234.8525607585907, 236.79091906547546, 226.25344395637512, 230.4469268321991, 225.31712698936462, 231.52774286270142, 238.15003323554993, 235.30017280578613, 235.30817103385925, 226.8762969970703, 247.40836477279663, 236.56913208961487, 239.99431705474854, 230.47901582717896, 234.5268030166626, 236.0567991733551, 234.98214983940125, 232.51492285728455, 228.83365392684937, 231.61347484588623, 227.1500689983368, 227.44782900810242, 231.2380349636078, 242.06183099746704, 245.2459921836853, 230.72104811668396, 231.8699562549591, 232.1072120666504, 232.9659948348999, 233.70126080513, 227.1596109867096, 233.7321240901947, 234.10426497459412, 239.5199489593506, 231.63014101982117, 232.56504917144775, 235.20819973945618, 229.19202589988708, 223.47441411018372, 234.55875992774963, 228.5964982509613, 229.28886914253235, 232.42222499847412, 244.37599682807922, 230.07026481628418, 237.61301708221436, 232.37708711624146, 229.58097410202026, 228.48834419250488, 229.54794883728027, 226.20923113822937, 229.11407899856567, 227.1140661239624, 233.19059991836548, 234.43196392059326, 234.51812291145325, 229.92254495620728, 244.469722032547, 233.39230704307556, 231.37859296798706, 236.25725889205933, 234.84776520729065, 253.4372079372406, 248.42400598526, 256.3125250339508, 225.9049937725067, 230.26039600372314]

-------------Round number: 90-------------

Evaluate global model
Averaged Train Loss: 0.8044
Averaged Test Accurancy: 0.7233
Averaged Test AUC: 0.9546
Std Test Accurancy: 0.2876
Std Test AUC: 0.0405
------------------------- Round is  90 ------------------------- time cost ------------------------- 224.15782117843628
------------------------- Budget is : [851.0159862041473, 747.597101688385, 749.3950757980347, 330.52095890045166, 233.53188562393188, 237.79051613807678, 234.48510479927063, 238.2229518890381, 242.60584592819214, 223.61668825149536, 230.21543717384338, 231.056086063385, 257.8421287536621, 240.15797209739685, 227.73291015625, 222.73093605041504, 240.34417605400085, 232.38708782196045, 229.2259509563446, 235.94315314292908, 234.66389799118042, 230.83648896217346, 230.45425987243652, 234.8525607585907, 236.79091906547546, 226.25344395637512, 230.4469268321991, 225.31712698936462, 231.52774286270142, 238.15003323554993, 235.30017280578613, 235.30817103385925, 226.8762969970703, 247.40836477279663, 236.56913208961487, 239.99431705474854, 230.47901582717896, 234.5268030166626, 236.0567991733551, 234.98214983940125, 232.51492285728455, 228.83365392684937, 231.61347484588623, 227.1500689983368, 227.44782900810242, 231.2380349636078, 242.06183099746704, 245.2459921836853, 230.72104811668396, 231.8699562549591, 232.1072120666504, 232.9659948348999, 233.70126080513, 227.1596109867096, 233.7321240901947, 234.10426497459412, 239.5199489593506, 231.63014101982117, 232.56504917144775, 235.20819973945618, 229.19202589988708, 223.47441411018372, 234.55875992774963, 228.5964982509613, 229.28886914253235, 232.42222499847412, 244.37599682807922, 230.07026481628418, 237.61301708221436, 232.37708711624146, 229.58097410202026, 228.48834419250488, 229.54794883728027, 226.20923113822937, 229.11407899856567, 227.1140661239624, 233.19059991836548, 234.43196392059326, 234.51812291145325, 229.92254495620728, 244.469722032547, 233.39230704307556, 231.37859296798706, 236.25725889205933, 234.84776520729065, 253.4372079372406, 248.42400598526, 256.3125250339508, 225.9049937725067, 230.26039600372314, 224.15782117843628]

-------------Round number: 91-------------

Evaluate global model
Averaged Train Loss: 0.5870
Averaged Test Accurancy: 0.7909
Averaged Test AUC: 0.9620
Std Test Accurancy: 0.1893
Std Test AUC: 0.0352
------------------------- Round is  91 ------------------------- time cost ------------------------- 230.68845200538635
------------------------- Budget is : [851.0159862041473, 747.597101688385, 749.3950757980347, 330.52095890045166, 233.53188562393188, 237.79051613807678, 234.48510479927063, 238.2229518890381, 242.60584592819214, 223.61668825149536, 230.21543717384338, 231.056086063385, 257.8421287536621, 240.15797209739685, 227.73291015625, 222.73093605041504, 240.34417605400085, 232.38708782196045, 229.2259509563446, 235.94315314292908, 234.66389799118042, 230.83648896217346, 230.45425987243652, 234.8525607585907, 236.79091906547546, 226.25344395637512, 230.4469268321991, 225.31712698936462, 231.52774286270142, 238.15003323554993, 235.30017280578613, 235.30817103385925, 226.8762969970703, 247.40836477279663, 236.56913208961487, 239.99431705474854, 230.47901582717896, 234.5268030166626, 236.0567991733551, 234.98214983940125, 232.51492285728455, 228.83365392684937, 231.61347484588623, 227.1500689983368, 227.44782900810242, 231.2380349636078, 242.06183099746704, 245.2459921836853, 230.72104811668396, 231.8699562549591, 232.1072120666504, 232.9659948348999, 233.70126080513, 227.1596109867096, 233.7321240901947, 234.10426497459412, 239.5199489593506, 231.63014101982117, 232.56504917144775, 235.20819973945618, 229.19202589988708, 223.47441411018372, 234.55875992774963, 228.5964982509613, 229.28886914253235, 232.42222499847412, 244.37599682807922, 230.07026481628418, 237.61301708221436, 232.37708711624146, 229.58097410202026, 228.48834419250488, 229.54794883728027, 226.20923113822937, 229.11407899856567, 227.1140661239624, 233.19059991836548, 234.43196392059326, 234.51812291145325, 229.92254495620728, 244.469722032547, 233.39230704307556, 231.37859296798706, 236.25725889205933, 234.84776520729065, 253.4372079372406, 248.42400598526, 256.3125250339508, 225.9049937725067, 230.26039600372314, 224.15782117843628, 230.68845200538635]

-------------Round number: 92-------------

Evaluate global model
Averaged Train Loss: 0.5378
Averaged Test Accurancy: 0.8106
Averaged Test AUC: 0.9630
Std Test Accurancy: 0.1730
Std Test AUC: 0.0379
------------------------- Round is  92 ------------------------- time cost ------------------------- 224.4524359703064
------------------------- Budget is : [851.0159862041473, 747.597101688385, 749.3950757980347, 330.52095890045166, 233.53188562393188, 237.79051613807678, 234.48510479927063, 238.2229518890381, 242.60584592819214, 223.61668825149536, 230.21543717384338, 231.056086063385, 257.8421287536621, 240.15797209739685, 227.73291015625, 222.73093605041504, 240.34417605400085, 232.38708782196045, 229.2259509563446, 235.94315314292908, 234.66389799118042, 230.83648896217346, 230.45425987243652, 234.8525607585907, 236.79091906547546, 226.25344395637512, 230.4469268321991, 225.31712698936462, 231.52774286270142, 238.15003323554993, 235.30017280578613, 235.30817103385925, 226.8762969970703, 247.40836477279663, 236.56913208961487, 239.99431705474854, 230.47901582717896, 234.5268030166626, 236.0567991733551, 234.98214983940125, 232.51492285728455, 228.83365392684937, 231.61347484588623, 227.1500689983368, 227.44782900810242, 231.2380349636078, 242.06183099746704, 245.2459921836853, 230.72104811668396, 231.8699562549591, 232.1072120666504, 232.9659948348999, 233.70126080513, 227.1596109867096, 233.7321240901947, 234.10426497459412, 239.5199489593506, 231.63014101982117, 232.56504917144775, 235.20819973945618, 229.19202589988708, 223.47441411018372, 234.55875992774963, 228.5964982509613, 229.28886914253235, 232.42222499847412, 244.37599682807922, 230.07026481628418, 237.61301708221436, 232.37708711624146, 229.58097410202026, 228.48834419250488, 229.54794883728027, 226.20923113822937, 229.11407899856567, 227.1140661239624, 233.19059991836548, 234.43196392059326, 234.51812291145325, 229.92254495620728, 244.469722032547, 233.39230704307556, 231.37859296798706, 236.25725889205933, 234.84776520729065, 253.4372079372406, 248.42400598526, 256.3125250339508, 225.9049937725067, 230.26039600372314, 224.15782117843628, 230.68845200538635, 224.4524359703064]

-------------Round number: 93-------------

Evaluate global model
Averaged Train Loss: 0.6305
Averaged Test Accurancy: 0.7851
Averaged Test AUC: 0.9566
Std Test Accurancy: 0.2007
Std Test AUC: 0.0455
------------------------- Round is  93 ------------------------- time cost ------------------------- 230.9575650691986
------------------------- Budget is : [851.0159862041473, 747.597101688385, 749.3950757980347, 330.52095890045166, 233.53188562393188, 237.79051613807678, 234.48510479927063, 238.2229518890381, 242.60584592819214, 223.61668825149536, 230.21543717384338, 231.056086063385, 257.8421287536621, 240.15797209739685, 227.73291015625, 222.73093605041504, 240.34417605400085, 232.38708782196045, 229.2259509563446, 235.94315314292908, 234.66389799118042, 230.83648896217346, 230.45425987243652, 234.8525607585907, 236.79091906547546, 226.25344395637512, 230.4469268321991, 225.31712698936462, 231.52774286270142, 238.15003323554993, 235.30017280578613, 235.30817103385925, 226.8762969970703, 247.40836477279663, 236.56913208961487, 239.99431705474854, 230.47901582717896, 234.5268030166626, 236.0567991733551, 234.98214983940125, 232.51492285728455, 228.83365392684937, 231.61347484588623, 227.1500689983368, 227.44782900810242, 231.2380349636078, 242.06183099746704, 245.2459921836853, 230.72104811668396, 231.8699562549591, 232.1072120666504, 232.9659948348999, 233.70126080513, 227.1596109867096, 233.7321240901947, 234.10426497459412, 239.5199489593506, 231.63014101982117, 232.56504917144775, 235.20819973945618, 229.19202589988708, 223.47441411018372, 234.55875992774963, 228.5964982509613, 229.28886914253235, 232.42222499847412, 244.37599682807922, 230.07026481628418, 237.61301708221436, 232.37708711624146, 229.58097410202026, 228.48834419250488, 229.54794883728027, 226.20923113822937, 229.11407899856567, 227.1140661239624, 233.19059991836548, 234.43196392059326, 234.51812291145325, 229.92254495620728, 244.469722032547, 233.39230704307556, 231.37859296798706, 236.25725889205933, 234.84776520729065, 253.4372079372406, 248.42400598526, 256.3125250339508, 225.9049937725067, 230.26039600372314, 224.15782117843628, 230.68845200538635, 224.4524359703064, 230.9575650691986]

-------------Round number: 94-------------

Evaluate global model
Averaged Train Loss: 0.6059
Averaged Test Accurancy: 0.7776
Averaged Test AUC: 0.9626
Std Test Accurancy: 0.2364
Std Test AUC: 0.0372
------------------------- Round is  94 ------------------------- time cost ------------------------- 219.76552391052246
------------------------- Budget is : [851.0159862041473, 747.597101688385, 749.3950757980347, 330.52095890045166, 233.53188562393188, 237.79051613807678, 234.48510479927063, 238.2229518890381, 242.60584592819214, 223.61668825149536, 230.21543717384338, 231.056086063385, 257.8421287536621, 240.15797209739685, 227.73291015625, 222.73093605041504, 240.34417605400085, 232.38708782196045, 229.2259509563446, 235.94315314292908, 234.66389799118042, 230.83648896217346, 230.45425987243652, 234.8525607585907, 236.79091906547546, 226.25344395637512, 230.4469268321991, 225.31712698936462, 231.52774286270142, 238.15003323554993, 235.30017280578613, 235.30817103385925, 226.8762969970703, 247.40836477279663, 236.56913208961487, 239.99431705474854, 230.47901582717896, 234.5268030166626, 236.0567991733551, 234.98214983940125, 232.51492285728455, 228.83365392684937, 231.61347484588623, 227.1500689983368, 227.44782900810242, 231.2380349636078, 242.06183099746704, 245.2459921836853, 230.72104811668396, 231.8699562549591, 232.1072120666504, 232.9659948348999, 233.70126080513, 227.1596109867096, 233.7321240901947, 234.10426497459412, 239.5199489593506, 231.63014101982117, 232.56504917144775, 235.20819973945618, 229.19202589988708, 223.47441411018372, 234.55875992774963, 228.5964982509613, 229.28886914253235, 232.42222499847412, 244.37599682807922, 230.07026481628418, 237.61301708221436, 232.37708711624146, 229.58097410202026, 228.48834419250488, 229.54794883728027, 226.20923113822937, 229.11407899856567, 227.1140661239624, 233.19059991836548, 234.43196392059326, 234.51812291145325, 229.92254495620728, 244.469722032547, 233.39230704307556, 231.37859296798706, 236.25725889205933, 234.84776520729065, 253.4372079372406, 248.42400598526, 256.3125250339508, 225.9049937725067, 230.26039600372314, 224.15782117843628, 230.68845200538635, 224.4524359703064, 230.9575650691986, 219.76552391052246]

-------------Round number: 95-------------

Evaluate global model
Averaged Train Loss: 0.7420
Averaged Test Accurancy: 0.7585
Averaged Test AUC: 0.9577
Std Test Accurancy: 0.3157
Std Test AUC: 0.0466
------------------------- Round is  95 ------------------------- time cost ------------------------- 222.24259614944458
------------------------- Budget is : [851.0159862041473, 747.597101688385, 749.3950757980347, 330.52095890045166, 233.53188562393188, 237.79051613807678, 234.48510479927063, 238.2229518890381, 242.60584592819214, 223.61668825149536, 230.21543717384338, 231.056086063385, 257.8421287536621, 240.15797209739685, 227.73291015625, 222.73093605041504, 240.34417605400085, 232.38708782196045, 229.2259509563446, 235.94315314292908, 234.66389799118042, 230.83648896217346, 230.45425987243652, 234.8525607585907, 236.79091906547546, 226.25344395637512, 230.4469268321991, 225.31712698936462, 231.52774286270142, 238.15003323554993, 235.30017280578613, 235.30817103385925, 226.8762969970703, 247.40836477279663, 236.56913208961487, 239.99431705474854, 230.47901582717896, 234.5268030166626, 236.0567991733551, 234.98214983940125, 232.51492285728455, 228.83365392684937, 231.61347484588623, 227.1500689983368, 227.44782900810242, 231.2380349636078, 242.06183099746704, 245.2459921836853, 230.72104811668396, 231.8699562549591, 232.1072120666504, 232.9659948348999, 233.70126080513, 227.1596109867096, 233.7321240901947, 234.10426497459412, 239.5199489593506, 231.63014101982117, 232.56504917144775, 235.20819973945618, 229.19202589988708, 223.47441411018372, 234.55875992774963, 228.5964982509613, 229.28886914253235, 232.42222499847412, 244.37599682807922, 230.07026481628418, 237.61301708221436, 232.37708711624146, 229.58097410202026, 228.48834419250488, 229.54794883728027, 226.20923113822937, 229.11407899856567, 227.1140661239624, 233.19059991836548, 234.43196392059326, 234.51812291145325, 229.92254495620728, 244.469722032547, 233.39230704307556, 231.37859296798706, 236.25725889205933, 234.84776520729065, 253.4372079372406, 248.42400598526, 256.3125250339508, 225.9049937725067, 230.26039600372314, 224.15782117843628, 230.68845200538635, 224.4524359703064, 230.9575650691986, 219.76552391052246, 222.24259614944458]

-------------Round number: 96-------------

Evaluate global model
Averaged Train Loss: 0.7591
Averaged Test Accurancy: 0.7347
Averaged Test AUC: 0.9549
Std Test Accurancy: 0.2714
Std Test AUC: 0.0399
------------------------- Round is  96 ------------------------- time cost ------------------------- 227.0725920200348
------------------------- Budget is : [851.0159862041473, 747.597101688385, 749.3950757980347, 330.52095890045166, 233.53188562393188, 237.79051613807678, 234.48510479927063, 238.2229518890381, 242.60584592819214, 223.61668825149536, 230.21543717384338, 231.056086063385, 257.8421287536621, 240.15797209739685, 227.73291015625, 222.73093605041504, 240.34417605400085, 232.38708782196045, 229.2259509563446, 235.94315314292908, 234.66389799118042, 230.83648896217346, 230.45425987243652, 234.8525607585907, 236.79091906547546, 226.25344395637512, 230.4469268321991, 225.31712698936462, 231.52774286270142, 238.15003323554993, 235.30017280578613, 235.30817103385925, 226.8762969970703, 247.40836477279663, 236.56913208961487, 239.99431705474854, 230.47901582717896, 234.5268030166626, 236.0567991733551, 234.98214983940125, 232.51492285728455, 228.83365392684937, 231.61347484588623, 227.1500689983368, 227.44782900810242, 231.2380349636078, 242.06183099746704, 245.2459921836853, 230.72104811668396, 231.8699562549591, 232.1072120666504, 232.9659948348999, 233.70126080513, 227.1596109867096, 233.7321240901947, 234.10426497459412, 239.5199489593506, 231.63014101982117, 232.56504917144775, 235.20819973945618, 229.19202589988708, 223.47441411018372, 234.55875992774963, 228.5964982509613, 229.28886914253235, 232.42222499847412, 244.37599682807922, 230.07026481628418, 237.61301708221436, 232.37708711624146, 229.58097410202026, 228.48834419250488, 229.54794883728027, 226.20923113822937, 229.11407899856567, 227.1140661239624, 233.19059991836548, 234.43196392059326, 234.51812291145325, 229.92254495620728, 244.469722032547, 233.39230704307556, 231.37859296798706, 236.25725889205933, 234.84776520729065, 253.4372079372406, 248.42400598526, 256.3125250339508, 225.9049937725067, 230.26039600372314, 224.15782117843628, 230.68845200538635, 224.4524359703064, 230.9575650691986, 219.76552391052246, 222.24259614944458, 227.0725920200348]

-------------Round number: 97-------------

Evaluate global model
Averaged Train Loss: 0.8559
Averaged Test Accurancy: 0.7629
Averaged Test AUC: 0.9428
Std Test Accurancy: 0.2391
Std Test AUC: 0.0705
------------------------- Round is  97 ------------------------- time cost ------------------------- 228.80761098861694
------------------------- Budget is : [851.0159862041473, 747.597101688385, 749.3950757980347, 330.52095890045166, 233.53188562393188, 237.79051613807678, 234.48510479927063, 238.2229518890381, 242.60584592819214, 223.61668825149536, 230.21543717384338, 231.056086063385, 257.8421287536621, 240.15797209739685, 227.73291015625, 222.73093605041504, 240.34417605400085, 232.38708782196045, 229.2259509563446, 235.94315314292908, 234.66389799118042, 230.83648896217346, 230.45425987243652, 234.8525607585907, 236.79091906547546, 226.25344395637512, 230.4469268321991, 225.31712698936462, 231.52774286270142, 238.15003323554993, 235.30017280578613, 235.30817103385925, 226.8762969970703, 247.40836477279663, 236.56913208961487, 239.99431705474854, 230.47901582717896, 234.5268030166626, 236.0567991733551, 234.98214983940125, 232.51492285728455, 228.83365392684937, 231.61347484588623, 227.1500689983368, 227.44782900810242, 231.2380349636078, 242.06183099746704, 245.2459921836853, 230.72104811668396, 231.8699562549591, 232.1072120666504, 232.9659948348999, 233.70126080513, 227.1596109867096, 233.7321240901947, 234.10426497459412, 239.5199489593506, 231.63014101982117, 232.56504917144775, 235.20819973945618, 229.19202589988708, 223.47441411018372, 234.55875992774963, 228.5964982509613, 229.28886914253235, 232.42222499847412, 244.37599682807922, 230.07026481628418, 237.61301708221436, 232.37708711624146, 229.58097410202026, 228.48834419250488, 229.54794883728027, 226.20923113822937, 229.11407899856567, 227.1140661239624, 233.19059991836548, 234.43196392059326, 234.51812291145325, 229.92254495620728, 244.469722032547, 233.39230704307556, 231.37859296798706, 236.25725889205933, 234.84776520729065, 253.4372079372406, 248.42400598526, 256.3125250339508, 225.9049937725067, 230.26039600372314, 224.15782117843628, 230.68845200538635, 224.4524359703064, 230.9575650691986, 219.76552391052246, 222.24259614944458, 227.0725920200348, 228.80761098861694]

-------------Round number: 98-------------

Evaluate global model
Averaged Train Loss: 0.5771
Averaged Test Accurancy: 0.7912
Averaged Test AUC: 0.9645
Std Test Accurancy: 0.1951
Std Test AUC: 0.0339
------------------------- Round is  98 ------------------------- time cost ------------------------- 229.80552291870117
------------------------- Budget is : [851.0159862041473, 747.597101688385, 749.3950757980347, 330.52095890045166, 233.53188562393188, 237.79051613807678, 234.48510479927063, 238.2229518890381, 242.60584592819214, 223.61668825149536, 230.21543717384338, 231.056086063385, 257.8421287536621, 240.15797209739685, 227.73291015625, 222.73093605041504, 240.34417605400085, 232.38708782196045, 229.2259509563446, 235.94315314292908, 234.66389799118042, 230.83648896217346, 230.45425987243652, 234.8525607585907, 236.79091906547546, 226.25344395637512, 230.4469268321991, 225.31712698936462, 231.52774286270142, 238.15003323554993, 235.30017280578613, 235.30817103385925, 226.8762969970703, 247.40836477279663, 236.56913208961487, 239.99431705474854, 230.47901582717896, 234.5268030166626, 236.0567991733551, 234.98214983940125, 232.51492285728455, 228.83365392684937, 231.61347484588623, 227.1500689983368, 227.44782900810242, 231.2380349636078, 242.06183099746704, 245.2459921836853, 230.72104811668396, 231.8699562549591, 232.1072120666504, 232.9659948348999, 233.70126080513, 227.1596109867096, 233.7321240901947, 234.10426497459412, 239.5199489593506, 231.63014101982117, 232.56504917144775, 235.20819973945618, 229.19202589988708, 223.47441411018372, 234.55875992774963, 228.5964982509613, 229.28886914253235, 232.42222499847412, 244.37599682807922, 230.07026481628418, 237.61301708221436, 232.37708711624146, 229.58097410202026, 228.48834419250488, 229.54794883728027, 226.20923113822937, 229.11407899856567, 227.1140661239624, 233.19059991836548, 234.43196392059326, 234.51812291145325, 229.92254495620728, 244.469722032547, 233.39230704307556, 231.37859296798706, 236.25725889205933, 234.84776520729065, 253.4372079372406, 248.42400598526, 256.3125250339508, 225.9049937725067, 230.26039600372314, 224.15782117843628, 230.68845200538635, 224.4524359703064, 230.9575650691986, 219.76552391052246, 222.24259614944458, 227.0725920200348, 228.80761098861694, 229.80552291870117]

-------------Round number: 99-------------

Evaluate global model
Averaged Train Loss: 0.5525
Averaged Test Accurancy: 0.7906
Averaged Test AUC: 0.9635
Std Test Accurancy: 0.2261
Std Test AUC: 0.0353
------------------------- Round is  99 ------------------------- time cost ------------------------- 229.12900519371033
------------------------- Budget is : [851.0159862041473, 747.597101688385, 749.3950757980347, 330.52095890045166, 233.53188562393188, 237.79051613807678, 234.48510479927063, 238.2229518890381, 242.60584592819214, 223.61668825149536, 230.21543717384338, 231.056086063385, 257.8421287536621, 240.15797209739685, 227.73291015625, 222.73093605041504, 240.34417605400085, 232.38708782196045, 229.2259509563446, 235.94315314292908, 234.66389799118042, 230.83648896217346, 230.45425987243652, 234.8525607585907, 236.79091906547546, 226.25344395637512, 230.4469268321991, 225.31712698936462, 231.52774286270142, 238.15003323554993, 235.30017280578613, 235.30817103385925, 226.8762969970703, 247.40836477279663, 236.56913208961487, 239.99431705474854, 230.47901582717896, 234.5268030166626, 236.0567991733551, 234.98214983940125, 232.51492285728455, 228.83365392684937, 231.61347484588623, 227.1500689983368, 227.44782900810242, 231.2380349636078, 242.06183099746704, 245.2459921836853, 230.72104811668396, 231.8699562549591, 232.1072120666504, 232.9659948348999, 233.70126080513, 227.1596109867096, 233.7321240901947, 234.10426497459412, 239.5199489593506, 231.63014101982117, 232.56504917144775, 235.20819973945618, 229.19202589988708, 223.47441411018372, 234.55875992774963, 228.5964982509613, 229.28886914253235, 232.42222499847412, 244.37599682807922, 230.07026481628418, 237.61301708221436, 232.37708711624146, 229.58097410202026, 228.48834419250488, 229.54794883728027, 226.20923113822937, 229.11407899856567, 227.1140661239624, 233.19059991836548, 234.43196392059326, 234.51812291145325, 229.92254495620728, 244.469722032547, 233.39230704307556, 231.37859296798706, 236.25725889205933, 234.84776520729065, 253.4372079372406, 248.42400598526, 256.3125250339508, 225.9049937725067, 230.26039600372314, 224.15782117843628, 230.68845200538635, 224.4524359703064, 230.9575650691986, 219.76552391052246, 222.24259614944458, 227.0725920200348, 228.80761098861694, 229.80552291870117, 229.12900519371033]

-------------Round number: 100-------------

Evaluate global model
Averaged Train Loss: 0.6137
Averaged Test Accurancy: 0.7951
Averaged Test AUC: 0.9607
Std Test Accurancy: 0.1716
Std Test AUC: 0.0332
------------------------- Round is  100 ------------------------- time cost ------------------------- 228.1350290775299
------------------------- Budget is : [851.0159862041473, 747.597101688385, 749.3950757980347, 330.52095890045166, 233.53188562393188, 237.79051613807678, 234.48510479927063, 238.2229518890381, 242.60584592819214, 223.61668825149536, 230.21543717384338, 231.056086063385, 257.8421287536621, 240.15797209739685, 227.73291015625, 222.73093605041504, 240.34417605400085, 232.38708782196045, 229.2259509563446, 235.94315314292908, 234.66389799118042, 230.83648896217346, 230.45425987243652, 234.8525607585907, 236.79091906547546, 226.25344395637512, 230.4469268321991, 225.31712698936462, 231.52774286270142, 238.15003323554993, 235.30017280578613, 235.30817103385925, 226.8762969970703, 247.40836477279663, 236.56913208961487, 239.99431705474854, 230.47901582717896, 234.5268030166626, 236.0567991733551, 234.98214983940125, 232.51492285728455, 228.83365392684937, 231.61347484588623, 227.1500689983368, 227.44782900810242, 231.2380349636078, 242.06183099746704, 245.2459921836853, 230.72104811668396, 231.8699562549591, 232.1072120666504, 232.9659948348999, 233.70126080513, 227.1596109867096, 233.7321240901947, 234.10426497459412, 239.5199489593506, 231.63014101982117, 232.56504917144775, 235.20819973945618, 229.19202589988708, 223.47441411018372, 234.55875992774963, 228.5964982509613, 229.28886914253235, 232.42222499847412, 244.37599682807922, 230.07026481628418, 237.61301708221436, 232.37708711624146, 229.58097410202026, 228.48834419250488, 229.54794883728027, 226.20923113822937, 229.11407899856567, 227.1140661239624, 233.19059991836548, 234.43196392059326, 234.51812291145325, 229.92254495620728, 244.469722032547, 233.39230704307556, 231.37859296798706, 236.25725889205933, 234.84776520729065, 253.4372079372406, 248.42400598526, 256.3125250339508, 225.9049937725067, 230.26039600372314, 224.15782117843628, 230.68845200538635, 224.4524359703064, 230.9575650691986, 219.76552391052246, 222.24259614944458, 227.0725920200348, 228.80761098861694, 229.80552291870117, 229.12900519371033, 228.1350290775299]

-------------Round number: 101-------------

Evaluate global model
Averaged Train Loss: 0.5964
Averaged Test Accurancy: 0.7989
Averaged Test AUC: 0.9597
Std Test Accurancy: 0.2020
Std Test AUC: 0.0461
------------------------- Round is  101 ------------------------- time cost ------------------------- 228.80969405174255
------------------------- Budget is : [851.0159862041473, 747.597101688385, 749.3950757980347, 330.52095890045166, 233.53188562393188, 237.79051613807678, 234.48510479927063, 238.2229518890381, 242.60584592819214, 223.61668825149536, 230.21543717384338, 231.056086063385, 257.8421287536621, 240.15797209739685, 227.73291015625, 222.73093605041504, 240.34417605400085, 232.38708782196045, 229.2259509563446, 235.94315314292908, 234.66389799118042, 230.83648896217346, 230.45425987243652, 234.8525607585907, 236.79091906547546, 226.25344395637512, 230.4469268321991, 225.31712698936462, 231.52774286270142, 238.15003323554993, 235.30017280578613, 235.30817103385925, 226.8762969970703, 247.40836477279663, 236.56913208961487, 239.99431705474854, 230.47901582717896, 234.5268030166626, 236.0567991733551, 234.98214983940125, 232.51492285728455, 228.83365392684937, 231.61347484588623, 227.1500689983368, 227.44782900810242, 231.2380349636078, 242.06183099746704, 245.2459921836853, 230.72104811668396, 231.8699562549591, 232.1072120666504, 232.9659948348999, 233.70126080513, 227.1596109867096, 233.7321240901947, 234.10426497459412, 239.5199489593506, 231.63014101982117, 232.56504917144775, 235.20819973945618, 229.19202589988708, 223.47441411018372, 234.55875992774963, 228.5964982509613, 229.28886914253235, 232.42222499847412, 244.37599682807922, 230.07026481628418, 237.61301708221436, 232.37708711624146, 229.58097410202026, 228.48834419250488, 229.54794883728027, 226.20923113822937, 229.11407899856567, 227.1140661239624, 233.19059991836548, 234.43196392059326, 234.51812291145325, 229.92254495620728, 244.469722032547, 233.39230704307556, 231.37859296798706, 236.25725889205933, 234.84776520729065, 253.4372079372406, 248.42400598526, 256.3125250339508, 225.9049937725067, 230.26039600372314, 224.15782117843628, 230.68845200538635, 224.4524359703064, 230.9575650691986, 219.76552391052246, 222.24259614944458, 227.0725920200348, 228.80761098861694, 229.80552291870117, 229.12900519371033, 228.1350290775299, 228.80969405174255]

-------------Round number: 102-------------

Evaluate global model
Averaged Train Loss: 0.5727
Averaged Test Accurancy: 0.7972
Averaged Test AUC: 0.9643
Std Test Accurancy: 0.1903
Std Test AUC: 0.0313
------------------------- Round is  102 ------------------------- time cost ------------------------- 222.5388069152832
------------------------- Budget is : [851.0159862041473, 747.597101688385, 749.3950757980347, 330.52095890045166, 233.53188562393188, 237.79051613807678, 234.48510479927063, 238.2229518890381, 242.60584592819214, 223.61668825149536, 230.21543717384338, 231.056086063385, 257.8421287536621, 240.15797209739685, 227.73291015625, 222.73093605041504, 240.34417605400085, 232.38708782196045, 229.2259509563446, 235.94315314292908, 234.66389799118042, 230.83648896217346, 230.45425987243652, 234.8525607585907, 236.79091906547546, 226.25344395637512, 230.4469268321991, 225.31712698936462, 231.52774286270142, 238.15003323554993, 235.30017280578613, 235.30817103385925, 226.8762969970703, 247.40836477279663, 236.56913208961487, 239.99431705474854, 230.47901582717896, 234.5268030166626, 236.0567991733551, 234.98214983940125, 232.51492285728455, 228.83365392684937, 231.61347484588623, 227.1500689983368, 227.44782900810242, 231.2380349636078, 242.06183099746704, 245.2459921836853, 230.72104811668396, 231.8699562549591, 232.1072120666504, 232.9659948348999, 233.70126080513, 227.1596109867096, 233.7321240901947, 234.10426497459412, 239.5199489593506, 231.63014101982117, 232.56504917144775, 235.20819973945618, 229.19202589988708, 223.47441411018372, 234.55875992774963, 228.5964982509613, 229.28886914253235, 232.42222499847412, 244.37599682807922, 230.07026481628418, 237.61301708221436, 232.37708711624146, 229.58097410202026, 228.48834419250488, 229.54794883728027, 226.20923113822937, 229.11407899856567, 227.1140661239624, 233.19059991836548, 234.43196392059326, 234.51812291145325, 229.92254495620728, 244.469722032547, 233.39230704307556, 231.37859296798706, 236.25725889205933, 234.84776520729065, 253.4372079372406, 248.42400598526, 256.3125250339508, 225.9049937725067, 230.26039600372314, 224.15782117843628, 230.68845200538635, 224.4524359703064, 230.9575650691986, 219.76552391052246, 222.24259614944458, 227.0725920200348, 228.80761098861694, 229.80552291870117, 229.12900519371033, 228.1350290775299, 228.80969405174255, 222.5388069152832]

-------------Round number: 103-------------

Evaluate global model
Averaged Train Loss: 0.5409
Averaged Test Accurancy: 0.8144
Averaged Test AUC: 0.9606
Std Test Accurancy: 0.1609
Std Test AUC: 0.0386
------------------------- Round is  103 ------------------------- time cost ------------------------- 231.3101613521576
------------------------- Budget is : [851.0159862041473, 747.597101688385, 749.3950757980347, 330.52095890045166, 233.53188562393188, 237.79051613807678, 234.48510479927063, 238.2229518890381, 242.60584592819214, 223.61668825149536, 230.21543717384338, 231.056086063385, 257.8421287536621, 240.15797209739685, 227.73291015625, 222.73093605041504, 240.34417605400085, 232.38708782196045, 229.2259509563446, 235.94315314292908, 234.66389799118042, 230.83648896217346, 230.45425987243652, 234.8525607585907, 236.79091906547546, 226.25344395637512, 230.4469268321991, 225.31712698936462, 231.52774286270142, 238.15003323554993, 235.30017280578613, 235.30817103385925, 226.8762969970703, 247.40836477279663, 236.56913208961487, 239.99431705474854, 230.47901582717896, 234.5268030166626, 236.0567991733551, 234.98214983940125, 232.51492285728455, 228.83365392684937, 231.61347484588623, 227.1500689983368, 227.44782900810242, 231.2380349636078, 242.06183099746704, 245.2459921836853, 230.72104811668396, 231.8699562549591, 232.1072120666504, 232.9659948348999, 233.70126080513, 227.1596109867096, 233.7321240901947, 234.10426497459412, 239.5199489593506, 231.63014101982117, 232.56504917144775, 235.20819973945618, 229.19202589988708, 223.47441411018372, 234.55875992774963, 228.5964982509613, 229.28886914253235, 232.42222499847412, 244.37599682807922, 230.07026481628418, 237.61301708221436, 232.37708711624146, 229.58097410202026, 228.48834419250488, 229.54794883728027, 226.20923113822937, 229.11407899856567, 227.1140661239624, 233.19059991836548, 234.43196392059326, 234.51812291145325, 229.92254495620728, 244.469722032547, 233.39230704307556, 231.37859296798706, 236.25725889205933, 234.84776520729065, 253.4372079372406, 248.42400598526, 256.3125250339508, 225.9049937725067, 230.26039600372314, 224.15782117843628, 230.68845200538635, 224.4524359703064, 230.9575650691986, 219.76552391052246, 222.24259614944458, 227.0725920200348, 228.80761098861694, 229.80552291870117, 229.12900519371033, 228.1350290775299, 228.80969405174255, 222.5388069152832, 231.3101613521576]

-------------Round number: 104-------------

Evaluate global model
Averaged Train Loss: 0.4955
Averaged Test Accurancy: 0.8322
Averaged Test AUC: 0.9685
Std Test Accurancy: 0.1238
Std Test AUC: 0.0245
------------------------- Round is  104 ------------------------- time cost ------------------------- 227.06496405601501
------------------------- Budget is : [851.0159862041473, 747.597101688385, 749.3950757980347, 330.52095890045166, 233.53188562393188, 237.79051613807678, 234.48510479927063, 238.2229518890381, 242.60584592819214, 223.61668825149536, 230.21543717384338, 231.056086063385, 257.8421287536621, 240.15797209739685, 227.73291015625, 222.73093605041504, 240.34417605400085, 232.38708782196045, 229.2259509563446, 235.94315314292908, 234.66389799118042, 230.83648896217346, 230.45425987243652, 234.8525607585907, 236.79091906547546, 226.25344395637512, 230.4469268321991, 225.31712698936462, 231.52774286270142, 238.15003323554993, 235.30017280578613, 235.30817103385925, 226.8762969970703, 247.40836477279663, 236.56913208961487, 239.99431705474854, 230.47901582717896, 234.5268030166626, 236.0567991733551, 234.98214983940125, 232.51492285728455, 228.83365392684937, 231.61347484588623, 227.1500689983368, 227.44782900810242, 231.2380349636078, 242.06183099746704, 245.2459921836853, 230.72104811668396, 231.8699562549591, 232.1072120666504, 232.9659948348999, 233.70126080513, 227.1596109867096, 233.7321240901947, 234.10426497459412, 239.5199489593506, 231.63014101982117, 232.56504917144775, 235.20819973945618, 229.19202589988708, 223.47441411018372, 234.55875992774963, 228.5964982509613, 229.28886914253235, 232.42222499847412, 244.37599682807922, 230.07026481628418, 237.61301708221436, 232.37708711624146, 229.58097410202026, 228.48834419250488, 229.54794883728027, 226.20923113822937, 229.11407899856567, 227.1140661239624, 233.19059991836548, 234.43196392059326, 234.51812291145325, 229.92254495620728, 244.469722032547, 233.39230704307556, 231.37859296798706, 236.25725889205933, 234.84776520729065, 253.4372079372406, 248.42400598526, 256.3125250339508, 225.9049937725067, 230.26039600372314, 224.15782117843628, 230.68845200538635, 224.4524359703064, 230.9575650691986, 219.76552391052246, 222.24259614944458, 227.0725920200348, 228.80761098861694, 229.80552291870117, 229.12900519371033, 228.1350290775299, 228.80969405174255, 222.5388069152832, 231.3101613521576, 227.06496405601501]

-------------Round number: 105-------------

Evaluate global model
Averaged Train Loss: 0.6142
Averaged Test Accurancy: 0.7947
Averaged Test AUC: 0.9584
Std Test Accurancy: 0.1677
Std Test AUC: 0.0379
------------------------- Round is  105 ------------------------- time cost ------------------------- 229.22482419013977
------------------------- Budget is : [851.0159862041473, 747.597101688385, 749.3950757980347, 330.52095890045166, 233.53188562393188, 237.79051613807678, 234.48510479927063, 238.2229518890381, 242.60584592819214, 223.61668825149536, 230.21543717384338, 231.056086063385, 257.8421287536621, 240.15797209739685, 227.73291015625, 222.73093605041504, 240.34417605400085, 232.38708782196045, 229.2259509563446, 235.94315314292908, 234.66389799118042, 230.83648896217346, 230.45425987243652, 234.8525607585907, 236.79091906547546, 226.25344395637512, 230.4469268321991, 225.31712698936462, 231.52774286270142, 238.15003323554993, 235.30017280578613, 235.30817103385925, 226.8762969970703, 247.40836477279663, 236.56913208961487, 239.99431705474854, 230.47901582717896, 234.5268030166626, 236.0567991733551, 234.98214983940125, 232.51492285728455, 228.83365392684937, 231.61347484588623, 227.1500689983368, 227.44782900810242, 231.2380349636078, 242.06183099746704, 245.2459921836853, 230.72104811668396, 231.8699562549591, 232.1072120666504, 232.9659948348999, 233.70126080513, 227.1596109867096, 233.7321240901947, 234.10426497459412, 239.5199489593506, 231.63014101982117, 232.56504917144775, 235.20819973945618, 229.19202589988708, 223.47441411018372, 234.55875992774963, 228.5964982509613, 229.28886914253235, 232.42222499847412, 244.37599682807922, 230.07026481628418, 237.61301708221436, 232.37708711624146, 229.58097410202026, 228.48834419250488, 229.54794883728027, 226.20923113822937, 229.11407899856567, 227.1140661239624, 233.19059991836548, 234.43196392059326, 234.51812291145325, 229.92254495620728, 244.469722032547, 233.39230704307556, 231.37859296798706, 236.25725889205933, 234.84776520729065, 253.4372079372406, 248.42400598526, 256.3125250339508, 225.9049937725067, 230.26039600372314, 224.15782117843628, 230.68845200538635, 224.4524359703064, 230.9575650691986, 219.76552391052246, 222.24259614944458, 227.0725920200348, 228.80761098861694, 229.80552291870117, 229.12900519371033, 228.1350290775299, 228.80969405174255, 222.5388069152832, 231.3101613521576, 227.06496405601501, 229.22482419013977]

-------------Round number: 106-------------

Evaluate global model
Averaged Train Loss: 0.6666
Averaged Test Accurancy: 0.7605
Averaged Test AUC: 0.9593
Std Test Accurancy: 0.2254
Std Test AUC: 0.0353
------------------------- Round is  106 ------------------------- time cost ------------------------- 225.74501395225525
------------------------- Budget is : [851.0159862041473, 747.597101688385, 749.3950757980347, 330.52095890045166, 233.53188562393188, 237.79051613807678, 234.48510479927063, 238.2229518890381, 242.60584592819214, 223.61668825149536, 230.21543717384338, 231.056086063385, 257.8421287536621, 240.15797209739685, 227.73291015625, 222.73093605041504, 240.34417605400085, 232.38708782196045, 229.2259509563446, 235.94315314292908, 234.66389799118042, 230.83648896217346, 230.45425987243652, 234.8525607585907, 236.79091906547546, 226.25344395637512, 230.4469268321991, 225.31712698936462, 231.52774286270142, 238.15003323554993, 235.30017280578613, 235.30817103385925, 226.8762969970703, 247.40836477279663, 236.56913208961487, 239.99431705474854, 230.47901582717896, 234.5268030166626, 236.0567991733551, 234.98214983940125, 232.51492285728455, 228.83365392684937, 231.61347484588623, 227.1500689983368, 227.44782900810242, 231.2380349636078, 242.06183099746704, 245.2459921836853, 230.72104811668396, 231.8699562549591, 232.1072120666504, 232.9659948348999, 233.70126080513, 227.1596109867096, 233.7321240901947, 234.10426497459412, 239.5199489593506, 231.63014101982117, 232.56504917144775, 235.20819973945618, 229.19202589988708, 223.47441411018372, 234.55875992774963, 228.5964982509613, 229.28886914253235, 232.42222499847412, 244.37599682807922, 230.07026481628418, 237.61301708221436, 232.37708711624146, 229.58097410202026, 228.48834419250488, 229.54794883728027, 226.20923113822937, 229.11407899856567, 227.1140661239624, 233.19059991836548, 234.43196392059326, 234.51812291145325, 229.92254495620728, 244.469722032547, 233.39230704307556, 231.37859296798706, 236.25725889205933, 234.84776520729065, 253.4372079372406, 248.42400598526, 256.3125250339508, 225.9049937725067, 230.26039600372314, 224.15782117843628, 230.68845200538635, 224.4524359703064, 230.9575650691986, 219.76552391052246, 222.24259614944458, 227.0725920200348, 228.80761098861694, 229.80552291870117, 229.12900519371033, 228.1350290775299, 228.80969405174255, 222.5388069152832, 231.3101613521576, 227.06496405601501, 229.22482419013977, 225.74501395225525]

-------------Round number: 107-------------

Evaluate global model
Averaged Train Loss: 0.5416
Averaged Test Accurancy: 0.8187
Averaged Test AUC: 0.9591
Std Test Accurancy: 0.1873
Std Test AUC: 0.0532
------------------------- Round is  107 ------------------------- time cost ------------------------- 226.456552028656
------------------------- Budget is : [851.0159862041473, 747.597101688385, 749.3950757980347, 330.52095890045166, 233.53188562393188, 237.79051613807678, 234.48510479927063, 238.2229518890381, 242.60584592819214, 223.61668825149536, 230.21543717384338, 231.056086063385, 257.8421287536621, 240.15797209739685, 227.73291015625, 222.73093605041504, 240.34417605400085, 232.38708782196045, 229.2259509563446, 235.94315314292908, 234.66389799118042, 230.83648896217346, 230.45425987243652, 234.8525607585907, 236.79091906547546, 226.25344395637512, 230.4469268321991, 225.31712698936462, 231.52774286270142, 238.15003323554993, 235.30017280578613, 235.30817103385925, 226.8762969970703, 247.40836477279663, 236.56913208961487, 239.99431705474854, 230.47901582717896, 234.5268030166626, 236.0567991733551, 234.98214983940125, 232.51492285728455, 228.83365392684937, 231.61347484588623, 227.1500689983368, 227.44782900810242, 231.2380349636078, 242.06183099746704, 245.2459921836853, 230.72104811668396, 231.8699562549591, 232.1072120666504, 232.9659948348999, 233.70126080513, 227.1596109867096, 233.7321240901947, 234.10426497459412, 239.5199489593506, 231.63014101982117, 232.56504917144775, 235.20819973945618, 229.19202589988708, 223.47441411018372, 234.55875992774963, 228.5964982509613, 229.28886914253235, 232.42222499847412, 244.37599682807922, 230.07026481628418, 237.61301708221436, 232.37708711624146, 229.58097410202026, 228.48834419250488, 229.54794883728027, 226.20923113822937, 229.11407899856567, 227.1140661239624, 233.19059991836548, 234.43196392059326, 234.51812291145325, 229.92254495620728, 244.469722032547, 233.39230704307556, 231.37859296798706, 236.25725889205933, 234.84776520729065, 253.4372079372406, 248.42400598526, 256.3125250339508, 225.9049937725067, 230.26039600372314, 224.15782117843628, 230.68845200538635, 224.4524359703064, 230.9575650691986, 219.76552391052246, 222.24259614944458, 227.0725920200348, 228.80761098861694, 229.80552291870117, 229.12900519371033, 228.1350290775299, 228.80969405174255, 222.5388069152832, 231.3101613521576, 227.06496405601501, 229.22482419013977, 225.74501395225525, 226.456552028656]

-------------Round number: 108-------------

Evaluate global model
Averaged Train Loss: 0.6013
Averaged Test Accurancy: 0.8118
Averaged Test AUC: 0.9560
Std Test Accurancy: 0.1979
Std Test AUC: 0.0584
------------------------- Round is  108 ------------------------- time cost ------------------------- 244.20262694358826
------------------------- Budget is : [851.0159862041473, 747.597101688385, 749.3950757980347, 330.52095890045166, 233.53188562393188, 237.79051613807678, 234.48510479927063, 238.2229518890381, 242.60584592819214, 223.61668825149536, 230.21543717384338, 231.056086063385, 257.8421287536621, 240.15797209739685, 227.73291015625, 222.73093605041504, 240.34417605400085, 232.38708782196045, 229.2259509563446, 235.94315314292908, 234.66389799118042, 230.83648896217346, 230.45425987243652, 234.8525607585907, 236.79091906547546, 226.25344395637512, 230.4469268321991, 225.31712698936462, 231.52774286270142, 238.15003323554993, 235.30017280578613, 235.30817103385925, 226.8762969970703, 247.40836477279663, 236.56913208961487, 239.99431705474854, 230.47901582717896, 234.5268030166626, 236.0567991733551, 234.98214983940125, 232.51492285728455, 228.83365392684937, 231.61347484588623, 227.1500689983368, 227.44782900810242, 231.2380349636078, 242.06183099746704, 245.2459921836853, 230.72104811668396, 231.8699562549591, 232.1072120666504, 232.9659948348999, 233.70126080513, 227.1596109867096, 233.7321240901947, 234.10426497459412, 239.5199489593506, 231.63014101982117, 232.56504917144775, 235.20819973945618, 229.19202589988708, 223.47441411018372, 234.55875992774963, 228.5964982509613, 229.28886914253235, 232.42222499847412, 244.37599682807922, 230.07026481628418, 237.61301708221436, 232.37708711624146, 229.58097410202026, 228.48834419250488, 229.54794883728027, 226.20923113822937, 229.11407899856567, 227.1140661239624, 233.19059991836548, 234.43196392059326, 234.51812291145325, 229.92254495620728, 244.469722032547, 233.39230704307556, 231.37859296798706, 236.25725889205933, 234.84776520729065, 253.4372079372406, 248.42400598526, 256.3125250339508, 225.9049937725067, 230.26039600372314, 224.15782117843628, 230.68845200538635, 224.4524359703064, 230.9575650691986, 219.76552391052246, 222.24259614944458, 227.0725920200348, 228.80761098861694, 229.80552291870117, 229.12900519371033, 228.1350290775299, 228.80969405174255, 222.5388069152832, 231.3101613521576, 227.06496405601501, 229.22482419013977, 225.74501395225525, 226.456552028656, 244.20262694358826]

-------------Round number: 109-------------

Evaluate global model
Averaged Train Loss: 0.4373
Averaged Test Accurancy: 0.8484
Averaged Test AUC: 0.9700
Std Test Accurancy: 0.1233
Std Test AUC: 0.0236
------------------------- Round is  109 ------------------------- time cost ------------------------- 225.7142059803009
------------------------- Budget is : [851.0159862041473, 747.597101688385, 749.3950757980347, 330.52095890045166, 233.53188562393188, 237.79051613807678, 234.48510479927063, 238.2229518890381, 242.60584592819214, 223.61668825149536, 230.21543717384338, 231.056086063385, 257.8421287536621, 240.15797209739685, 227.73291015625, 222.73093605041504, 240.34417605400085, 232.38708782196045, 229.2259509563446, 235.94315314292908, 234.66389799118042, 230.83648896217346, 230.45425987243652, 234.8525607585907, 236.79091906547546, 226.25344395637512, 230.4469268321991, 225.31712698936462, 231.52774286270142, 238.15003323554993, 235.30017280578613, 235.30817103385925, 226.8762969970703, 247.40836477279663, 236.56913208961487, 239.99431705474854, 230.47901582717896, 234.5268030166626, 236.0567991733551, 234.98214983940125, 232.51492285728455, 228.83365392684937, 231.61347484588623, 227.1500689983368, 227.44782900810242, 231.2380349636078, 242.06183099746704, 245.2459921836853, 230.72104811668396, 231.8699562549591, 232.1072120666504, 232.9659948348999, 233.70126080513, 227.1596109867096, 233.7321240901947, 234.10426497459412, 239.5199489593506, 231.63014101982117, 232.56504917144775, 235.20819973945618, 229.19202589988708, 223.47441411018372, 234.55875992774963, 228.5964982509613, 229.28886914253235, 232.42222499847412, 244.37599682807922, 230.07026481628418, 237.61301708221436, 232.37708711624146, 229.58097410202026, 228.48834419250488, 229.54794883728027, 226.20923113822937, 229.11407899856567, 227.1140661239624, 233.19059991836548, 234.43196392059326, 234.51812291145325, 229.92254495620728, 244.469722032547, 233.39230704307556, 231.37859296798706, 236.25725889205933, 234.84776520729065, 253.4372079372406, 248.42400598526, 256.3125250339508, 225.9049937725067, 230.26039600372314, 224.15782117843628, 230.68845200538635, 224.4524359703064, 230.9575650691986, 219.76552391052246, 222.24259614944458, 227.0725920200348, 228.80761098861694, 229.80552291870117, 229.12900519371033, 228.1350290775299, 228.80969405174255, 222.5388069152832, 231.3101613521576, 227.06496405601501, 229.22482419013977, 225.74501395225525, 226.456552028656, 244.20262694358826, 225.7142059803009]

-------------Round number: 110-------------

Evaluate global model
Averaged Train Loss: 0.6933
Averaged Test Accurancy: 0.7870
Averaged Test AUC: 0.9553
Std Test Accurancy: 0.2053
Std Test AUC: 0.0448
------------------------- Round is  110 ------------------------- time cost ------------------------- 229.98651480674744
------------------------- Budget is : [851.0159862041473, 747.597101688385, 749.3950757980347, 330.52095890045166, 233.53188562393188, 237.79051613807678, 234.48510479927063, 238.2229518890381, 242.60584592819214, 223.61668825149536, 230.21543717384338, 231.056086063385, 257.8421287536621, 240.15797209739685, 227.73291015625, 222.73093605041504, 240.34417605400085, 232.38708782196045, 229.2259509563446, 235.94315314292908, 234.66389799118042, 230.83648896217346, 230.45425987243652, 234.8525607585907, 236.79091906547546, 226.25344395637512, 230.4469268321991, 225.31712698936462, 231.52774286270142, 238.15003323554993, 235.30017280578613, 235.30817103385925, 226.8762969970703, 247.40836477279663, 236.56913208961487, 239.99431705474854, 230.47901582717896, 234.5268030166626, 236.0567991733551, 234.98214983940125, 232.51492285728455, 228.83365392684937, 231.61347484588623, 227.1500689983368, 227.44782900810242, 231.2380349636078, 242.06183099746704, 245.2459921836853, 230.72104811668396, 231.8699562549591, 232.1072120666504, 232.9659948348999, 233.70126080513, 227.1596109867096, 233.7321240901947, 234.10426497459412, 239.5199489593506, 231.63014101982117, 232.56504917144775, 235.20819973945618, 229.19202589988708, 223.47441411018372, 234.55875992774963, 228.5964982509613, 229.28886914253235, 232.42222499847412, 244.37599682807922, 230.07026481628418, 237.61301708221436, 232.37708711624146, 229.58097410202026, 228.48834419250488, 229.54794883728027, 226.20923113822937, 229.11407899856567, 227.1140661239624, 233.19059991836548, 234.43196392059326, 234.51812291145325, 229.92254495620728, 244.469722032547, 233.39230704307556, 231.37859296798706, 236.25725889205933, 234.84776520729065, 253.4372079372406, 248.42400598526, 256.3125250339508, 225.9049937725067, 230.26039600372314, 224.15782117843628, 230.68845200538635, 224.4524359703064, 230.9575650691986, 219.76552391052246, 222.24259614944458, 227.0725920200348, 228.80761098861694, 229.80552291870117, 229.12900519371033, 228.1350290775299, 228.80969405174255, 222.5388069152832, 231.3101613521576, 227.06496405601501, 229.22482419013977, 225.74501395225525, 226.456552028656, 244.20262694358826, 225.7142059803009, 229.98651480674744]

-------------Round number: 111-------------

Evaluate global model
Averaged Train Loss: 0.5024
Averaged Test Accurancy: 0.8166
Averaged Test AUC: 0.9692
Std Test Accurancy: 0.1740
Std Test AUC: 0.0260
------------------------- Round is  111 ------------------------- time cost ------------------------- 230.12312865257263
------------------------- Budget is : [851.0159862041473, 747.597101688385, 749.3950757980347, 330.52095890045166, 233.53188562393188, 237.79051613807678, 234.48510479927063, 238.2229518890381, 242.60584592819214, 223.61668825149536, 230.21543717384338, 231.056086063385, 257.8421287536621, 240.15797209739685, 227.73291015625, 222.73093605041504, 240.34417605400085, 232.38708782196045, 229.2259509563446, 235.94315314292908, 234.66389799118042, 230.83648896217346, 230.45425987243652, 234.8525607585907, 236.79091906547546, 226.25344395637512, 230.4469268321991, 225.31712698936462, 231.52774286270142, 238.15003323554993, 235.30017280578613, 235.30817103385925, 226.8762969970703, 247.40836477279663, 236.56913208961487, 239.99431705474854, 230.47901582717896, 234.5268030166626, 236.0567991733551, 234.98214983940125, 232.51492285728455, 228.83365392684937, 231.61347484588623, 227.1500689983368, 227.44782900810242, 231.2380349636078, 242.06183099746704, 245.2459921836853, 230.72104811668396, 231.8699562549591, 232.1072120666504, 232.9659948348999, 233.70126080513, 227.1596109867096, 233.7321240901947, 234.10426497459412, 239.5199489593506, 231.63014101982117, 232.56504917144775, 235.20819973945618, 229.19202589988708, 223.47441411018372, 234.55875992774963, 228.5964982509613, 229.28886914253235, 232.42222499847412, 244.37599682807922, 230.07026481628418, 237.61301708221436, 232.37708711624146, 229.58097410202026, 228.48834419250488, 229.54794883728027, 226.20923113822937, 229.11407899856567, 227.1140661239624, 233.19059991836548, 234.43196392059326, 234.51812291145325, 229.92254495620728, 244.469722032547, 233.39230704307556, 231.37859296798706, 236.25725889205933, 234.84776520729065, 253.4372079372406, 248.42400598526, 256.3125250339508, 225.9049937725067, 230.26039600372314, 224.15782117843628, 230.68845200538635, 224.4524359703064, 230.9575650691986, 219.76552391052246, 222.24259614944458, 227.0725920200348, 228.80761098861694, 229.80552291870117, 229.12900519371033, 228.1350290775299, 228.80969405174255, 222.5388069152832, 231.3101613521576, 227.06496405601501, 229.22482419013977, 225.74501395225525, 226.456552028656, 244.20262694358826, 225.7142059803009, 229.98651480674744, 230.12312865257263]

-------------Round number: 112-------------

Evaluate global model
Averaged Train Loss: 0.7330
Averaged Test Accurancy: 0.7588
Averaged Test AUC: 0.9486
Std Test Accurancy: 0.2427
Std Test AUC: 0.0602
------------------------- Round is  112 ------------------------- time cost ------------------------- 224.7356140613556
------------------------- Budget is : [851.0159862041473, 747.597101688385, 749.3950757980347, 330.52095890045166, 233.53188562393188, 237.79051613807678, 234.48510479927063, 238.2229518890381, 242.60584592819214, 223.61668825149536, 230.21543717384338, 231.056086063385, 257.8421287536621, 240.15797209739685, 227.73291015625, 222.73093605041504, 240.34417605400085, 232.38708782196045, 229.2259509563446, 235.94315314292908, 234.66389799118042, 230.83648896217346, 230.45425987243652, 234.8525607585907, 236.79091906547546, 226.25344395637512, 230.4469268321991, 225.31712698936462, 231.52774286270142, 238.15003323554993, 235.30017280578613, 235.30817103385925, 226.8762969970703, 247.40836477279663, 236.56913208961487, 239.99431705474854, 230.47901582717896, 234.5268030166626, 236.0567991733551, 234.98214983940125, 232.51492285728455, 228.83365392684937, 231.61347484588623, 227.1500689983368, 227.44782900810242, 231.2380349636078, 242.06183099746704, 245.2459921836853, 230.72104811668396, 231.8699562549591, 232.1072120666504, 232.9659948348999, 233.70126080513, 227.1596109867096, 233.7321240901947, 234.10426497459412, 239.5199489593506, 231.63014101982117, 232.56504917144775, 235.20819973945618, 229.19202589988708, 223.47441411018372, 234.55875992774963, 228.5964982509613, 229.28886914253235, 232.42222499847412, 244.37599682807922, 230.07026481628418, 237.61301708221436, 232.37708711624146, 229.58097410202026, 228.48834419250488, 229.54794883728027, 226.20923113822937, 229.11407899856567, 227.1140661239624, 233.19059991836548, 234.43196392059326, 234.51812291145325, 229.92254495620728, 244.469722032547, 233.39230704307556, 231.37859296798706, 236.25725889205933, 234.84776520729065, 253.4372079372406, 248.42400598526, 256.3125250339508, 225.9049937725067, 230.26039600372314, 224.15782117843628, 230.68845200538635, 224.4524359703064, 230.9575650691986, 219.76552391052246, 222.24259614944458, 227.0725920200348, 228.80761098861694, 229.80552291870117, 229.12900519371033, 228.1350290775299, 228.80969405174255, 222.5388069152832, 231.3101613521576, 227.06496405601501, 229.22482419013977, 225.74501395225525, 226.456552028656, 244.20262694358826, 225.7142059803009, 229.98651480674744, 230.12312865257263, 224.7356140613556]

-------------Round number: 113-------------

Evaluate global model
Averaged Train Loss: 0.6764
Averaged Test Accurancy: 0.7891
Averaged Test AUC: 0.9535
Std Test Accurancy: 0.1951
Std Test AUC: 0.0549
------------------------- Round is  113 ------------------------- time cost ------------------------- 225.44578003883362
------------------------- Budget is : [851.0159862041473, 747.597101688385, 749.3950757980347, 330.52095890045166, 233.53188562393188, 237.79051613807678, 234.48510479927063, 238.2229518890381, 242.60584592819214, 223.61668825149536, 230.21543717384338, 231.056086063385, 257.8421287536621, 240.15797209739685, 227.73291015625, 222.73093605041504, 240.34417605400085, 232.38708782196045, 229.2259509563446, 235.94315314292908, 234.66389799118042, 230.83648896217346, 230.45425987243652, 234.8525607585907, 236.79091906547546, 226.25344395637512, 230.4469268321991, 225.31712698936462, 231.52774286270142, 238.15003323554993, 235.30017280578613, 235.30817103385925, 226.8762969970703, 247.40836477279663, 236.56913208961487, 239.99431705474854, 230.47901582717896, 234.5268030166626, 236.0567991733551, 234.98214983940125, 232.51492285728455, 228.83365392684937, 231.61347484588623, 227.1500689983368, 227.44782900810242, 231.2380349636078, 242.06183099746704, 245.2459921836853, 230.72104811668396, 231.8699562549591, 232.1072120666504, 232.9659948348999, 233.70126080513, 227.1596109867096, 233.7321240901947, 234.10426497459412, 239.5199489593506, 231.63014101982117, 232.56504917144775, 235.20819973945618, 229.19202589988708, 223.47441411018372, 234.55875992774963, 228.5964982509613, 229.28886914253235, 232.42222499847412, 244.37599682807922, 230.07026481628418, 237.61301708221436, 232.37708711624146, 229.58097410202026, 228.48834419250488, 229.54794883728027, 226.20923113822937, 229.11407899856567, 227.1140661239624, 233.19059991836548, 234.43196392059326, 234.51812291145325, 229.92254495620728, 244.469722032547, 233.39230704307556, 231.37859296798706, 236.25725889205933, 234.84776520729065, 253.4372079372406, 248.42400598526, 256.3125250339508, 225.9049937725067, 230.26039600372314, 224.15782117843628, 230.68845200538635, 224.4524359703064, 230.9575650691986, 219.76552391052246, 222.24259614944458, 227.0725920200348, 228.80761098861694, 229.80552291870117, 229.12900519371033, 228.1350290775299, 228.80969405174255, 222.5388069152832, 231.3101613521576, 227.06496405601501, 229.22482419013977, 225.74501395225525, 226.456552028656, 244.20262694358826, 225.7142059803009, 229.98651480674744, 230.12312865257263, 224.7356140613556, 225.44578003883362]

-------------Round number: 114-------------

Evaluate global model
Averaged Train Loss: 0.5850
Averaged Test Accurancy: 0.8082
Averaged Test AUC: 0.9556
Std Test Accurancy: 0.1748
Std Test AUC: 0.0514
------------------------- Round is  114 ------------------------- time cost ------------------------- 228.26749992370605
------------------------- Budget is : [851.0159862041473, 747.597101688385, 749.3950757980347, 330.52095890045166, 233.53188562393188, 237.79051613807678, 234.48510479927063, 238.2229518890381, 242.60584592819214, 223.61668825149536, 230.21543717384338, 231.056086063385, 257.8421287536621, 240.15797209739685, 227.73291015625, 222.73093605041504, 240.34417605400085, 232.38708782196045, 229.2259509563446, 235.94315314292908, 234.66389799118042, 230.83648896217346, 230.45425987243652, 234.8525607585907, 236.79091906547546, 226.25344395637512, 230.4469268321991, 225.31712698936462, 231.52774286270142, 238.15003323554993, 235.30017280578613, 235.30817103385925, 226.8762969970703, 247.40836477279663, 236.56913208961487, 239.99431705474854, 230.47901582717896, 234.5268030166626, 236.0567991733551, 234.98214983940125, 232.51492285728455, 228.83365392684937, 231.61347484588623, 227.1500689983368, 227.44782900810242, 231.2380349636078, 242.06183099746704, 245.2459921836853, 230.72104811668396, 231.8699562549591, 232.1072120666504, 232.9659948348999, 233.70126080513, 227.1596109867096, 233.7321240901947, 234.10426497459412, 239.5199489593506, 231.63014101982117, 232.56504917144775, 235.20819973945618, 229.19202589988708, 223.47441411018372, 234.55875992774963, 228.5964982509613, 229.28886914253235, 232.42222499847412, 244.37599682807922, 230.07026481628418, 237.61301708221436, 232.37708711624146, 229.58097410202026, 228.48834419250488, 229.54794883728027, 226.20923113822937, 229.11407899856567, 227.1140661239624, 233.19059991836548, 234.43196392059326, 234.51812291145325, 229.92254495620728, 244.469722032547, 233.39230704307556, 231.37859296798706, 236.25725889205933, 234.84776520729065, 253.4372079372406, 248.42400598526, 256.3125250339508, 225.9049937725067, 230.26039600372314, 224.15782117843628, 230.68845200538635, 224.4524359703064, 230.9575650691986, 219.76552391052246, 222.24259614944458, 227.0725920200348, 228.80761098861694, 229.80552291870117, 229.12900519371033, 228.1350290775299, 228.80969405174255, 222.5388069152832, 231.3101613521576, 227.06496405601501, 229.22482419013977, 225.74501395225525, 226.456552028656, 244.20262694358826, 225.7142059803009, 229.98651480674744, 230.12312865257263, 224.7356140613556, 225.44578003883362, 228.26749992370605]

-------------Round number: 115-------------

Evaluate global model
Averaged Train Loss: 0.4953
Averaged Test Accurancy: 0.8246
Averaged Test AUC: 0.9674
Std Test Accurancy: 0.1337
Std Test AUC: 0.0240
------------------------- Round is  115 ------------------------- time cost ------------------------- 224.91592502593994
------------------------- Budget is : [851.0159862041473, 747.597101688385, 749.3950757980347, 330.52095890045166, 233.53188562393188, 237.79051613807678, 234.48510479927063, 238.2229518890381, 242.60584592819214, 223.61668825149536, 230.21543717384338, 231.056086063385, 257.8421287536621, 240.15797209739685, 227.73291015625, 222.73093605041504, 240.34417605400085, 232.38708782196045, 229.2259509563446, 235.94315314292908, 234.66389799118042, 230.83648896217346, 230.45425987243652, 234.8525607585907, 236.79091906547546, 226.25344395637512, 230.4469268321991, 225.31712698936462, 231.52774286270142, 238.15003323554993, 235.30017280578613, 235.30817103385925, 226.8762969970703, 247.40836477279663, 236.56913208961487, 239.99431705474854, 230.47901582717896, 234.5268030166626, 236.0567991733551, 234.98214983940125, 232.51492285728455, 228.83365392684937, 231.61347484588623, 227.1500689983368, 227.44782900810242, 231.2380349636078, 242.06183099746704, 245.2459921836853, 230.72104811668396, 231.8699562549591, 232.1072120666504, 232.9659948348999, 233.70126080513, 227.1596109867096, 233.7321240901947, 234.10426497459412, 239.5199489593506, 231.63014101982117, 232.56504917144775, 235.20819973945618, 229.19202589988708, 223.47441411018372, 234.55875992774963, 228.5964982509613, 229.28886914253235, 232.42222499847412, 244.37599682807922, 230.07026481628418, 237.61301708221436, 232.37708711624146, 229.58097410202026, 228.48834419250488, 229.54794883728027, 226.20923113822937, 229.11407899856567, 227.1140661239624, 233.19059991836548, 234.43196392059326, 234.51812291145325, 229.92254495620728, 244.469722032547, 233.39230704307556, 231.37859296798706, 236.25725889205933, 234.84776520729065, 253.4372079372406, 248.42400598526, 256.3125250339508, 225.9049937725067, 230.26039600372314, 224.15782117843628, 230.68845200538635, 224.4524359703064, 230.9575650691986, 219.76552391052246, 222.24259614944458, 227.0725920200348, 228.80761098861694, 229.80552291870117, 229.12900519371033, 228.1350290775299, 228.80969405174255, 222.5388069152832, 231.3101613521576, 227.06496405601501, 229.22482419013977, 225.74501395225525, 226.456552028656, 244.20262694358826, 225.7142059803009, 229.98651480674744, 230.12312865257263, 224.7356140613556, 225.44578003883362, 228.26749992370605, 224.91592502593994]

-------------Round number: 116-------------

Evaluate global model
Averaged Train Loss: 0.7980
Averaged Test Accurancy: 0.7572
Averaged Test AUC: 0.9543
Std Test Accurancy: 0.1778
Std Test AUC: 0.0372
------------------------- Round is  116 ------------------------- time cost ------------------------- 225.67937564849854
------------------------- Budget is : [851.0159862041473, 747.597101688385, 749.3950757980347, 330.52095890045166, 233.53188562393188, 237.79051613807678, 234.48510479927063, 238.2229518890381, 242.60584592819214, 223.61668825149536, 230.21543717384338, 231.056086063385, 257.8421287536621, 240.15797209739685, 227.73291015625, 222.73093605041504, 240.34417605400085, 232.38708782196045, 229.2259509563446, 235.94315314292908, 234.66389799118042, 230.83648896217346, 230.45425987243652, 234.8525607585907, 236.79091906547546, 226.25344395637512, 230.4469268321991, 225.31712698936462, 231.52774286270142, 238.15003323554993, 235.30017280578613, 235.30817103385925, 226.8762969970703, 247.40836477279663, 236.56913208961487, 239.99431705474854, 230.47901582717896, 234.5268030166626, 236.0567991733551, 234.98214983940125, 232.51492285728455, 228.83365392684937, 231.61347484588623, 227.1500689983368, 227.44782900810242, 231.2380349636078, 242.06183099746704, 245.2459921836853, 230.72104811668396, 231.8699562549591, 232.1072120666504, 232.9659948348999, 233.70126080513, 227.1596109867096, 233.7321240901947, 234.10426497459412, 239.5199489593506, 231.63014101982117, 232.56504917144775, 235.20819973945618, 229.19202589988708, 223.47441411018372, 234.55875992774963, 228.5964982509613, 229.28886914253235, 232.42222499847412, 244.37599682807922, 230.07026481628418, 237.61301708221436, 232.37708711624146, 229.58097410202026, 228.48834419250488, 229.54794883728027, 226.20923113822937, 229.11407899856567, 227.1140661239624, 233.19059991836548, 234.43196392059326, 234.51812291145325, 229.92254495620728, 244.469722032547, 233.39230704307556, 231.37859296798706, 236.25725889205933, 234.84776520729065, 253.4372079372406, 248.42400598526, 256.3125250339508, 225.9049937725067, 230.26039600372314, 224.15782117843628, 230.68845200538635, 224.4524359703064, 230.9575650691986, 219.76552391052246, 222.24259614944458, 227.0725920200348, 228.80761098861694, 229.80552291870117, 229.12900519371033, 228.1350290775299, 228.80969405174255, 222.5388069152832, 231.3101613521576, 227.06496405601501, 229.22482419013977, 225.74501395225525, 226.456552028656, 244.20262694358826, 225.7142059803009, 229.98651480674744, 230.12312865257263, 224.7356140613556, 225.44578003883362, 228.26749992370605, 224.91592502593994, 225.67937564849854]

-------------Round number: 117-------------

Evaluate global model
Averaged Train Loss: 0.5577
Averaged Test Accurancy: 0.8155
Averaged Test AUC: 0.9618
Std Test Accurancy: 0.1397
Std Test AUC: 0.0339
------------------------- Round is  117 ------------------------- time cost ------------------------- 235.16631293296814
------------------------- Budget is : [851.0159862041473, 747.597101688385, 749.3950757980347, 330.52095890045166, 233.53188562393188, 237.79051613807678, 234.48510479927063, 238.2229518890381, 242.60584592819214, 223.61668825149536, 230.21543717384338, 231.056086063385, 257.8421287536621, 240.15797209739685, 227.73291015625, 222.73093605041504, 240.34417605400085, 232.38708782196045, 229.2259509563446, 235.94315314292908, 234.66389799118042, 230.83648896217346, 230.45425987243652, 234.8525607585907, 236.79091906547546, 226.25344395637512, 230.4469268321991, 225.31712698936462, 231.52774286270142, 238.15003323554993, 235.30017280578613, 235.30817103385925, 226.8762969970703, 247.40836477279663, 236.56913208961487, 239.99431705474854, 230.47901582717896, 234.5268030166626, 236.0567991733551, 234.98214983940125, 232.51492285728455, 228.83365392684937, 231.61347484588623, 227.1500689983368, 227.44782900810242, 231.2380349636078, 242.06183099746704, 245.2459921836853, 230.72104811668396, 231.8699562549591, 232.1072120666504, 232.9659948348999, 233.70126080513, 227.1596109867096, 233.7321240901947, 234.10426497459412, 239.5199489593506, 231.63014101982117, 232.56504917144775, 235.20819973945618, 229.19202589988708, 223.47441411018372, 234.55875992774963, 228.5964982509613, 229.28886914253235, 232.42222499847412, 244.37599682807922, 230.07026481628418, 237.61301708221436, 232.37708711624146, 229.58097410202026, 228.48834419250488, 229.54794883728027, 226.20923113822937, 229.11407899856567, 227.1140661239624, 233.19059991836548, 234.43196392059326, 234.51812291145325, 229.92254495620728, 244.469722032547, 233.39230704307556, 231.37859296798706, 236.25725889205933, 234.84776520729065, 253.4372079372406, 248.42400598526, 256.3125250339508, 225.9049937725067, 230.26039600372314, 224.15782117843628, 230.68845200538635, 224.4524359703064, 230.9575650691986, 219.76552391052246, 222.24259614944458, 227.0725920200348, 228.80761098861694, 229.80552291870117, 229.12900519371033, 228.1350290775299, 228.80969405174255, 222.5388069152832, 231.3101613521576, 227.06496405601501, 229.22482419013977, 225.74501395225525, 226.456552028656, 244.20262694358826, 225.7142059803009, 229.98651480674744, 230.12312865257263, 224.7356140613556, 225.44578003883362, 228.26749992370605, 224.91592502593994, 225.67937564849854, 235.16631293296814]

-------------Round number: 118-------------

Evaluate global model
Averaged Train Loss: 0.7473
Averaged Test Accurancy: 0.7645
Averaged Test AUC: 0.9517
Std Test Accurancy: 0.1871
Std Test AUC: 0.0443
------------------------- Round is  118 ------------------------- time cost ------------------------- 229.88793277740479
------------------------- Budget is : [851.0159862041473, 747.597101688385, 749.3950757980347, 330.52095890045166, 233.53188562393188, 237.79051613807678, 234.48510479927063, 238.2229518890381, 242.60584592819214, 223.61668825149536, 230.21543717384338, 231.056086063385, 257.8421287536621, 240.15797209739685, 227.73291015625, 222.73093605041504, 240.34417605400085, 232.38708782196045, 229.2259509563446, 235.94315314292908, 234.66389799118042, 230.83648896217346, 230.45425987243652, 234.8525607585907, 236.79091906547546, 226.25344395637512, 230.4469268321991, 225.31712698936462, 231.52774286270142, 238.15003323554993, 235.30017280578613, 235.30817103385925, 226.8762969970703, 247.40836477279663, 236.56913208961487, 239.99431705474854, 230.47901582717896, 234.5268030166626, 236.0567991733551, 234.98214983940125, 232.51492285728455, 228.83365392684937, 231.61347484588623, 227.1500689983368, 227.44782900810242, 231.2380349636078, 242.06183099746704, 245.2459921836853, 230.72104811668396, 231.8699562549591, 232.1072120666504, 232.9659948348999, 233.70126080513, 227.1596109867096, 233.7321240901947, 234.10426497459412, 239.5199489593506, 231.63014101982117, 232.56504917144775, 235.20819973945618, 229.19202589988708, 223.47441411018372, 234.55875992774963, 228.5964982509613, 229.28886914253235, 232.42222499847412, 244.37599682807922, 230.07026481628418, 237.61301708221436, 232.37708711624146, 229.58097410202026, 228.48834419250488, 229.54794883728027, 226.20923113822937, 229.11407899856567, 227.1140661239624, 233.19059991836548, 234.43196392059326, 234.51812291145325, 229.92254495620728, 244.469722032547, 233.39230704307556, 231.37859296798706, 236.25725889205933, 234.84776520729065, 253.4372079372406, 248.42400598526, 256.3125250339508, 225.9049937725067, 230.26039600372314, 224.15782117843628, 230.68845200538635, 224.4524359703064, 230.9575650691986, 219.76552391052246, 222.24259614944458, 227.0725920200348, 228.80761098861694, 229.80552291870117, 229.12900519371033, 228.1350290775299, 228.80969405174255, 222.5388069152832, 231.3101613521576, 227.06496405601501, 229.22482419013977, 225.74501395225525, 226.456552028656, 244.20262694358826, 225.7142059803009, 229.98651480674744, 230.12312865257263, 224.7356140613556, 225.44578003883362, 228.26749992370605, 224.91592502593994, 225.67937564849854, 235.16631293296814, 229.88793277740479]

-------------Round number: 119-------------

Evaluate global model
Averaged Train Loss: 0.6854
Averaged Test Accurancy: 0.7816
Averaged Test AUC: 0.9509
Std Test Accurancy: 0.2074
Std Test AUC: 0.0567
------------------------- Round is  119 ------------------------- time cost ------------------------- 230.3023087978363
------------------------- Budget is : [851.0159862041473, 747.597101688385, 749.3950757980347, 330.52095890045166, 233.53188562393188, 237.79051613807678, 234.48510479927063, 238.2229518890381, 242.60584592819214, 223.61668825149536, 230.21543717384338, 231.056086063385, 257.8421287536621, 240.15797209739685, 227.73291015625, 222.73093605041504, 240.34417605400085, 232.38708782196045, 229.2259509563446, 235.94315314292908, 234.66389799118042, 230.83648896217346, 230.45425987243652, 234.8525607585907, 236.79091906547546, 226.25344395637512, 230.4469268321991, 225.31712698936462, 231.52774286270142, 238.15003323554993, 235.30017280578613, 235.30817103385925, 226.8762969970703, 247.40836477279663, 236.56913208961487, 239.99431705474854, 230.47901582717896, 234.5268030166626, 236.0567991733551, 234.98214983940125, 232.51492285728455, 228.83365392684937, 231.61347484588623, 227.1500689983368, 227.44782900810242, 231.2380349636078, 242.06183099746704, 245.2459921836853, 230.72104811668396, 231.8699562549591, 232.1072120666504, 232.9659948348999, 233.70126080513, 227.1596109867096, 233.7321240901947, 234.10426497459412, 239.5199489593506, 231.63014101982117, 232.56504917144775, 235.20819973945618, 229.19202589988708, 223.47441411018372, 234.55875992774963, 228.5964982509613, 229.28886914253235, 232.42222499847412, 244.37599682807922, 230.07026481628418, 237.61301708221436, 232.37708711624146, 229.58097410202026, 228.48834419250488, 229.54794883728027, 226.20923113822937, 229.11407899856567, 227.1140661239624, 233.19059991836548, 234.43196392059326, 234.51812291145325, 229.92254495620728, 244.469722032547, 233.39230704307556, 231.37859296798706, 236.25725889205933, 234.84776520729065, 253.4372079372406, 248.42400598526, 256.3125250339508, 225.9049937725067, 230.26039600372314, 224.15782117843628, 230.68845200538635, 224.4524359703064, 230.9575650691986, 219.76552391052246, 222.24259614944458, 227.0725920200348, 228.80761098861694, 229.80552291870117, 229.12900519371033, 228.1350290775299, 228.80969405174255, 222.5388069152832, 231.3101613521576, 227.06496405601501, 229.22482419013977, 225.74501395225525, 226.456552028656, 244.20262694358826, 225.7142059803009, 229.98651480674744, 230.12312865257263, 224.7356140613556, 225.44578003883362, 228.26749992370605, 224.91592502593994, 225.67937564849854, 235.16631293296814, 229.88793277740479, 230.3023087978363]

-------------Round number: 120-------------

Evaluate global model
Averaged Train Loss: 0.5787
Averaged Test Accurancy: 0.8056
Averaged Test AUC: 0.9644
Std Test Accurancy: 0.1524
Std Test AUC: 0.0291
------------------------- Round is  120 ------------------------- time cost ------------------------- 226.81831407546997
------------------------- Budget is : [851.0159862041473, 747.597101688385, 749.3950757980347, 330.52095890045166, 233.53188562393188, 237.79051613807678, 234.48510479927063, 238.2229518890381, 242.60584592819214, 223.61668825149536, 230.21543717384338, 231.056086063385, 257.8421287536621, 240.15797209739685, 227.73291015625, 222.73093605041504, 240.34417605400085, 232.38708782196045, 229.2259509563446, 235.94315314292908, 234.66389799118042, 230.83648896217346, 230.45425987243652, 234.8525607585907, 236.79091906547546, 226.25344395637512, 230.4469268321991, 225.31712698936462, 231.52774286270142, 238.15003323554993, 235.30017280578613, 235.30817103385925, 226.8762969970703, 247.40836477279663, 236.56913208961487, 239.99431705474854, 230.47901582717896, 234.5268030166626, 236.0567991733551, 234.98214983940125, 232.51492285728455, 228.83365392684937, 231.61347484588623, 227.1500689983368, 227.44782900810242, 231.2380349636078, 242.06183099746704, 245.2459921836853, 230.72104811668396, 231.8699562549591, 232.1072120666504, 232.9659948348999, 233.70126080513, 227.1596109867096, 233.7321240901947, 234.10426497459412, 239.5199489593506, 231.63014101982117, 232.56504917144775, 235.20819973945618, 229.19202589988708, 223.47441411018372, 234.55875992774963, 228.5964982509613, 229.28886914253235, 232.42222499847412, 244.37599682807922, 230.07026481628418, 237.61301708221436, 232.37708711624146, 229.58097410202026, 228.48834419250488, 229.54794883728027, 226.20923113822937, 229.11407899856567, 227.1140661239624, 233.19059991836548, 234.43196392059326, 234.51812291145325, 229.92254495620728, 244.469722032547, 233.39230704307556, 231.37859296798706, 236.25725889205933, 234.84776520729065, 253.4372079372406, 248.42400598526, 256.3125250339508, 225.9049937725067, 230.26039600372314, 224.15782117843628, 230.68845200538635, 224.4524359703064, 230.9575650691986, 219.76552391052246, 222.24259614944458, 227.0725920200348, 228.80761098861694, 229.80552291870117, 229.12900519371033, 228.1350290775299, 228.80969405174255, 222.5388069152832, 231.3101613521576, 227.06496405601501, 229.22482419013977, 225.74501395225525, 226.456552028656, 244.20262694358826, 225.7142059803009, 229.98651480674744, 230.12312865257263, 224.7356140613556, 225.44578003883362, 228.26749992370605, 224.91592502593994, 225.67937564849854, 235.16631293296814, 229.88793277740479, 230.3023087978363, 226.81831407546997]

-------------Round number: 121-------------

Evaluate global model
Averaged Train Loss: 0.5142
Averaged Test Accurancy: 0.8209
Averaged Test AUC: 0.9655
Std Test Accurancy: 0.1397
Std Test AUC: 0.0306
------------------------- Round is  121 ------------------------- time cost ------------------------- 228.9016239643097
------------------------- Budget is : [851.0159862041473, 747.597101688385, 749.3950757980347, 330.52095890045166, 233.53188562393188, 237.79051613807678, 234.48510479927063, 238.2229518890381, 242.60584592819214, 223.61668825149536, 230.21543717384338, 231.056086063385, 257.8421287536621, 240.15797209739685, 227.73291015625, 222.73093605041504, 240.34417605400085, 232.38708782196045, 229.2259509563446, 235.94315314292908, 234.66389799118042, 230.83648896217346, 230.45425987243652, 234.8525607585907, 236.79091906547546, 226.25344395637512, 230.4469268321991, 225.31712698936462, 231.52774286270142, 238.15003323554993, 235.30017280578613, 235.30817103385925, 226.8762969970703, 247.40836477279663, 236.56913208961487, 239.99431705474854, 230.47901582717896, 234.5268030166626, 236.0567991733551, 234.98214983940125, 232.51492285728455, 228.83365392684937, 231.61347484588623, 227.1500689983368, 227.44782900810242, 231.2380349636078, 242.06183099746704, 245.2459921836853, 230.72104811668396, 231.8699562549591, 232.1072120666504, 232.9659948348999, 233.70126080513, 227.1596109867096, 233.7321240901947, 234.10426497459412, 239.5199489593506, 231.63014101982117, 232.56504917144775, 235.20819973945618, 229.19202589988708, 223.47441411018372, 234.55875992774963, 228.5964982509613, 229.28886914253235, 232.42222499847412, 244.37599682807922, 230.07026481628418, 237.61301708221436, 232.37708711624146, 229.58097410202026, 228.48834419250488, 229.54794883728027, 226.20923113822937, 229.11407899856567, 227.1140661239624, 233.19059991836548, 234.43196392059326, 234.51812291145325, 229.92254495620728, 244.469722032547, 233.39230704307556, 231.37859296798706, 236.25725889205933, 234.84776520729065, 253.4372079372406, 248.42400598526, 256.3125250339508, 225.9049937725067, 230.26039600372314, 224.15782117843628, 230.68845200538635, 224.4524359703064, 230.9575650691986, 219.76552391052246, 222.24259614944458, 227.0725920200348, 228.80761098861694, 229.80552291870117, 229.12900519371033, 228.1350290775299, 228.80969405174255, 222.5388069152832, 231.3101613521576, 227.06496405601501, 229.22482419013977, 225.74501395225525, 226.456552028656, 244.20262694358826, 225.7142059803009, 229.98651480674744, 230.12312865257263, 224.7356140613556, 225.44578003883362, 228.26749992370605, 224.91592502593994, 225.67937564849854, 235.16631293296814, 229.88793277740479, 230.3023087978363, 226.81831407546997, 228.9016239643097]

-------------Round number: 122-------------

Evaluate global model
Averaged Train Loss: 0.5825
Averaged Test Accurancy: 0.8092
Averaged Test AUC: 0.9581
Std Test Accurancy: 0.1567
Std Test AUC: 0.0390
------------------------- Round is  122 ------------------------- time cost ------------------------- 230.79607486724854
------------------------- Budget is : [851.0159862041473, 747.597101688385, 749.3950757980347, 330.52095890045166, 233.53188562393188, 237.79051613807678, 234.48510479927063, 238.2229518890381, 242.60584592819214, 223.61668825149536, 230.21543717384338, 231.056086063385, 257.8421287536621, 240.15797209739685, 227.73291015625, 222.73093605041504, 240.34417605400085, 232.38708782196045, 229.2259509563446, 235.94315314292908, 234.66389799118042, 230.83648896217346, 230.45425987243652, 234.8525607585907, 236.79091906547546, 226.25344395637512, 230.4469268321991, 225.31712698936462, 231.52774286270142, 238.15003323554993, 235.30017280578613, 235.30817103385925, 226.8762969970703, 247.40836477279663, 236.56913208961487, 239.99431705474854, 230.47901582717896, 234.5268030166626, 236.0567991733551, 234.98214983940125, 232.51492285728455, 228.83365392684937, 231.61347484588623, 227.1500689983368, 227.44782900810242, 231.2380349636078, 242.06183099746704, 245.2459921836853, 230.72104811668396, 231.8699562549591, 232.1072120666504, 232.9659948348999, 233.70126080513, 227.1596109867096, 233.7321240901947, 234.10426497459412, 239.5199489593506, 231.63014101982117, 232.56504917144775, 235.20819973945618, 229.19202589988708, 223.47441411018372, 234.55875992774963, 228.5964982509613, 229.28886914253235, 232.42222499847412, 244.37599682807922, 230.07026481628418, 237.61301708221436, 232.37708711624146, 229.58097410202026, 228.48834419250488, 229.54794883728027, 226.20923113822937, 229.11407899856567, 227.1140661239624, 233.19059991836548, 234.43196392059326, 234.51812291145325, 229.92254495620728, 244.469722032547, 233.39230704307556, 231.37859296798706, 236.25725889205933, 234.84776520729065, 253.4372079372406, 248.42400598526, 256.3125250339508, 225.9049937725067, 230.26039600372314, 224.15782117843628, 230.68845200538635, 224.4524359703064, 230.9575650691986, 219.76552391052246, 222.24259614944458, 227.0725920200348, 228.80761098861694, 229.80552291870117, 229.12900519371033, 228.1350290775299, 228.80969405174255, 222.5388069152832, 231.3101613521576, 227.06496405601501, 229.22482419013977, 225.74501395225525, 226.456552028656, 244.20262694358826, 225.7142059803009, 229.98651480674744, 230.12312865257263, 224.7356140613556, 225.44578003883362, 228.26749992370605, 224.91592502593994, 225.67937564849854, 235.16631293296814, 229.88793277740479, 230.3023087978363, 226.81831407546997, 228.9016239643097, 230.79607486724854]

-------------Round number: 123-------------

Evaluate global model
Averaged Train Loss: 0.5797
Averaged Test Accurancy: 0.8116
Averaged Test AUC: 0.9574
Std Test Accurancy: 0.1944
Std Test AUC: 0.0516
------------------------- Round is  123 ------------------------- time cost ------------------------- 246.65371918678284
------------------------- Budget is : [851.0159862041473, 747.597101688385, 749.3950757980347, 330.52095890045166, 233.53188562393188, 237.79051613807678, 234.48510479927063, 238.2229518890381, 242.60584592819214, 223.61668825149536, 230.21543717384338, 231.056086063385, 257.8421287536621, 240.15797209739685, 227.73291015625, 222.73093605041504, 240.34417605400085, 232.38708782196045, 229.2259509563446, 235.94315314292908, 234.66389799118042, 230.83648896217346, 230.45425987243652, 234.8525607585907, 236.79091906547546, 226.25344395637512, 230.4469268321991, 225.31712698936462, 231.52774286270142, 238.15003323554993, 235.30017280578613, 235.30817103385925, 226.8762969970703, 247.40836477279663, 236.56913208961487, 239.99431705474854, 230.47901582717896, 234.5268030166626, 236.0567991733551, 234.98214983940125, 232.51492285728455, 228.83365392684937, 231.61347484588623, 227.1500689983368, 227.44782900810242, 231.2380349636078, 242.06183099746704, 245.2459921836853, 230.72104811668396, 231.8699562549591, 232.1072120666504, 232.9659948348999, 233.70126080513, 227.1596109867096, 233.7321240901947, 234.10426497459412, 239.5199489593506, 231.63014101982117, 232.56504917144775, 235.20819973945618, 229.19202589988708, 223.47441411018372, 234.55875992774963, 228.5964982509613, 229.28886914253235, 232.42222499847412, 244.37599682807922, 230.07026481628418, 237.61301708221436, 232.37708711624146, 229.58097410202026, 228.48834419250488, 229.54794883728027, 226.20923113822937, 229.11407899856567, 227.1140661239624, 233.19059991836548, 234.43196392059326, 234.51812291145325, 229.92254495620728, 244.469722032547, 233.39230704307556, 231.37859296798706, 236.25725889205933, 234.84776520729065, 253.4372079372406, 248.42400598526, 256.3125250339508, 225.9049937725067, 230.26039600372314, 224.15782117843628, 230.68845200538635, 224.4524359703064, 230.9575650691986, 219.76552391052246, 222.24259614944458, 227.0725920200348, 228.80761098861694, 229.80552291870117, 229.12900519371033, 228.1350290775299, 228.80969405174255, 222.5388069152832, 231.3101613521576, 227.06496405601501, 229.22482419013977, 225.74501395225525, 226.456552028656, 244.20262694358826, 225.7142059803009, 229.98651480674744, 230.12312865257263, 224.7356140613556, 225.44578003883362, 228.26749992370605, 224.91592502593994, 225.67937564849854, 235.16631293296814, 229.88793277740479, 230.3023087978363, 226.81831407546997, 228.9016239643097, 230.79607486724854, 246.65371918678284]

-------------Round number: 124-------------

Evaluate global model
Averaged Train Loss: 0.9141
Averaged Test Accurancy: 0.7388
Averaged Test AUC: 0.9415
Std Test Accurancy: 0.2347
Std Test AUC: 0.0652
------------------------- Round is  124 ------------------------- time cost ------------------------- 232.59648609161377
------------------------- Budget is : [851.0159862041473, 747.597101688385, 749.3950757980347, 330.52095890045166, 233.53188562393188, 237.79051613807678, 234.48510479927063, 238.2229518890381, 242.60584592819214, 223.61668825149536, 230.21543717384338, 231.056086063385, 257.8421287536621, 240.15797209739685, 227.73291015625, 222.73093605041504, 240.34417605400085, 232.38708782196045, 229.2259509563446, 235.94315314292908, 234.66389799118042, 230.83648896217346, 230.45425987243652, 234.8525607585907, 236.79091906547546, 226.25344395637512, 230.4469268321991, 225.31712698936462, 231.52774286270142, 238.15003323554993, 235.30017280578613, 235.30817103385925, 226.8762969970703, 247.40836477279663, 236.56913208961487, 239.99431705474854, 230.47901582717896, 234.5268030166626, 236.0567991733551, 234.98214983940125, 232.51492285728455, 228.83365392684937, 231.61347484588623, 227.1500689983368, 227.44782900810242, 231.2380349636078, 242.06183099746704, 245.2459921836853, 230.72104811668396, 231.8699562549591, 232.1072120666504, 232.9659948348999, 233.70126080513, 227.1596109867096, 233.7321240901947, 234.10426497459412, 239.5199489593506, 231.63014101982117, 232.56504917144775, 235.20819973945618, 229.19202589988708, 223.47441411018372, 234.55875992774963, 228.5964982509613, 229.28886914253235, 232.42222499847412, 244.37599682807922, 230.07026481628418, 237.61301708221436, 232.37708711624146, 229.58097410202026, 228.48834419250488, 229.54794883728027, 226.20923113822937, 229.11407899856567, 227.1140661239624, 233.19059991836548, 234.43196392059326, 234.51812291145325, 229.92254495620728, 244.469722032547, 233.39230704307556, 231.37859296798706, 236.25725889205933, 234.84776520729065, 253.4372079372406, 248.42400598526, 256.3125250339508, 225.9049937725067, 230.26039600372314, 224.15782117843628, 230.68845200538635, 224.4524359703064, 230.9575650691986, 219.76552391052246, 222.24259614944458, 227.0725920200348, 228.80761098861694, 229.80552291870117, 229.12900519371033, 228.1350290775299, 228.80969405174255, 222.5388069152832, 231.3101613521576, 227.06496405601501, 229.22482419013977, 225.74501395225525, 226.456552028656, 244.20262694358826, 225.7142059803009, 229.98651480674744, 230.12312865257263, 224.7356140613556, 225.44578003883362, 228.26749992370605, 224.91592502593994, 225.67937564849854, 235.16631293296814, 229.88793277740479, 230.3023087978363, 226.81831407546997, 228.9016239643097, 230.79607486724854, 246.65371918678284, 232.59648609161377]

-------------Round number: 125-------------

Evaluate global model
Averaged Train Loss: 0.8001
Averaged Test Accurancy: 0.7844
Averaged Test AUC: 0.9489
Std Test Accurancy: 0.2157
Std Test AUC: 0.0621
------------------------- Round is  125 ------------------------- time cost ------------------------- 229.25835275650024
------------------------- Budget is : [851.0159862041473, 747.597101688385, 749.3950757980347, 330.52095890045166, 233.53188562393188, 237.79051613807678, 234.48510479927063, 238.2229518890381, 242.60584592819214, 223.61668825149536, 230.21543717384338, 231.056086063385, 257.8421287536621, 240.15797209739685, 227.73291015625, 222.73093605041504, 240.34417605400085, 232.38708782196045, 229.2259509563446, 235.94315314292908, 234.66389799118042, 230.83648896217346, 230.45425987243652, 234.8525607585907, 236.79091906547546, 226.25344395637512, 230.4469268321991, 225.31712698936462, 231.52774286270142, 238.15003323554993, 235.30017280578613, 235.30817103385925, 226.8762969970703, 247.40836477279663, 236.56913208961487, 239.99431705474854, 230.47901582717896, 234.5268030166626, 236.0567991733551, 234.98214983940125, 232.51492285728455, 228.83365392684937, 231.61347484588623, 227.1500689983368, 227.44782900810242, 231.2380349636078, 242.06183099746704, 245.2459921836853, 230.72104811668396, 231.8699562549591, 232.1072120666504, 232.9659948348999, 233.70126080513, 227.1596109867096, 233.7321240901947, 234.10426497459412, 239.5199489593506, 231.63014101982117, 232.56504917144775, 235.20819973945618, 229.19202589988708, 223.47441411018372, 234.55875992774963, 228.5964982509613, 229.28886914253235, 232.42222499847412, 244.37599682807922, 230.07026481628418, 237.61301708221436, 232.37708711624146, 229.58097410202026, 228.48834419250488, 229.54794883728027, 226.20923113822937, 229.11407899856567, 227.1140661239624, 233.19059991836548, 234.43196392059326, 234.51812291145325, 229.92254495620728, 244.469722032547, 233.39230704307556, 231.37859296798706, 236.25725889205933, 234.84776520729065, 253.4372079372406, 248.42400598526, 256.3125250339508, 225.9049937725067, 230.26039600372314, 224.15782117843628, 230.68845200538635, 224.4524359703064, 230.9575650691986, 219.76552391052246, 222.24259614944458, 227.0725920200348, 228.80761098861694, 229.80552291870117, 229.12900519371033, 228.1350290775299, 228.80969405174255, 222.5388069152832, 231.3101613521576, 227.06496405601501, 229.22482419013977, 225.74501395225525, 226.456552028656, 244.20262694358826, 225.7142059803009, 229.98651480674744, 230.12312865257263, 224.7356140613556, 225.44578003883362, 228.26749992370605, 224.91592502593994, 225.67937564849854, 235.16631293296814, 229.88793277740479, 230.3023087978363, 226.81831407546997, 228.9016239643097, 230.79607486724854, 246.65371918678284, 232.59648609161377, 229.25835275650024]

-------------Round number: 126-------------

Evaluate global model
Averaged Train Loss: 0.5905
Averaged Test Accurancy: 0.8148
Averaged Test AUC: 0.9579
Std Test Accurancy: 0.1958
Std Test AUC: 0.0520
------------------------- Round is  126 ------------------------- time cost ------------------------- 229.6994869709015
------------------------- Budget is : [851.0159862041473, 747.597101688385, 749.3950757980347, 330.52095890045166, 233.53188562393188, 237.79051613807678, 234.48510479927063, 238.2229518890381, 242.60584592819214, 223.61668825149536, 230.21543717384338, 231.056086063385, 257.8421287536621, 240.15797209739685, 227.73291015625, 222.73093605041504, 240.34417605400085, 232.38708782196045, 229.2259509563446, 235.94315314292908, 234.66389799118042, 230.83648896217346, 230.45425987243652, 234.8525607585907, 236.79091906547546, 226.25344395637512, 230.4469268321991, 225.31712698936462, 231.52774286270142, 238.15003323554993, 235.30017280578613, 235.30817103385925, 226.8762969970703, 247.40836477279663, 236.56913208961487, 239.99431705474854, 230.47901582717896, 234.5268030166626, 236.0567991733551, 234.98214983940125, 232.51492285728455, 228.83365392684937, 231.61347484588623, 227.1500689983368, 227.44782900810242, 231.2380349636078, 242.06183099746704, 245.2459921836853, 230.72104811668396, 231.8699562549591, 232.1072120666504, 232.9659948348999, 233.70126080513, 227.1596109867096, 233.7321240901947, 234.10426497459412, 239.5199489593506, 231.63014101982117, 232.56504917144775, 235.20819973945618, 229.19202589988708, 223.47441411018372, 234.55875992774963, 228.5964982509613, 229.28886914253235, 232.42222499847412, 244.37599682807922, 230.07026481628418, 237.61301708221436, 232.37708711624146, 229.58097410202026, 228.48834419250488, 229.54794883728027, 226.20923113822937, 229.11407899856567, 227.1140661239624, 233.19059991836548, 234.43196392059326, 234.51812291145325, 229.92254495620728, 244.469722032547, 233.39230704307556, 231.37859296798706, 236.25725889205933, 234.84776520729065, 253.4372079372406, 248.42400598526, 256.3125250339508, 225.9049937725067, 230.26039600372314, 224.15782117843628, 230.68845200538635, 224.4524359703064, 230.9575650691986, 219.76552391052246, 222.24259614944458, 227.0725920200348, 228.80761098861694, 229.80552291870117, 229.12900519371033, 228.1350290775299, 228.80969405174255, 222.5388069152832, 231.3101613521576, 227.06496405601501, 229.22482419013977, 225.74501395225525, 226.456552028656, 244.20262694358826, 225.7142059803009, 229.98651480674744, 230.12312865257263, 224.7356140613556, 225.44578003883362, 228.26749992370605, 224.91592502593994, 225.67937564849854, 235.16631293296814, 229.88793277740479, 230.3023087978363, 226.81831407546997, 228.9016239643097, 230.79607486724854, 246.65371918678284, 232.59648609161377, 229.25835275650024, 229.6994869709015]

-------------Round number: 127-------------

Evaluate global model
Averaged Train Loss: 0.6554
Averaged Test Accurancy: 0.7927
Averaged Test AUC: 0.9562
Std Test Accurancy: 0.2088
Std Test AUC: 0.0503
------------------------- Round is  127 ------------------------- time cost ------------------------- 231.02860021591187
------------------------- Budget is : [851.0159862041473, 747.597101688385, 749.3950757980347, 330.52095890045166, 233.53188562393188, 237.79051613807678, 234.48510479927063, 238.2229518890381, 242.60584592819214, 223.61668825149536, 230.21543717384338, 231.056086063385, 257.8421287536621, 240.15797209739685, 227.73291015625, 222.73093605041504, 240.34417605400085, 232.38708782196045, 229.2259509563446, 235.94315314292908, 234.66389799118042, 230.83648896217346, 230.45425987243652, 234.8525607585907, 236.79091906547546, 226.25344395637512, 230.4469268321991, 225.31712698936462, 231.52774286270142, 238.15003323554993, 235.30017280578613, 235.30817103385925, 226.8762969970703, 247.40836477279663, 236.56913208961487, 239.99431705474854, 230.47901582717896, 234.5268030166626, 236.0567991733551, 234.98214983940125, 232.51492285728455, 228.83365392684937, 231.61347484588623, 227.1500689983368, 227.44782900810242, 231.2380349636078, 242.06183099746704, 245.2459921836853, 230.72104811668396, 231.8699562549591, 232.1072120666504, 232.9659948348999, 233.70126080513, 227.1596109867096, 233.7321240901947, 234.10426497459412, 239.5199489593506, 231.63014101982117, 232.56504917144775, 235.20819973945618, 229.19202589988708, 223.47441411018372, 234.55875992774963, 228.5964982509613, 229.28886914253235, 232.42222499847412, 244.37599682807922, 230.07026481628418, 237.61301708221436, 232.37708711624146, 229.58097410202026, 228.48834419250488, 229.54794883728027, 226.20923113822937, 229.11407899856567, 227.1140661239624, 233.19059991836548, 234.43196392059326, 234.51812291145325, 229.92254495620728, 244.469722032547, 233.39230704307556, 231.37859296798706, 236.25725889205933, 234.84776520729065, 253.4372079372406, 248.42400598526, 256.3125250339508, 225.9049937725067, 230.26039600372314, 224.15782117843628, 230.68845200538635, 224.4524359703064, 230.9575650691986, 219.76552391052246, 222.24259614944458, 227.0725920200348, 228.80761098861694, 229.80552291870117, 229.12900519371033, 228.1350290775299, 228.80969405174255, 222.5388069152832, 231.3101613521576, 227.06496405601501, 229.22482419013977, 225.74501395225525, 226.456552028656, 244.20262694358826, 225.7142059803009, 229.98651480674744, 230.12312865257263, 224.7356140613556, 225.44578003883362, 228.26749992370605, 224.91592502593994, 225.67937564849854, 235.16631293296814, 229.88793277740479, 230.3023087978363, 226.81831407546997, 228.9016239643097, 230.79607486724854, 246.65371918678284, 232.59648609161377, 229.25835275650024, 229.6994869709015, 231.02860021591187]

-------------Round number: 128-------------

Evaluate global model
Averaged Train Loss: 0.6742
Averaged Test Accurancy: 0.7856
Averaged Test AUC: 0.9573
Std Test Accurancy: 0.2077
Std Test AUC: 0.0508
------------------------- Round is  128 ------------------------- time cost ------------------------- 280.11039090156555
------------------------- Budget is : [851.0159862041473, 747.597101688385, 749.3950757980347, 330.52095890045166, 233.53188562393188, 237.79051613807678, 234.48510479927063, 238.2229518890381, 242.60584592819214, 223.61668825149536, 230.21543717384338, 231.056086063385, 257.8421287536621, 240.15797209739685, 227.73291015625, 222.73093605041504, 240.34417605400085, 232.38708782196045, 229.2259509563446, 235.94315314292908, 234.66389799118042, 230.83648896217346, 230.45425987243652, 234.8525607585907, 236.79091906547546, 226.25344395637512, 230.4469268321991, 225.31712698936462, 231.52774286270142, 238.15003323554993, 235.30017280578613, 235.30817103385925, 226.8762969970703, 247.40836477279663, 236.56913208961487, 239.99431705474854, 230.47901582717896, 234.5268030166626, 236.0567991733551, 234.98214983940125, 232.51492285728455, 228.83365392684937, 231.61347484588623, 227.1500689983368, 227.44782900810242, 231.2380349636078, 242.06183099746704, 245.2459921836853, 230.72104811668396, 231.8699562549591, 232.1072120666504, 232.9659948348999, 233.70126080513, 227.1596109867096, 233.7321240901947, 234.10426497459412, 239.5199489593506, 231.63014101982117, 232.56504917144775, 235.20819973945618, 229.19202589988708, 223.47441411018372, 234.55875992774963, 228.5964982509613, 229.28886914253235, 232.42222499847412, 244.37599682807922, 230.07026481628418, 237.61301708221436, 232.37708711624146, 229.58097410202026, 228.48834419250488, 229.54794883728027, 226.20923113822937, 229.11407899856567, 227.1140661239624, 233.19059991836548, 234.43196392059326, 234.51812291145325, 229.92254495620728, 244.469722032547, 233.39230704307556, 231.37859296798706, 236.25725889205933, 234.84776520729065, 253.4372079372406, 248.42400598526, 256.3125250339508, 225.9049937725067, 230.26039600372314, 224.15782117843628, 230.68845200538635, 224.4524359703064, 230.9575650691986, 219.76552391052246, 222.24259614944458, 227.0725920200348, 228.80761098861694, 229.80552291870117, 229.12900519371033, 228.1350290775299, 228.80969405174255, 222.5388069152832, 231.3101613521576, 227.06496405601501, 229.22482419013977, 225.74501395225525, 226.456552028656, 244.20262694358826, 225.7142059803009, 229.98651480674744, 230.12312865257263, 224.7356140613556, 225.44578003883362, 228.26749992370605, 224.91592502593994, 225.67937564849854, 235.16631293296814, 229.88793277740479, 230.3023087978363, 226.81831407546997, 228.9016239643097, 230.79607486724854, 246.65371918678284, 232.59648609161377, 229.25835275650024, 229.6994869709015, 231.02860021591187, 280.11039090156555]

-------------Round number: 129-------------

Evaluate global model
Averaged Train Loss: 0.6672
Averaged Test Accurancy: 0.7925
Averaged Test AUC: 0.9556
Std Test Accurancy: 0.2162
Std Test AUC: 0.0527
------------------------- Round is  129 ------------------------- time cost ------------------------- 273.31836104393005
------------------------- Budget is : [851.0159862041473, 747.597101688385, 749.3950757980347, 330.52095890045166, 233.53188562393188, 237.79051613807678, 234.48510479927063, 238.2229518890381, 242.60584592819214, 223.61668825149536, 230.21543717384338, 231.056086063385, 257.8421287536621, 240.15797209739685, 227.73291015625, 222.73093605041504, 240.34417605400085, 232.38708782196045, 229.2259509563446, 235.94315314292908, 234.66389799118042, 230.83648896217346, 230.45425987243652, 234.8525607585907, 236.79091906547546, 226.25344395637512, 230.4469268321991, 225.31712698936462, 231.52774286270142, 238.15003323554993, 235.30017280578613, 235.30817103385925, 226.8762969970703, 247.40836477279663, 236.56913208961487, 239.99431705474854, 230.47901582717896, 234.5268030166626, 236.0567991733551, 234.98214983940125, 232.51492285728455, 228.83365392684937, 231.61347484588623, 227.1500689983368, 227.44782900810242, 231.2380349636078, 242.06183099746704, 245.2459921836853, 230.72104811668396, 231.8699562549591, 232.1072120666504, 232.9659948348999, 233.70126080513, 227.1596109867096, 233.7321240901947, 234.10426497459412, 239.5199489593506, 231.63014101982117, 232.56504917144775, 235.20819973945618, 229.19202589988708, 223.47441411018372, 234.55875992774963, 228.5964982509613, 229.28886914253235, 232.42222499847412, 244.37599682807922, 230.07026481628418, 237.61301708221436, 232.37708711624146, 229.58097410202026, 228.48834419250488, 229.54794883728027, 226.20923113822937, 229.11407899856567, 227.1140661239624, 233.19059991836548, 234.43196392059326, 234.51812291145325, 229.92254495620728, 244.469722032547, 233.39230704307556, 231.37859296798706, 236.25725889205933, 234.84776520729065, 253.4372079372406, 248.42400598526, 256.3125250339508, 225.9049937725067, 230.26039600372314, 224.15782117843628, 230.68845200538635, 224.4524359703064, 230.9575650691986, 219.76552391052246, 222.24259614944458, 227.0725920200348, 228.80761098861694, 229.80552291870117, 229.12900519371033, 228.1350290775299, 228.80969405174255, 222.5388069152832, 231.3101613521576, 227.06496405601501, 229.22482419013977, 225.74501395225525, 226.456552028656, 244.20262694358826, 225.7142059803009, 229.98651480674744, 230.12312865257263, 224.7356140613556, 225.44578003883362, 228.26749992370605, 224.91592502593994, 225.67937564849854, 235.16631293296814, 229.88793277740479, 230.3023087978363, 226.81831407546997, 228.9016239643097, 230.79607486724854, 246.65371918678284, 232.59648609161377, 229.25835275650024, 229.6994869709015, 231.02860021591187, 280.11039090156555, 273.31836104393005]

-------------Round number: 130-------------

Evaluate global model
Averaged Train Loss: 0.7204
Averaged Test Accurancy: 0.7774
Averaged Test AUC: 0.9546
Std Test Accurancy: 0.2042
Std Test AUC: 0.0523
------------------------- Round is  130 ------------------------- time cost ------------------------- 282.6476550102234
------------------------- Budget is : [851.0159862041473, 747.597101688385, 749.3950757980347, 330.52095890045166, 233.53188562393188, 237.79051613807678, 234.48510479927063, 238.2229518890381, 242.60584592819214, 223.61668825149536, 230.21543717384338, 231.056086063385, 257.8421287536621, 240.15797209739685, 227.73291015625, 222.73093605041504, 240.34417605400085, 232.38708782196045, 229.2259509563446, 235.94315314292908, 234.66389799118042, 230.83648896217346, 230.45425987243652, 234.8525607585907, 236.79091906547546, 226.25344395637512, 230.4469268321991, 225.31712698936462, 231.52774286270142, 238.15003323554993, 235.30017280578613, 235.30817103385925, 226.8762969970703, 247.40836477279663, 236.56913208961487, 239.99431705474854, 230.47901582717896, 234.5268030166626, 236.0567991733551, 234.98214983940125, 232.51492285728455, 228.83365392684937, 231.61347484588623, 227.1500689983368, 227.44782900810242, 231.2380349636078, 242.06183099746704, 245.2459921836853, 230.72104811668396, 231.8699562549591, 232.1072120666504, 232.9659948348999, 233.70126080513, 227.1596109867096, 233.7321240901947, 234.10426497459412, 239.5199489593506, 231.63014101982117, 232.56504917144775, 235.20819973945618, 229.19202589988708, 223.47441411018372, 234.55875992774963, 228.5964982509613, 229.28886914253235, 232.42222499847412, 244.37599682807922, 230.07026481628418, 237.61301708221436, 232.37708711624146, 229.58097410202026, 228.48834419250488, 229.54794883728027, 226.20923113822937, 229.11407899856567, 227.1140661239624, 233.19059991836548, 234.43196392059326, 234.51812291145325, 229.92254495620728, 244.469722032547, 233.39230704307556, 231.37859296798706, 236.25725889205933, 234.84776520729065, 253.4372079372406, 248.42400598526, 256.3125250339508, 225.9049937725067, 230.26039600372314, 224.15782117843628, 230.68845200538635, 224.4524359703064, 230.9575650691986, 219.76552391052246, 222.24259614944458, 227.0725920200348, 228.80761098861694, 229.80552291870117, 229.12900519371033, 228.1350290775299, 228.80969405174255, 222.5388069152832, 231.3101613521576, 227.06496405601501, 229.22482419013977, 225.74501395225525, 226.456552028656, 244.20262694358826, 225.7142059803009, 229.98651480674744, 230.12312865257263, 224.7356140613556, 225.44578003883362, 228.26749992370605, 224.91592502593994, 225.67937564849854, 235.16631293296814, 229.88793277740479, 230.3023087978363, 226.81831407546997, 228.9016239643097, 230.79607486724854, 246.65371918678284, 232.59648609161377, 229.25835275650024, 229.6994869709015, 231.02860021591187, 280.11039090156555, 273.31836104393005, 282.6476550102234]

-------------Round number: 131-------------

Evaluate global model
Averaged Train Loss: 0.6411
Averaged Test Accurancy: 0.8053
Averaged Test AUC: 0.9568
Std Test Accurancy: 0.2086
Std Test AUC: 0.0548
------------------------- Round is  131 ------------------------- time cost ------------------------- 273.6420228481293
------------------------- Budget is : [851.0159862041473, 747.597101688385, 749.3950757980347, 330.52095890045166, 233.53188562393188, 237.79051613807678, 234.48510479927063, 238.2229518890381, 242.60584592819214, 223.61668825149536, 230.21543717384338, 231.056086063385, 257.8421287536621, 240.15797209739685, 227.73291015625, 222.73093605041504, 240.34417605400085, 232.38708782196045, 229.2259509563446, 235.94315314292908, 234.66389799118042, 230.83648896217346, 230.45425987243652, 234.8525607585907, 236.79091906547546, 226.25344395637512, 230.4469268321991, 225.31712698936462, 231.52774286270142, 238.15003323554993, 235.30017280578613, 235.30817103385925, 226.8762969970703, 247.40836477279663, 236.56913208961487, 239.99431705474854, 230.47901582717896, 234.5268030166626, 236.0567991733551, 234.98214983940125, 232.51492285728455, 228.83365392684937, 231.61347484588623, 227.1500689983368, 227.44782900810242, 231.2380349636078, 242.06183099746704, 245.2459921836853, 230.72104811668396, 231.8699562549591, 232.1072120666504, 232.9659948348999, 233.70126080513, 227.1596109867096, 233.7321240901947, 234.10426497459412, 239.5199489593506, 231.63014101982117, 232.56504917144775, 235.20819973945618, 229.19202589988708, 223.47441411018372, 234.55875992774963, 228.5964982509613, 229.28886914253235, 232.42222499847412, 244.37599682807922, 230.07026481628418, 237.61301708221436, 232.37708711624146, 229.58097410202026, 228.48834419250488, 229.54794883728027, 226.20923113822937, 229.11407899856567, 227.1140661239624, 233.19059991836548, 234.43196392059326, 234.51812291145325, 229.92254495620728, 244.469722032547, 233.39230704307556, 231.37859296798706, 236.25725889205933, 234.84776520729065, 253.4372079372406, 248.42400598526, 256.3125250339508, 225.9049937725067, 230.26039600372314, 224.15782117843628, 230.68845200538635, 224.4524359703064, 230.9575650691986, 219.76552391052246, 222.24259614944458, 227.0725920200348, 228.80761098861694, 229.80552291870117, 229.12900519371033, 228.1350290775299, 228.80969405174255, 222.5388069152832, 231.3101613521576, 227.06496405601501, 229.22482419013977, 225.74501395225525, 226.456552028656, 244.20262694358826, 225.7142059803009, 229.98651480674744, 230.12312865257263, 224.7356140613556, 225.44578003883362, 228.26749992370605, 224.91592502593994, 225.67937564849854, 235.16631293296814, 229.88793277740479, 230.3023087978363, 226.81831407546997, 228.9016239643097, 230.79607486724854, 246.65371918678284, 232.59648609161377, 229.25835275650024, 229.6994869709015, 231.02860021591187, 280.11039090156555, 273.31836104393005, 282.6476550102234, 273.6420228481293]

-------------Round number: 132-------------

Evaluate global model
Averaged Train Loss: 0.5132
Averaged Test Accurancy: 0.8130
Averaged Test AUC: 0.9655
Std Test Accurancy: 0.1903
Std Test AUC: 0.0336
------------------------- Round is  132 ------------------------- time cost ------------------------- 246.26788806915283
------------------------- Budget is : [851.0159862041473, 747.597101688385, 749.3950757980347, 330.52095890045166, 233.53188562393188, 237.79051613807678, 234.48510479927063, 238.2229518890381, 242.60584592819214, 223.61668825149536, 230.21543717384338, 231.056086063385, 257.8421287536621, 240.15797209739685, 227.73291015625, 222.73093605041504, 240.34417605400085, 232.38708782196045, 229.2259509563446, 235.94315314292908, 234.66389799118042, 230.83648896217346, 230.45425987243652, 234.8525607585907, 236.79091906547546, 226.25344395637512, 230.4469268321991, 225.31712698936462, 231.52774286270142, 238.15003323554993, 235.30017280578613, 235.30817103385925, 226.8762969970703, 247.40836477279663, 236.56913208961487, 239.99431705474854, 230.47901582717896, 234.5268030166626, 236.0567991733551, 234.98214983940125, 232.51492285728455, 228.83365392684937, 231.61347484588623, 227.1500689983368, 227.44782900810242, 231.2380349636078, 242.06183099746704, 245.2459921836853, 230.72104811668396, 231.8699562549591, 232.1072120666504, 232.9659948348999, 233.70126080513, 227.1596109867096, 233.7321240901947, 234.10426497459412, 239.5199489593506, 231.63014101982117, 232.56504917144775, 235.20819973945618, 229.19202589988708, 223.47441411018372, 234.55875992774963, 228.5964982509613, 229.28886914253235, 232.42222499847412, 244.37599682807922, 230.07026481628418, 237.61301708221436, 232.37708711624146, 229.58097410202026, 228.48834419250488, 229.54794883728027, 226.20923113822937, 229.11407899856567, 227.1140661239624, 233.19059991836548, 234.43196392059326, 234.51812291145325, 229.92254495620728, 244.469722032547, 233.39230704307556, 231.37859296798706, 236.25725889205933, 234.84776520729065, 253.4372079372406, 248.42400598526, 256.3125250339508, 225.9049937725067, 230.26039600372314, 224.15782117843628, 230.68845200538635, 224.4524359703064, 230.9575650691986, 219.76552391052246, 222.24259614944458, 227.0725920200348, 228.80761098861694, 229.80552291870117, 229.12900519371033, 228.1350290775299, 228.80969405174255, 222.5388069152832, 231.3101613521576, 227.06496405601501, 229.22482419013977, 225.74501395225525, 226.456552028656, 244.20262694358826, 225.7142059803009, 229.98651480674744, 230.12312865257263, 224.7356140613556, 225.44578003883362, 228.26749992370605, 224.91592502593994, 225.67937564849854, 235.16631293296814, 229.88793277740479, 230.3023087978363, 226.81831407546997, 228.9016239643097, 230.79607486724854, 246.65371918678284, 232.59648609161377, 229.25835275650024, 229.6994869709015, 231.02860021591187, 280.11039090156555, 273.31836104393005, 282.6476550102234, 273.6420228481293, 246.26788806915283]

-------------Round number: 133-------------

Evaluate global model
Averaged Train Loss: 0.6766
Averaged Test Accurancy: 0.7792
Averaged Test AUC: 0.9585
Std Test Accurancy: 0.1941
Std Test AUC: 0.0391
------------------------- Round is  133 ------------------------- time cost ------------------------- 232.31591296195984
------------------------- Budget is : [851.0159862041473, 747.597101688385, 749.3950757980347, 330.52095890045166, 233.53188562393188, 237.79051613807678, 234.48510479927063, 238.2229518890381, 242.60584592819214, 223.61668825149536, 230.21543717384338, 231.056086063385, 257.8421287536621, 240.15797209739685, 227.73291015625, 222.73093605041504, 240.34417605400085, 232.38708782196045, 229.2259509563446, 235.94315314292908, 234.66389799118042, 230.83648896217346, 230.45425987243652, 234.8525607585907, 236.79091906547546, 226.25344395637512, 230.4469268321991, 225.31712698936462, 231.52774286270142, 238.15003323554993, 235.30017280578613, 235.30817103385925, 226.8762969970703, 247.40836477279663, 236.56913208961487, 239.99431705474854, 230.47901582717896, 234.5268030166626, 236.0567991733551, 234.98214983940125, 232.51492285728455, 228.83365392684937, 231.61347484588623, 227.1500689983368, 227.44782900810242, 231.2380349636078, 242.06183099746704, 245.2459921836853, 230.72104811668396, 231.8699562549591, 232.1072120666504, 232.9659948348999, 233.70126080513, 227.1596109867096, 233.7321240901947, 234.10426497459412, 239.5199489593506, 231.63014101982117, 232.56504917144775, 235.20819973945618, 229.19202589988708, 223.47441411018372, 234.55875992774963, 228.5964982509613, 229.28886914253235, 232.42222499847412, 244.37599682807922, 230.07026481628418, 237.61301708221436, 232.37708711624146, 229.58097410202026, 228.48834419250488, 229.54794883728027, 226.20923113822937, 229.11407899856567, 227.1140661239624, 233.19059991836548, 234.43196392059326, 234.51812291145325, 229.92254495620728, 244.469722032547, 233.39230704307556, 231.37859296798706, 236.25725889205933, 234.84776520729065, 253.4372079372406, 248.42400598526, 256.3125250339508, 225.9049937725067, 230.26039600372314, 224.15782117843628, 230.68845200538635, 224.4524359703064, 230.9575650691986, 219.76552391052246, 222.24259614944458, 227.0725920200348, 228.80761098861694, 229.80552291870117, 229.12900519371033, 228.1350290775299, 228.80969405174255, 222.5388069152832, 231.3101613521576, 227.06496405601501, 229.22482419013977, 225.74501395225525, 226.456552028656, 244.20262694358826, 225.7142059803009, 229.98651480674744, 230.12312865257263, 224.7356140613556, 225.44578003883362, 228.26749992370605, 224.91592502593994, 225.67937564849854, 235.16631293296814, 229.88793277740479, 230.3023087978363, 226.81831407546997, 228.9016239643097, 230.79607486724854, 246.65371918678284, 232.59648609161377, 229.25835275650024, 229.6994869709015, 231.02860021591187, 280.11039090156555, 273.31836104393005, 282.6476550102234, 273.6420228481293, 246.26788806915283, 232.31591296195984]

-------------Round number: 134-------------

Evaluate global model
Averaged Train Loss: 0.6611
Averaged Test Accurancy: 0.7881
Averaged Test AUC: 0.9577
Std Test Accurancy: 0.1818
Std Test AUC: 0.0461
------------------------- Round is  134 ------------------------- time cost ------------------------- 227.45345997810364
------------------------- Budget is : [851.0159862041473, 747.597101688385, 749.3950757980347, 330.52095890045166, 233.53188562393188, 237.79051613807678, 234.48510479927063, 238.2229518890381, 242.60584592819214, 223.61668825149536, 230.21543717384338, 231.056086063385, 257.8421287536621, 240.15797209739685, 227.73291015625, 222.73093605041504, 240.34417605400085, 232.38708782196045, 229.2259509563446, 235.94315314292908, 234.66389799118042, 230.83648896217346, 230.45425987243652, 234.8525607585907, 236.79091906547546, 226.25344395637512, 230.4469268321991, 225.31712698936462, 231.52774286270142, 238.15003323554993, 235.30017280578613, 235.30817103385925, 226.8762969970703, 247.40836477279663, 236.56913208961487, 239.99431705474854, 230.47901582717896, 234.5268030166626, 236.0567991733551, 234.98214983940125, 232.51492285728455, 228.83365392684937, 231.61347484588623, 227.1500689983368, 227.44782900810242, 231.2380349636078, 242.06183099746704, 245.2459921836853, 230.72104811668396, 231.8699562549591, 232.1072120666504, 232.9659948348999, 233.70126080513, 227.1596109867096, 233.7321240901947, 234.10426497459412, 239.5199489593506, 231.63014101982117, 232.56504917144775, 235.20819973945618, 229.19202589988708, 223.47441411018372, 234.55875992774963, 228.5964982509613, 229.28886914253235, 232.42222499847412, 244.37599682807922, 230.07026481628418, 237.61301708221436, 232.37708711624146, 229.58097410202026, 228.48834419250488, 229.54794883728027, 226.20923113822937, 229.11407899856567, 227.1140661239624, 233.19059991836548, 234.43196392059326, 234.51812291145325, 229.92254495620728, 244.469722032547, 233.39230704307556, 231.37859296798706, 236.25725889205933, 234.84776520729065, 253.4372079372406, 248.42400598526, 256.3125250339508, 225.9049937725067, 230.26039600372314, 224.15782117843628, 230.68845200538635, 224.4524359703064, 230.9575650691986, 219.76552391052246, 222.24259614944458, 227.0725920200348, 228.80761098861694, 229.80552291870117, 229.12900519371033, 228.1350290775299, 228.80969405174255, 222.5388069152832, 231.3101613521576, 227.06496405601501, 229.22482419013977, 225.74501395225525, 226.456552028656, 244.20262694358826, 225.7142059803009, 229.98651480674744, 230.12312865257263, 224.7356140613556, 225.44578003883362, 228.26749992370605, 224.91592502593994, 225.67937564849854, 235.16631293296814, 229.88793277740479, 230.3023087978363, 226.81831407546997, 228.9016239643097, 230.79607486724854, 246.65371918678284, 232.59648609161377, 229.25835275650024, 229.6994869709015, 231.02860021591187, 280.11039090156555, 273.31836104393005, 282.6476550102234, 273.6420228481293, 246.26788806915283, 232.31591296195984, 227.45345997810364]

-------------Round number: 135-------------

Evaluate global model
Averaged Train Loss: 0.4798
Averaged Test Accurancy: 0.8410
Averaged Test AUC: 0.9701
Std Test Accurancy: 0.1188
Std Test AUC: 0.0230
------------------------- Round is  135 ------------------------- time cost ------------------------- 229.28835892677307
------------------------- Budget is : [851.0159862041473, 747.597101688385, 749.3950757980347, 330.52095890045166, 233.53188562393188, 237.79051613807678, 234.48510479927063, 238.2229518890381, 242.60584592819214, 223.61668825149536, 230.21543717384338, 231.056086063385, 257.8421287536621, 240.15797209739685, 227.73291015625, 222.73093605041504, 240.34417605400085, 232.38708782196045, 229.2259509563446, 235.94315314292908, 234.66389799118042, 230.83648896217346, 230.45425987243652, 234.8525607585907, 236.79091906547546, 226.25344395637512, 230.4469268321991, 225.31712698936462, 231.52774286270142, 238.15003323554993, 235.30017280578613, 235.30817103385925, 226.8762969970703, 247.40836477279663, 236.56913208961487, 239.99431705474854, 230.47901582717896, 234.5268030166626, 236.0567991733551, 234.98214983940125, 232.51492285728455, 228.83365392684937, 231.61347484588623, 227.1500689983368, 227.44782900810242, 231.2380349636078, 242.06183099746704, 245.2459921836853, 230.72104811668396, 231.8699562549591, 232.1072120666504, 232.9659948348999, 233.70126080513, 227.1596109867096, 233.7321240901947, 234.10426497459412, 239.5199489593506, 231.63014101982117, 232.56504917144775, 235.20819973945618, 229.19202589988708, 223.47441411018372, 234.55875992774963, 228.5964982509613, 229.28886914253235, 232.42222499847412, 244.37599682807922, 230.07026481628418, 237.61301708221436, 232.37708711624146, 229.58097410202026, 228.48834419250488, 229.54794883728027, 226.20923113822937, 229.11407899856567, 227.1140661239624, 233.19059991836548, 234.43196392059326, 234.51812291145325, 229.92254495620728, 244.469722032547, 233.39230704307556, 231.37859296798706, 236.25725889205933, 234.84776520729065, 253.4372079372406, 248.42400598526, 256.3125250339508, 225.9049937725067, 230.26039600372314, 224.15782117843628, 230.68845200538635, 224.4524359703064, 230.9575650691986, 219.76552391052246, 222.24259614944458, 227.0725920200348, 228.80761098861694, 229.80552291870117, 229.12900519371033, 228.1350290775299, 228.80969405174255, 222.5388069152832, 231.3101613521576, 227.06496405601501, 229.22482419013977, 225.74501395225525, 226.456552028656, 244.20262694358826, 225.7142059803009, 229.98651480674744, 230.12312865257263, 224.7356140613556, 225.44578003883362, 228.26749992370605, 224.91592502593994, 225.67937564849854, 235.16631293296814, 229.88793277740479, 230.3023087978363, 226.81831407546997, 228.9016239643097, 230.79607486724854, 246.65371918678284, 232.59648609161377, 229.25835275650024, 229.6994869709015, 231.02860021591187, 280.11039090156555, 273.31836104393005, 282.6476550102234, 273.6420228481293, 246.26788806915283, 232.31591296195984, 227.45345997810364, 229.28835892677307]

-------------Round number: 136-------------

Evaluate global model
Averaged Train Loss: 0.6276
Averaged Test Accurancy: 0.7890
Averaged Test AUC: 0.9612
Std Test Accurancy: 0.1891
Std Test AUC: 0.0385
------------------------- Round is  136 ------------------------- time cost ------------------------- 229.8522539138794
------------------------- Budget is : [851.0159862041473, 747.597101688385, 749.3950757980347, 330.52095890045166, 233.53188562393188, 237.79051613807678, 234.48510479927063, 238.2229518890381, 242.60584592819214, 223.61668825149536, 230.21543717384338, 231.056086063385, 257.8421287536621, 240.15797209739685, 227.73291015625, 222.73093605041504, 240.34417605400085, 232.38708782196045, 229.2259509563446, 235.94315314292908, 234.66389799118042, 230.83648896217346, 230.45425987243652, 234.8525607585907, 236.79091906547546, 226.25344395637512, 230.4469268321991, 225.31712698936462, 231.52774286270142, 238.15003323554993, 235.30017280578613, 235.30817103385925, 226.8762969970703, 247.40836477279663, 236.56913208961487, 239.99431705474854, 230.47901582717896, 234.5268030166626, 236.0567991733551, 234.98214983940125, 232.51492285728455, 228.83365392684937, 231.61347484588623, 227.1500689983368, 227.44782900810242, 231.2380349636078, 242.06183099746704, 245.2459921836853, 230.72104811668396, 231.8699562549591, 232.1072120666504, 232.9659948348999, 233.70126080513, 227.1596109867096, 233.7321240901947, 234.10426497459412, 239.5199489593506, 231.63014101982117, 232.56504917144775, 235.20819973945618, 229.19202589988708, 223.47441411018372, 234.55875992774963, 228.5964982509613, 229.28886914253235, 232.42222499847412, 244.37599682807922, 230.07026481628418, 237.61301708221436, 232.37708711624146, 229.58097410202026, 228.48834419250488, 229.54794883728027, 226.20923113822937, 229.11407899856567, 227.1140661239624, 233.19059991836548, 234.43196392059326, 234.51812291145325, 229.92254495620728, 244.469722032547, 233.39230704307556, 231.37859296798706, 236.25725889205933, 234.84776520729065, 253.4372079372406, 248.42400598526, 256.3125250339508, 225.9049937725067, 230.26039600372314, 224.15782117843628, 230.68845200538635, 224.4524359703064, 230.9575650691986, 219.76552391052246, 222.24259614944458, 227.0725920200348, 228.80761098861694, 229.80552291870117, 229.12900519371033, 228.1350290775299, 228.80969405174255, 222.5388069152832, 231.3101613521576, 227.06496405601501, 229.22482419013977, 225.74501395225525, 226.456552028656, 244.20262694358826, 225.7142059803009, 229.98651480674744, 230.12312865257263, 224.7356140613556, 225.44578003883362, 228.26749992370605, 224.91592502593994, 225.67937564849854, 235.16631293296814, 229.88793277740479, 230.3023087978363, 226.81831407546997, 228.9016239643097, 230.79607486724854, 246.65371918678284, 232.59648609161377, 229.25835275650024, 229.6994869709015, 231.02860021591187, 280.11039090156555, 273.31836104393005, 282.6476550102234, 273.6420228481293, 246.26788806915283, 232.31591296195984, 227.45345997810364, 229.28835892677307, 229.8522539138794]

-------------Round number: 137-------------

Evaluate global model
Averaged Train Loss: 0.5434
Averaged Test Accurancy: 0.8126
Averaged Test AUC: 0.9663
Std Test Accurancy: 0.1445
Std Test AUC: 0.0249
------------------------- Round is  137 ------------------------- time cost ------------------------- 234.0699541568756
------------------------- Budget is : [851.0159862041473, 747.597101688385, 749.3950757980347, 330.52095890045166, 233.53188562393188, 237.79051613807678, 234.48510479927063, 238.2229518890381, 242.60584592819214, 223.61668825149536, 230.21543717384338, 231.056086063385, 257.8421287536621, 240.15797209739685, 227.73291015625, 222.73093605041504, 240.34417605400085, 232.38708782196045, 229.2259509563446, 235.94315314292908, 234.66389799118042, 230.83648896217346, 230.45425987243652, 234.8525607585907, 236.79091906547546, 226.25344395637512, 230.4469268321991, 225.31712698936462, 231.52774286270142, 238.15003323554993, 235.30017280578613, 235.30817103385925, 226.8762969970703, 247.40836477279663, 236.56913208961487, 239.99431705474854, 230.47901582717896, 234.5268030166626, 236.0567991733551, 234.98214983940125, 232.51492285728455, 228.83365392684937, 231.61347484588623, 227.1500689983368, 227.44782900810242, 231.2380349636078, 242.06183099746704, 245.2459921836853, 230.72104811668396, 231.8699562549591, 232.1072120666504, 232.9659948348999, 233.70126080513, 227.1596109867096, 233.7321240901947, 234.10426497459412, 239.5199489593506, 231.63014101982117, 232.56504917144775, 235.20819973945618, 229.19202589988708, 223.47441411018372, 234.55875992774963, 228.5964982509613, 229.28886914253235, 232.42222499847412, 244.37599682807922, 230.07026481628418, 237.61301708221436, 232.37708711624146, 229.58097410202026, 228.48834419250488, 229.54794883728027, 226.20923113822937, 229.11407899856567, 227.1140661239624, 233.19059991836548, 234.43196392059326, 234.51812291145325, 229.92254495620728, 244.469722032547, 233.39230704307556, 231.37859296798706, 236.25725889205933, 234.84776520729065, 253.4372079372406, 248.42400598526, 256.3125250339508, 225.9049937725067, 230.26039600372314, 224.15782117843628, 230.68845200538635, 224.4524359703064, 230.9575650691986, 219.76552391052246, 222.24259614944458, 227.0725920200348, 228.80761098861694, 229.80552291870117, 229.12900519371033, 228.1350290775299, 228.80969405174255, 222.5388069152832, 231.3101613521576, 227.06496405601501, 229.22482419013977, 225.74501395225525, 226.456552028656, 244.20262694358826, 225.7142059803009, 229.98651480674744, 230.12312865257263, 224.7356140613556, 225.44578003883362, 228.26749992370605, 224.91592502593994, 225.67937564849854, 235.16631293296814, 229.88793277740479, 230.3023087978363, 226.81831407546997, 228.9016239643097, 230.79607486724854, 246.65371918678284, 232.59648609161377, 229.25835275650024, 229.6994869709015, 231.02860021591187, 280.11039090156555, 273.31836104393005, 282.6476550102234, 273.6420228481293, 246.26788806915283, 232.31591296195984, 227.45345997810364, 229.28835892677307, 229.8522539138794, 234.0699541568756]

-------------Round number: 138-------------

Evaluate global model
Averaged Train Loss: 0.4004
Averaged Test Accurancy: 0.8611
Averaged Test AUC: 0.9743
Std Test Accurancy: 0.0956
Std Test AUC: 0.0182
------------------------- Round is  138 ------------------------- time cost ------------------------- 225.29525089263916
------------------------- Budget is : [851.0159862041473, 747.597101688385, 749.3950757980347, 330.52095890045166, 233.53188562393188, 237.79051613807678, 234.48510479927063, 238.2229518890381, 242.60584592819214, 223.61668825149536, 230.21543717384338, 231.056086063385, 257.8421287536621, 240.15797209739685, 227.73291015625, 222.73093605041504, 240.34417605400085, 232.38708782196045, 229.2259509563446, 235.94315314292908, 234.66389799118042, 230.83648896217346, 230.45425987243652, 234.8525607585907, 236.79091906547546, 226.25344395637512, 230.4469268321991, 225.31712698936462, 231.52774286270142, 238.15003323554993, 235.30017280578613, 235.30817103385925, 226.8762969970703, 247.40836477279663, 236.56913208961487, 239.99431705474854, 230.47901582717896, 234.5268030166626, 236.0567991733551, 234.98214983940125, 232.51492285728455, 228.83365392684937, 231.61347484588623, 227.1500689983368, 227.44782900810242, 231.2380349636078, 242.06183099746704, 245.2459921836853, 230.72104811668396, 231.8699562549591, 232.1072120666504, 232.9659948348999, 233.70126080513, 227.1596109867096, 233.7321240901947, 234.10426497459412, 239.5199489593506, 231.63014101982117, 232.56504917144775, 235.20819973945618, 229.19202589988708, 223.47441411018372, 234.55875992774963, 228.5964982509613, 229.28886914253235, 232.42222499847412, 244.37599682807922, 230.07026481628418, 237.61301708221436, 232.37708711624146, 229.58097410202026, 228.48834419250488, 229.54794883728027, 226.20923113822937, 229.11407899856567, 227.1140661239624, 233.19059991836548, 234.43196392059326, 234.51812291145325, 229.92254495620728, 244.469722032547, 233.39230704307556, 231.37859296798706, 236.25725889205933, 234.84776520729065, 253.4372079372406, 248.42400598526, 256.3125250339508, 225.9049937725067, 230.26039600372314, 224.15782117843628, 230.68845200538635, 224.4524359703064, 230.9575650691986, 219.76552391052246, 222.24259614944458, 227.0725920200348, 228.80761098861694, 229.80552291870117, 229.12900519371033, 228.1350290775299, 228.80969405174255, 222.5388069152832, 231.3101613521576, 227.06496405601501, 229.22482419013977, 225.74501395225525, 226.456552028656, 244.20262694358826, 225.7142059803009, 229.98651480674744, 230.12312865257263, 224.7356140613556, 225.44578003883362, 228.26749992370605, 224.91592502593994, 225.67937564849854, 235.16631293296814, 229.88793277740479, 230.3023087978363, 226.81831407546997, 228.9016239643097, 230.79607486724854, 246.65371918678284, 232.59648609161377, 229.25835275650024, 229.6994869709015, 231.02860021591187, 280.11039090156555, 273.31836104393005, 282.6476550102234, 273.6420228481293, 246.26788806915283, 232.31591296195984, 227.45345997810364, 229.28835892677307, 229.8522539138794, 234.0699541568756, 225.29525089263916]

-------------Round number: 139-------------

Evaluate global model
Averaged Train Loss: 0.6412
Averaged Test Accurancy: 0.7931
Averaged Test AUC: 0.9565
Std Test Accurancy: 0.1794
Std Test AUC: 0.0395
------------------------- Round is  139 ------------------------- time cost ------------------------- 227.67138409614563
------------------------- Budget is : [851.0159862041473, 747.597101688385, 749.3950757980347, 330.52095890045166, 233.53188562393188, 237.79051613807678, 234.48510479927063, 238.2229518890381, 242.60584592819214, 223.61668825149536, 230.21543717384338, 231.056086063385, 257.8421287536621, 240.15797209739685, 227.73291015625, 222.73093605041504, 240.34417605400085, 232.38708782196045, 229.2259509563446, 235.94315314292908, 234.66389799118042, 230.83648896217346, 230.45425987243652, 234.8525607585907, 236.79091906547546, 226.25344395637512, 230.4469268321991, 225.31712698936462, 231.52774286270142, 238.15003323554993, 235.30017280578613, 235.30817103385925, 226.8762969970703, 247.40836477279663, 236.56913208961487, 239.99431705474854, 230.47901582717896, 234.5268030166626, 236.0567991733551, 234.98214983940125, 232.51492285728455, 228.83365392684937, 231.61347484588623, 227.1500689983368, 227.44782900810242, 231.2380349636078, 242.06183099746704, 245.2459921836853, 230.72104811668396, 231.8699562549591, 232.1072120666504, 232.9659948348999, 233.70126080513, 227.1596109867096, 233.7321240901947, 234.10426497459412, 239.5199489593506, 231.63014101982117, 232.56504917144775, 235.20819973945618, 229.19202589988708, 223.47441411018372, 234.55875992774963, 228.5964982509613, 229.28886914253235, 232.42222499847412, 244.37599682807922, 230.07026481628418, 237.61301708221436, 232.37708711624146, 229.58097410202026, 228.48834419250488, 229.54794883728027, 226.20923113822937, 229.11407899856567, 227.1140661239624, 233.19059991836548, 234.43196392059326, 234.51812291145325, 229.92254495620728, 244.469722032547, 233.39230704307556, 231.37859296798706, 236.25725889205933, 234.84776520729065, 253.4372079372406, 248.42400598526, 256.3125250339508, 225.9049937725067, 230.26039600372314, 224.15782117843628, 230.68845200538635, 224.4524359703064, 230.9575650691986, 219.76552391052246, 222.24259614944458, 227.0725920200348, 228.80761098861694, 229.80552291870117, 229.12900519371033, 228.1350290775299, 228.80969405174255, 222.5388069152832, 231.3101613521576, 227.06496405601501, 229.22482419013977, 225.74501395225525, 226.456552028656, 244.20262694358826, 225.7142059803009, 229.98651480674744, 230.12312865257263, 224.7356140613556, 225.44578003883362, 228.26749992370605, 224.91592502593994, 225.67937564849854, 235.16631293296814, 229.88793277740479, 230.3023087978363, 226.81831407546997, 228.9016239643097, 230.79607486724854, 246.65371918678284, 232.59648609161377, 229.25835275650024, 229.6994869709015, 231.02860021591187, 280.11039090156555, 273.31836104393005, 282.6476550102234, 273.6420228481293, 246.26788806915283, 232.31591296195984, 227.45345997810364, 229.28835892677307, 229.8522539138794, 234.0699541568756, 225.29525089263916, 227.67138409614563]

-------------Round number: 140-------------

Evaluate global model
Averaged Train Loss: 0.6976
Averaged Test Accurancy: 0.7914
Averaged Test AUC: 0.9530
Std Test Accurancy: 0.1489
Std Test AUC: 0.0393
------------------------- Round is  140 ------------------------- time cost ------------------------- 264.2704529762268
------------------------- Budget is : [851.0159862041473, 747.597101688385, 749.3950757980347, 330.52095890045166, 233.53188562393188, 237.79051613807678, 234.48510479927063, 238.2229518890381, 242.60584592819214, 223.61668825149536, 230.21543717384338, 231.056086063385, 257.8421287536621, 240.15797209739685, 227.73291015625, 222.73093605041504, 240.34417605400085, 232.38708782196045, 229.2259509563446, 235.94315314292908, 234.66389799118042, 230.83648896217346, 230.45425987243652, 234.8525607585907, 236.79091906547546, 226.25344395637512, 230.4469268321991, 225.31712698936462, 231.52774286270142, 238.15003323554993, 235.30017280578613, 235.30817103385925, 226.8762969970703, 247.40836477279663, 236.56913208961487, 239.99431705474854, 230.47901582717896, 234.5268030166626, 236.0567991733551, 234.98214983940125, 232.51492285728455, 228.83365392684937, 231.61347484588623, 227.1500689983368, 227.44782900810242, 231.2380349636078, 242.06183099746704, 245.2459921836853, 230.72104811668396, 231.8699562549591, 232.1072120666504, 232.9659948348999, 233.70126080513, 227.1596109867096, 233.7321240901947, 234.10426497459412, 239.5199489593506, 231.63014101982117, 232.56504917144775, 235.20819973945618, 229.19202589988708, 223.47441411018372, 234.55875992774963, 228.5964982509613, 229.28886914253235, 232.42222499847412, 244.37599682807922, 230.07026481628418, 237.61301708221436, 232.37708711624146, 229.58097410202026, 228.48834419250488, 229.54794883728027, 226.20923113822937, 229.11407899856567, 227.1140661239624, 233.19059991836548, 234.43196392059326, 234.51812291145325, 229.92254495620728, 244.469722032547, 233.39230704307556, 231.37859296798706, 236.25725889205933, 234.84776520729065, 253.4372079372406, 248.42400598526, 256.3125250339508, 225.9049937725067, 230.26039600372314, 224.15782117843628, 230.68845200538635, 224.4524359703064, 230.9575650691986, 219.76552391052246, 222.24259614944458, 227.0725920200348, 228.80761098861694, 229.80552291870117, 229.12900519371033, 228.1350290775299, 228.80969405174255, 222.5388069152832, 231.3101613521576, 227.06496405601501, 229.22482419013977, 225.74501395225525, 226.456552028656, 244.20262694358826, 225.7142059803009, 229.98651480674744, 230.12312865257263, 224.7356140613556, 225.44578003883362, 228.26749992370605, 224.91592502593994, 225.67937564849854, 235.16631293296814, 229.88793277740479, 230.3023087978363, 226.81831407546997, 228.9016239643097, 230.79607486724854, 246.65371918678284, 232.59648609161377, 229.25835275650024, 229.6994869709015, 231.02860021591187, 280.11039090156555, 273.31836104393005, 282.6476550102234, 273.6420228481293, 246.26788806915283, 232.31591296195984, 227.45345997810364, 229.28835892677307, 229.8522539138794, 234.0699541568756, 225.29525089263916, 227.67138409614563, 264.2704529762268]

-------------Round number: 141-------------

Evaluate global model
Averaged Train Loss: 0.6485
Averaged Test Accurancy: 0.7959
Averaged Test AUC: 0.9551
Std Test Accurancy: 0.1638
Std Test AUC: 0.0405
------------------------- Round is  141 ------------------------- time cost ------------------------- 351.3027968406677
------------------------- Budget is : [851.0159862041473, 747.597101688385, 749.3950757980347, 330.52095890045166, 233.53188562393188, 237.79051613807678, 234.48510479927063, 238.2229518890381, 242.60584592819214, 223.61668825149536, 230.21543717384338, 231.056086063385, 257.8421287536621, 240.15797209739685, 227.73291015625, 222.73093605041504, 240.34417605400085, 232.38708782196045, 229.2259509563446, 235.94315314292908, 234.66389799118042, 230.83648896217346, 230.45425987243652, 234.8525607585907, 236.79091906547546, 226.25344395637512, 230.4469268321991, 225.31712698936462, 231.52774286270142, 238.15003323554993, 235.30017280578613, 235.30817103385925, 226.8762969970703, 247.40836477279663, 236.56913208961487, 239.99431705474854, 230.47901582717896, 234.5268030166626, 236.0567991733551, 234.98214983940125, 232.51492285728455, 228.83365392684937, 231.61347484588623, 227.1500689983368, 227.44782900810242, 231.2380349636078, 242.06183099746704, 245.2459921836853, 230.72104811668396, 231.8699562549591, 232.1072120666504, 232.9659948348999, 233.70126080513, 227.1596109867096, 233.7321240901947, 234.10426497459412, 239.5199489593506, 231.63014101982117, 232.56504917144775, 235.20819973945618, 229.19202589988708, 223.47441411018372, 234.55875992774963, 228.5964982509613, 229.28886914253235, 232.42222499847412, 244.37599682807922, 230.07026481628418, 237.61301708221436, 232.37708711624146, 229.58097410202026, 228.48834419250488, 229.54794883728027, 226.20923113822937, 229.11407899856567, 227.1140661239624, 233.19059991836548, 234.43196392059326, 234.51812291145325, 229.92254495620728, 244.469722032547, 233.39230704307556, 231.37859296798706, 236.25725889205933, 234.84776520729065, 253.4372079372406, 248.42400598526, 256.3125250339508, 225.9049937725067, 230.26039600372314, 224.15782117843628, 230.68845200538635, 224.4524359703064, 230.9575650691986, 219.76552391052246, 222.24259614944458, 227.0725920200348, 228.80761098861694, 229.80552291870117, 229.12900519371033, 228.1350290775299, 228.80969405174255, 222.5388069152832, 231.3101613521576, 227.06496405601501, 229.22482419013977, 225.74501395225525, 226.456552028656, 244.20262694358826, 225.7142059803009, 229.98651480674744, 230.12312865257263, 224.7356140613556, 225.44578003883362, 228.26749992370605, 224.91592502593994, 225.67937564849854, 235.16631293296814, 229.88793277740479, 230.3023087978363, 226.81831407546997, 228.9016239643097, 230.79607486724854, 246.65371918678284, 232.59648609161377, 229.25835275650024, 229.6994869709015, 231.02860021591187, 280.11039090156555, 273.31836104393005, 282.6476550102234, 273.6420228481293, 246.26788806915283, 232.31591296195984, 227.45345997810364, 229.28835892677307, 229.8522539138794, 234.0699541568756, 225.29525089263916, 227.67138409614563, 264.2704529762268, 351.3027968406677]

-------------Round number: 142-------------

Evaluate global model
Averaged Train Loss: 0.4893
Averaged Test Accurancy: 0.8452
Averaged Test AUC: 0.9679
Std Test Accurancy: 0.1123
Std Test AUC: 0.0253
------------------------- Round is  142 ------------------------- time cost ------------------------- 331.1570990085602
------------------------- Budget is : [851.0159862041473, 747.597101688385, 749.3950757980347, 330.52095890045166, 233.53188562393188, 237.79051613807678, 234.48510479927063, 238.2229518890381, 242.60584592819214, 223.61668825149536, 230.21543717384338, 231.056086063385, 257.8421287536621, 240.15797209739685, 227.73291015625, 222.73093605041504, 240.34417605400085, 232.38708782196045, 229.2259509563446, 235.94315314292908, 234.66389799118042, 230.83648896217346, 230.45425987243652, 234.8525607585907, 236.79091906547546, 226.25344395637512, 230.4469268321991, 225.31712698936462, 231.52774286270142, 238.15003323554993, 235.30017280578613, 235.30817103385925, 226.8762969970703, 247.40836477279663, 236.56913208961487, 239.99431705474854, 230.47901582717896, 234.5268030166626, 236.0567991733551, 234.98214983940125, 232.51492285728455, 228.83365392684937, 231.61347484588623, 227.1500689983368, 227.44782900810242, 231.2380349636078, 242.06183099746704, 245.2459921836853, 230.72104811668396, 231.8699562549591, 232.1072120666504, 232.9659948348999, 233.70126080513, 227.1596109867096, 233.7321240901947, 234.10426497459412, 239.5199489593506, 231.63014101982117, 232.56504917144775, 235.20819973945618, 229.19202589988708, 223.47441411018372, 234.55875992774963, 228.5964982509613, 229.28886914253235, 232.42222499847412, 244.37599682807922, 230.07026481628418, 237.61301708221436, 232.37708711624146, 229.58097410202026, 228.48834419250488, 229.54794883728027, 226.20923113822937, 229.11407899856567, 227.1140661239624, 233.19059991836548, 234.43196392059326, 234.51812291145325, 229.92254495620728, 244.469722032547, 233.39230704307556, 231.37859296798706, 236.25725889205933, 234.84776520729065, 253.4372079372406, 248.42400598526, 256.3125250339508, 225.9049937725067, 230.26039600372314, 224.15782117843628, 230.68845200538635, 224.4524359703064, 230.9575650691986, 219.76552391052246, 222.24259614944458, 227.0725920200348, 228.80761098861694, 229.80552291870117, 229.12900519371033, 228.1350290775299, 228.80969405174255, 222.5388069152832, 231.3101613521576, 227.06496405601501, 229.22482419013977, 225.74501395225525, 226.456552028656, 244.20262694358826, 225.7142059803009, 229.98651480674744, 230.12312865257263, 224.7356140613556, 225.44578003883362, 228.26749992370605, 224.91592502593994, 225.67937564849854, 235.16631293296814, 229.88793277740479, 230.3023087978363, 226.81831407546997, 228.9016239643097, 230.79607486724854, 246.65371918678284, 232.59648609161377, 229.25835275650024, 229.6994869709015, 231.02860021591187, 280.11039090156555, 273.31836104393005, 282.6476550102234, 273.6420228481293, 246.26788806915283, 232.31591296195984, 227.45345997810364, 229.28835892677307, 229.8522539138794, 234.0699541568756, 225.29525089263916, 227.67138409614563, 264.2704529762268, 351.3027968406677, 331.1570990085602]

-------------Round number: 143-------------

Evaluate global model
Averaged Train Loss: 0.5923
Averaged Test Accurancy: 0.7819
Averaged Test AUC: 0.9629
Std Test Accurancy: 0.2063
Std Test AUC: 0.0325
------------------------- Round is  143 ------------------------- time cost ------------------------- 333.0271439552307
------------------------- Budget is : [851.0159862041473, 747.597101688385, 749.3950757980347, 330.52095890045166, 233.53188562393188, 237.79051613807678, 234.48510479927063, 238.2229518890381, 242.60584592819214, 223.61668825149536, 230.21543717384338, 231.056086063385, 257.8421287536621, 240.15797209739685, 227.73291015625, 222.73093605041504, 240.34417605400085, 232.38708782196045, 229.2259509563446, 235.94315314292908, 234.66389799118042, 230.83648896217346, 230.45425987243652, 234.8525607585907, 236.79091906547546, 226.25344395637512, 230.4469268321991, 225.31712698936462, 231.52774286270142, 238.15003323554993, 235.30017280578613, 235.30817103385925, 226.8762969970703, 247.40836477279663, 236.56913208961487, 239.99431705474854, 230.47901582717896, 234.5268030166626, 236.0567991733551, 234.98214983940125, 232.51492285728455, 228.83365392684937, 231.61347484588623, 227.1500689983368, 227.44782900810242, 231.2380349636078, 242.06183099746704, 245.2459921836853, 230.72104811668396, 231.8699562549591, 232.1072120666504, 232.9659948348999, 233.70126080513, 227.1596109867096, 233.7321240901947, 234.10426497459412, 239.5199489593506, 231.63014101982117, 232.56504917144775, 235.20819973945618, 229.19202589988708, 223.47441411018372, 234.55875992774963, 228.5964982509613, 229.28886914253235, 232.42222499847412, 244.37599682807922, 230.07026481628418, 237.61301708221436, 232.37708711624146, 229.58097410202026, 228.48834419250488, 229.54794883728027, 226.20923113822937, 229.11407899856567, 227.1140661239624, 233.19059991836548, 234.43196392059326, 234.51812291145325, 229.92254495620728, 244.469722032547, 233.39230704307556, 231.37859296798706, 236.25725889205933, 234.84776520729065, 253.4372079372406, 248.42400598526, 256.3125250339508, 225.9049937725067, 230.26039600372314, 224.15782117843628, 230.68845200538635, 224.4524359703064, 230.9575650691986, 219.76552391052246, 222.24259614944458, 227.0725920200348, 228.80761098861694, 229.80552291870117, 229.12900519371033, 228.1350290775299, 228.80969405174255, 222.5388069152832, 231.3101613521576, 227.06496405601501, 229.22482419013977, 225.74501395225525, 226.456552028656, 244.20262694358826, 225.7142059803009, 229.98651480674744, 230.12312865257263, 224.7356140613556, 225.44578003883362, 228.26749992370605, 224.91592502593994, 225.67937564849854, 235.16631293296814, 229.88793277740479, 230.3023087978363, 226.81831407546997, 228.9016239643097, 230.79607486724854, 246.65371918678284, 232.59648609161377, 229.25835275650024, 229.6994869709015, 231.02860021591187, 280.11039090156555, 273.31836104393005, 282.6476550102234, 273.6420228481293, 246.26788806915283, 232.31591296195984, 227.45345997810364, 229.28835892677307, 229.8522539138794, 234.0699541568756, 225.29525089263916, 227.67138409614563, 264.2704529762268, 351.3027968406677, 331.1570990085602, 333.0271439552307]

-------------Round number: 144-------------

Evaluate global model
Averaged Train Loss: 0.4693
Averaged Test Accurancy: 0.8454
Averaged Test AUC: 0.9713
Std Test Accurancy: 0.1153
Std Test AUC: 0.0225
------------------------- Round is  144 ------------------------- time cost ------------------------- 329.5622088909149
------------------------- Budget is : [851.0159862041473, 747.597101688385, 749.3950757980347, 330.52095890045166, 233.53188562393188, 237.79051613807678, 234.48510479927063, 238.2229518890381, 242.60584592819214, 223.61668825149536, 230.21543717384338, 231.056086063385, 257.8421287536621, 240.15797209739685, 227.73291015625, 222.73093605041504, 240.34417605400085, 232.38708782196045, 229.2259509563446, 235.94315314292908, 234.66389799118042, 230.83648896217346, 230.45425987243652, 234.8525607585907, 236.79091906547546, 226.25344395637512, 230.4469268321991, 225.31712698936462, 231.52774286270142, 238.15003323554993, 235.30017280578613, 235.30817103385925, 226.8762969970703, 247.40836477279663, 236.56913208961487, 239.99431705474854, 230.47901582717896, 234.5268030166626, 236.0567991733551, 234.98214983940125, 232.51492285728455, 228.83365392684937, 231.61347484588623, 227.1500689983368, 227.44782900810242, 231.2380349636078, 242.06183099746704, 245.2459921836853, 230.72104811668396, 231.8699562549591, 232.1072120666504, 232.9659948348999, 233.70126080513, 227.1596109867096, 233.7321240901947, 234.10426497459412, 239.5199489593506, 231.63014101982117, 232.56504917144775, 235.20819973945618, 229.19202589988708, 223.47441411018372, 234.55875992774963, 228.5964982509613, 229.28886914253235, 232.42222499847412, 244.37599682807922, 230.07026481628418, 237.61301708221436, 232.37708711624146, 229.58097410202026, 228.48834419250488, 229.54794883728027, 226.20923113822937, 229.11407899856567, 227.1140661239624, 233.19059991836548, 234.43196392059326, 234.51812291145325, 229.92254495620728, 244.469722032547, 233.39230704307556, 231.37859296798706, 236.25725889205933, 234.84776520729065, 253.4372079372406, 248.42400598526, 256.3125250339508, 225.9049937725067, 230.26039600372314, 224.15782117843628, 230.68845200538635, 224.4524359703064, 230.9575650691986, 219.76552391052246, 222.24259614944458, 227.0725920200348, 228.80761098861694, 229.80552291870117, 229.12900519371033, 228.1350290775299, 228.80969405174255, 222.5388069152832, 231.3101613521576, 227.06496405601501, 229.22482419013977, 225.74501395225525, 226.456552028656, 244.20262694358826, 225.7142059803009, 229.98651480674744, 230.12312865257263, 224.7356140613556, 225.44578003883362, 228.26749992370605, 224.91592502593994, 225.67937564849854, 235.16631293296814, 229.88793277740479, 230.3023087978363, 226.81831407546997, 228.9016239643097, 230.79607486724854, 246.65371918678284, 232.59648609161377, 229.25835275650024, 229.6994869709015, 231.02860021591187, 280.11039090156555, 273.31836104393005, 282.6476550102234, 273.6420228481293, 246.26788806915283, 232.31591296195984, 227.45345997810364, 229.28835892677307, 229.8522539138794, 234.0699541568756, 225.29525089263916, 227.67138409614563, 264.2704529762268, 351.3027968406677, 331.1570990085602, 333.0271439552307, 329.5622088909149]

-------------Round number: 145-------------

Evaluate global model
Averaged Train Loss: 0.5757
Averaged Test Accurancy: 0.8040
Averaged Test AUC: 0.9639
Std Test Accurancy: 0.1723
Std Test AUC: 0.0337
------------------------- Round is  145 ------------------------- time cost ------------------------- 267.7906901836395
------------------------- Budget is : [851.0159862041473, 747.597101688385, 749.3950757980347, 330.52095890045166, 233.53188562393188, 237.79051613807678, 234.48510479927063, 238.2229518890381, 242.60584592819214, 223.61668825149536, 230.21543717384338, 231.056086063385, 257.8421287536621, 240.15797209739685, 227.73291015625, 222.73093605041504, 240.34417605400085, 232.38708782196045, 229.2259509563446, 235.94315314292908, 234.66389799118042, 230.83648896217346, 230.45425987243652, 234.8525607585907, 236.79091906547546, 226.25344395637512, 230.4469268321991, 225.31712698936462, 231.52774286270142, 238.15003323554993, 235.30017280578613, 235.30817103385925, 226.8762969970703, 247.40836477279663, 236.56913208961487, 239.99431705474854, 230.47901582717896, 234.5268030166626, 236.0567991733551, 234.98214983940125, 232.51492285728455, 228.83365392684937, 231.61347484588623, 227.1500689983368, 227.44782900810242, 231.2380349636078, 242.06183099746704, 245.2459921836853, 230.72104811668396, 231.8699562549591, 232.1072120666504, 232.9659948348999, 233.70126080513, 227.1596109867096, 233.7321240901947, 234.10426497459412, 239.5199489593506, 231.63014101982117, 232.56504917144775, 235.20819973945618, 229.19202589988708, 223.47441411018372, 234.55875992774963, 228.5964982509613, 229.28886914253235, 232.42222499847412, 244.37599682807922, 230.07026481628418, 237.61301708221436, 232.37708711624146, 229.58097410202026, 228.48834419250488, 229.54794883728027, 226.20923113822937, 229.11407899856567, 227.1140661239624, 233.19059991836548, 234.43196392059326, 234.51812291145325, 229.92254495620728, 244.469722032547, 233.39230704307556, 231.37859296798706, 236.25725889205933, 234.84776520729065, 253.4372079372406, 248.42400598526, 256.3125250339508, 225.9049937725067, 230.26039600372314, 224.15782117843628, 230.68845200538635, 224.4524359703064, 230.9575650691986, 219.76552391052246, 222.24259614944458, 227.0725920200348, 228.80761098861694, 229.80552291870117, 229.12900519371033, 228.1350290775299, 228.80969405174255, 222.5388069152832, 231.3101613521576, 227.06496405601501, 229.22482419013977, 225.74501395225525, 226.456552028656, 244.20262694358826, 225.7142059803009, 229.98651480674744, 230.12312865257263, 224.7356140613556, 225.44578003883362, 228.26749992370605, 224.91592502593994, 225.67937564849854, 235.16631293296814, 229.88793277740479, 230.3023087978363, 226.81831407546997, 228.9016239643097, 230.79607486724854, 246.65371918678284, 232.59648609161377, 229.25835275650024, 229.6994869709015, 231.02860021591187, 280.11039090156555, 273.31836104393005, 282.6476550102234, 273.6420228481293, 246.26788806915283, 232.31591296195984, 227.45345997810364, 229.28835892677307, 229.8522539138794, 234.0699541568756, 225.29525089263916, 227.67138409614563, 264.2704529762268, 351.3027968406677, 331.1570990085602, 333.0271439552307, 329.5622088909149, 267.7906901836395]

-------------Round number: 146-------------

Evaluate global model
Averaged Train Loss: 0.4683
Averaged Test Accurancy: 0.8431
Averaged Test AUC: 0.9708
Std Test Accurancy: 0.1198
Std Test AUC: 0.0230
------------------------- Round is  146 ------------------------- time cost ------------------------- 244.02984595298767
------------------------- Budget is : [851.0159862041473, 747.597101688385, 749.3950757980347, 330.52095890045166, 233.53188562393188, 237.79051613807678, 234.48510479927063, 238.2229518890381, 242.60584592819214, 223.61668825149536, 230.21543717384338, 231.056086063385, 257.8421287536621, 240.15797209739685, 227.73291015625, 222.73093605041504, 240.34417605400085, 232.38708782196045, 229.2259509563446, 235.94315314292908, 234.66389799118042, 230.83648896217346, 230.45425987243652, 234.8525607585907, 236.79091906547546, 226.25344395637512, 230.4469268321991, 225.31712698936462, 231.52774286270142, 238.15003323554993, 235.30017280578613, 235.30817103385925, 226.8762969970703, 247.40836477279663, 236.56913208961487, 239.99431705474854, 230.47901582717896, 234.5268030166626, 236.0567991733551, 234.98214983940125, 232.51492285728455, 228.83365392684937, 231.61347484588623, 227.1500689983368, 227.44782900810242, 231.2380349636078, 242.06183099746704, 245.2459921836853, 230.72104811668396, 231.8699562549591, 232.1072120666504, 232.9659948348999, 233.70126080513, 227.1596109867096, 233.7321240901947, 234.10426497459412, 239.5199489593506, 231.63014101982117, 232.56504917144775, 235.20819973945618, 229.19202589988708, 223.47441411018372, 234.55875992774963, 228.5964982509613, 229.28886914253235, 232.42222499847412, 244.37599682807922, 230.07026481628418, 237.61301708221436, 232.37708711624146, 229.58097410202026, 228.48834419250488, 229.54794883728027, 226.20923113822937, 229.11407899856567, 227.1140661239624, 233.19059991836548, 234.43196392059326, 234.51812291145325, 229.92254495620728, 244.469722032547, 233.39230704307556, 231.37859296798706, 236.25725889205933, 234.84776520729065, 253.4372079372406, 248.42400598526, 256.3125250339508, 225.9049937725067, 230.26039600372314, 224.15782117843628, 230.68845200538635, 224.4524359703064, 230.9575650691986, 219.76552391052246, 222.24259614944458, 227.0725920200348, 228.80761098861694, 229.80552291870117, 229.12900519371033, 228.1350290775299, 228.80969405174255, 222.5388069152832, 231.3101613521576, 227.06496405601501, 229.22482419013977, 225.74501395225525, 226.456552028656, 244.20262694358826, 225.7142059803009, 229.98651480674744, 230.12312865257263, 224.7356140613556, 225.44578003883362, 228.26749992370605, 224.91592502593994, 225.67937564849854, 235.16631293296814, 229.88793277740479, 230.3023087978363, 226.81831407546997, 228.9016239643097, 230.79607486724854, 246.65371918678284, 232.59648609161377, 229.25835275650024, 229.6994869709015, 231.02860021591187, 280.11039090156555, 273.31836104393005, 282.6476550102234, 273.6420228481293, 246.26788806915283, 232.31591296195984, 227.45345997810364, 229.28835892677307, 229.8522539138794, 234.0699541568756, 225.29525089263916, 227.67138409614563, 264.2704529762268, 351.3027968406677, 331.1570990085602, 333.0271439552307, 329.5622088909149, 267.7906901836395, 244.02984595298767]

-------------Round number: 147-------------

Evaluate global model
Averaged Train Loss: 0.4551
Averaged Test Accurancy: 0.8505
Averaged Test AUC: 0.9708
Std Test Accurancy: 0.1013
Std Test AUC: 0.0210
------------------------- Round is  147 ------------------------- time cost ------------------------- 237.3824028968811
------------------------- Budget is : [851.0159862041473, 747.597101688385, 749.3950757980347, 330.52095890045166, 233.53188562393188, 237.79051613807678, 234.48510479927063, 238.2229518890381, 242.60584592819214, 223.61668825149536, 230.21543717384338, 231.056086063385, 257.8421287536621, 240.15797209739685, 227.73291015625, 222.73093605041504, 240.34417605400085, 232.38708782196045, 229.2259509563446, 235.94315314292908, 234.66389799118042, 230.83648896217346, 230.45425987243652, 234.8525607585907, 236.79091906547546, 226.25344395637512, 230.4469268321991, 225.31712698936462, 231.52774286270142, 238.15003323554993, 235.30017280578613, 235.30817103385925, 226.8762969970703, 247.40836477279663, 236.56913208961487, 239.99431705474854, 230.47901582717896, 234.5268030166626, 236.0567991733551, 234.98214983940125, 232.51492285728455, 228.83365392684937, 231.61347484588623, 227.1500689983368, 227.44782900810242, 231.2380349636078, 242.06183099746704, 245.2459921836853, 230.72104811668396, 231.8699562549591, 232.1072120666504, 232.9659948348999, 233.70126080513, 227.1596109867096, 233.7321240901947, 234.10426497459412, 239.5199489593506, 231.63014101982117, 232.56504917144775, 235.20819973945618, 229.19202589988708, 223.47441411018372, 234.55875992774963, 228.5964982509613, 229.28886914253235, 232.42222499847412, 244.37599682807922, 230.07026481628418, 237.61301708221436, 232.37708711624146, 229.58097410202026, 228.48834419250488, 229.54794883728027, 226.20923113822937, 229.11407899856567, 227.1140661239624, 233.19059991836548, 234.43196392059326, 234.51812291145325, 229.92254495620728, 244.469722032547, 233.39230704307556, 231.37859296798706, 236.25725889205933, 234.84776520729065, 253.4372079372406, 248.42400598526, 256.3125250339508, 225.9049937725067, 230.26039600372314, 224.15782117843628, 230.68845200538635, 224.4524359703064, 230.9575650691986, 219.76552391052246, 222.24259614944458, 227.0725920200348, 228.80761098861694, 229.80552291870117, 229.12900519371033, 228.1350290775299, 228.80969405174255, 222.5388069152832, 231.3101613521576, 227.06496405601501, 229.22482419013977, 225.74501395225525, 226.456552028656, 244.20262694358826, 225.7142059803009, 229.98651480674744, 230.12312865257263, 224.7356140613556, 225.44578003883362, 228.26749992370605, 224.91592502593994, 225.67937564849854, 235.16631293296814, 229.88793277740479, 230.3023087978363, 226.81831407546997, 228.9016239643097, 230.79607486724854, 246.65371918678284, 232.59648609161377, 229.25835275650024, 229.6994869709015, 231.02860021591187, 280.11039090156555, 273.31836104393005, 282.6476550102234, 273.6420228481293, 246.26788806915283, 232.31591296195984, 227.45345997810364, 229.28835892677307, 229.8522539138794, 234.0699541568756, 225.29525089263916, 227.67138409614563, 264.2704529762268, 351.3027968406677, 331.1570990085602, 333.0271439552307, 329.5622088909149, 267.7906901836395, 244.02984595298767, 237.3824028968811]

-------------Round number: 148-------------

Evaluate global model
Averaged Train Loss: 0.5317
Averaged Test Accurancy: 0.8051
Averaged Test AUC: 0.9689
Std Test Accurancy: 0.1979
Std Test AUC: 0.0271
------------------------- Round is  148 ------------------------- time cost ------------------------- 227.99398708343506
------------------------- Budget is : [851.0159862041473, 747.597101688385, 749.3950757980347, 330.52095890045166, 233.53188562393188, 237.79051613807678, 234.48510479927063, 238.2229518890381, 242.60584592819214, 223.61668825149536, 230.21543717384338, 231.056086063385, 257.8421287536621, 240.15797209739685, 227.73291015625, 222.73093605041504, 240.34417605400085, 232.38708782196045, 229.2259509563446, 235.94315314292908, 234.66389799118042, 230.83648896217346, 230.45425987243652, 234.8525607585907, 236.79091906547546, 226.25344395637512, 230.4469268321991, 225.31712698936462, 231.52774286270142, 238.15003323554993, 235.30017280578613, 235.30817103385925, 226.8762969970703, 247.40836477279663, 236.56913208961487, 239.99431705474854, 230.47901582717896, 234.5268030166626, 236.0567991733551, 234.98214983940125, 232.51492285728455, 228.83365392684937, 231.61347484588623, 227.1500689983368, 227.44782900810242, 231.2380349636078, 242.06183099746704, 245.2459921836853, 230.72104811668396, 231.8699562549591, 232.1072120666504, 232.9659948348999, 233.70126080513, 227.1596109867096, 233.7321240901947, 234.10426497459412, 239.5199489593506, 231.63014101982117, 232.56504917144775, 235.20819973945618, 229.19202589988708, 223.47441411018372, 234.55875992774963, 228.5964982509613, 229.28886914253235, 232.42222499847412, 244.37599682807922, 230.07026481628418, 237.61301708221436, 232.37708711624146, 229.58097410202026, 228.48834419250488, 229.54794883728027, 226.20923113822937, 229.11407899856567, 227.1140661239624, 233.19059991836548, 234.43196392059326, 234.51812291145325, 229.92254495620728, 244.469722032547, 233.39230704307556, 231.37859296798706, 236.25725889205933, 234.84776520729065, 253.4372079372406, 248.42400598526, 256.3125250339508, 225.9049937725067, 230.26039600372314, 224.15782117843628, 230.68845200538635, 224.4524359703064, 230.9575650691986, 219.76552391052246, 222.24259614944458, 227.0725920200348, 228.80761098861694, 229.80552291870117, 229.12900519371033, 228.1350290775299, 228.80969405174255, 222.5388069152832, 231.3101613521576, 227.06496405601501, 229.22482419013977, 225.74501395225525, 226.456552028656, 244.20262694358826, 225.7142059803009, 229.98651480674744, 230.12312865257263, 224.7356140613556, 225.44578003883362, 228.26749992370605, 224.91592502593994, 225.67937564849854, 235.16631293296814, 229.88793277740479, 230.3023087978363, 226.81831407546997, 228.9016239643097, 230.79607486724854, 246.65371918678284, 232.59648609161377, 229.25835275650024, 229.6994869709015, 231.02860021591187, 280.11039090156555, 273.31836104393005, 282.6476550102234, 273.6420228481293, 246.26788806915283, 232.31591296195984, 227.45345997810364, 229.28835892677307, 229.8522539138794, 234.0699541568756, 225.29525089263916, 227.67138409614563, 264.2704529762268, 351.3027968406677, 331.1570990085602, 333.0271439552307, 329.5622088909149, 267.7906901836395, 244.02984595298767, 237.3824028968811, 227.99398708343506]

-------------Round number: 149-------------

Evaluate global model
Averaged Train Loss: 0.7922
Averaged Test Accurancy: 0.7694
Averaged Test AUC: 0.9491
Std Test Accurancy: 0.2168
Std Test AUC: 0.0601
------------------------- Round is  149 ------------------------- time cost ------------------------- 237.09410309791565
------------------------- Budget is : [851.0159862041473, 747.597101688385, 749.3950757980347, 330.52095890045166, 233.53188562393188, 237.79051613807678, 234.48510479927063, 238.2229518890381, 242.60584592819214, 223.61668825149536, 230.21543717384338, 231.056086063385, 257.8421287536621, 240.15797209739685, 227.73291015625, 222.73093605041504, 240.34417605400085, 232.38708782196045, 229.2259509563446, 235.94315314292908, 234.66389799118042, 230.83648896217346, 230.45425987243652, 234.8525607585907, 236.79091906547546, 226.25344395637512, 230.4469268321991, 225.31712698936462, 231.52774286270142, 238.15003323554993, 235.30017280578613, 235.30817103385925, 226.8762969970703, 247.40836477279663, 236.56913208961487, 239.99431705474854, 230.47901582717896, 234.5268030166626, 236.0567991733551, 234.98214983940125, 232.51492285728455, 228.83365392684937, 231.61347484588623, 227.1500689983368, 227.44782900810242, 231.2380349636078, 242.06183099746704, 245.2459921836853, 230.72104811668396, 231.8699562549591, 232.1072120666504, 232.9659948348999, 233.70126080513, 227.1596109867096, 233.7321240901947, 234.10426497459412, 239.5199489593506, 231.63014101982117, 232.56504917144775, 235.20819973945618, 229.19202589988708, 223.47441411018372, 234.55875992774963, 228.5964982509613, 229.28886914253235, 232.42222499847412, 244.37599682807922, 230.07026481628418, 237.61301708221436, 232.37708711624146, 229.58097410202026, 228.48834419250488, 229.54794883728027, 226.20923113822937, 229.11407899856567, 227.1140661239624, 233.19059991836548, 234.43196392059326, 234.51812291145325, 229.92254495620728, 244.469722032547, 233.39230704307556, 231.37859296798706, 236.25725889205933, 234.84776520729065, 253.4372079372406, 248.42400598526, 256.3125250339508, 225.9049937725067, 230.26039600372314, 224.15782117843628, 230.68845200538635, 224.4524359703064, 230.9575650691986, 219.76552391052246, 222.24259614944458, 227.0725920200348, 228.80761098861694, 229.80552291870117, 229.12900519371033, 228.1350290775299, 228.80969405174255, 222.5388069152832, 231.3101613521576, 227.06496405601501, 229.22482419013977, 225.74501395225525, 226.456552028656, 244.20262694358826, 225.7142059803009, 229.98651480674744, 230.12312865257263, 224.7356140613556, 225.44578003883362, 228.26749992370605, 224.91592502593994, 225.67937564849854, 235.16631293296814, 229.88793277740479, 230.3023087978363, 226.81831407546997, 228.9016239643097, 230.79607486724854, 246.65371918678284, 232.59648609161377, 229.25835275650024, 229.6994869709015, 231.02860021591187, 280.11039090156555, 273.31836104393005, 282.6476550102234, 273.6420228481293, 246.26788806915283, 232.31591296195984, 227.45345997810364, 229.28835892677307, 229.8522539138794, 234.0699541568756, 225.29525089263916, 227.67138409614563, 264.2704529762268, 351.3027968406677, 331.1570990085602, 333.0271439552307, 329.5622088909149, 267.7906901836395, 244.02984595298767, 237.3824028968811, 227.99398708343506, 237.09410309791565]

-------------Round number: 150-------------

Evaluate global model
Averaged Train Loss: 0.5041
Averaged Test Accurancy: 0.8275
Averaged Test AUC: 0.9674
Std Test Accurancy: 0.1568
Std Test AUC: 0.0289
------------------------- Round is  150 ------------------------- time cost ------------------------- 234.80760598182678
------------------------- Budget is : [851.0159862041473, 747.597101688385, 749.3950757980347, 330.52095890045166, 233.53188562393188, 237.79051613807678, 234.48510479927063, 238.2229518890381, 242.60584592819214, 223.61668825149536, 230.21543717384338, 231.056086063385, 257.8421287536621, 240.15797209739685, 227.73291015625, 222.73093605041504, 240.34417605400085, 232.38708782196045, 229.2259509563446, 235.94315314292908, 234.66389799118042, 230.83648896217346, 230.45425987243652, 234.8525607585907, 236.79091906547546, 226.25344395637512, 230.4469268321991, 225.31712698936462, 231.52774286270142, 238.15003323554993, 235.30017280578613, 235.30817103385925, 226.8762969970703, 247.40836477279663, 236.56913208961487, 239.99431705474854, 230.47901582717896, 234.5268030166626, 236.0567991733551, 234.98214983940125, 232.51492285728455, 228.83365392684937, 231.61347484588623, 227.1500689983368, 227.44782900810242, 231.2380349636078, 242.06183099746704, 245.2459921836853, 230.72104811668396, 231.8699562549591, 232.1072120666504, 232.9659948348999, 233.70126080513, 227.1596109867096, 233.7321240901947, 234.10426497459412, 239.5199489593506, 231.63014101982117, 232.56504917144775, 235.20819973945618, 229.19202589988708, 223.47441411018372, 234.55875992774963, 228.5964982509613, 229.28886914253235, 232.42222499847412, 244.37599682807922, 230.07026481628418, 237.61301708221436, 232.37708711624146, 229.58097410202026, 228.48834419250488, 229.54794883728027, 226.20923113822937, 229.11407899856567, 227.1140661239624, 233.19059991836548, 234.43196392059326, 234.51812291145325, 229.92254495620728, 244.469722032547, 233.39230704307556, 231.37859296798706, 236.25725889205933, 234.84776520729065, 253.4372079372406, 248.42400598526, 256.3125250339508, 225.9049937725067, 230.26039600372314, 224.15782117843628, 230.68845200538635, 224.4524359703064, 230.9575650691986, 219.76552391052246, 222.24259614944458, 227.0725920200348, 228.80761098861694, 229.80552291870117, 229.12900519371033, 228.1350290775299, 228.80969405174255, 222.5388069152832, 231.3101613521576, 227.06496405601501, 229.22482419013977, 225.74501395225525, 226.456552028656, 244.20262694358826, 225.7142059803009, 229.98651480674744, 230.12312865257263, 224.7356140613556, 225.44578003883362, 228.26749992370605, 224.91592502593994, 225.67937564849854, 235.16631293296814, 229.88793277740479, 230.3023087978363, 226.81831407546997, 228.9016239643097, 230.79607486724854, 246.65371918678284, 232.59648609161377, 229.25835275650024, 229.6994869709015, 231.02860021591187, 280.11039090156555, 273.31836104393005, 282.6476550102234, 273.6420228481293, 246.26788806915283, 232.31591296195984, 227.45345997810364, 229.28835892677307, 229.8522539138794, 234.0699541568756, 225.29525089263916, 227.67138409614563, 264.2704529762268, 351.3027968406677, 331.1570990085602, 333.0271439552307, 329.5622088909149, 267.7906901836395, 244.02984595298767, 237.3824028968811, 227.99398708343506, 237.09410309791565, 234.80760598182678]

-------------Round number: 151-------------

Evaluate global model
Averaged Train Loss: 0.4550
Averaged Test Accurancy: 0.8455
Averaged Test AUC: 0.9697
Std Test Accurancy: 0.1388
Std Test AUC: 0.0295
------------------------- Round is  151 ------------------------- time cost ------------------------- 239.75440526008606
------------------------- Budget is : [851.0159862041473, 747.597101688385, 749.3950757980347, 330.52095890045166, 233.53188562393188, 237.79051613807678, 234.48510479927063, 238.2229518890381, 242.60584592819214, 223.61668825149536, 230.21543717384338, 231.056086063385, 257.8421287536621, 240.15797209739685, 227.73291015625, 222.73093605041504, 240.34417605400085, 232.38708782196045, 229.2259509563446, 235.94315314292908, 234.66389799118042, 230.83648896217346, 230.45425987243652, 234.8525607585907, 236.79091906547546, 226.25344395637512, 230.4469268321991, 225.31712698936462, 231.52774286270142, 238.15003323554993, 235.30017280578613, 235.30817103385925, 226.8762969970703, 247.40836477279663, 236.56913208961487, 239.99431705474854, 230.47901582717896, 234.5268030166626, 236.0567991733551, 234.98214983940125, 232.51492285728455, 228.83365392684937, 231.61347484588623, 227.1500689983368, 227.44782900810242, 231.2380349636078, 242.06183099746704, 245.2459921836853, 230.72104811668396, 231.8699562549591, 232.1072120666504, 232.9659948348999, 233.70126080513, 227.1596109867096, 233.7321240901947, 234.10426497459412, 239.5199489593506, 231.63014101982117, 232.56504917144775, 235.20819973945618, 229.19202589988708, 223.47441411018372, 234.55875992774963, 228.5964982509613, 229.28886914253235, 232.42222499847412, 244.37599682807922, 230.07026481628418, 237.61301708221436, 232.37708711624146, 229.58097410202026, 228.48834419250488, 229.54794883728027, 226.20923113822937, 229.11407899856567, 227.1140661239624, 233.19059991836548, 234.43196392059326, 234.51812291145325, 229.92254495620728, 244.469722032547, 233.39230704307556, 231.37859296798706, 236.25725889205933, 234.84776520729065, 253.4372079372406, 248.42400598526, 256.3125250339508, 225.9049937725067, 230.26039600372314, 224.15782117843628, 230.68845200538635, 224.4524359703064, 230.9575650691986, 219.76552391052246, 222.24259614944458, 227.0725920200348, 228.80761098861694, 229.80552291870117, 229.12900519371033, 228.1350290775299, 228.80969405174255, 222.5388069152832, 231.3101613521576, 227.06496405601501, 229.22482419013977, 225.74501395225525, 226.456552028656, 244.20262694358826, 225.7142059803009, 229.98651480674744, 230.12312865257263, 224.7356140613556, 225.44578003883362, 228.26749992370605, 224.91592502593994, 225.67937564849854, 235.16631293296814, 229.88793277740479, 230.3023087978363, 226.81831407546997, 228.9016239643097, 230.79607486724854, 246.65371918678284, 232.59648609161377, 229.25835275650024, 229.6994869709015, 231.02860021591187, 280.11039090156555, 273.31836104393005, 282.6476550102234, 273.6420228481293, 246.26788806915283, 232.31591296195984, 227.45345997810364, 229.28835892677307, 229.8522539138794, 234.0699541568756, 225.29525089263916, 227.67138409614563, 264.2704529762268, 351.3027968406677, 331.1570990085602, 333.0271439552307, 329.5622088909149, 267.7906901836395, 244.02984595298767, 237.3824028968811, 227.99398708343506, 237.09410309791565, 234.80760598182678, 239.75440526008606]

-------------Round number: 152-------------

Evaluate global model
Averaged Train Loss: 0.3858
Averaged Test Accurancy: 0.8682
Averaged Test AUC: 0.9745
Std Test Accurancy: 0.0693
Std Test AUC: 0.0145
------------------------- Round is  152 ------------------------- time cost ------------------------- 238.84208464622498
------------------------- Budget is : [851.0159862041473, 747.597101688385, 749.3950757980347, 330.52095890045166, 233.53188562393188, 237.79051613807678, 234.48510479927063, 238.2229518890381, 242.60584592819214, 223.61668825149536, 230.21543717384338, 231.056086063385, 257.8421287536621, 240.15797209739685, 227.73291015625, 222.73093605041504, 240.34417605400085, 232.38708782196045, 229.2259509563446, 235.94315314292908, 234.66389799118042, 230.83648896217346, 230.45425987243652, 234.8525607585907, 236.79091906547546, 226.25344395637512, 230.4469268321991, 225.31712698936462, 231.52774286270142, 238.15003323554993, 235.30017280578613, 235.30817103385925, 226.8762969970703, 247.40836477279663, 236.56913208961487, 239.99431705474854, 230.47901582717896, 234.5268030166626, 236.0567991733551, 234.98214983940125, 232.51492285728455, 228.83365392684937, 231.61347484588623, 227.1500689983368, 227.44782900810242, 231.2380349636078, 242.06183099746704, 245.2459921836853, 230.72104811668396, 231.8699562549591, 232.1072120666504, 232.9659948348999, 233.70126080513, 227.1596109867096, 233.7321240901947, 234.10426497459412, 239.5199489593506, 231.63014101982117, 232.56504917144775, 235.20819973945618, 229.19202589988708, 223.47441411018372, 234.55875992774963, 228.5964982509613, 229.28886914253235, 232.42222499847412, 244.37599682807922, 230.07026481628418, 237.61301708221436, 232.37708711624146, 229.58097410202026, 228.48834419250488, 229.54794883728027, 226.20923113822937, 229.11407899856567, 227.1140661239624, 233.19059991836548, 234.43196392059326, 234.51812291145325, 229.92254495620728, 244.469722032547, 233.39230704307556, 231.37859296798706, 236.25725889205933, 234.84776520729065, 253.4372079372406, 248.42400598526, 256.3125250339508, 225.9049937725067, 230.26039600372314, 224.15782117843628, 230.68845200538635, 224.4524359703064, 230.9575650691986, 219.76552391052246, 222.24259614944458, 227.0725920200348, 228.80761098861694, 229.80552291870117, 229.12900519371033, 228.1350290775299, 228.80969405174255, 222.5388069152832, 231.3101613521576, 227.06496405601501, 229.22482419013977, 225.74501395225525, 226.456552028656, 244.20262694358826, 225.7142059803009, 229.98651480674744, 230.12312865257263, 224.7356140613556, 225.44578003883362, 228.26749992370605, 224.91592502593994, 225.67937564849854, 235.16631293296814, 229.88793277740479, 230.3023087978363, 226.81831407546997, 228.9016239643097, 230.79607486724854, 246.65371918678284, 232.59648609161377, 229.25835275650024, 229.6994869709015, 231.02860021591187, 280.11039090156555, 273.31836104393005, 282.6476550102234, 273.6420228481293, 246.26788806915283, 232.31591296195984, 227.45345997810364, 229.28835892677307, 229.8522539138794, 234.0699541568756, 225.29525089263916, 227.67138409614563, 264.2704529762268, 351.3027968406677, 331.1570990085602, 333.0271439552307, 329.5622088909149, 267.7906901836395, 244.02984595298767, 237.3824028968811, 227.99398708343506, 237.09410309791565, 234.80760598182678, 239.75440526008606, 238.84208464622498]

-------------Round number: 153-------------

Evaluate global model
Averaged Train Loss: 0.4877
Averaged Test Accurancy: 0.8239
Averaged Test AUC: 0.9683
Std Test Accurancy: 0.1506
Std Test AUC: 0.0249
------------------------- Round is  153 ------------------------- time cost ------------------------- 264.3297281265259
------------------------- Budget is : [851.0159862041473, 747.597101688385, 749.3950757980347, 330.52095890045166, 233.53188562393188, 237.79051613807678, 234.48510479927063, 238.2229518890381, 242.60584592819214, 223.61668825149536, 230.21543717384338, 231.056086063385, 257.8421287536621, 240.15797209739685, 227.73291015625, 222.73093605041504, 240.34417605400085, 232.38708782196045, 229.2259509563446, 235.94315314292908, 234.66389799118042, 230.83648896217346, 230.45425987243652, 234.8525607585907, 236.79091906547546, 226.25344395637512, 230.4469268321991, 225.31712698936462, 231.52774286270142, 238.15003323554993, 235.30017280578613, 235.30817103385925, 226.8762969970703, 247.40836477279663, 236.56913208961487, 239.99431705474854, 230.47901582717896, 234.5268030166626, 236.0567991733551, 234.98214983940125, 232.51492285728455, 228.83365392684937, 231.61347484588623, 227.1500689983368, 227.44782900810242, 231.2380349636078, 242.06183099746704, 245.2459921836853, 230.72104811668396, 231.8699562549591, 232.1072120666504, 232.9659948348999, 233.70126080513, 227.1596109867096, 233.7321240901947, 234.10426497459412, 239.5199489593506, 231.63014101982117, 232.56504917144775, 235.20819973945618, 229.19202589988708, 223.47441411018372, 234.55875992774963, 228.5964982509613, 229.28886914253235, 232.42222499847412, 244.37599682807922, 230.07026481628418, 237.61301708221436, 232.37708711624146, 229.58097410202026, 228.48834419250488, 229.54794883728027, 226.20923113822937, 229.11407899856567, 227.1140661239624, 233.19059991836548, 234.43196392059326, 234.51812291145325, 229.92254495620728, 244.469722032547, 233.39230704307556, 231.37859296798706, 236.25725889205933, 234.84776520729065, 253.4372079372406, 248.42400598526, 256.3125250339508, 225.9049937725067, 230.26039600372314, 224.15782117843628, 230.68845200538635, 224.4524359703064, 230.9575650691986, 219.76552391052246, 222.24259614944458, 227.0725920200348, 228.80761098861694, 229.80552291870117, 229.12900519371033, 228.1350290775299, 228.80969405174255, 222.5388069152832, 231.3101613521576, 227.06496405601501, 229.22482419013977, 225.74501395225525, 226.456552028656, 244.20262694358826, 225.7142059803009, 229.98651480674744, 230.12312865257263, 224.7356140613556, 225.44578003883362, 228.26749992370605, 224.91592502593994, 225.67937564849854, 235.16631293296814, 229.88793277740479, 230.3023087978363, 226.81831407546997, 228.9016239643097, 230.79607486724854, 246.65371918678284, 232.59648609161377, 229.25835275650024, 229.6994869709015, 231.02860021591187, 280.11039090156555, 273.31836104393005, 282.6476550102234, 273.6420228481293, 246.26788806915283, 232.31591296195984, 227.45345997810364, 229.28835892677307, 229.8522539138794, 234.0699541568756, 225.29525089263916, 227.67138409614563, 264.2704529762268, 351.3027968406677, 331.1570990085602, 333.0271439552307, 329.5622088909149, 267.7906901836395, 244.02984595298767, 237.3824028968811, 227.99398708343506, 237.09410309791565, 234.80760598182678, 239.75440526008606, 238.84208464622498, 264.3297281265259]

-------------Round number: 154-------------

Evaluate global model
Averaged Train Loss: 0.5137
Averaged Test Accurancy: 0.8050
Averaged Test AUC: 0.9680
Std Test Accurancy: 0.2102
Std Test AUC: 0.0254
------------------------- Round is  154 ------------------------- time cost ------------------------- 233.82910013198853
------------------------- Budget is : [851.0159862041473, 747.597101688385, 749.3950757980347, 330.52095890045166, 233.53188562393188, 237.79051613807678, 234.48510479927063, 238.2229518890381, 242.60584592819214, 223.61668825149536, 230.21543717384338, 231.056086063385, 257.8421287536621, 240.15797209739685, 227.73291015625, 222.73093605041504, 240.34417605400085, 232.38708782196045, 229.2259509563446, 235.94315314292908, 234.66389799118042, 230.83648896217346, 230.45425987243652, 234.8525607585907, 236.79091906547546, 226.25344395637512, 230.4469268321991, 225.31712698936462, 231.52774286270142, 238.15003323554993, 235.30017280578613, 235.30817103385925, 226.8762969970703, 247.40836477279663, 236.56913208961487, 239.99431705474854, 230.47901582717896, 234.5268030166626, 236.0567991733551, 234.98214983940125, 232.51492285728455, 228.83365392684937, 231.61347484588623, 227.1500689983368, 227.44782900810242, 231.2380349636078, 242.06183099746704, 245.2459921836853, 230.72104811668396, 231.8699562549591, 232.1072120666504, 232.9659948348999, 233.70126080513, 227.1596109867096, 233.7321240901947, 234.10426497459412, 239.5199489593506, 231.63014101982117, 232.56504917144775, 235.20819973945618, 229.19202589988708, 223.47441411018372, 234.55875992774963, 228.5964982509613, 229.28886914253235, 232.42222499847412, 244.37599682807922, 230.07026481628418, 237.61301708221436, 232.37708711624146, 229.58097410202026, 228.48834419250488, 229.54794883728027, 226.20923113822937, 229.11407899856567, 227.1140661239624, 233.19059991836548, 234.43196392059326, 234.51812291145325, 229.92254495620728, 244.469722032547, 233.39230704307556, 231.37859296798706, 236.25725889205933, 234.84776520729065, 253.4372079372406, 248.42400598526, 256.3125250339508, 225.9049937725067, 230.26039600372314, 224.15782117843628, 230.68845200538635, 224.4524359703064, 230.9575650691986, 219.76552391052246, 222.24259614944458, 227.0725920200348, 228.80761098861694, 229.80552291870117, 229.12900519371033, 228.1350290775299, 228.80969405174255, 222.5388069152832, 231.3101613521576, 227.06496405601501, 229.22482419013977, 225.74501395225525, 226.456552028656, 244.20262694358826, 225.7142059803009, 229.98651480674744, 230.12312865257263, 224.7356140613556, 225.44578003883362, 228.26749992370605, 224.91592502593994, 225.67937564849854, 235.16631293296814, 229.88793277740479, 230.3023087978363, 226.81831407546997, 228.9016239643097, 230.79607486724854, 246.65371918678284, 232.59648609161377, 229.25835275650024, 229.6994869709015, 231.02860021591187, 280.11039090156555, 273.31836104393005, 282.6476550102234, 273.6420228481293, 246.26788806915283, 232.31591296195984, 227.45345997810364, 229.28835892677307, 229.8522539138794, 234.0699541568756, 225.29525089263916, 227.67138409614563, 264.2704529762268, 351.3027968406677, 331.1570990085602, 333.0271439552307, 329.5622088909149, 267.7906901836395, 244.02984595298767, 237.3824028968811, 227.99398708343506, 237.09410309791565, 234.80760598182678, 239.75440526008606, 238.84208464622498, 264.3297281265259, 233.82910013198853]

-------------Round number: 155-------------

Evaluate global model
Averaged Train Loss: 0.5250
Averaged Test Accurancy: 0.8185
Averaged Test AUC: 0.9669
Std Test Accurancy: 0.1467
Std Test AUC: 0.0256
------------------------- Round is  155 ------------------------- time cost ------------------------- 268.3344488143921
------------------------- Budget is : [851.0159862041473, 747.597101688385, 749.3950757980347, 330.52095890045166, 233.53188562393188, 237.79051613807678, 234.48510479927063, 238.2229518890381, 242.60584592819214, 223.61668825149536, 230.21543717384338, 231.056086063385, 257.8421287536621, 240.15797209739685, 227.73291015625, 222.73093605041504, 240.34417605400085, 232.38708782196045, 229.2259509563446, 235.94315314292908, 234.66389799118042, 230.83648896217346, 230.45425987243652, 234.8525607585907, 236.79091906547546, 226.25344395637512, 230.4469268321991, 225.31712698936462, 231.52774286270142, 238.15003323554993, 235.30017280578613, 235.30817103385925, 226.8762969970703, 247.40836477279663, 236.56913208961487, 239.99431705474854, 230.47901582717896, 234.5268030166626, 236.0567991733551, 234.98214983940125, 232.51492285728455, 228.83365392684937, 231.61347484588623, 227.1500689983368, 227.44782900810242, 231.2380349636078, 242.06183099746704, 245.2459921836853, 230.72104811668396, 231.8699562549591, 232.1072120666504, 232.9659948348999, 233.70126080513, 227.1596109867096, 233.7321240901947, 234.10426497459412, 239.5199489593506, 231.63014101982117, 232.56504917144775, 235.20819973945618, 229.19202589988708, 223.47441411018372, 234.55875992774963, 228.5964982509613, 229.28886914253235, 232.42222499847412, 244.37599682807922, 230.07026481628418, 237.61301708221436, 232.37708711624146, 229.58097410202026, 228.48834419250488, 229.54794883728027, 226.20923113822937, 229.11407899856567, 227.1140661239624, 233.19059991836548, 234.43196392059326, 234.51812291145325, 229.92254495620728, 244.469722032547, 233.39230704307556, 231.37859296798706, 236.25725889205933, 234.84776520729065, 253.4372079372406, 248.42400598526, 256.3125250339508, 225.9049937725067, 230.26039600372314, 224.15782117843628, 230.68845200538635, 224.4524359703064, 230.9575650691986, 219.76552391052246, 222.24259614944458, 227.0725920200348, 228.80761098861694, 229.80552291870117, 229.12900519371033, 228.1350290775299, 228.80969405174255, 222.5388069152832, 231.3101613521576, 227.06496405601501, 229.22482419013977, 225.74501395225525, 226.456552028656, 244.20262694358826, 225.7142059803009, 229.98651480674744, 230.12312865257263, 224.7356140613556, 225.44578003883362, 228.26749992370605, 224.91592502593994, 225.67937564849854, 235.16631293296814, 229.88793277740479, 230.3023087978363, 226.81831407546997, 228.9016239643097, 230.79607486724854, 246.65371918678284, 232.59648609161377, 229.25835275650024, 229.6994869709015, 231.02860021591187, 280.11039090156555, 273.31836104393005, 282.6476550102234, 273.6420228481293, 246.26788806915283, 232.31591296195984, 227.45345997810364, 229.28835892677307, 229.8522539138794, 234.0699541568756, 225.29525089263916, 227.67138409614563, 264.2704529762268, 351.3027968406677, 331.1570990085602, 333.0271439552307, 329.5622088909149, 267.7906901836395, 244.02984595298767, 237.3824028968811, 227.99398708343506, 237.09410309791565, 234.80760598182678, 239.75440526008606, 238.84208464622498, 264.3297281265259, 233.82910013198853, 268.3344488143921]

-------------Round number: 156-------------

Evaluate global model
Averaged Train Loss: 0.4845
Averaged Test Accurancy: 0.8418
Averaged Test AUC: 0.9673
Std Test Accurancy: 0.1146
Std Test AUC: 0.0249
------------------------- Round is  156 ------------------------- time cost ------------------------- 75.84658622741699
------------------------- Budget is : [851.0159862041473, 747.597101688385, 749.3950757980347, 330.52095890045166, 233.53188562393188, 237.79051613807678, 234.48510479927063, 238.2229518890381, 242.60584592819214, 223.61668825149536, 230.21543717384338, 231.056086063385, 257.8421287536621, 240.15797209739685, 227.73291015625, 222.73093605041504, 240.34417605400085, 232.38708782196045, 229.2259509563446, 235.94315314292908, 234.66389799118042, 230.83648896217346, 230.45425987243652, 234.8525607585907, 236.79091906547546, 226.25344395637512, 230.4469268321991, 225.31712698936462, 231.52774286270142, 238.15003323554993, 235.30017280578613, 235.30817103385925, 226.8762969970703, 247.40836477279663, 236.56913208961487, 239.99431705474854, 230.47901582717896, 234.5268030166626, 236.0567991733551, 234.98214983940125, 232.51492285728455, 228.83365392684937, 231.61347484588623, 227.1500689983368, 227.44782900810242, 231.2380349636078, 242.06183099746704, 245.2459921836853, 230.72104811668396, 231.8699562549591, 232.1072120666504, 232.9659948348999, 233.70126080513, 227.1596109867096, 233.7321240901947, 234.10426497459412, 239.5199489593506, 231.63014101982117, 232.56504917144775, 235.20819973945618, 229.19202589988708, 223.47441411018372, 234.55875992774963, 228.5964982509613, 229.28886914253235, 232.42222499847412, 244.37599682807922, 230.07026481628418, 237.61301708221436, 232.37708711624146, 229.58097410202026, 228.48834419250488, 229.54794883728027, 226.20923113822937, 229.11407899856567, 227.1140661239624, 233.19059991836548, 234.43196392059326, 234.51812291145325, 229.92254495620728, 244.469722032547, 233.39230704307556, 231.37859296798706, 236.25725889205933, 234.84776520729065, 253.4372079372406, 248.42400598526, 256.3125250339508, 225.9049937725067, 230.26039600372314, 224.15782117843628, 230.68845200538635, 224.4524359703064, 230.9575650691986, 219.76552391052246, 222.24259614944458, 227.0725920200348, 228.80761098861694, 229.80552291870117, 229.12900519371033, 228.1350290775299, 228.80969405174255, 222.5388069152832, 231.3101613521576, 227.06496405601501, 229.22482419013977, 225.74501395225525, 226.456552028656, 244.20262694358826, 225.7142059803009, 229.98651480674744, 230.12312865257263, 224.7356140613556, 225.44578003883362, 228.26749992370605, 224.91592502593994, 225.67937564849854, 235.16631293296814, 229.88793277740479, 230.3023087978363, 226.81831407546997, 228.9016239643097, 230.79607486724854, 246.65371918678284, 232.59648609161377, 229.25835275650024, 229.6994869709015, 231.02860021591187, 280.11039090156555, 273.31836104393005, 282.6476550102234, 273.6420228481293, 246.26788806915283, 232.31591296195984, 227.45345997810364, 229.28835892677307, 229.8522539138794, 234.0699541568756, 225.29525089263916, 227.67138409614563, 264.2704529762268, 351.3027968406677, 331.1570990085602, 333.0271439552307, 329.5622088909149, 267.7906901836395, 244.02984595298767, 237.3824028968811, 227.99398708343506, 237.09410309791565, 234.80760598182678, 239.75440526008606, 238.84208464622498, 264.3297281265259, 233.82910013198853, 268.3344488143921, 75.84658622741699]

-------------Round number: 157-------------

Evaluate global model
Averaged Train Loss: 0.6489
Averaged Test Accurancy: 0.7957
Averaged Test AUC: 0.9636
Std Test Accurancy: 0.1384
Std Test AUC: 0.0268
------------------------- Round is  157 ------------------------- time cost ------------------------- 43.69669032096863
------------------------- Budget is : [851.0159862041473, 747.597101688385, 749.3950757980347, 330.52095890045166, 233.53188562393188, 237.79051613807678, 234.48510479927063, 238.2229518890381, 242.60584592819214, 223.61668825149536, 230.21543717384338, 231.056086063385, 257.8421287536621, 240.15797209739685, 227.73291015625, 222.73093605041504, 240.34417605400085, 232.38708782196045, 229.2259509563446, 235.94315314292908, 234.66389799118042, 230.83648896217346, 230.45425987243652, 234.8525607585907, 236.79091906547546, 226.25344395637512, 230.4469268321991, 225.31712698936462, 231.52774286270142, 238.15003323554993, 235.30017280578613, 235.30817103385925, 226.8762969970703, 247.40836477279663, 236.56913208961487, 239.99431705474854, 230.47901582717896, 234.5268030166626, 236.0567991733551, 234.98214983940125, 232.51492285728455, 228.83365392684937, 231.61347484588623, 227.1500689983368, 227.44782900810242, 231.2380349636078, 242.06183099746704, 245.2459921836853, 230.72104811668396, 231.8699562549591, 232.1072120666504, 232.9659948348999, 233.70126080513, 227.1596109867096, 233.7321240901947, 234.10426497459412, 239.5199489593506, 231.63014101982117, 232.56504917144775, 235.20819973945618, 229.19202589988708, 223.47441411018372, 234.55875992774963, 228.5964982509613, 229.28886914253235, 232.42222499847412, 244.37599682807922, 230.07026481628418, 237.61301708221436, 232.37708711624146, 229.58097410202026, 228.48834419250488, 229.54794883728027, 226.20923113822937, 229.11407899856567, 227.1140661239624, 233.19059991836548, 234.43196392059326, 234.51812291145325, 229.92254495620728, 244.469722032547, 233.39230704307556, 231.37859296798706, 236.25725889205933, 234.84776520729065, 253.4372079372406, 248.42400598526, 256.3125250339508, 225.9049937725067, 230.26039600372314, 224.15782117843628, 230.68845200538635, 224.4524359703064, 230.9575650691986, 219.76552391052246, 222.24259614944458, 227.0725920200348, 228.80761098861694, 229.80552291870117, 229.12900519371033, 228.1350290775299, 228.80969405174255, 222.5388069152832, 231.3101613521576, 227.06496405601501, 229.22482419013977, 225.74501395225525, 226.456552028656, 244.20262694358826, 225.7142059803009, 229.98651480674744, 230.12312865257263, 224.7356140613556, 225.44578003883362, 228.26749992370605, 224.91592502593994, 225.67937564849854, 235.16631293296814, 229.88793277740479, 230.3023087978363, 226.81831407546997, 228.9016239643097, 230.79607486724854, 246.65371918678284, 232.59648609161377, 229.25835275650024, 229.6994869709015, 231.02860021591187, 280.11039090156555, 273.31836104393005, 282.6476550102234, 273.6420228481293, 246.26788806915283, 232.31591296195984, 227.45345997810364, 229.28835892677307, 229.8522539138794, 234.0699541568756, 225.29525089263916, 227.67138409614563, 264.2704529762268, 351.3027968406677, 331.1570990085602, 333.0271439552307, 329.5622088909149, 267.7906901836395, 244.02984595298767, 237.3824028968811, 227.99398708343506, 237.09410309791565, 234.80760598182678, 239.75440526008606, 238.84208464622498, 264.3297281265259, 233.82910013198853, 268.3344488143921, 75.84658622741699, 43.69669032096863]

-------------Round number: 158-------------

Evaluate global model
Averaged Train Loss: 0.6743
Averaged Test Accurancy: 0.7881
Averaged Test AUC: 0.9585
Std Test Accurancy: 0.2038
Std Test AUC: 0.0478
------------------------- Round is  158 ------------------------- time cost ------------------------- 45.436899185180664
------------------------- Budget is : [851.0159862041473, 747.597101688385, 749.3950757980347, 330.52095890045166, 233.53188562393188, 237.79051613807678, 234.48510479927063, 238.2229518890381, 242.60584592819214, 223.61668825149536, 230.21543717384338, 231.056086063385, 257.8421287536621, 240.15797209739685, 227.73291015625, 222.73093605041504, 240.34417605400085, 232.38708782196045, 229.2259509563446, 235.94315314292908, 234.66389799118042, 230.83648896217346, 230.45425987243652, 234.8525607585907, 236.79091906547546, 226.25344395637512, 230.4469268321991, 225.31712698936462, 231.52774286270142, 238.15003323554993, 235.30017280578613, 235.30817103385925, 226.8762969970703, 247.40836477279663, 236.56913208961487, 239.99431705474854, 230.47901582717896, 234.5268030166626, 236.0567991733551, 234.98214983940125, 232.51492285728455, 228.83365392684937, 231.61347484588623, 227.1500689983368, 227.44782900810242, 231.2380349636078, 242.06183099746704, 245.2459921836853, 230.72104811668396, 231.8699562549591, 232.1072120666504, 232.9659948348999, 233.70126080513, 227.1596109867096, 233.7321240901947, 234.10426497459412, 239.5199489593506, 231.63014101982117, 232.56504917144775, 235.20819973945618, 229.19202589988708, 223.47441411018372, 234.55875992774963, 228.5964982509613, 229.28886914253235, 232.42222499847412, 244.37599682807922, 230.07026481628418, 237.61301708221436, 232.37708711624146, 229.58097410202026, 228.48834419250488, 229.54794883728027, 226.20923113822937, 229.11407899856567, 227.1140661239624, 233.19059991836548, 234.43196392059326, 234.51812291145325, 229.92254495620728, 244.469722032547, 233.39230704307556, 231.37859296798706, 236.25725889205933, 234.84776520729065, 253.4372079372406, 248.42400598526, 256.3125250339508, 225.9049937725067, 230.26039600372314, 224.15782117843628, 230.68845200538635, 224.4524359703064, 230.9575650691986, 219.76552391052246, 222.24259614944458, 227.0725920200348, 228.80761098861694, 229.80552291870117, 229.12900519371033, 228.1350290775299, 228.80969405174255, 222.5388069152832, 231.3101613521576, 227.06496405601501, 229.22482419013977, 225.74501395225525, 226.456552028656, 244.20262694358826, 225.7142059803009, 229.98651480674744, 230.12312865257263, 224.7356140613556, 225.44578003883362, 228.26749992370605, 224.91592502593994, 225.67937564849854, 235.16631293296814, 229.88793277740479, 230.3023087978363, 226.81831407546997, 228.9016239643097, 230.79607486724854, 246.65371918678284, 232.59648609161377, 229.25835275650024, 229.6994869709015, 231.02860021591187, 280.11039090156555, 273.31836104393005, 282.6476550102234, 273.6420228481293, 246.26788806915283, 232.31591296195984, 227.45345997810364, 229.28835892677307, 229.8522539138794, 234.0699541568756, 225.29525089263916, 227.67138409614563, 264.2704529762268, 351.3027968406677, 331.1570990085602, 333.0271439552307, 329.5622088909149, 267.7906901836395, 244.02984595298767, 237.3824028968811, 227.99398708343506, 237.09410309791565, 234.80760598182678, 239.75440526008606, 238.84208464622498, 264.3297281265259, 233.82910013198853, 268.3344488143921, 75.84658622741699, 43.69669032096863, 45.436899185180664]

-------------Round number: 159-------------

Evaluate global model
Averaged Train Loss: 0.4190
Averaged Test Accurancy: 0.8557
Averaged Test AUC: 0.9723
Std Test Accurancy: 0.1225
Std Test AUC: 0.0238
------------------------- Round is  159 ------------------------- time cost ------------------------- 44.29995393753052
------------------------- Budget is : [851.0159862041473, 747.597101688385, 749.3950757980347, 330.52095890045166, 233.53188562393188, 237.79051613807678, 234.48510479927063, 238.2229518890381, 242.60584592819214, 223.61668825149536, 230.21543717384338, 231.056086063385, 257.8421287536621, 240.15797209739685, 227.73291015625, 222.73093605041504, 240.34417605400085, 232.38708782196045, 229.2259509563446, 235.94315314292908, 234.66389799118042, 230.83648896217346, 230.45425987243652, 234.8525607585907, 236.79091906547546, 226.25344395637512, 230.4469268321991, 225.31712698936462, 231.52774286270142, 238.15003323554993, 235.30017280578613, 235.30817103385925, 226.8762969970703, 247.40836477279663, 236.56913208961487, 239.99431705474854, 230.47901582717896, 234.5268030166626, 236.0567991733551, 234.98214983940125, 232.51492285728455, 228.83365392684937, 231.61347484588623, 227.1500689983368, 227.44782900810242, 231.2380349636078, 242.06183099746704, 245.2459921836853, 230.72104811668396, 231.8699562549591, 232.1072120666504, 232.9659948348999, 233.70126080513, 227.1596109867096, 233.7321240901947, 234.10426497459412, 239.5199489593506, 231.63014101982117, 232.56504917144775, 235.20819973945618, 229.19202589988708, 223.47441411018372, 234.55875992774963, 228.5964982509613, 229.28886914253235, 232.42222499847412, 244.37599682807922, 230.07026481628418, 237.61301708221436, 232.37708711624146, 229.58097410202026, 228.48834419250488, 229.54794883728027, 226.20923113822937, 229.11407899856567, 227.1140661239624, 233.19059991836548, 234.43196392059326, 234.51812291145325, 229.92254495620728, 244.469722032547, 233.39230704307556, 231.37859296798706, 236.25725889205933, 234.84776520729065, 253.4372079372406, 248.42400598526, 256.3125250339508, 225.9049937725067, 230.26039600372314, 224.15782117843628, 230.68845200538635, 224.4524359703064, 230.9575650691986, 219.76552391052246, 222.24259614944458, 227.0725920200348, 228.80761098861694, 229.80552291870117, 229.12900519371033, 228.1350290775299, 228.80969405174255, 222.5388069152832, 231.3101613521576, 227.06496405601501, 229.22482419013977, 225.74501395225525, 226.456552028656, 244.20262694358826, 225.7142059803009, 229.98651480674744, 230.12312865257263, 224.7356140613556, 225.44578003883362, 228.26749992370605, 224.91592502593994, 225.67937564849854, 235.16631293296814, 229.88793277740479, 230.3023087978363, 226.81831407546997, 228.9016239643097, 230.79607486724854, 246.65371918678284, 232.59648609161377, 229.25835275650024, 229.6994869709015, 231.02860021591187, 280.11039090156555, 273.31836104393005, 282.6476550102234, 273.6420228481293, 246.26788806915283, 232.31591296195984, 227.45345997810364, 229.28835892677307, 229.8522539138794, 234.0699541568756, 225.29525089263916, 227.67138409614563, 264.2704529762268, 351.3027968406677, 331.1570990085602, 333.0271439552307, 329.5622088909149, 267.7906901836395, 244.02984595298767, 237.3824028968811, 227.99398708343506, 237.09410309791565, 234.80760598182678, 239.75440526008606, 238.84208464622498, 264.3297281265259, 233.82910013198853, 268.3344488143921, 75.84658622741699, 43.69669032096863, 45.436899185180664, 44.29995393753052]

-------------Round number: 160-------------

Evaluate global model
Averaged Train Loss: 0.4809
Averaged Test Accurancy: 0.8371
Averaged Test AUC: 0.9676
Std Test Accurancy: 0.1419
Std Test AUC: 0.0295
------------------------- Round is  160 ------------------------- time cost ------------------------- 40.04345393180847
------------------------- Budget is : [851.0159862041473, 747.597101688385, 749.3950757980347, 330.52095890045166, 233.53188562393188, 237.79051613807678, 234.48510479927063, 238.2229518890381, 242.60584592819214, 223.61668825149536, 230.21543717384338, 231.056086063385, 257.8421287536621, 240.15797209739685, 227.73291015625, 222.73093605041504, 240.34417605400085, 232.38708782196045, 229.2259509563446, 235.94315314292908, 234.66389799118042, 230.83648896217346, 230.45425987243652, 234.8525607585907, 236.79091906547546, 226.25344395637512, 230.4469268321991, 225.31712698936462, 231.52774286270142, 238.15003323554993, 235.30017280578613, 235.30817103385925, 226.8762969970703, 247.40836477279663, 236.56913208961487, 239.99431705474854, 230.47901582717896, 234.5268030166626, 236.0567991733551, 234.98214983940125, 232.51492285728455, 228.83365392684937, 231.61347484588623, 227.1500689983368, 227.44782900810242, 231.2380349636078, 242.06183099746704, 245.2459921836853, 230.72104811668396, 231.8699562549591, 232.1072120666504, 232.9659948348999, 233.70126080513, 227.1596109867096, 233.7321240901947, 234.10426497459412, 239.5199489593506, 231.63014101982117, 232.56504917144775, 235.20819973945618, 229.19202589988708, 223.47441411018372, 234.55875992774963, 228.5964982509613, 229.28886914253235, 232.42222499847412, 244.37599682807922, 230.07026481628418, 237.61301708221436, 232.37708711624146, 229.58097410202026, 228.48834419250488, 229.54794883728027, 226.20923113822937, 229.11407899856567, 227.1140661239624, 233.19059991836548, 234.43196392059326, 234.51812291145325, 229.92254495620728, 244.469722032547, 233.39230704307556, 231.37859296798706, 236.25725889205933, 234.84776520729065, 253.4372079372406, 248.42400598526, 256.3125250339508, 225.9049937725067, 230.26039600372314, 224.15782117843628, 230.68845200538635, 224.4524359703064, 230.9575650691986, 219.76552391052246, 222.24259614944458, 227.0725920200348, 228.80761098861694, 229.80552291870117, 229.12900519371033, 228.1350290775299, 228.80969405174255, 222.5388069152832, 231.3101613521576, 227.06496405601501, 229.22482419013977, 225.74501395225525, 226.456552028656, 244.20262694358826, 225.7142059803009, 229.98651480674744, 230.12312865257263, 224.7356140613556, 225.44578003883362, 228.26749992370605, 224.91592502593994, 225.67937564849854, 235.16631293296814, 229.88793277740479, 230.3023087978363, 226.81831407546997, 228.9016239643097, 230.79607486724854, 246.65371918678284, 232.59648609161377, 229.25835275650024, 229.6994869709015, 231.02860021591187, 280.11039090156555, 273.31836104393005, 282.6476550102234, 273.6420228481293, 246.26788806915283, 232.31591296195984, 227.45345997810364, 229.28835892677307, 229.8522539138794, 234.0699541568756, 225.29525089263916, 227.67138409614563, 264.2704529762268, 351.3027968406677, 331.1570990085602, 333.0271439552307, 329.5622088909149, 267.7906901836395, 244.02984595298767, 237.3824028968811, 227.99398708343506, 237.09410309791565, 234.80760598182678, 239.75440526008606, 238.84208464622498, 264.3297281265259, 233.82910013198853, 268.3344488143921, 75.84658622741699, 43.69669032096863, 45.436899185180664, 44.29995393753052, 40.04345393180847]

-------------Round number: 161-------------

Evaluate global model
Averaged Train Loss: 0.6300
Averaged Test Accurancy: 0.8010
Averaged Test AUC: 0.9589
Std Test Accurancy: 0.2012
Std Test AUC: 0.0463
------------------------- Round is  161 ------------------------- time cost ------------------------- 40.67897915840149
------------------------- Budget is : [851.0159862041473, 747.597101688385, 749.3950757980347, 330.52095890045166, 233.53188562393188, 237.79051613807678, 234.48510479927063, 238.2229518890381, 242.60584592819214, 223.61668825149536, 230.21543717384338, 231.056086063385, 257.8421287536621, 240.15797209739685, 227.73291015625, 222.73093605041504, 240.34417605400085, 232.38708782196045, 229.2259509563446, 235.94315314292908, 234.66389799118042, 230.83648896217346, 230.45425987243652, 234.8525607585907, 236.79091906547546, 226.25344395637512, 230.4469268321991, 225.31712698936462, 231.52774286270142, 238.15003323554993, 235.30017280578613, 235.30817103385925, 226.8762969970703, 247.40836477279663, 236.56913208961487, 239.99431705474854, 230.47901582717896, 234.5268030166626, 236.0567991733551, 234.98214983940125, 232.51492285728455, 228.83365392684937, 231.61347484588623, 227.1500689983368, 227.44782900810242, 231.2380349636078, 242.06183099746704, 245.2459921836853, 230.72104811668396, 231.8699562549591, 232.1072120666504, 232.9659948348999, 233.70126080513, 227.1596109867096, 233.7321240901947, 234.10426497459412, 239.5199489593506, 231.63014101982117, 232.56504917144775, 235.20819973945618, 229.19202589988708, 223.47441411018372, 234.55875992774963, 228.5964982509613, 229.28886914253235, 232.42222499847412, 244.37599682807922, 230.07026481628418, 237.61301708221436, 232.37708711624146, 229.58097410202026, 228.48834419250488, 229.54794883728027, 226.20923113822937, 229.11407899856567, 227.1140661239624, 233.19059991836548, 234.43196392059326, 234.51812291145325, 229.92254495620728, 244.469722032547, 233.39230704307556, 231.37859296798706, 236.25725889205933, 234.84776520729065, 253.4372079372406, 248.42400598526, 256.3125250339508, 225.9049937725067, 230.26039600372314, 224.15782117843628, 230.68845200538635, 224.4524359703064, 230.9575650691986, 219.76552391052246, 222.24259614944458, 227.0725920200348, 228.80761098861694, 229.80552291870117, 229.12900519371033, 228.1350290775299, 228.80969405174255, 222.5388069152832, 231.3101613521576, 227.06496405601501, 229.22482419013977, 225.74501395225525, 226.456552028656, 244.20262694358826, 225.7142059803009, 229.98651480674744, 230.12312865257263, 224.7356140613556, 225.44578003883362, 228.26749992370605, 224.91592502593994, 225.67937564849854, 235.16631293296814, 229.88793277740479, 230.3023087978363, 226.81831407546997, 228.9016239643097, 230.79607486724854, 246.65371918678284, 232.59648609161377, 229.25835275650024, 229.6994869709015, 231.02860021591187, 280.11039090156555, 273.31836104393005, 282.6476550102234, 273.6420228481293, 246.26788806915283, 232.31591296195984, 227.45345997810364, 229.28835892677307, 229.8522539138794, 234.0699541568756, 225.29525089263916, 227.67138409614563, 264.2704529762268, 351.3027968406677, 331.1570990085602, 333.0271439552307, 329.5622088909149, 267.7906901836395, 244.02984595298767, 237.3824028968811, 227.99398708343506, 237.09410309791565, 234.80760598182678, 239.75440526008606, 238.84208464622498, 264.3297281265259, 233.82910013198853, 268.3344488143921, 75.84658622741699, 43.69669032096863, 45.436899185180664, 44.29995393753052, 40.04345393180847, 40.67897915840149]

-------------Round number: 162-------------

Evaluate global model
Averaged Train Loss: 0.3662
Averaged Test Accurancy: 0.8717
Averaged Test AUC: 0.9755
Std Test Accurancy: 0.0665
Std Test AUC: 0.0136
------------------------- Round is  162 ------------------------- time cost ------------------------- 40.58713221549988
------------------------- Budget is : [851.0159862041473, 747.597101688385, 749.3950757980347, 330.52095890045166, 233.53188562393188, 237.79051613807678, 234.48510479927063, 238.2229518890381, 242.60584592819214, 223.61668825149536, 230.21543717384338, 231.056086063385, 257.8421287536621, 240.15797209739685, 227.73291015625, 222.73093605041504, 240.34417605400085, 232.38708782196045, 229.2259509563446, 235.94315314292908, 234.66389799118042, 230.83648896217346, 230.45425987243652, 234.8525607585907, 236.79091906547546, 226.25344395637512, 230.4469268321991, 225.31712698936462, 231.52774286270142, 238.15003323554993, 235.30017280578613, 235.30817103385925, 226.8762969970703, 247.40836477279663, 236.56913208961487, 239.99431705474854, 230.47901582717896, 234.5268030166626, 236.0567991733551, 234.98214983940125, 232.51492285728455, 228.83365392684937, 231.61347484588623, 227.1500689983368, 227.44782900810242, 231.2380349636078, 242.06183099746704, 245.2459921836853, 230.72104811668396, 231.8699562549591, 232.1072120666504, 232.9659948348999, 233.70126080513, 227.1596109867096, 233.7321240901947, 234.10426497459412, 239.5199489593506, 231.63014101982117, 232.56504917144775, 235.20819973945618, 229.19202589988708, 223.47441411018372, 234.55875992774963, 228.5964982509613, 229.28886914253235, 232.42222499847412, 244.37599682807922, 230.07026481628418, 237.61301708221436, 232.37708711624146, 229.58097410202026, 228.48834419250488, 229.54794883728027, 226.20923113822937, 229.11407899856567, 227.1140661239624, 233.19059991836548, 234.43196392059326, 234.51812291145325, 229.92254495620728, 244.469722032547, 233.39230704307556, 231.37859296798706, 236.25725889205933, 234.84776520729065, 253.4372079372406, 248.42400598526, 256.3125250339508, 225.9049937725067, 230.26039600372314, 224.15782117843628, 230.68845200538635, 224.4524359703064, 230.9575650691986, 219.76552391052246, 222.24259614944458, 227.0725920200348, 228.80761098861694, 229.80552291870117, 229.12900519371033, 228.1350290775299, 228.80969405174255, 222.5388069152832, 231.3101613521576, 227.06496405601501, 229.22482419013977, 225.74501395225525, 226.456552028656, 244.20262694358826, 225.7142059803009, 229.98651480674744, 230.12312865257263, 224.7356140613556, 225.44578003883362, 228.26749992370605, 224.91592502593994, 225.67937564849854, 235.16631293296814, 229.88793277740479, 230.3023087978363, 226.81831407546997, 228.9016239643097, 230.79607486724854, 246.65371918678284, 232.59648609161377, 229.25835275650024, 229.6994869709015, 231.02860021591187, 280.11039090156555, 273.31836104393005, 282.6476550102234, 273.6420228481293, 246.26788806915283, 232.31591296195984, 227.45345997810364, 229.28835892677307, 229.8522539138794, 234.0699541568756, 225.29525089263916, 227.67138409614563, 264.2704529762268, 351.3027968406677, 331.1570990085602, 333.0271439552307, 329.5622088909149, 267.7906901836395, 244.02984595298767, 237.3824028968811, 227.99398708343506, 237.09410309791565, 234.80760598182678, 239.75440526008606, 238.84208464622498, 264.3297281265259, 233.82910013198853, 268.3344488143921, 75.84658622741699, 43.69669032096863, 45.436899185180664, 44.29995393753052, 40.04345393180847, 40.67897915840149, 40.58713221549988]

-------------Round number: 163-------------

Evaluate global model
Averaged Train Loss: 0.5338
Averaged Test Accurancy: 0.8099
Averaged Test AUC: 0.9688
Std Test Accurancy: 0.1564
Std Test AUC: 0.0230
------------------------- Round is  163 ------------------------- time cost ------------------------- 39.917593240737915
------------------------- Budget is : [851.0159862041473, 747.597101688385, 749.3950757980347, 330.52095890045166, 233.53188562393188, 237.79051613807678, 234.48510479927063, 238.2229518890381, 242.60584592819214, 223.61668825149536, 230.21543717384338, 231.056086063385, 257.8421287536621, 240.15797209739685, 227.73291015625, 222.73093605041504, 240.34417605400085, 232.38708782196045, 229.2259509563446, 235.94315314292908, 234.66389799118042, 230.83648896217346, 230.45425987243652, 234.8525607585907, 236.79091906547546, 226.25344395637512, 230.4469268321991, 225.31712698936462, 231.52774286270142, 238.15003323554993, 235.30017280578613, 235.30817103385925, 226.8762969970703, 247.40836477279663, 236.56913208961487, 239.99431705474854, 230.47901582717896, 234.5268030166626, 236.0567991733551, 234.98214983940125, 232.51492285728455, 228.83365392684937, 231.61347484588623, 227.1500689983368, 227.44782900810242, 231.2380349636078, 242.06183099746704, 245.2459921836853, 230.72104811668396, 231.8699562549591, 232.1072120666504, 232.9659948348999, 233.70126080513, 227.1596109867096, 233.7321240901947, 234.10426497459412, 239.5199489593506, 231.63014101982117, 232.56504917144775, 235.20819973945618, 229.19202589988708, 223.47441411018372, 234.55875992774963, 228.5964982509613, 229.28886914253235, 232.42222499847412, 244.37599682807922, 230.07026481628418, 237.61301708221436, 232.37708711624146, 229.58097410202026, 228.48834419250488, 229.54794883728027, 226.20923113822937, 229.11407899856567, 227.1140661239624, 233.19059991836548, 234.43196392059326, 234.51812291145325, 229.92254495620728, 244.469722032547, 233.39230704307556, 231.37859296798706, 236.25725889205933, 234.84776520729065, 253.4372079372406, 248.42400598526, 256.3125250339508, 225.9049937725067, 230.26039600372314, 224.15782117843628, 230.68845200538635, 224.4524359703064, 230.9575650691986, 219.76552391052246, 222.24259614944458, 227.0725920200348, 228.80761098861694, 229.80552291870117, 229.12900519371033, 228.1350290775299, 228.80969405174255, 222.5388069152832, 231.3101613521576, 227.06496405601501, 229.22482419013977, 225.74501395225525, 226.456552028656, 244.20262694358826, 225.7142059803009, 229.98651480674744, 230.12312865257263, 224.7356140613556, 225.44578003883362, 228.26749992370605, 224.91592502593994, 225.67937564849854, 235.16631293296814, 229.88793277740479, 230.3023087978363, 226.81831407546997, 228.9016239643097, 230.79607486724854, 246.65371918678284, 232.59648609161377, 229.25835275650024, 229.6994869709015, 231.02860021591187, 280.11039090156555, 273.31836104393005, 282.6476550102234, 273.6420228481293, 246.26788806915283, 232.31591296195984, 227.45345997810364, 229.28835892677307, 229.8522539138794, 234.0699541568756, 225.29525089263916, 227.67138409614563, 264.2704529762268, 351.3027968406677, 331.1570990085602, 333.0271439552307, 329.5622088909149, 267.7906901836395, 244.02984595298767, 237.3824028968811, 227.99398708343506, 237.09410309791565, 234.80760598182678, 239.75440526008606, 238.84208464622498, 264.3297281265259, 233.82910013198853, 268.3344488143921, 75.84658622741699, 43.69669032096863, 45.436899185180664, 44.29995393753052, 40.04345393180847, 40.67897915840149, 40.58713221549988, 39.917593240737915]

-------------Round number: 164-------------

Evaluate global model
Averaged Train Loss: 0.4607
Averaged Test Accurancy: 0.8435
Averaged Test AUC: 0.9701
Std Test Accurancy: 0.1290
Std Test AUC: 0.0238
------------------------- Round is  164 ------------------------- time cost ------------------------- 39.76567077636719
------------------------- Budget is : [851.0159862041473, 747.597101688385, 749.3950757980347, 330.52095890045166, 233.53188562393188, 237.79051613807678, 234.48510479927063, 238.2229518890381, 242.60584592819214, 223.61668825149536, 230.21543717384338, 231.056086063385, 257.8421287536621, 240.15797209739685, 227.73291015625, 222.73093605041504, 240.34417605400085, 232.38708782196045, 229.2259509563446, 235.94315314292908, 234.66389799118042, 230.83648896217346, 230.45425987243652, 234.8525607585907, 236.79091906547546, 226.25344395637512, 230.4469268321991, 225.31712698936462, 231.52774286270142, 238.15003323554993, 235.30017280578613, 235.30817103385925, 226.8762969970703, 247.40836477279663, 236.56913208961487, 239.99431705474854, 230.47901582717896, 234.5268030166626, 236.0567991733551, 234.98214983940125, 232.51492285728455, 228.83365392684937, 231.61347484588623, 227.1500689983368, 227.44782900810242, 231.2380349636078, 242.06183099746704, 245.2459921836853, 230.72104811668396, 231.8699562549591, 232.1072120666504, 232.9659948348999, 233.70126080513, 227.1596109867096, 233.7321240901947, 234.10426497459412, 239.5199489593506, 231.63014101982117, 232.56504917144775, 235.20819973945618, 229.19202589988708, 223.47441411018372, 234.55875992774963, 228.5964982509613, 229.28886914253235, 232.42222499847412, 244.37599682807922, 230.07026481628418, 237.61301708221436, 232.37708711624146, 229.58097410202026, 228.48834419250488, 229.54794883728027, 226.20923113822937, 229.11407899856567, 227.1140661239624, 233.19059991836548, 234.43196392059326, 234.51812291145325, 229.92254495620728, 244.469722032547, 233.39230704307556, 231.37859296798706, 236.25725889205933, 234.84776520729065, 253.4372079372406, 248.42400598526, 256.3125250339508, 225.9049937725067, 230.26039600372314, 224.15782117843628, 230.68845200538635, 224.4524359703064, 230.9575650691986, 219.76552391052246, 222.24259614944458, 227.0725920200348, 228.80761098861694, 229.80552291870117, 229.12900519371033, 228.1350290775299, 228.80969405174255, 222.5388069152832, 231.3101613521576, 227.06496405601501, 229.22482419013977, 225.74501395225525, 226.456552028656, 244.20262694358826, 225.7142059803009, 229.98651480674744, 230.12312865257263, 224.7356140613556, 225.44578003883362, 228.26749992370605, 224.91592502593994, 225.67937564849854, 235.16631293296814, 229.88793277740479, 230.3023087978363, 226.81831407546997, 228.9016239643097, 230.79607486724854, 246.65371918678284, 232.59648609161377, 229.25835275650024, 229.6994869709015, 231.02860021591187, 280.11039090156555, 273.31836104393005, 282.6476550102234, 273.6420228481293, 246.26788806915283, 232.31591296195984, 227.45345997810364, 229.28835892677307, 229.8522539138794, 234.0699541568756, 225.29525089263916, 227.67138409614563, 264.2704529762268, 351.3027968406677, 331.1570990085602, 333.0271439552307, 329.5622088909149, 267.7906901836395, 244.02984595298767, 237.3824028968811, 227.99398708343506, 237.09410309791565, 234.80760598182678, 239.75440526008606, 238.84208464622498, 264.3297281265259, 233.82910013198853, 268.3344488143921, 75.84658622741699, 43.69669032096863, 45.436899185180664, 44.29995393753052, 40.04345393180847, 40.67897915840149, 40.58713221549988, 39.917593240737915, 39.76567077636719]

-------------Round number: 165-------------

Evaluate global model
Averaged Train Loss: 0.5580
Averaged Test Accurancy: 0.8161
Averaged Test AUC: 0.9634
Std Test Accurancy: 0.1472
Std Test AUC: 0.0281
------------------------- Round is  165 ------------------------- time cost ------------------------- 39.694122076034546
------------------------- Budget is : [851.0159862041473, 747.597101688385, 749.3950757980347, 330.52095890045166, 233.53188562393188, 237.79051613807678, 234.48510479927063, 238.2229518890381, 242.60584592819214, 223.61668825149536, 230.21543717384338, 231.056086063385, 257.8421287536621, 240.15797209739685, 227.73291015625, 222.73093605041504, 240.34417605400085, 232.38708782196045, 229.2259509563446, 235.94315314292908, 234.66389799118042, 230.83648896217346, 230.45425987243652, 234.8525607585907, 236.79091906547546, 226.25344395637512, 230.4469268321991, 225.31712698936462, 231.52774286270142, 238.15003323554993, 235.30017280578613, 235.30817103385925, 226.8762969970703, 247.40836477279663, 236.56913208961487, 239.99431705474854, 230.47901582717896, 234.5268030166626, 236.0567991733551, 234.98214983940125, 232.51492285728455, 228.83365392684937, 231.61347484588623, 227.1500689983368, 227.44782900810242, 231.2380349636078, 242.06183099746704, 245.2459921836853, 230.72104811668396, 231.8699562549591, 232.1072120666504, 232.9659948348999, 233.70126080513, 227.1596109867096, 233.7321240901947, 234.10426497459412, 239.5199489593506, 231.63014101982117, 232.56504917144775, 235.20819973945618, 229.19202589988708, 223.47441411018372, 234.55875992774963, 228.5964982509613, 229.28886914253235, 232.42222499847412, 244.37599682807922, 230.07026481628418, 237.61301708221436, 232.37708711624146, 229.58097410202026, 228.48834419250488, 229.54794883728027, 226.20923113822937, 229.11407899856567, 227.1140661239624, 233.19059991836548, 234.43196392059326, 234.51812291145325, 229.92254495620728, 244.469722032547, 233.39230704307556, 231.37859296798706, 236.25725889205933, 234.84776520729065, 253.4372079372406, 248.42400598526, 256.3125250339508, 225.9049937725067, 230.26039600372314, 224.15782117843628, 230.68845200538635, 224.4524359703064, 230.9575650691986, 219.76552391052246, 222.24259614944458, 227.0725920200348, 228.80761098861694, 229.80552291870117, 229.12900519371033, 228.1350290775299, 228.80969405174255, 222.5388069152832, 231.3101613521576, 227.06496405601501, 229.22482419013977, 225.74501395225525, 226.456552028656, 244.20262694358826, 225.7142059803009, 229.98651480674744, 230.12312865257263, 224.7356140613556, 225.44578003883362, 228.26749992370605, 224.91592502593994, 225.67937564849854, 235.16631293296814, 229.88793277740479, 230.3023087978363, 226.81831407546997, 228.9016239643097, 230.79607486724854, 246.65371918678284, 232.59648609161377, 229.25835275650024, 229.6994869709015, 231.02860021591187, 280.11039090156555, 273.31836104393005, 282.6476550102234, 273.6420228481293, 246.26788806915283, 232.31591296195984, 227.45345997810364, 229.28835892677307, 229.8522539138794, 234.0699541568756, 225.29525089263916, 227.67138409614563, 264.2704529762268, 351.3027968406677, 331.1570990085602, 333.0271439552307, 329.5622088909149, 267.7906901836395, 244.02984595298767, 237.3824028968811, 227.99398708343506, 237.09410309791565, 234.80760598182678, 239.75440526008606, 238.84208464622498, 264.3297281265259, 233.82910013198853, 268.3344488143921, 75.84658622741699, 43.69669032096863, 45.436899185180664, 44.29995393753052, 40.04345393180847, 40.67897915840149, 40.58713221549988, 39.917593240737915, 39.76567077636719, 39.694122076034546]

-------------Round number: 166-------------

Evaluate global model
Averaged Train Loss: 0.4506
Averaged Test Accurancy: 0.8454
Averaged Test AUC: 0.9695
Std Test Accurancy: 0.1286
Std Test AUC: 0.0283
------------------------- Round is  166 ------------------------- time cost ------------------------- 39.80794596672058
------------------------- Budget is : [851.0159862041473, 747.597101688385, 749.3950757980347, 330.52095890045166, 233.53188562393188, 237.79051613807678, 234.48510479927063, 238.2229518890381, 242.60584592819214, 223.61668825149536, 230.21543717384338, 231.056086063385, 257.8421287536621, 240.15797209739685, 227.73291015625, 222.73093605041504, 240.34417605400085, 232.38708782196045, 229.2259509563446, 235.94315314292908, 234.66389799118042, 230.83648896217346, 230.45425987243652, 234.8525607585907, 236.79091906547546, 226.25344395637512, 230.4469268321991, 225.31712698936462, 231.52774286270142, 238.15003323554993, 235.30017280578613, 235.30817103385925, 226.8762969970703, 247.40836477279663, 236.56913208961487, 239.99431705474854, 230.47901582717896, 234.5268030166626, 236.0567991733551, 234.98214983940125, 232.51492285728455, 228.83365392684937, 231.61347484588623, 227.1500689983368, 227.44782900810242, 231.2380349636078, 242.06183099746704, 245.2459921836853, 230.72104811668396, 231.8699562549591, 232.1072120666504, 232.9659948348999, 233.70126080513, 227.1596109867096, 233.7321240901947, 234.10426497459412, 239.5199489593506, 231.63014101982117, 232.56504917144775, 235.20819973945618, 229.19202589988708, 223.47441411018372, 234.55875992774963, 228.5964982509613, 229.28886914253235, 232.42222499847412, 244.37599682807922, 230.07026481628418, 237.61301708221436, 232.37708711624146, 229.58097410202026, 228.48834419250488, 229.54794883728027, 226.20923113822937, 229.11407899856567, 227.1140661239624, 233.19059991836548, 234.43196392059326, 234.51812291145325, 229.92254495620728, 244.469722032547, 233.39230704307556, 231.37859296798706, 236.25725889205933, 234.84776520729065, 253.4372079372406, 248.42400598526, 256.3125250339508, 225.9049937725067, 230.26039600372314, 224.15782117843628, 230.68845200538635, 224.4524359703064, 230.9575650691986, 219.76552391052246, 222.24259614944458, 227.0725920200348, 228.80761098861694, 229.80552291870117, 229.12900519371033, 228.1350290775299, 228.80969405174255, 222.5388069152832, 231.3101613521576, 227.06496405601501, 229.22482419013977, 225.74501395225525, 226.456552028656, 244.20262694358826, 225.7142059803009, 229.98651480674744, 230.12312865257263, 224.7356140613556, 225.44578003883362, 228.26749992370605, 224.91592502593994, 225.67937564849854, 235.16631293296814, 229.88793277740479, 230.3023087978363, 226.81831407546997, 228.9016239643097, 230.79607486724854, 246.65371918678284, 232.59648609161377, 229.25835275650024, 229.6994869709015, 231.02860021591187, 280.11039090156555, 273.31836104393005, 282.6476550102234, 273.6420228481293, 246.26788806915283, 232.31591296195984, 227.45345997810364, 229.28835892677307, 229.8522539138794, 234.0699541568756, 225.29525089263916, 227.67138409614563, 264.2704529762268, 351.3027968406677, 331.1570990085602, 333.0271439552307, 329.5622088909149, 267.7906901836395, 244.02984595298767, 237.3824028968811, 227.99398708343506, 237.09410309791565, 234.80760598182678, 239.75440526008606, 238.84208464622498, 264.3297281265259, 233.82910013198853, 268.3344488143921, 75.84658622741699, 43.69669032096863, 45.436899185180664, 44.29995393753052, 40.04345393180847, 40.67897915840149, 40.58713221549988, 39.917593240737915, 39.76567077636719, 39.694122076034546, 39.80794596672058]

-------------Round number: 167-------------

Evaluate global model
Averaged Train Loss: 0.6786
Averaged Test Accurancy: 0.7832
Averaged Test AUC: 0.9587
Std Test Accurancy: 0.1554
Std Test AUC: 0.0349
------------------------- Round is  167 ------------------------- time cost ------------------------- 40.662885904312134
------------------------- Budget is : [851.0159862041473, 747.597101688385, 749.3950757980347, 330.52095890045166, 233.53188562393188, 237.79051613807678, 234.48510479927063, 238.2229518890381, 242.60584592819214, 223.61668825149536, 230.21543717384338, 231.056086063385, 257.8421287536621, 240.15797209739685, 227.73291015625, 222.73093605041504, 240.34417605400085, 232.38708782196045, 229.2259509563446, 235.94315314292908, 234.66389799118042, 230.83648896217346, 230.45425987243652, 234.8525607585907, 236.79091906547546, 226.25344395637512, 230.4469268321991, 225.31712698936462, 231.52774286270142, 238.15003323554993, 235.30017280578613, 235.30817103385925, 226.8762969970703, 247.40836477279663, 236.56913208961487, 239.99431705474854, 230.47901582717896, 234.5268030166626, 236.0567991733551, 234.98214983940125, 232.51492285728455, 228.83365392684937, 231.61347484588623, 227.1500689983368, 227.44782900810242, 231.2380349636078, 242.06183099746704, 245.2459921836853, 230.72104811668396, 231.8699562549591, 232.1072120666504, 232.9659948348999, 233.70126080513, 227.1596109867096, 233.7321240901947, 234.10426497459412, 239.5199489593506, 231.63014101982117, 232.56504917144775, 235.20819973945618, 229.19202589988708, 223.47441411018372, 234.55875992774963, 228.5964982509613, 229.28886914253235, 232.42222499847412, 244.37599682807922, 230.07026481628418, 237.61301708221436, 232.37708711624146, 229.58097410202026, 228.48834419250488, 229.54794883728027, 226.20923113822937, 229.11407899856567, 227.1140661239624, 233.19059991836548, 234.43196392059326, 234.51812291145325, 229.92254495620728, 244.469722032547, 233.39230704307556, 231.37859296798706, 236.25725889205933, 234.84776520729065, 253.4372079372406, 248.42400598526, 256.3125250339508, 225.9049937725067, 230.26039600372314, 224.15782117843628, 230.68845200538635, 224.4524359703064, 230.9575650691986, 219.76552391052246, 222.24259614944458, 227.0725920200348, 228.80761098861694, 229.80552291870117, 229.12900519371033, 228.1350290775299, 228.80969405174255, 222.5388069152832, 231.3101613521576, 227.06496405601501, 229.22482419013977, 225.74501395225525, 226.456552028656, 244.20262694358826, 225.7142059803009, 229.98651480674744, 230.12312865257263, 224.7356140613556, 225.44578003883362, 228.26749992370605, 224.91592502593994, 225.67937564849854, 235.16631293296814, 229.88793277740479, 230.3023087978363, 226.81831407546997, 228.9016239643097, 230.79607486724854, 246.65371918678284, 232.59648609161377, 229.25835275650024, 229.6994869709015, 231.02860021591187, 280.11039090156555, 273.31836104393005, 282.6476550102234, 273.6420228481293, 246.26788806915283, 232.31591296195984, 227.45345997810364, 229.28835892677307, 229.8522539138794, 234.0699541568756, 225.29525089263916, 227.67138409614563, 264.2704529762268, 351.3027968406677, 331.1570990085602, 333.0271439552307, 329.5622088909149, 267.7906901836395, 244.02984595298767, 237.3824028968811, 227.99398708343506, 237.09410309791565, 234.80760598182678, 239.75440526008606, 238.84208464622498, 264.3297281265259, 233.82910013198853, 268.3344488143921, 75.84658622741699, 43.69669032096863, 45.436899185180664, 44.29995393753052, 40.04345393180847, 40.67897915840149, 40.58713221549988, 39.917593240737915, 39.76567077636719, 39.694122076034546, 39.80794596672058, 40.662885904312134]

-------------Round number: 168-------------

Evaluate global model
Averaged Train Loss: 0.6485
Averaged Test Accurancy: 0.8029
Averaged Test AUC: 0.9548
Std Test Accurancy: 0.1598
Std Test AUC: 0.0422
------------------------- Round is  168 ------------------------- time cost ------------------------- 40.405627965927124
------------------------- Budget is : [851.0159862041473, 747.597101688385, 749.3950757980347, 330.52095890045166, 233.53188562393188, 237.79051613807678, 234.48510479927063, 238.2229518890381, 242.60584592819214, 223.61668825149536, 230.21543717384338, 231.056086063385, 257.8421287536621, 240.15797209739685, 227.73291015625, 222.73093605041504, 240.34417605400085, 232.38708782196045, 229.2259509563446, 235.94315314292908, 234.66389799118042, 230.83648896217346, 230.45425987243652, 234.8525607585907, 236.79091906547546, 226.25344395637512, 230.4469268321991, 225.31712698936462, 231.52774286270142, 238.15003323554993, 235.30017280578613, 235.30817103385925, 226.8762969970703, 247.40836477279663, 236.56913208961487, 239.99431705474854, 230.47901582717896, 234.5268030166626, 236.0567991733551, 234.98214983940125, 232.51492285728455, 228.83365392684937, 231.61347484588623, 227.1500689983368, 227.44782900810242, 231.2380349636078, 242.06183099746704, 245.2459921836853, 230.72104811668396, 231.8699562549591, 232.1072120666504, 232.9659948348999, 233.70126080513, 227.1596109867096, 233.7321240901947, 234.10426497459412, 239.5199489593506, 231.63014101982117, 232.56504917144775, 235.20819973945618, 229.19202589988708, 223.47441411018372, 234.55875992774963, 228.5964982509613, 229.28886914253235, 232.42222499847412, 244.37599682807922, 230.07026481628418, 237.61301708221436, 232.37708711624146, 229.58097410202026, 228.48834419250488, 229.54794883728027, 226.20923113822937, 229.11407899856567, 227.1140661239624, 233.19059991836548, 234.43196392059326, 234.51812291145325, 229.92254495620728, 244.469722032547, 233.39230704307556, 231.37859296798706, 236.25725889205933, 234.84776520729065, 253.4372079372406, 248.42400598526, 256.3125250339508, 225.9049937725067, 230.26039600372314, 224.15782117843628, 230.68845200538635, 224.4524359703064, 230.9575650691986, 219.76552391052246, 222.24259614944458, 227.0725920200348, 228.80761098861694, 229.80552291870117, 229.12900519371033, 228.1350290775299, 228.80969405174255, 222.5388069152832, 231.3101613521576, 227.06496405601501, 229.22482419013977, 225.74501395225525, 226.456552028656, 244.20262694358826, 225.7142059803009, 229.98651480674744, 230.12312865257263, 224.7356140613556, 225.44578003883362, 228.26749992370605, 224.91592502593994, 225.67937564849854, 235.16631293296814, 229.88793277740479, 230.3023087978363, 226.81831407546997, 228.9016239643097, 230.79607486724854, 246.65371918678284, 232.59648609161377, 229.25835275650024, 229.6994869709015, 231.02860021591187, 280.11039090156555, 273.31836104393005, 282.6476550102234, 273.6420228481293, 246.26788806915283, 232.31591296195984, 227.45345997810364, 229.28835892677307, 229.8522539138794, 234.0699541568756, 225.29525089263916, 227.67138409614563, 264.2704529762268, 351.3027968406677, 331.1570990085602, 333.0271439552307, 329.5622088909149, 267.7906901836395, 244.02984595298767, 237.3824028968811, 227.99398708343506, 237.09410309791565, 234.80760598182678, 239.75440526008606, 238.84208464622498, 264.3297281265259, 233.82910013198853, 268.3344488143921, 75.84658622741699, 43.69669032096863, 45.436899185180664, 44.29995393753052, 40.04345393180847, 40.67897915840149, 40.58713221549988, 39.917593240737915, 39.76567077636719, 39.694122076034546, 39.80794596672058, 40.662885904312134, 40.405627965927124]

-------------Round number: 169-------------

Evaluate global model
Averaged Train Loss: 0.5539
Averaged Test Accurancy: 0.8215
Averaged Test AUC: 0.9611
Std Test Accurancy: 0.1680
Std Test AUC: 0.0417
------------------------- Round is  169 ------------------------- time cost ------------------------- 40.28233289718628
------------------------- Budget is : [851.0159862041473, 747.597101688385, 749.3950757980347, 330.52095890045166, 233.53188562393188, 237.79051613807678, 234.48510479927063, 238.2229518890381, 242.60584592819214, 223.61668825149536, 230.21543717384338, 231.056086063385, 257.8421287536621, 240.15797209739685, 227.73291015625, 222.73093605041504, 240.34417605400085, 232.38708782196045, 229.2259509563446, 235.94315314292908, 234.66389799118042, 230.83648896217346, 230.45425987243652, 234.8525607585907, 236.79091906547546, 226.25344395637512, 230.4469268321991, 225.31712698936462, 231.52774286270142, 238.15003323554993, 235.30017280578613, 235.30817103385925, 226.8762969970703, 247.40836477279663, 236.56913208961487, 239.99431705474854, 230.47901582717896, 234.5268030166626, 236.0567991733551, 234.98214983940125, 232.51492285728455, 228.83365392684937, 231.61347484588623, 227.1500689983368, 227.44782900810242, 231.2380349636078, 242.06183099746704, 245.2459921836853, 230.72104811668396, 231.8699562549591, 232.1072120666504, 232.9659948348999, 233.70126080513, 227.1596109867096, 233.7321240901947, 234.10426497459412, 239.5199489593506, 231.63014101982117, 232.56504917144775, 235.20819973945618, 229.19202589988708, 223.47441411018372, 234.55875992774963, 228.5964982509613, 229.28886914253235, 232.42222499847412, 244.37599682807922, 230.07026481628418, 237.61301708221436, 232.37708711624146, 229.58097410202026, 228.48834419250488, 229.54794883728027, 226.20923113822937, 229.11407899856567, 227.1140661239624, 233.19059991836548, 234.43196392059326, 234.51812291145325, 229.92254495620728, 244.469722032547, 233.39230704307556, 231.37859296798706, 236.25725889205933, 234.84776520729065, 253.4372079372406, 248.42400598526, 256.3125250339508, 225.9049937725067, 230.26039600372314, 224.15782117843628, 230.68845200538635, 224.4524359703064, 230.9575650691986, 219.76552391052246, 222.24259614944458, 227.0725920200348, 228.80761098861694, 229.80552291870117, 229.12900519371033, 228.1350290775299, 228.80969405174255, 222.5388069152832, 231.3101613521576, 227.06496405601501, 229.22482419013977, 225.74501395225525, 226.456552028656, 244.20262694358826, 225.7142059803009, 229.98651480674744, 230.12312865257263, 224.7356140613556, 225.44578003883362, 228.26749992370605, 224.91592502593994, 225.67937564849854, 235.16631293296814, 229.88793277740479, 230.3023087978363, 226.81831407546997, 228.9016239643097, 230.79607486724854, 246.65371918678284, 232.59648609161377, 229.25835275650024, 229.6994869709015, 231.02860021591187, 280.11039090156555, 273.31836104393005, 282.6476550102234, 273.6420228481293, 246.26788806915283, 232.31591296195984, 227.45345997810364, 229.28835892677307, 229.8522539138794, 234.0699541568756, 225.29525089263916, 227.67138409614563, 264.2704529762268, 351.3027968406677, 331.1570990085602, 333.0271439552307, 329.5622088909149, 267.7906901836395, 244.02984595298767, 237.3824028968811, 227.99398708343506, 237.09410309791565, 234.80760598182678, 239.75440526008606, 238.84208464622498, 264.3297281265259, 233.82910013198853, 268.3344488143921, 75.84658622741699, 43.69669032096863, 45.436899185180664, 44.29995393753052, 40.04345393180847, 40.67897915840149, 40.58713221549988, 39.917593240737915, 39.76567077636719, 39.694122076034546, 39.80794596672058, 40.662885904312134, 40.405627965927124, 40.28233289718628]

-------------Round number: 170-------------

Evaluate global model
Averaged Train Loss: 0.5643
Averaged Test Accurancy: 0.8166
Averaged Test AUC: 0.9601
Std Test Accurancy: 0.1419
Std Test AUC: 0.0373
------------------------- Round is  170 ------------------------- time cost ------------------------- 40.38179612159729
------------------------- Budget is : [851.0159862041473, 747.597101688385, 749.3950757980347, 330.52095890045166, 233.53188562393188, 237.79051613807678, 234.48510479927063, 238.2229518890381, 242.60584592819214, 223.61668825149536, 230.21543717384338, 231.056086063385, 257.8421287536621, 240.15797209739685, 227.73291015625, 222.73093605041504, 240.34417605400085, 232.38708782196045, 229.2259509563446, 235.94315314292908, 234.66389799118042, 230.83648896217346, 230.45425987243652, 234.8525607585907, 236.79091906547546, 226.25344395637512, 230.4469268321991, 225.31712698936462, 231.52774286270142, 238.15003323554993, 235.30017280578613, 235.30817103385925, 226.8762969970703, 247.40836477279663, 236.56913208961487, 239.99431705474854, 230.47901582717896, 234.5268030166626, 236.0567991733551, 234.98214983940125, 232.51492285728455, 228.83365392684937, 231.61347484588623, 227.1500689983368, 227.44782900810242, 231.2380349636078, 242.06183099746704, 245.2459921836853, 230.72104811668396, 231.8699562549591, 232.1072120666504, 232.9659948348999, 233.70126080513, 227.1596109867096, 233.7321240901947, 234.10426497459412, 239.5199489593506, 231.63014101982117, 232.56504917144775, 235.20819973945618, 229.19202589988708, 223.47441411018372, 234.55875992774963, 228.5964982509613, 229.28886914253235, 232.42222499847412, 244.37599682807922, 230.07026481628418, 237.61301708221436, 232.37708711624146, 229.58097410202026, 228.48834419250488, 229.54794883728027, 226.20923113822937, 229.11407899856567, 227.1140661239624, 233.19059991836548, 234.43196392059326, 234.51812291145325, 229.92254495620728, 244.469722032547, 233.39230704307556, 231.37859296798706, 236.25725889205933, 234.84776520729065, 253.4372079372406, 248.42400598526, 256.3125250339508, 225.9049937725067, 230.26039600372314, 224.15782117843628, 230.68845200538635, 224.4524359703064, 230.9575650691986, 219.76552391052246, 222.24259614944458, 227.0725920200348, 228.80761098861694, 229.80552291870117, 229.12900519371033, 228.1350290775299, 228.80969405174255, 222.5388069152832, 231.3101613521576, 227.06496405601501, 229.22482419013977, 225.74501395225525, 226.456552028656, 244.20262694358826, 225.7142059803009, 229.98651480674744, 230.12312865257263, 224.7356140613556, 225.44578003883362, 228.26749992370605, 224.91592502593994, 225.67937564849854, 235.16631293296814, 229.88793277740479, 230.3023087978363, 226.81831407546997, 228.9016239643097, 230.79607486724854, 246.65371918678284, 232.59648609161377, 229.25835275650024, 229.6994869709015, 231.02860021591187, 280.11039090156555, 273.31836104393005, 282.6476550102234, 273.6420228481293, 246.26788806915283, 232.31591296195984, 227.45345997810364, 229.28835892677307, 229.8522539138794, 234.0699541568756, 225.29525089263916, 227.67138409614563, 264.2704529762268, 351.3027968406677, 331.1570990085602, 333.0271439552307, 329.5622088909149, 267.7906901836395, 244.02984595298767, 237.3824028968811, 227.99398708343506, 237.09410309791565, 234.80760598182678, 239.75440526008606, 238.84208464622498, 264.3297281265259, 233.82910013198853, 268.3344488143921, 75.84658622741699, 43.69669032096863, 45.436899185180664, 44.29995393753052, 40.04345393180847, 40.67897915840149, 40.58713221549988, 39.917593240737915, 39.76567077636719, 39.694122076034546, 39.80794596672058, 40.662885904312134, 40.405627965927124, 40.28233289718628, 40.38179612159729]

-------------Round number: 171-------------

Evaluate global model
Averaged Train Loss: 0.3842
Averaged Test Accurancy: 0.8675
Averaged Test AUC: 0.9739
Std Test Accurancy: 0.0945
Std Test AUC: 0.0187
------------------------- Round is  171 ------------------------- time cost ------------------------- 39.46175479888916
------------------------- Budget is : [851.0159862041473, 747.597101688385, 749.3950757980347, 330.52095890045166, 233.53188562393188, 237.79051613807678, 234.48510479927063, 238.2229518890381, 242.60584592819214, 223.61668825149536, 230.21543717384338, 231.056086063385, 257.8421287536621, 240.15797209739685, 227.73291015625, 222.73093605041504, 240.34417605400085, 232.38708782196045, 229.2259509563446, 235.94315314292908, 234.66389799118042, 230.83648896217346, 230.45425987243652, 234.8525607585907, 236.79091906547546, 226.25344395637512, 230.4469268321991, 225.31712698936462, 231.52774286270142, 238.15003323554993, 235.30017280578613, 235.30817103385925, 226.8762969970703, 247.40836477279663, 236.56913208961487, 239.99431705474854, 230.47901582717896, 234.5268030166626, 236.0567991733551, 234.98214983940125, 232.51492285728455, 228.83365392684937, 231.61347484588623, 227.1500689983368, 227.44782900810242, 231.2380349636078, 242.06183099746704, 245.2459921836853, 230.72104811668396, 231.8699562549591, 232.1072120666504, 232.9659948348999, 233.70126080513, 227.1596109867096, 233.7321240901947, 234.10426497459412, 239.5199489593506, 231.63014101982117, 232.56504917144775, 235.20819973945618, 229.19202589988708, 223.47441411018372, 234.55875992774963, 228.5964982509613, 229.28886914253235, 232.42222499847412, 244.37599682807922, 230.07026481628418, 237.61301708221436, 232.37708711624146, 229.58097410202026, 228.48834419250488, 229.54794883728027, 226.20923113822937, 229.11407899856567, 227.1140661239624, 233.19059991836548, 234.43196392059326, 234.51812291145325, 229.92254495620728, 244.469722032547, 233.39230704307556, 231.37859296798706, 236.25725889205933, 234.84776520729065, 253.4372079372406, 248.42400598526, 256.3125250339508, 225.9049937725067, 230.26039600372314, 224.15782117843628, 230.68845200538635, 224.4524359703064, 230.9575650691986, 219.76552391052246, 222.24259614944458, 227.0725920200348, 228.80761098861694, 229.80552291870117, 229.12900519371033, 228.1350290775299, 228.80969405174255, 222.5388069152832, 231.3101613521576, 227.06496405601501, 229.22482419013977, 225.74501395225525, 226.456552028656, 244.20262694358826, 225.7142059803009, 229.98651480674744, 230.12312865257263, 224.7356140613556, 225.44578003883362, 228.26749992370605, 224.91592502593994, 225.67937564849854, 235.16631293296814, 229.88793277740479, 230.3023087978363, 226.81831407546997, 228.9016239643097, 230.79607486724854, 246.65371918678284, 232.59648609161377, 229.25835275650024, 229.6994869709015, 231.02860021591187, 280.11039090156555, 273.31836104393005, 282.6476550102234, 273.6420228481293, 246.26788806915283, 232.31591296195984, 227.45345997810364, 229.28835892677307, 229.8522539138794, 234.0699541568756, 225.29525089263916, 227.67138409614563, 264.2704529762268, 351.3027968406677, 331.1570990085602, 333.0271439552307, 329.5622088909149, 267.7906901836395, 244.02984595298767, 237.3824028968811, 227.99398708343506, 237.09410309791565, 234.80760598182678, 239.75440526008606, 238.84208464622498, 264.3297281265259, 233.82910013198853, 268.3344488143921, 75.84658622741699, 43.69669032096863, 45.436899185180664, 44.29995393753052, 40.04345393180847, 40.67897915840149, 40.58713221549988, 39.917593240737915, 39.76567077636719, 39.694122076034546, 39.80794596672058, 40.662885904312134, 40.405627965927124, 40.28233289718628, 40.38179612159729, 39.46175479888916]

-------------Round number: 172-------------

Evaluate global model
Averaged Train Loss: 0.5103
Averaged Test Accurancy: 0.8138
Averaged Test AUC: 0.9686
Std Test Accurancy: 0.1977
Std Test AUC: 0.0269
------------------------- Round is  172 ------------------------- time cost ------------------------- 40.544224977493286
------------------------- Budget is : [851.0159862041473, 747.597101688385, 749.3950757980347, 330.52095890045166, 233.53188562393188, 237.79051613807678, 234.48510479927063, 238.2229518890381, 242.60584592819214, 223.61668825149536, 230.21543717384338, 231.056086063385, 257.8421287536621, 240.15797209739685, 227.73291015625, 222.73093605041504, 240.34417605400085, 232.38708782196045, 229.2259509563446, 235.94315314292908, 234.66389799118042, 230.83648896217346, 230.45425987243652, 234.8525607585907, 236.79091906547546, 226.25344395637512, 230.4469268321991, 225.31712698936462, 231.52774286270142, 238.15003323554993, 235.30017280578613, 235.30817103385925, 226.8762969970703, 247.40836477279663, 236.56913208961487, 239.99431705474854, 230.47901582717896, 234.5268030166626, 236.0567991733551, 234.98214983940125, 232.51492285728455, 228.83365392684937, 231.61347484588623, 227.1500689983368, 227.44782900810242, 231.2380349636078, 242.06183099746704, 245.2459921836853, 230.72104811668396, 231.8699562549591, 232.1072120666504, 232.9659948348999, 233.70126080513, 227.1596109867096, 233.7321240901947, 234.10426497459412, 239.5199489593506, 231.63014101982117, 232.56504917144775, 235.20819973945618, 229.19202589988708, 223.47441411018372, 234.55875992774963, 228.5964982509613, 229.28886914253235, 232.42222499847412, 244.37599682807922, 230.07026481628418, 237.61301708221436, 232.37708711624146, 229.58097410202026, 228.48834419250488, 229.54794883728027, 226.20923113822937, 229.11407899856567, 227.1140661239624, 233.19059991836548, 234.43196392059326, 234.51812291145325, 229.92254495620728, 244.469722032547, 233.39230704307556, 231.37859296798706, 236.25725889205933, 234.84776520729065, 253.4372079372406, 248.42400598526, 256.3125250339508, 225.9049937725067, 230.26039600372314, 224.15782117843628, 230.68845200538635, 224.4524359703064, 230.9575650691986, 219.76552391052246, 222.24259614944458, 227.0725920200348, 228.80761098861694, 229.80552291870117, 229.12900519371033, 228.1350290775299, 228.80969405174255, 222.5388069152832, 231.3101613521576, 227.06496405601501, 229.22482419013977, 225.74501395225525, 226.456552028656, 244.20262694358826, 225.7142059803009, 229.98651480674744, 230.12312865257263, 224.7356140613556, 225.44578003883362, 228.26749992370605, 224.91592502593994, 225.67937564849854, 235.16631293296814, 229.88793277740479, 230.3023087978363, 226.81831407546997, 228.9016239643097, 230.79607486724854, 246.65371918678284, 232.59648609161377, 229.25835275650024, 229.6994869709015, 231.02860021591187, 280.11039090156555, 273.31836104393005, 282.6476550102234, 273.6420228481293, 246.26788806915283, 232.31591296195984, 227.45345997810364, 229.28835892677307, 229.8522539138794, 234.0699541568756, 225.29525089263916, 227.67138409614563, 264.2704529762268, 351.3027968406677, 331.1570990085602, 333.0271439552307, 329.5622088909149, 267.7906901836395, 244.02984595298767, 237.3824028968811, 227.99398708343506, 237.09410309791565, 234.80760598182678, 239.75440526008606, 238.84208464622498, 264.3297281265259, 233.82910013198853, 268.3344488143921, 75.84658622741699, 43.69669032096863, 45.436899185180664, 44.29995393753052, 40.04345393180847, 40.67897915840149, 40.58713221549988, 39.917593240737915, 39.76567077636719, 39.694122076034546, 39.80794596672058, 40.662885904312134, 40.405627965927124, 40.28233289718628, 40.38179612159729, 39.46175479888916, 40.544224977493286]

-------------Round number: 173-------------

Evaluate global model
Averaged Train Loss: 0.4191
Averaged Test Accurancy: 0.8598
Averaged Test AUC: 0.9729
Std Test Accurancy: 0.1056
Std Test AUC: 0.0206
------------------------- Round is  173 ------------------------- time cost ------------------------- 40.917612075805664
------------------------- Budget is : [851.0159862041473, 747.597101688385, 749.3950757980347, 330.52095890045166, 233.53188562393188, 237.79051613807678, 234.48510479927063, 238.2229518890381, 242.60584592819214, 223.61668825149536, 230.21543717384338, 231.056086063385, 257.8421287536621, 240.15797209739685, 227.73291015625, 222.73093605041504, 240.34417605400085, 232.38708782196045, 229.2259509563446, 235.94315314292908, 234.66389799118042, 230.83648896217346, 230.45425987243652, 234.8525607585907, 236.79091906547546, 226.25344395637512, 230.4469268321991, 225.31712698936462, 231.52774286270142, 238.15003323554993, 235.30017280578613, 235.30817103385925, 226.8762969970703, 247.40836477279663, 236.56913208961487, 239.99431705474854, 230.47901582717896, 234.5268030166626, 236.0567991733551, 234.98214983940125, 232.51492285728455, 228.83365392684937, 231.61347484588623, 227.1500689983368, 227.44782900810242, 231.2380349636078, 242.06183099746704, 245.2459921836853, 230.72104811668396, 231.8699562549591, 232.1072120666504, 232.9659948348999, 233.70126080513, 227.1596109867096, 233.7321240901947, 234.10426497459412, 239.5199489593506, 231.63014101982117, 232.56504917144775, 235.20819973945618, 229.19202589988708, 223.47441411018372, 234.55875992774963, 228.5964982509613, 229.28886914253235, 232.42222499847412, 244.37599682807922, 230.07026481628418, 237.61301708221436, 232.37708711624146, 229.58097410202026, 228.48834419250488, 229.54794883728027, 226.20923113822937, 229.11407899856567, 227.1140661239624, 233.19059991836548, 234.43196392059326, 234.51812291145325, 229.92254495620728, 244.469722032547, 233.39230704307556, 231.37859296798706, 236.25725889205933, 234.84776520729065, 253.4372079372406, 248.42400598526, 256.3125250339508, 225.9049937725067, 230.26039600372314, 224.15782117843628, 230.68845200538635, 224.4524359703064, 230.9575650691986, 219.76552391052246, 222.24259614944458, 227.0725920200348, 228.80761098861694, 229.80552291870117, 229.12900519371033, 228.1350290775299, 228.80969405174255, 222.5388069152832, 231.3101613521576, 227.06496405601501, 229.22482419013977, 225.74501395225525, 226.456552028656, 244.20262694358826, 225.7142059803009, 229.98651480674744, 230.12312865257263, 224.7356140613556, 225.44578003883362, 228.26749992370605, 224.91592502593994, 225.67937564849854, 235.16631293296814, 229.88793277740479, 230.3023087978363, 226.81831407546997, 228.9016239643097, 230.79607486724854, 246.65371918678284, 232.59648609161377, 229.25835275650024, 229.6994869709015, 231.02860021591187, 280.11039090156555, 273.31836104393005, 282.6476550102234, 273.6420228481293, 246.26788806915283, 232.31591296195984, 227.45345997810364, 229.28835892677307, 229.8522539138794, 234.0699541568756, 225.29525089263916, 227.67138409614563, 264.2704529762268, 351.3027968406677, 331.1570990085602, 333.0271439552307, 329.5622088909149, 267.7906901836395, 244.02984595298767, 237.3824028968811, 227.99398708343506, 237.09410309791565, 234.80760598182678, 239.75440526008606, 238.84208464622498, 264.3297281265259, 233.82910013198853, 268.3344488143921, 75.84658622741699, 43.69669032096863, 45.436899185180664, 44.29995393753052, 40.04345393180847, 40.67897915840149, 40.58713221549988, 39.917593240737915, 39.76567077636719, 39.694122076034546, 39.80794596672058, 40.662885904312134, 40.405627965927124, 40.28233289718628, 40.38179612159729, 39.46175479888916, 40.544224977493286, 40.917612075805664]

-------------Round number: 174-------------

Evaluate global model
Averaged Train Loss: 0.5154
Averaged Test Accurancy: 0.8328
Averaged Test AUC: 0.9672
Std Test Accurancy: 0.1190
Std Test AUC: 0.0258
------------------------- Round is  174 ------------------------- time cost ------------------------- 39.31466317176819
------------------------- Budget is : [851.0159862041473, 747.597101688385, 749.3950757980347, 330.52095890045166, 233.53188562393188, 237.79051613807678, 234.48510479927063, 238.2229518890381, 242.60584592819214, 223.61668825149536, 230.21543717384338, 231.056086063385, 257.8421287536621, 240.15797209739685, 227.73291015625, 222.73093605041504, 240.34417605400085, 232.38708782196045, 229.2259509563446, 235.94315314292908, 234.66389799118042, 230.83648896217346, 230.45425987243652, 234.8525607585907, 236.79091906547546, 226.25344395637512, 230.4469268321991, 225.31712698936462, 231.52774286270142, 238.15003323554993, 235.30017280578613, 235.30817103385925, 226.8762969970703, 247.40836477279663, 236.56913208961487, 239.99431705474854, 230.47901582717896, 234.5268030166626, 236.0567991733551, 234.98214983940125, 232.51492285728455, 228.83365392684937, 231.61347484588623, 227.1500689983368, 227.44782900810242, 231.2380349636078, 242.06183099746704, 245.2459921836853, 230.72104811668396, 231.8699562549591, 232.1072120666504, 232.9659948348999, 233.70126080513, 227.1596109867096, 233.7321240901947, 234.10426497459412, 239.5199489593506, 231.63014101982117, 232.56504917144775, 235.20819973945618, 229.19202589988708, 223.47441411018372, 234.55875992774963, 228.5964982509613, 229.28886914253235, 232.42222499847412, 244.37599682807922, 230.07026481628418, 237.61301708221436, 232.37708711624146, 229.58097410202026, 228.48834419250488, 229.54794883728027, 226.20923113822937, 229.11407899856567, 227.1140661239624, 233.19059991836548, 234.43196392059326, 234.51812291145325, 229.92254495620728, 244.469722032547, 233.39230704307556, 231.37859296798706, 236.25725889205933, 234.84776520729065, 253.4372079372406, 248.42400598526, 256.3125250339508, 225.9049937725067, 230.26039600372314, 224.15782117843628, 230.68845200538635, 224.4524359703064, 230.9575650691986, 219.76552391052246, 222.24259614944458, 227.0725920200348, 228.80761098861694, 229.80552291870117, 229.12900519371033, 228.1350290775299, 228.80969405174255, 222.5388069152832, 231.3101613521576, 227.06496405601501, 229.22482419013977, 225.74501395225525, 226.456552028656, 244.20262694358826, 225.7142059803009, 229.98651480674744, 230.12312865257263, 224.7356140613556, 225.44578003883362, 228.26749992370605, 224.91592502593994, 225.67937564849854, 235.16631293296814, 229.88793277740479, 230.3023087978363, 226.81831407546997, 228.9016239643097, 230.79607486724854, 246.65371918678284, 232.59648609161377, 229.25835275650024, 229.6994869709015, 231.02860021591187, 280.11039090156555, 273.31836104393005, 282.6476550102234, 273.6420228481293, 246.26788806915283, 232.31591296195984, 227.45345997810364, 229.28835892677307, 229.8522539138794, 234.0699541568756, 225.29525089263916, 227.67138409614563, 264.2704529762268, 351.3027968406677, 331.1570990085602, 333.0271439552307, 329.5622088909149, 267.7906901836395, 244.02984595298767, 237.3824028968811, 227.99398708343506, 237.09410309791565, 234.80760598182678, 239.75440526008606, 238.84208464622498, 264.3297281265259, 233.82910013198853, 268.3344488143921, 75.84658622741699, 43.69669032096863, 45.436899185180664, 44.29995393753052, 40.04345393180847, 40.67897915840149, 40.58713221549988, 39.917593240737915, 39.76567077636719, 39.694122076034546, 39.80794596672058, 40.662885904312134, 40.405627965927124, 40.28233289718628, 40.38179612159729, 39.46175479888916, 40.544224977493286, 40.917612075805664, 39.31466317176819]

-------------Round number: 175-------------

Evaluate global model
Averaged Train Loss: 0.6004
Averaged Test Accurancy: 0.8050
Averaged Test AUC: 0.9588
Std Test Accurancy: 0.1646
Std Test AUC: 0.0404
------------------------- Round is  175 ------------------------- time cost ------------------------- 40.65723705291748
------------------------- Budget is : [851.0159862041473, 747.597101688385, 749.3950757980347, 330.52095890045166, 233.53188562393188, 237.79051613807678, 234.48510479927063, 238.2229518890381, 242.60584592819214, 223.61668825149536, 230.21543717384338, 231.056086063385, 257.8421287536621, 240.15797209739685, 227.73291015625, 222.73093605041504, 240.34417605400085, 232.38708782196045, 229.2259509563446, 235.94315314292908, 234.66389799118042, 230.83648896217346, 230.45425987243652, 234.8525607585907, 236.79091906547546, 226.25344395637512, 230.4469268321991, 225.31712698936462, 231.52774286270142, 238.15003323554993, 235.30017280578613, 235.30817103385925, 226.8762969970703, 247.40836477279663, 236.56913208961487, 239.99431705474854, 230.47901582717896, 234.5268030166626, 236.0567991733551, 234.98214983940125, 232.51492285728455, 228.83365392684937, 231.61347484588623, 227.1500689983368, 227.44782900810242, 231.2380349636078, 242.06183099746704, 245.2459921836853, 230.72104811668396, 231.8699562549591, 232.1072120666504, 232.9659948348999, 233.70126080513, 227.1596109867096, 233.7321240901947, 234.10426497459412, 239.5199489593506, 231.63014101982117, 232.56504917144775, 235.20819973945618, 229.19202589988708, 223.47441411018372, 234.55875992774963, 228.5964982509613, 229.28886914253235, 232.42222499847412, 244.37599682807922, 230.07026481628418, 237.61301708221436, 232.37708711624146, 229.58097410202026, 228.48834419250488, 229.54794883728027, 226.20923113822937, 229.11407899856567, 227.1140661239624, 233.19059991836548, 234.43196392059326, 234.51812291145325, 229.92254495620728, 244.469722032547, 233.39230704307556, 231.37859296798706, 236.25725889205933, 234.84776520729065, 253.4372079372406, 248.42400598526, 256.3125250339508, 225.9049937725067, 230.26039600372314, 224.15782117843628, 230.68845200538635, 224.4524359703064, 230.9575650691986, 219.76552391052246, 222.24259614944458, 227.0725920200348, 228.80761098861694, 229.80552291870117, 229.12900519371033, 228.1350290775299, 228.80969405174255, 222.5388069152832, 231.3101613521576, 227.06496405601501, 229.22482419013977, 225.74501395225525, 226.456552028656, 244.20262694358826, 225.7142059803009, 229.98651480674744, 230.12312865257263, 224.7356140613556, 225.44578003883362, 228.26749992370605, 224.91592502593994, 225.67937564849854, 235.16631293296814, 229.88793277740479, 230.3023087978363, 226.81831407546997, 228.9016239643097, 230.79607486724854, 246.65371918678284, 232.59648609161377, 229.25835275650024, 229.6994869709015, 231.02860021591187, 280.11039090156555, 273.31836104393005, 282.6476550102234, 273.6420228481293, 246.26788806915283, 232.31591296195984, 227.45345997810364, 229.28835892677307, 229.8522539138794, 234.0699541568756, 225.29525089263916, 227.67138409614563, 264.2704529762268, 351.3027968406677, 331.1570990085602, 333.0271439552307, 329.5622088909149, 267.7906901836395, 244.02984595298767, 237.3824028968811, 227.99398708343506, 237.09410309791565, 234.80760598182678, 239.75440526008606, 238.84208464622498, 264.3297281265259, 233.82910013198853, 268.3344488143921, 75.84658622741699, 43.69669032096863, 45.436899185180664, 44.29995393753052, 40.04345393180847, 40.67897915840149, 40.58713221549988, 39.917593240737915, 39.76567077636719, 39.694122076034546, 39.80794596672058, 40.662885904312134, 40.405627965927124, 40.28233289718628, 40.38179612159729, 39.46175479888916, 40.544224977493286, 40.917612075805664, 39.31466317176819, 40.65723705291748]

-------------Round number: 176-------------

Evaluate global model
Averaged Train Loss: 0.4093
Averaged Test Accurancy: 0.8620
Averaged Test AUC: 0.9726
Std Test Accurancy: 0.1072
Std Test AUC: 0.0207
------------------------- Round is  176 ------------------------- time cost ------------------------- 41.01415395736694
------------------------- Budget is : [851.0159862041473, 747.597101688385, 749.3950757980347, 330.52095890045166, 233.53188562393188, 237.79051613807678, 234.48510479927063, 238.2229518890381, 242.60584592819214, 223.61668825149536, 230.21543717384338, 231.056086063385, 257.8421287536621, 240.15797209739685, 227.73291015625, 222.73093605041504, 240.34417605400085, 232.38708782196045, 229.2259509563446, 235.94315314292908, 234.66389799118042, 230.83648896217346, 230.45425987243652, 234.8525607585907, 236.79091906547546, 226.25344395637512, 230.4469268321991, 225.31712698936462, 231.52774286270142, 238.15003323554993, 235.30017280578613, 235.30817103385925, 226.8762969970703, 247.40836477279663, 236.56913208961487, 239.99431705474854, 230.47901582717896, 234.5268030166626, 236.0567991733551, 234.98214983940125, 232.51492285728455, 228.83365392684937, 231.61347484588623, 227.1500689983368, 227.44782900810242, 231.2380349636078, 242.06183099746704, 245.2459921836853, 230.72104811668396, 231.8699562549591, 232.1072120666504, 232.9659948348999, 233.70126080513, 227.1596109867096, 233.7321240901947, 234.10426497459412, 239.5199489593506, 231.63014101982117, 232.56504917144775, 235.20819973945618, 229.19202589988708, 223.47441411018372, 234.55875992774963, 228.5964982509613, 229.28886914253235, 232.42222499847412, 244.37599682807922, 230.07026481628418, 237.61301708221436, 232.37708711624146, 229.58097410202026, 228.48834419250488, 229.54794883728027, 226.20923113822937, 229.11407899856567, 227.1140661239624, 233.19059991836548, 234.43196392059326, 234.51812291145325, 229.92254495620728, 244.469722032547, 233.39230704307556, 231.37859296798706, 236.25725889205933, 234.84776520729065, 253.4372079372406, 248.42400598526, 256.3125250339508, 225.9049937725067, 230.26039600372314, 224.15782117843628, 230.68845200538635, 224.4524359703064, 230.9575650691986, 219.76552391052246, 222.24259614944458, 227.0725920200348, 228.80761098861694, 229.80552291870117, 229.12900519371033, 228.1350290775299, 228.80969405174255, 222.5388069152832, 231.3101613521576, 227.06496405601501, 229.22482419013977, 225.74501395225525, 226.456552028656, 244.20262694358826, 225.7142059803009, 229.98651480674744, 230.12312865257263, 224.7356140613556, 225.44578003883362, 228.26749992370605, 224.91592502593994, 225.67937564849854, 235.16631293296814, 229.88793277740479, 230.3023087978363, 226.81831407546997, 228.9016239643097, 230.79607486724854, 246.65371918678284, 232.59648609161377, 229.25835275650024, 229.6994869709015, 231.02860021591187, 280.11039090156555, 273.31836104393005, 282.6476550102234, 273.6420228481293, 246.26788806915283, 232.31591296195984, 227.45345997810364, 229.28835892677307, 229.8522539138794, 234.0699541568756, 225.29525089263916, 227.67138409614563, 264.2704529762268, 351.3027968406677, 331.1570990085602, 333.0271439552307, 329.5622088909149, 267.7906901836395, 244.02984595298767, 237.3824028968811, 227.99398708343506, 237.09410309791565, 234.80760598182678, 239.75440526008606, 238.84208464622498, 264.3297281265259, 233.82910013198853, 268.3344488143921, 75.84658622741699, 43.69669032096863, 45.436899185180664, 44.29995393753052, 40.04345393180847, 40.67897915840149, 40.58713221549988, 39.917593240737915, 39.76567077636719, 39.694122076034546, 39.80794596672058, 40.662885904312134, 40.405627965927124, 40.28233289718628, 40.38179612159729, 39.46175479888916, 40.544224977493286, 40.917612075805664, 39.31466317176819, 40.65723705291748, 41.01415395736694]

-------------Round number: 177-------------

Evaluate global model
Averaged Train Loss: 0.4966
Averaged Test Accurancy: 0.8214
Averaged Test AUC: 0.9693
Std Test Accurancy: 0.1631
Std Test AUC: 0.0246
------------------------- Round is  177 ------------------------- time cost ------------------------- 42.839558839797974
------------------------- Budget is : [851.0159862041473, 747.597101688385, 749.3950757980347, 330.52095890045166, 233.53188562393188, 237.79051613807678, 234.48510479927063, 238.2229518890381, 242.60584592819214, 223.61668825149536, 230.21543717384338, 231.056086063385, 257.8421287536621, 240.15797209739685, 227.73291015625, 222.73093605041504, 240.34417605400085, 232.38708782196045, 229.2259509563446, 235.94315314292908, 234.66389799118042, 230.83648896217346, 230.45425987243652, 234.8525607585907, 236.79091906547546, 226.25344395637512, 230.4469268321991, 225.31712698936462, 231.52774286270142, 238.15003323554993, 235.30017280578613, 235.30817103385925, 226.8762969970703, 247.40836477279663, 236.56913208961487, 239.99431705474854, 230.47901582717896, 234.5268030166626, 236.0567991733551, 234.98214983940125, 232.51492285728455, 228.83365392684937, 231.61347484588623, 227.1500689983368, 227.44782900810242, 231.2380349636078, 242.06183099746704, 245.2459921836853, 230.72104811668396, 231.8699562549591, 232.1072120666504, 232.9659948348999, 233.70126080513, 227.1596109867096, 233.7321240901947, 234.10426497459412, 239.5199489593506, 231.63014101982117, 232.56504917144775, 235.20819973945618, 229.19202589988708, 223.47441411018372, 234.55875992774963, 228.5964982509613, 229.28886914253235, 232.42222499847412, 244.37599682807922, 230.07026481628418, 237.61301708221436, 232.37708711624146, 229.58097410202026, 228.48834419250488, 229.54794883728027, 226.20923113822937, 229.11407899856567, 227.1140661239624, 233.19059991836548, 234.43196392059326, 234.51812291145325, 229.92254495620728, 244.469722032547, 233.39230704307556, 231.37859296798706, 236.25725889205933, 234.84776520729065, 253.4372079372406, 248.42400598526, 256.3125250339508, 225.9049937725067, 230.26039600372314, 224.15782117843628, 230.68845200538635, 224.4524359703064, 230.9575650691986, 219.76552391052246, 222.24259614944458, 227.0725920200348, 228.80761098861694, 229.80552291870117, 229.12900519371033, 228.1350290775299, 228.80969405174255, 222.5388069152832, 231.3101613521576, 227.06496405601501, 229.22482419013977, 225.74501395225525, 226.456552028656, 244.20262694358826, 225.7142059803009, 229.98651480674744, 230.12312865257263, 224.7356140613556, 225.44578003883362, 228.26749992370605, 224.91592502593994, 225.67937564849854, 235.16631293296814, 229.88793277740479, 230.3023087978363, 226.81831407546997, 228.9016239643097, 230.79607486724854, 246.65371918678284, 232.59648609161377, 229.25835275650024, 229.6994869709015, 231.02860021591187, 280.11039090156555, 273.31836104393005, 282.6476550102234, 273.6420228481293, 246.26788806915283, 232.31591296195984, 227.45345997810364, 229.28835892677307, 229.8522539138794, 234.0699541568756, 225.29525089263916, 227.67138409614563, 264.2704529762268, 351.3027968406677, 331.1570990085602, 333.0271439552307, 329.5622088909149, 267.7906901836395, 244.02984595298767, 237.3824028968811, 227.99398708343506, 237.09410309791565, 234.80760598182678, 239.75440526008606, 238.84208464622498, 264.3297281265259, 233.82910013198853, 268.3344488143921, 75.84658622741699, 43.69669032096863, 45.436899185180664, 44.29995393753052, 40.04345393180847, 40.67897915840149, 40.58713221549988, 39.917593240737915, 39.76567077636719, 39.694122076034546, 39.80794596672058, 40.662885904312134, 40.405627965927124, 40.28233289718628, 40.38179612159729, 39.46175479888916, 40.544224977493286, 40.917612075805664, 39.31466317176819, 40.65723705291748, 41.01415395736694, 42.839558839797974]

-------------Round number: 178-------------

Evaluate global model
Averaged Train Loss: 0.5349
Averaged Test Accurancy: 0.8241
Averaged Test AUC: 0.9658
Std Test Accurancy: 0.1568
Std Test AUC: 0.0300
------------------------- Round is  178 ------------------------- time cost ------------------------- 41.88704586029053
------------------------- Budget is : [851.0159862041473, 747.597101688385, 749.3950757980347, 330.52095890045166, 233.53188562393188, 237.79051613807678, 234.48510479927063, 238.2229518890381, 242.60584592819214, 223.61668825149536, 230.21543717384338, 231.056086063385, 257.8421287536621, 240.15797209739685, 227.73291015625, 222.73093605041504, 240.34417605400085, 232.38708782196045, 229.2259509563446, 235.94315314292908, 234.66389799118042, 230.83648896217346, 230.45425987243652, 234.8525607585907, 236.79091906547546, 226.25344395637512, 230.4469268321991, 225.31712698936462, 231.52774286270142, 238.15003323554993, 235.30017280578613, 235.30817103385925, 226.8762969970703, 247.40836477279663, 236.56913208961487, 239.99431705474854, 230.47901582717896, 234.5268030166626, 236.0567991733551, 234.98214983940125, 232.51492285728455, 228.83365392684937, 231.61347484588623, 227.1500689983368, 227.44782900810242, 231.2380349636078, 242.06183099746704, 245.2459921836853, 230.72104811668396, 231.8699562549591, 232.1072120666504, 232.9659948348999, 233.70126080513, 227.1596109867096, 233.7321240901947, 234.10426497459412, 239.5199489593506, 231.63014101982117, 232.56504917144775, 235.20819973945618, 229.19202589988708, 223.47441411018372, 234.55875992774963, 228.5964982509613, 229.28886914253235, 232.42222499847412, 244.37599682807922, 230.07026481628418, 237.61301708221436, 232.37708711624146, 229.58097410202026, 228.48834419250488, 229.54794883728027, 226.20923113822937, 229.11407899856567, 227.1140661239624, 233.19059991836548, 234.43196392059326, 234.51812291145325, 229.92254495620728, 244.469722032547, 233.39230704307556, 231.37859296798706, 236.25725889205933, 234.84776520729065, 253.4372079372406, 248.42400598526, 256.3125250339508, 225.9049937725067, 230.26039600372314, 224.15782117843628, 230.68845200538635, 224.4524359703064, 230.9575650691986, 219.76552391052246, 222.24259614944458, 227.0725920200348, 228.80761098861694, 229.80552291870117, 229.12900519371033, 228.1350290775299, 228.80969405174255, 222.5388069152832, 231.3101613521576, 227.06496405601501, 229.22482419013977, 225.74501395225525, 226.456552028656, 244.20262694358826, 225.7142059803009, 229.98651480674744, 230.12312865257263, 224.7356140613556, 225.44578003883362, 228.26749992370605, 224.91592502593994, 225.67937564849854, 235.16631293296814, 229.88793277740479, 230.3023087978363, 226.81831407546997, 228.9016239643097, 230.79607486724854, 246.65371918678284, 232.59648609161377, 229.25835275650024, 229.6994869709015, 231.02860021591187, 280.11039090156555, 273.31836104393005, 282.6476550102234, 273.6420228481293, 246.26788806915283, 232.31591296195984, 227.45345997810364, 229.28835892677307, 229.8522539138794, 234.0699541568756, 225.29525089263916, 227.67138409614563, 264.2704529762268, 351.3027968406677, 331.1570990085602, 333.0271439552307, 329.5622088909149, 267.7906901836395, 244.02984595298767, 237.3824028968811, 227.99398708343506, 237.09410309791565, 234.80760598182678, 239.75440526008606, 238.84208464622498, 264.3297281265259, 233.82910013198853, 268.3344488143921, 75.84658622741699, 43.69669032096863, 45.436899185180664, 44.29995393753052, 40.04345393180847, 40.67897915840149, 40.58713221549988, 39.917593240737915, 39.76567077636719, 39.694122076034546, 39.80794596672058, 40.662885904312134, 40.405627965927124, 40.28233289718628, 40.38179612159729, 39.46175479888916, 40.544224977493286, 40.917612075805664, 39.31466317176819, 40.65723705291748, 41.01415395736694, 42.839558839797974, 41.88704586029053]

-------------Round number: 179-------------

Evaluate global model
Averaged Train Loss: 0.5112
Averaged Test Accurancy: 0.8304
Averaged Test AUC: 0.9673
Std Test Accurancy: 0.1218
Std Test AUC: 0.0256
------------------------- Round is  179 ------------------------- time cost ------------------------- 42.16902494430542
------------------------- Budget is : [851.0159862041473, 747.597101688385, 749.3950757980347, 330.52095890045166, 233.53188562393188, 237.79051613807678, 234.48510479927063, 238.2229518890381, 242.60584592819214, 223.61668825149536, 230.21543717384338, 231.056086063385, 257.8421287536621, 240.15797209739685, 227.73291015625, 222.73093605041504, 240.34417605400085, 232.38708782196045, 229.2259509563446, 235.94315314292908, 234.66389799118042, 230.83648896217346, 230.45425987243652, 234.8525607585907, 236.79091906547546, 226.25344395637512, 230.4469268321991, 225.31712698936462, 231.52774286270142, 238.15003323554993, 235.30017280578613, 235.30817103385925, 226.8762969970703, 247.40836477279663, 236.56913208961487, 239.99431705474854, 230.47901582717896, 234.5268030166626, 236.0567991733551, 234.98214983940125, 232.51492285728455, 228.83365392684937, 231.61347484588623, 227.1500689983368, 227.44782900810242, 231.2380349636078, 242.06183099746704, 245.2459921836853, 230.72104811668396, 231.8699562549591, 232.1072120666504, 232.9659948348999, 233.70126080513, 227.1596109867096, 233.7321240901947, 234.10426497459412, 239.5199489593506, 231.63014101982117, 232.56504917144775, 235.20819973945618, 229.19202589988708, 223.47441411018372, 234.55875992774963, 228.5964982509613, 229.28886914253235, 232.42222499847412, 244.37599682807922, 230.07026481628418, 237.61301708221436, 232.37708711624146, 229.58097410202026, 228.48834419250488, 229.54794883728027, 226.20923113822937, 229.11407899856567, 227.1140661239624, 233.19059991836548, 234.43196392059326, 234.51812291145325, 229.92254495620728, 244.469722032547, 233.39230704307556, 231.37859296798706, 236.25725889205933, 234.84776520729065, 253.4372079372406, 248.42400598526, 256.3125250339508, 225.9049937725067, 230.26039600372314, 224.15782117843628, 230.68845200538635, 224.4524359703064, 230.9575650691986, 219.76552391052246, 222.24259614944458, 227.0725920200348, 228.80761098861694, 229.80552291870117, 229.12900519371033, 228.1350290775299, 228.80969405174255, 222.5388069152832, 231.3101613521576, 227.06496405601501, 229.22482419013977, 225.74501395225525, 226.456552028656, 244.20262694358826, 225.7142059803009, 229.98651480674744, 230.12312865257263, 224.7356140613556, 225.44578003883362, 228.26749992370605, 224.91592502593994, 225.67937564849854, 235.16631293296814, 229.88793277740479, 230.3023087978363, 226.81831407546997, 228.9016239643097, 230.79607486724854, 246.65371918678284, 232.59648609161377, 229.25835275650024, 229.6994869709015, 231.02860021591187, 280.11039090156555, 273.31836104393005, 282.6476550102234, 273.6420228481293, 246.26788806915283, 232.31591296195984, 227.45345997810364, 229.28835892677307, 229.8522539138794, 234.0699541568756, 225.29525089263916, 227.67138409614563, 264.2704529762268, 351.3027968406677, 331.1570990085602, 333.0271439552307, 329.5622088909149, 267.7906901836395, 244.02984595298767, 237.3824028968811, 227.99398708343506, 237.09410309791565, 234.80760598182678, 239.75440526008606, 238.84208464622498, 264.3297281265259, 233.82910013198853, 268.3344488143921, 75.84658622741699, 43.69669032096863, 45.436899185180664, 44.29995393753052, 40.04345393180847, 40.67897915840149, 40.58713221549988, 39.917593240737915, 39.76567077636719, 39.694122076034546, 39.80794596672058, 40.662885904312134, 40.405627965927124, 40.28233289718628, 40.38179612159729, 39.46175479888916, 40.544224977493286, 40.917612075805664, 39.31466317176819, 40.65723705291748, 41.01415395736694, 42.839558839797974, 41.88704586029053, 42.16902494430542]

-------------Round number: 180-------------

Evaluate global model
Averaged Train Loss: 0.5214
Averaged Test Accurancy: 0.8266
Averaged Test AUC: 0.9658
Std Test Accurancy: 0.1877
Std Test AUC: 0.0407
------------------------- Round is  180 ------------------------- time cost ------------------------- 39.98127603530884
------------------------- Budget is : [851.0159862041473, 747.597101688385, 749.3950757980347, 330.52095890045166, 233.53188562393188, 237.79051613807678, 234.48510479927063, 238.2229518890381, 242.60584592819214, 223.61668825149536, 230.21543717384338, 231.056086063385, 257.8421287536621, 240.15797209739685, 227.73291015625, 222.73093605041504, 240.34417605400085, 232.38708782196045, 229.2259509563446, 235.94315314292908, 234.66389799118042, 230.83648896217346, 230.45425987243652, 234.8525607585907, 236.79091906547546, 226.25344395637512, 230.4469268321991, 225.31712698936462, 231.52774286270142, 238.15003323554993, 235.30017280578613, 235.30817103385925, 226.8762969970703, 247.40836477279663, 236.56913208961487, 239.99431705474854, 230.47901582717896, 234.5268030166626, 236.0567991733551, 234.98214983940125, 232.51492285728455, 228.83365392684937, 231.61347484588623, 227.1500689983368, 227.44782900810242, 231.2380349636078, 242.06183099746704, 245.2459921836853, 230.72104811668396, 231.8699562549591, 232.1072120666504, 232.9659948348999, 233.70126080513, 227.1596109867096, 233.7321240901947, 234.10426497459412, 239.5199489593506, 231.63014101982117, 232.56504917144775, 235.20819973945618, 229.19202589988708, 223.47441411018372, 234.55875992774963, 228.5964982509613, 229.28886914253235, 232.42222499847412, 244.37599682807922, 230.07026481628418, 237.61301708221436, 232.37708711624146, 229.58097410202026, 228.48834419250488, 229.54794883728027, 226.20923113822937, 229.11407899856567, 227.1140661239624, 233.19059991836548, 234.43196392059326, 234.51812291145325, 229.92254495620728, 244.469722032547, 233.39230704307556, 231.37859296798706, 236.25725889205933, 234.84776520729065, 253.4372079372406, 248.42400598526, 256.3125250339508, 225.9049937725067, 230.26039600372314, 224.15782117843628, 230.68845200538635, 224.4524359703064, 230.9575650691986, 219.76552391052246, 222.24259614944458, 227.0725920200348, 228.80761098861694, 229.80552291870117, 229.12900519371033, 228.1350290775299, 228.80969405174255, 222.5388069152832, 231.3101613521576, 227.06496405601501, 229.22482419013977, 225.74501395225525, 226.456552028656, 244.20262694358826, 225.7142059803009, 229.98651480674744, 230.12312865257263, 224.7356140613556, 225.44578003883362, 228.26749992370605, 224.91592502593994, 225.67937564849854, 235.16631293296814, 229.88793277740479, 230.3023087978363, 226.81831407546997, 228.9016239643097, 230.79607486724854, 246.65371918678284, 232.59648609161377, 229.25835275650024, 229.6994869709015, 231.02860021591187, 280.11039090156555, 273.31836104393005, 282.6476550102234, 273.6420228481293, 246.26788806915283, 232.31591296195984, 227.45345997810364, 229.28835892677307, 229.8522539138794, 234.0699541568756, 225.29525089263916, 227.67138409614563, 264.2704529762268, 351.3027968406677, 331.1570990085602, 333.0271439552307, 329.5622088909149, 267.7906901836395, 244.02984595298767, 237.3824028968811, 227.99398708343506, 237.09410309791565, 234.80760598182678, 239.75440526008606, 238.84208464622498, 264.3297281265259, 233.82910013198853, 268.3344488143921, 75.84658622741699, 43.69669032096863, 45.436899185180664, 44.29995393753052, 40.04345393180847, 40.67897915840149, 40.58713221549988, 39.917593240737915, 39.76567077636719, 39.694122076034546, 39.80794596672058, 40.662885904312134, 40.405627965927124, 40.28233289718628, 40.38179612159729, 39.46175479888916, 40.544224977493286, 40.917612075805664, 39.31466317176819, 40.65723705291748, 41.01415395736694, 42.839558839797974, 41.88704586029053, 42.16902494430542, 39.98127603530884]

-------------Round number: 181-------------

Evaluate global model
Averaged Train Loss: 0.4455
Averaged Test Accurancy: 0.8419
Averaged Test AUC: 0.9708
Std Test Accurancy: 0.1267
Std Test AUC: 0.0224
------------------------- Round is  181 ------------------------- time cost ------------------------- 41.440438985824585
------------------------- Budget is : [851.0159862041473, 747.597101688385, 749.3950757980347, 330.52095890045166, 233.53188562393188, 237.79051613807678, 234.48510479927063, 238.2229518890381, 242.60584592819214, 223.61668825149536, 230.21543717384338, 231.056086063385, 257.8421287536621, 240.15797209739685, 227.73291015625, 222.73093605041504, 240.34417605400085, 232.38708782196045, 229.2259509563446, 235.94315314292908, 234.66389799118042, 230.83648896217346, 230.45425987243652, 234.8525607585907, 236.79091906547546, 226.25344395637512, 230.4469268321991, 225.31712698936462, 231.52774286270142, 238.15003323554993, 235.30017280578613, 235.30817103385925, 226.8762969970703, 247.40836477279663, 236.56913208961487, 239.99431705474854, 230.47901582717896, 234.5268030166626, 236.0567991733551, 234.98214983940125, 232.51492285728455, 228.83365392684937, 231.61347484588623, 227.1500689983368, 227.44782900810242, 231.2380349636078, 242.06183099746704, 245.2459921836853, 230.72104811668396, 231.8699562549591, 232.1072120666504, 232.9659948348999, 233.70126080513, 227.1596109867096, 233.7321240901947, 234.10426497459412, 239.5199489593506, 231.63014101982117, 232.56504917144775, 235.20819973945618, 229.19202589988708, 223.47441411018372, 234.55875992774963, 228.5964982509613, 229.28886914253235, 232.42222499847412, 244.37599682807922, 230.07026481628418, 237.61301708221436, 232.37708711624146, 229.58097410202026, 228.48834419250488, 229.54794883728027, 226.20923113822937, 229.11407899856567, 227.1140661239624, 233.19059991836548, 234.43196392059326, 234.51812291145325, 229.92254495620728, 244.469722032547, 233.39230704307556, 231.37859296798706, 236.25725889205933, 234.84776520729065, 253.4372079372406, 248.42400598526, 256.3125250339508, 225.9049937725067, 230.26039600372314, 224.15782117843628, 230.68845200538635, 224.4524359703064, 230.9575650691986, 219.76552391052246, 222.24259614944458, 227.0725920200348, 228.80761098861694, 229.80552291870117, 229.12900519371033, 228.1350290775299, 228.80969405174255, 222.5388069152832, 231.3101613521576, 227.06496405601501, 229.22482419013977, 225.74501395225525, 226.456552028656, 244.20262694358826, 225.7142059803009, 229.98651480674744, 230.12312865257263, 224.7356140613556, 225.44578003883362, 228.26749992370605, 224.91592502593994, 225.67937564849854, 235.16631293296814, 229.88793277740479, 230.3023087978363, 226.81831407546997, 228.9016239643097, 230.79607486724854, 246.65371918678284, 232.59648609161377, 229.25835275650024, 229.6994869709015, 231.02860021591187, 280.11039090156555, 273.31836104393005, 282.6476550102234, 273.6420228481293, 246.26788806915283, 232.31591296195984, 227.45345997810364, 229.28835892677307, 229.8522539138794, 234.0699541568756, 225.29525089263916, 227.67138409614563, 264.2704529762268, 351.3027968406677, 331.1570990085602, 333.0271439552307, 329.5622088909149, 267.7906901836395, 244.02984595298767, 237.3824028968811, 227.99398708343506, 237.09410309791565, 234.80760598182678, 239.75440526008606, 238.84208464622498, 264.3297281265259, 233.82910013198853, 268.3344488143921, 75.84658622741699, 43.69669032096863, 45.436899185180664, 44.29995393753052, 40.04345393180847, 40.67897915840149, 40.58713221549988, 39.917593240737915, 39.76567077636719, 39.694122076034546, 39.80794596672058, 40.662885904312134, 40.405627965927124, 40.28233289718628, 40.38179612159729, 39.46175479888916, 40.544224977493286, 40.917612075805664, 39.31466317176819, 40.65723705291748, 41.01415395736694, 42.839558839797974, 41.88704586029053, 42.16902494430542, 39.98127603530884, 41.440438985824585]

-------------Round number: 182-------------

Evaluate global model
Averaged Train Loss: 0.5462
Averaged Test Accurancy: 0.8082
Averaged Test AUC: 0.9669
Std Test Accurancy: 0.1886
Std Test AUC: 0.0295
------------------------- Round is  182 ------------------------- time cost ------------------------- 39.87463116645813
------------------------- Budget is : [851.0159862041473, 747.597101688385, 749.3950757980347, 330.52095890045166, 233.53188562393188, 237.79051613807678, 234.48510479927063, 238.2229518890381, 242.60584592819214, 223.61668825149536, 230.21543717384338, 231.056086063385, 257.8421287536621, 240.15797209739685, 227.73291015625, 222.73093605041504, 240.34417605400085, 232.38708782196045, 229.2259509563446, 235.94315314292908, 234.66389799118042, 230.83648896217346, 230.45425987243652, 234.8525607585907, 236.79091906547546, 226.25344395637512, 230.4469268321991, 225.31712698936462, 231.52774286270142, 238.15003323554993, 235.30017280578613, 235.30817103385925, 226.8762969970703, 247.40836477279663, 236.56913208961487, 239.99431705474854, 230.47901582717896, 234.5268030166626, 236.0567991733551, 234.98214983940125, 232.51492285728455, 228.83365392684937, 231.61347484588623, 227.1500689983368, 227.44782900810242, 231.2380349636078, 242.06183099746704, 245.2459921836853, 230.72104811668396, 231.8699562549591, 232.1072120666504, 232.9659948348999, 233.70126080513, 227.1596109867096, 233.7321240901947, 234.10426497459412, 239.5199489593506, 231.63014101982117, 232.56504917144775, 235.20819973945618, 229.19202589988708, 223.47441411018372, 234.55875992774963, 228.5964982509613, 229.28886914253235, 232.42222499847412, 244.37599682807922, 230.07026481628418, 237.61301708221436, 232.37708711624146, 229.58097410202026, 228.48834419250488, 229.54794883728027, 226.20923113822937, 229.11407899856567, 227.1140661239624, 233.19059991836548, 234.43196392059326, 234.51812291145325, 229.92254495620728, 244.469722032547, 233.39230704307556, 231.37859296798706, 236.25725889205933, 234.84776520729065, 253.4372079372406, 248.42400598526, 256.3125250339508, 225.9049937725067, 230.26039600372314, 224.15782117843628, 230.68845200538635, 224.4524359703064, 230.9575650691986, 219.76552391052246, 222.24259614944458, 227.0725920200348, 228.80761098861694, 229.80552291870117, 229.12900519371033, 228.1350290775299, 228.80969405174255, 222.5388069152832, 231.3101613521576, 227.06496405601501, 229.22482419013977, 225.74501395225525, 226.456552028656, 244.20262694358826, 225.7142059803009, 229.98651480674744, 230.12312865257263, 224.7356140613556, 225.44578003883362, 228.26749992370605, 224.91592502593994, 225.67937564849854, 235.16631293296814, 229.88793277740479, 230.3023087978363, 226.81831407546997, 228.9016239643097, 230.79607486724854, 246.65371918678284, 232.59648609161377, 229.25835275650024, 229.6994869709015, 231.02860021591187, 280.11039090156555, 273.31836104393005, 282.6476550102234, 273.6420228481293, 246.26788806915283, 232.31591296195984, 227.45345997810364, 229.28835892677307, 229.8522539138794, 234.0699541568756, 225.29525089263916, 227.67138409614563, 264.2704529762268, 351.3027968406677, 331.1570990085602, 333.0271439552307, 329.5622088909149, 267.7906901836395, 244.02984595298767, 237.3824028968811, 227.99398708343506, 237.09410309791565, 234.80760598182678, 239.75440526008606, 238.84208464622498, 264.3297281265259, 233.82910013198853, 268.3344488143921, 75.84658622741699, 43.69669032096863, 45.436899185180664, 44.29995393753052, 40.04345393180847, 40.67897915840149, 40.58713221549988, 39.917593240737915, 39.76567077636719, 39.694122076034546, 39.80794596672058, 40.662885904312134, 40.405627965927124, 40.28233289718628, 40.38179612159729, 39.46175479888916, 40.544224977493286, 40.917612075805664, 39.31466317176819, 40.65723705291748, 41.01415395736694, 42.839558839797974, 41.88704586029053, 42.16902494430542, 39.98127603530884, 41.440438985824585, 39.87463116645813]

-------------Round number: 183-------------

Evaluate global model
Averaged Train Loss: 0.4549
Averaged Test Accurancy: 0.8423
Averaged Test AUC: 0.9706
Std Test Accurancy: 0.1191
Std Test AUC: 0.0238
------------------------- Round is  183 ------------------------- time cost ------------------------- 42.51024889945984
------------------------- Budget is : [851.0159862041473, 747.597101688385, 749.3950757980347, 330.52095890045166, 233.53188562393188, 237.79051613807678, 234.48510479927063, 238.2229518890381, 242.60584592819214, 223.61668825149536, 230.21543717384338, 231.056086063385, 257.8421287536621, 240.15797209739685, 227.73291015625, 222.73093605041504, 240.34417605400085, 232.38708782196045, 229.2259509563446, 235.94315314292908, 234.66389799118042, 230.83648896217346, 230.45425987243652, 234.8525607585907, 236.79091906547546, 226.25344395637512, 230.4469268321991, 225.31712698936462, 231.52774286270142, 238.15003323554993, 235.30017280578613, 235.30817103385925, 226.8762969970703, 247.40836477279663, 236.56913208961487, 239.99431705474854, 230.47901582717896, 234.5268030166626, 236.0567991733551, 234.98214983940125, 232.51492285728455, 228.83365392684937, 231.61347484588623, 227.1500689983368, 227.44782900810242, 231.2380349636078, 242.06183099746704, 245.2459921836853, 230.72104811668396, 231.8699562549591, 232.1072120666504, 232.9659948348999, 233.70126080513, 227.1596109867096, 233.7321240901947, 234.10426497459412, 239.5199489593506, 231.63014101982117, 232.56504917144775, 235.20819973945618, 229.19202589988708, 223.47441411018372, 234.55875992774963, 228.5964982509613, 229.28886914253235, 232.42222499847412, 244.37599682807922, 230.07026481628418, 237.61301708221436, 232.37708711624146, 229.58097410202026, 228.48834419250488, 229.54794883728027, 226.20923113822937, 229.11407899856567, 227.1140661239624, 233.19059991836548, 234.43196392059326, 234.51812291145325, 229.92254495620728, 244.469722032547, 233.39230704307556, 231.37859296798706, 236.25725889205933, 234.84776520729065, 253.4372079372406, 248.42400598526, 256.3125250339508, 225.9049937725067, 230.26039600372314, 224.15782117843628, 230.68845200538635, 224.4524359703064, 230.9575650691986, 219.76552391052246, 222.24259614944458, 227.0725920200348, 228.80761098861694, 229.80552291870117, 229.12900519371033, 228.1350290775299, 228.80969405174255, 222.5388069152832, 231.3101613521576, 227.06496405601501, 229.22482419013977, 225.74501395225525, 226.456552028656, 244.20262694358826, 225.7142059803009, 229.98651480674744, 230.12312865257263, 224.7356140613556, 225.44578003883362, 228.26749992370605, 224.91592502593994, 225.67937564849854, 235.16631293296814, 229.88793277740479, 230.3023087978363, 226.81831407546997, 228.9016239643097, 230.79607486724854, 246.65371918678284, 232.59648609161377, 229.25835275650024, 229.6994869709015, 231.02860021591187, 280.11039090156555, 273.31836104393005, 282.6476550102234, 273.6420228481293, 246.26788806915283, 232.31591296195984, 227.45345997810364, 229.28835892677307, 229.8522539138794, 234.0699541568756, 225.29525089263916, 227.67138409614563, 264.2704529762268, 351.3027968406677, 331.1570990085602, 333.0271439552307, 329.5622088909149, 267.7906901836395, 244.02984595298767, 237.3824028968811, 227.99398708343506, 237.09410309791565, 234.80760598182678, 239.75440526008606, 238.84208464622498, 264.3297281265259, 233.82910013198853, 268.3344488143921, 75.84658622741699, 43.69669032096863, 45.436899185180664, 44.29995393753052, 40.04345393180847, 40.67897915840149, 40.58713221549988, 39.917593240737915, 39.76567077636719, 39.694122076034546, 39.80794596672058, 40.662885904312134, 40.405627965927124, 40.28233289718628, 40.38179612159729, 39.46175479888916, 40.544224977493286, 40.917612075805664, 39.31466317176819, 40.65723705291748, 41.01415395736694, 42.839558839797974, 41.88704586029053, 42.16902494430542, 39.98127603530884, 41.440438985824585, 39.87463116645813, 42.51024889945984]

-------------Round number: 184-------------

Evaluate global model
Averaged Train Loss: 0.5652
Averaged Test Accurancy: 0.8161
Averaged Test AUC: 0.9662
Std Test Accurancy: 0.1419
Std Test AUC: 0.0293
------------------------- Round is  184 ------------------------- time cost ------------------------- 79.09256672859192
------------------------- Budget is : [851.0159862041473, 747.597101688385, 749.3950757980347, 330.52095890045166, 233.53188562393188, 237.79051613807678, 234.48510479927063, 238.2229518890381, 242.60584592819214, 223.61668825149536, 230.21543717384338, 231.056086063385, 257.8421287536621, 240.15797209739685, 227.73291015625, 222.73093605041504, 240.34417605400085, 232.38708782196045, 229.2259509563446, 235.94315314292908, 234.66389799118042, 230.83648896217346, 230.45425987243652, 234.8525607585907, 236.79091906547546, 226.25344395637512, 230.4469268321991, 225.31712698936462, 231.52774286270142, 238.15003323554993, 235.30017280578613, 235.30817103385925, 226.8762969970703, 247.40836477279663, 236.56913208961487, 239.99431705474854, 230.47901582717896, 234.5268030166626, 236.0567991733551, 234.98214983940125, 232.51492285728455, 228.83365392684937, 231.61347484588623, 227.1500689983368, 227.44782900810242, 231.2380349636078, 242.06183099746704, 245.2459921836853, 230.72104811668396, 231.8699562549591, 232.1072120666504, 232.9659948348999, 233.70126080513, 227.1596109867096, 233.7321240901947, 234.10426497459412, 239.5199489593506, 231.63014101982117, 232.56504917144775, 235.20819973945618, 229.19202589988708, 223.47441411018372, 234.55875992774963, 228.5964982509613, 229.28886914253235, 232.42222499847412, 244.37599682807922, 230.07026481628418, 237.61301708221436, 232.37708711624146, 229.58097410202026, 228.48834419250488, 229.54794883728027, 226.20923113822937, 229.11407899856567, 227.1140661239624, 233.19059991836548, 234.43196392059326, 234.51812291145325, 229.92254495620728, 244.469722032547, 233.39230704307556, 231.37859296798706, 236.25725889205933, 234.84776520729065, 253.4372079372406, 248.42400598526, 256.3125250339508, 225.9049937725067, 230.26039600372314, 224.15782117843628, 230.68845200538635, 224.4524359703064, 230.9575650691986, 219.76552391052246, 222.24259614944458, 227.0725920200348, 228.80761098861694, 229.80552291870117, 229.12900519371033, 228.1350290775299, 228.80969405174255, 222.5388069152832, 231.3101613521576, 227.06496405601501, 229.22482419013977, 225.74501395225525, 226.456552028656, 244.20262694358826, 225.7142059803009, 229.98651480674744, 230.12312865257263, 224.7356140613556, 225.44578003883362, 228.26749992370605, 224.91592502593994, 225.67937564849854, 235.16631293296814, 229.88793277740479, 230.3023087978363, 226.81831407546997, 228.9016239643097, 230.79607486724854, 246.65371918678284, 232.59648609161377, 229.25835275650024, 229.6994869709015, 231.02860021591187, 280.11039090156555, 273.31836104393005, 282.6476550102234, 273.6420228481293, 246.26788806915283, 232.31591296195984, 227.45345997810364, 229.28835892677307, 229.8522539138794, 234.0699541568756, 225.29525089263916, 227.67138409614563, 264.2704529762268, 351.3027968406677, 331.1570990085602, 333.0271439552307, 329.5622088909149, 267.7906901836395, 244.02984595298767, 237.3824028968811, 227.99398708343506, 237.09410309791565, 234.80760598182678, 239.75440526008606, 238.84208464622498, 264.3297281265259, 233.82910013198853, 268.3344488143921, 75.84658622741699, 43.69669032096863, 45.436899185180664, 44.29995393753052, 40.04345393180847, 40.67897915840149, 40.58713221549988, 39.917593240737915, 39.76567077636719, 39.694122076034546, 39.80794596672058, 40.662885904312134, 40.405627965927124, 40.28233289718628, 40.38179612159729, 39.46175479888916, 40.544224977493286, 40.917612075805664, 39.31466317176819, 40.65723705291748, 41.01415395736694, 42.839558839797974, 41.88704586029053, 42.16902494430542, 39.98127603530884, 41.440438985824585, 39.87463116645813, 42.51024889945984, 79.09256672859192]

-------------Round number: 185-------------

Evaluate global model
Averaged Train Loss: 0.4571
Averaged Test Accurancy: 0.8480
Averaged Test AUC: 0.9705
Std Test Accurancy: 0.1082
Std Test AUC: 0.0227
------------------------- Round is  185 ------------------------- time cost ------------------------- 57.43450903892517
------------------------- Budget is : [851.0159862041473, 747.597101688385, 749.3950757980347, 330.52095890045166, 233.53188562393188, 237.79051613807678, 234.48510479927063, 238.2229518890381, 242.60584592819214, 223.61668825149536, 230.21543717384338, 231.056086063385, 257.8421287536621, 240.15797209739685, 227.73291015625, 222.73093605041504, 240.34417605400085, 232.38708782196045, 229.2259509563446, 235.94315314292908, 234.66389799118042, 230.83648896217346, 230.45425987243652, 234.8525607585907, 236.79091906547546, 226.25344395637512, 230.4469268321991, 225.31712698936462, 231.52774286270142, 238.15003323554993, 235.30017280578613, 235.30817103385925, 226.8762969970703, 247.40836477279663, 236.56913208961487, 239.99431705474854, 230.47901582717896, 234.5268030166626, 236.0567991733551, 234.98214983940125, 232.51492285728455, 228.83365392684937, 231.61347484588623, 227.1500689983368, 227.44782900810242, 231.2380349636078, 242.06183099746704, 245.2459921836853, 230.72104811668396, 231.8699562549591, 232.1072120666504, 232.9659948348999, 233.70126080513, 227.1596109867096, 233.7321240901947, 234.10426497459412, 239.5199489593506, 231.63014101982117, 232.56504917144775, 235.20819973945618, 229.19202589988708, 223.47441411018372, 234.55875992774963, 228.5964982509613, 229.28886914253235, 232.42222499847412, 244.37599682807922, 230.07026481628418, 237.61301708221436, 232.37708711624146, 229.58097410202026, 228.48834419250488, 229.54794883728027, 226.20923113822937, 229.11407899856567, 227.1140661239624, 233.19059991836548, 234.43196392059326, 234.51812291145325, 229.92254495620728, 244.469722032547, 233.39230704307556, 231.37859296798706, 236.25725889205933, 234.84776520729065, 253.4372079372406, 248.42400598526, 256.3125250339508, 225.9049937725067, 230.26039600372314, 224.15782117843628, 230.68845200538635, 224.4524359703064, 230.9575650691986, 219.76552391052246, 222.24259614944458, 227.0725920200348, 228.80761098861694, 229.80552291870117, 229.12900519371033, 228.1350290775299, 228.80969405174255, 222.5388069152832, 231.3101613521576, 227.06496405601501, 229.22482419013977, 225.74501395225525, 226.456552028656, 244.20262694358826, 225.7142059803009, 229.98651480674744, 230.12312865257263, 224.7356140613556, 225.44578003883362, 228.26749992370605, 224.91592502593994, 225.67937564849854, 235.16631293296814, 229.88793277740479, 230.3023087978363, 226.81831407546997, 228.9016239643097, 230.79607486724854, 246.65371918678284, 232.59648609161377, 229.25835275650024, 229.6994869709015, 231.02860021591187, 280.11039090156555, 273.31836104393005, 282.6476550102234, 273.6420228481293, 246.26788806915283, 232.31591296195984, 227.45345997810364, 229.28835892677307, 229.8522539138794, 234.0699541568756, 225.29525089263916, 227.67138409614563, 264.2704529762268, 351.3027968406677, 331.1570990085602, 333.0271439552307, 329.5622088909149, 267.7906901836395, 244.02984595298767, 237.3824028968811, 227.99398708343506, 237.09410309791565, 234.80760598182678, 239.75440526008606, 238.84208464622498, 264.3297281265259, 233.82910013198853, 268.3344488143921, 75.84658622741699, 43.69669032096863, 45.436899185180664, 44.29995393753052, 40.04345393180847, 40.67897915840149, 40.58713221549988, 39.917593240737915, 39.76567077636719, 39.694122076034546, 39.80794596672058, 40.662885904312134, 40.405627965927124, 40.28233289718628, 40.38179612159729, 39.46175479888916, 40.544224977493286, 40.917612075805664, 39.31466317176819, 40.65723705291748, 41.01415395736694, 42.839558839797974, 41.88704586029053, 42.16902494430542, 39.98127603530884, 41.440438985824585, 39.87463116645813, 42.51024889945984, 79.09256672859192, 57.43450903892517]

-------------Round number: 186-------------

Evaluate global model
Averaged Train Loss: 0.6131
Averaged Test Accurancy: 0.7902
Averaged Test AUC: 0.9635
Std Test Accurancy: 0.2352
Std Test AUC: 0.0368
------------------------- Round is  186 ------------------------- time cost ------------------------- 63.32838582992554
------------------------- Budget is : [851.0159862041473, 747.597101688385, 749.3950757980347, 330.52095890045166, 233.53188562393188, 237.79051613807678, 234.48510479927063, 238.2229518890381, 242.60584592819214, 223.61668825149536, 230.21543717384338, 231.056086063385, 257.8421287536621, 240.15797209739685, 227.73291015625, 222.73093605041504, 240.34417605400085, 232.38708782196045, 229.2259509563446, 235.94315314292908, 234.66389799118042, 230.83648896217346, 230.45425987243652, 234.8525607585907, 236.79091906547546, 226.25344395637512, 230.4469268321991, 225.31712698936462, 231.52774286270142, 238.15003323554993, 235.30017280578613, 235.30817103385925, 226.8762969970703, 247.40836477279663, 236.56913208961487, 239.99431705474854, 230.47901582717896, 234.5268030166626, 236.0567991733551, 234.98214983940125, 232.51492285728455, 228.83365392684937, 231.61347484588623, 227.1500689983368, 227.44782900810242, 231.2380349636078, 242.06183099746704, 245.2459921836853, 230.72104811668396, 231.8699562549591, 232.1072120666504, 232.9659948348999, 233.70126080513, 227.1596109867096, 233.7321240901947, 234.10426497459412, 239.5199489593506, 231.63014101982117, 232.56504917144775, 235.20819973945618, 229.19202589988708, 223.47441411018372, 234.55875992774963, 228.5964982509613, 229.28886914253235, 232.42222499847412, 244.37599682807922, 230.07026481628418, 237.61301708221436, 232.37708711624146, 229.58097410202026, 228.48834419250488, 229.54794883728027, 226.20923113822937, 229.11407899856567, 227.1140661239624, 233.19059991836548, 234.43196392059326, 234.51812291145325, 229.92254495620728, 244.469722032547, 233.39230704307556, 231.37859296798706, 236.25725889205933, 234.84776520729065, 253.4372079372406, 248.42400598526, 256.3125250339508, 225.9049937725067, 230.26039600372314, 224.15782117843628, 230.68845200538635, 224.4524359703064, 230.9575650691986, 219.76552391052246, 222.24259614944458, 227.0725920200348, 228.80761098861694, 229.80552291870117, 229.12900519371033, 228.1350290775299, 228.80969405174255, 222.5388069152832, 231.3101613521576, 227.06496405601501, 229.22482419013977, 225.74501395225525, 226.456552028656, 244.20262694358826, 225.7142059803009, 229.98651480674744, 230.12312865257263, 224.7356140613556, 225.44578003883362, 228.26749992370605, 224.91592502593994, 225.67937564849854, 235.16631293296814, 229.88793277740479, 230.3023087978363, 226.81831407546997, 228.9016239643097, 230.79607486724854, 246.65371918678284, 232.59648609161377, 229.25835275650024, 229.6994869709015, 231.02860021591187, 280.11039090156555, 273.31836104393005, 282.6476550102234, 273.6420228481293, 246.26788806915283, 232.31591296195984, 227.45345997810364, 229.28835892677307, 229.8522539138794, 234.0699541568756, 225.29525089263916, 227.67138409614563, 264.2704529762268, 351.3027968406677, 331.1570990085602, 333.0271439552307, 329.5622088909149, 267.7906901836395, 244.02984595298767, 237.3824028968811, 227.99398708343506, 237.09410309791565, 234.80760598182678, 239.75440526008606, 238.84208464622498, 264.3297281265259, 233.82910013198853, 268.3344488143921, 75.84658622741699, 43.69669032096863, 45.436899185180664, 44.29995393753052, 40.04345393180847, 40.67897915840149, 40.58713221549988, 39.917593240737915, 39.76567077636719, 39.694122076034546, 39.80794596672058, 40.662885904312134, 40.405627965927124, 40.28233289718628, 40.38179612159729, 39.46175479888916, 40.544224977493286, 40.917612075805664, 39.31466317176819, 40.65723705291748, 41.01415395736694, 42.839558839797974, 41.88704586029053, 42.16902494430542, 39.98127603530884, 41.440438985824585, 39.87463116645813, 42.51024889945984, 79.09256672859192, 57.43450903892517, 63.32838582992554]

-------------Round number: 187-------------

Evaluate global model
Averaged Train Loss: 0.6807
Averaged Test Accurancy: 0.7938
Averaged Test AUC: 0.9574
Std Test Accurancy: 0.1841
Std Test AUC: 0.0502
------------------------- Round is  187 ------------------------- time cost ------------------------- 49.93906807899475
------------------------- Budget is : [851.0159862041473, 747.597101688385, 749.3950757980347, 330.52095890045166, 233.53188562393188, 237.79051613807678, 234.48510479927063, 238.2229518890381, 242.60584592819214, 223.61668825149536, 230.21543717384338, 231.056086063385, 257.8421287536621, 240.15797209739685, 227.73291015625, 222.73093605041504, 240.34417605400085, 232.38708782196045, 229.2259509563446, 235.94315314292908, 234.66389799118042, 230.83648896217346, 230.45425987243652, 234.8525607585907, 236.79091906547546, 226.25344395637512, 230.4469268321991, 225.31712698936462, 231.52774286270142, 238.15003323554993, 235.30017280578613, 235.30817103385925, 226.8762969970703, 247.40836477279663, 236.56913208961487, 239.99431705474854, 230.47901582717896, 234.5268030166626, 236.0567991733551, 234.98214983940125, 232.51492285728455, 228.83365392684937, 231.61347484588623, 227.1500689983368, 227.44782900810242, 231.2380349636078, 242.06183099746704, 245.2459921836853, 230.72104811668396, 231.8699562549591, 232.1072120666504, 232.9659948348999, 233.70126080513, 227.1596109867096, 233.7321240901947, 234.10426497459412, 239.5199489593506, 231.63014101982117, 232.56504917144775, 235.20819973945618, 229.19202589988708, 223.47441411018372, 234.55875992774963, 228.5964982509613, 229.28886914253235, 232.42222499847412, 244.37599682807922, 230.07026481628418, 237.61301708221436, 232.37708711624146, 229.58097410202026, 228.48834419250488, 229.54794883728027, 226.20923113822937, 229.11407899856567, 227.1140661239624, 233.19059991836548, 234.43196392059326, 234.51812291145325, 229.92254495620728, 244.469722032547, 233.39230704307556, 231.37859296798706, 236.25725889205933, 234.84776520729065, 253.4372079372406, 248.42400598526, 256.3125250339508, 225.9049937725067, 230.26039600372314, 224.15782117843628, 230.68845200538635, 224.4524359703064, 230.9575650691986, 219.76552391052246, 222.24259614944458, 227.0725920200348, 228.80761098861694, 229.80552291870117, 229.12900519371033, 228.1350290775299, 228.80969405174255, 222.5388069152832, 231.3101613521576, 227.06496405601501, 229.22482419013977, 225.74501395225525, 226.456552028656, 244.20262694358826, 225.7142059803009, 229.98651480674744, 230.12312865257263, 224.7356140613556, 225.44578003883362, 228.26749992370605, 224.91592502593994, 225.67937564849854, 235.16631293296814, 229.88793277740479, 230.3023087978363, 226.81831407546997, 228.9016239643097, 230.79607486724854, 246.65371918678284, 232.59648609161377, 229.25835275650024, 229.6994869709015, 231.02860021591187, 280.11039090156555, 273.31836104393005, 282.6476550102234, 273.6420228481293, 246.26788806915283, 232.31591296195984, 227.45345997810364, 229.28835892677307, 229.8522539138794, 234.0699541568756, 225.29525089263916, 227.67138409614563, 264.2704529762268, 351.3027968406677, 331.1570990085602, 333.0271439552307, 329.5622088909149, 267.7906901836395, 244.02984595298767, 237.3824028968811, 227.99398708343506, 237.09410309791565, 234.80760598182678, 239.75440526008606, 238.84208464622498, 264.3297281265259, 233.82910013198853, 268.3344488143921, 75.84658622741699, 43.69669032096863, 45.436899185180664, 44.29995393753052, 40.04345393180847, 40.67897915840149, 40.58713221549988, 39.917593240737915, 39.76567077636719, 39.694122076034546, 39.80794596672058, 40.662885904312134, 40.405627965927124, 40.28233289718628, 40.38179612159729, 39.46175479888916, 40.544224977493286, 40.917612075805664, 39.31466317176819, 40.65723705291748, 41.01415395736694, 42.839558839797974, 41.88704586029053, 42.16902494430542, 39.98127603530884, 41.440438985824585, 39.87463116645813, 42.51024889945984, 79.09256672859192, 57.43450903892517, 63.32838582992554, 49.93906807899475]

-------------Round number: 188-------------

Evaluate global model
Averaged Train Loss: 0.3875
Averaged Test Accurancy: 0.8629
Averaged Test AUC: 0.9742
Std Test Accurancy: 0.0957
Std Test AUC: 0.0174
------------------------- Round is  188 ------------------------- time cost ------------------------- 49.82311296463013
------------------------- Budget is : [851.0159862041473, 747.597101688385, 749.3950757980347, 330.52095890045166, 233.53188562393188, 237.79051613807678, 234.48510479927063, 238.2229518890381, 242.60584592819214, 223.61668825149536, 230.21543717384338, 231.056086063385, 257.8421287536621, 240.15797209739685, 227.73291015625, 222.73093605041504, 240.34417605400085, 232.38708782196045, 229.2259509563446, 235.94315314292908, 234.66389799118042, 230.83648896217346, 230.45425987243652, 234.8525607585907, 236.79091906547546, 226.25344395637512, 230.4469268321991, 225.31712698936462, 231.52774286270142, 238.15003323554993, 235.30017280578613, 235.30817103385925, 226.8762969970703, 247.40836477279663, 236.56913208961487, 239.99431705474854, 230.47901582717896, 234.5268030166626, 236.0567991733551, 234.98214983940125, 232.51492285728455, 228.83365392684937, 231.61347484588623, 227.1500689983368, 227.44782900810242, 231.2380349636078, 242.06183099746704, 245.2459921836853, 230.72104811668396, 231.8699562549591, 232.1072120666504, 232.9659948348999, 233.70126080513, 227.1596109867096, 233.7321240901947, 234.10426497459412, 239.5199489593506, 231.63014101982117, 232.56504917144775, 235.20819973945618, 229.19202589988708, 223.47441411018372, 234.55875992774963, 228.5964982509613, 229.28886914253235, 232.42222499847412, 244.37599682807922, 230.07026481628418, 237.61301708221436, 232.37708711624146, 229.58097410202026, 228.48834419250488, 229.54794883728027, 226.20923113822937, 229.11407899856567, 227.1140661239624, 233.19059991836548, 234.43196392059326, 234.51812291145325, 229.92254495620728, 244.469722032547, 233.39230704307556, 231.37859296798706, 236.25725889205933, 234.84776520729065, 253.4372079372406, 248.42400598526, 256.3125250339508, 225.9049937725067, 230.26039600372314, 224.15782117843628, 230.68845200538635, 224.4524359703064, 230.9575650691986, 219.76552391052246, 222.24259614944458, 227.0725920200348, 228.80761098861694, 229.80552291870117, 229.12900519371033, 228.1350290775299, 228.80969405174255, 222.5388069152832, 231.3101613521576, 227.06496405601501, 229.22482419013977, 225.74501395225525, 226.456552028656, 244.20262694358826, 225.7142059803009, 229.98651480674744, 230.12312865257263, 224.7356140613556, 225.44578003883362, 228.26749992370605, 224.91592502593994, 225.67937564849854, 235.16631293296814, 229.88793277740479, 230.3023087978363, 226.81831407546997, 228.9016239643097, 230.79607486724854, 246.65371918678284, 232.59648609161377, 229.25835275650024, 229.6994869709015, 231.02860021591187, 280.11039090156555, 273.31836104393005, 282.6476550102234, 273.6420228481293, 246.26788806915283, 232.31591296195984, 227.45345997810364, 229.28835892677307, 229.8522539138794, 234.0699541568756, 225.29525089263916, 227.67138409614563, 264.2704529762268, 351.3027968406677, 331.1570990085602, 333.0271439552307, 329.5622088909149, 267.7906901836395, 244.02984595298767, 237.3824028968811, 227.99398708343506, 237.09410309791565, 234.80760598182678, 239.75440526008606, 238.84208464622498, 264.3297281265259, 233.82910013198853, 268.3344488143921, 75.84658622741699, 43.69669032096863, 45.436899185180664, 44.29995393753052, 40.04345393180847, 40.67897915840149, 40.58713221549988, 39.917593240737915, 39.76567077636719, 39.694122076034546, 39.80794596672058, 40.662885904312134, 40.405627965927124, 40.28233289718628, 40.38179612159729, 39.46175479888916, 40.544224977493286, 40.917612075805664, 39.31466317176819, 40.65723705291748, 41.01415395736694, 42.839558839797974, 41.88704586029053, 42.16902494430542, 39.98127603530884, 41.440438985824585, 39.87463116645813, 42.51024889945984, 79.09256672859192, 57.43450903892517, 63.32838582992554, 49.93906807899475, 49.82311296463013]

-------------Round number: 189-------------

Evaluate global model
Averaged Train Loss: 0.6438
Averaged Test Accurancy: 0.7949
Averaged Test AUC: 0.9598
Std Test Accurancy: 0.1849
Std Test AUC: 0.0392
------------------------- Round is  189 ------------------------- time cost ------------------------- 50.59767293930054
------------------------- Budget is : [851.0159862041473, 747.597101688385, 749.3950757980347, 330.52095890045166, 233.53188562393188, 237.79051613807678, 234.48510479927063, 238.2229518890381, 242.60584592819214, 223.61668825149536, 230.21543717384338, 231.056086063385, 257.8421287536621, 240.15797209739685, 227.73291015625, 222.73093605041504, 240.34417605400085, 232.38708782196045, 229.2259509563446, 235.94315314292908, 234.66389799118042, 230.83648896217346, 230.45425987243652, 234.8525607585907, 236.79091906547546, 226.25344395637512, 230.4469268321991, 225.31712698936462, 231.52774286270142, 238.15003323554993, 235.30017280578613, 235.30817103385925, 226.8762969970703, 247.40836477279663, 236.56913208961487, 239.99431705474854, 230.47901582717896, 234.5268030166626, 236.0567991733551, 234.98214983940125, 232.51492285728455, 228.83365392684937, 231.61347484588623, 227.1500689983368, 227.44782900810242, 231.2380349636078, 242.06183099746704, 245.2459921836853, 230.72104811668396, 231.8699562549591, 232.1072120666504, 232.9659948348999, 233.70126080513, 227.1596109867096, 233.7321240901947, 234.10426497459412, 239.5199489593506, 231.63014101982117, 232.56504917144775, 235.20819973945618, 229.19202589988708, 223.47441411018372, 234.55875992774963, 228.5964982509613, 229.28886914253235, 232.42222499847412, 244.37599682807922, 230.07026481628418, 237.61301708221436, 232.37708711624146, 229.58097410202026, 228.48834419250488, 229.54794883728027, 226.20923113822937, 229.11407899856567, 227.1140661239624, 233.19059991836548, 234.43196392059326, 234.51812291145325, 229.92254495620728, 244.469722032547, 233.39230704307556, 231.37859296798706, 236.25725889205933, 234.84776520729065, 253.4372079372406, 248.42400598526, 256.3125250339508, 225.9049937725067, 230.26039600372314, 224.15782117843628, 230.68845200538635, 224.4524359703064, 230.9575650691986, 219.76552391052246, 222.24259614944458, 227.0725920200348, 228.80761098861694, 229.80552291870117, 229.12900519371033, 228.1350290775299, 228.80969405174255, 222.5388069152832, 231.3101613521576, 227.06496405601501, 229.22482419013977, 225.74501395225525, 226.456552028656, 244.20262694358826, 225.7142059803009, 229.98651480674744, 230.12312865257263, 224.7356140613556, 225.44578003883362, 228.26749992370605, 224.91592502593994, 225.67937564849854, 235.16631293296814, 229.88793277740479, 230.3023087978363, 226.81831407546997, 228.9016239643097, 230.79607486724854, 246.65371918678284, 232.59648609161377, 229.25835275650024, 229.6994869709015, 231.02860021591187, 280.11039090156555, 273.31836104393005, 282.6476550102234, 273.6420228481293, 246.26788806915283, 232.31591296195984, 227.45345997810364, 229.28835892677307, 229.8522539138794, 234.0699541568756, 225.29525089263916, 227.67138409614563, 264.2704529762268, 351.3027968406677, 331.1570990085602, 333.0271439552307, 329.5622088909149, 267.7906901836395, 244.02984595298767, 237.3824028968811, 227.99398708343506, 237.09410309791565, 234.80760598182678, 239.75440526008606, 238.84208464622498, 264.3297281265259, 233.82910013198853, 268.3344488143921, 75.84658622741699, 43.69669032096863, 45.436899185180664, 44.29995393753052, 40.04345393180847, 40.67897915840149, 40.58713221549988, 39.917593240737915, 39.76567077636719, 39.694122076034546, 39.80794596672058, 40.662885904312134, 40.405627965927124, 40.28233289718628, 40.38179612159729, 39.46175479888916, 40.544224977493286, 40.917612075805664, 39.31466317176819, 40.65723705291748, 41.01415395736694, 42.839558839797974, 41.88704586029053, 42.16902494430542, 39.98127603530884, 41.440438985824585, 39.87463116645813, 42.51024889945984, 79.09256672859192, 57.43450903892517, 63.32838582992554, 49.93906807899475, 49.82311296463013, 50.59767293930054]

-------------Round number: 190-------------

Evaluate global model
Averaged Train Loss: 0.5295
Averaged Test Accurancy: 0.8191
Averaged Test AUC: 0.9689
Std Test Accurancy: 0.1612
Std Test AUC: 0.0263
------------------------- Round is  190 ------------------------- time cost ------------------------- 49.9643337726593
------------------------- Budget is : [851.0159862041473, 747.597101688385, 749.3950757980347, 330.52095890045166, 233.53188562393188, 237.79051613807678, 234.48510479927063, 238.2229518890381, 242.60584592819214, 223.61668825149536, 230.21543717384338, 231.056086063385, 257.8421287536621, 240.15797209739685, 227.73291015625, 222.73093605041504, 240.34417605400085, 232.38708782196045, 229.2259509563446, 235.94315314292908, 234.66389799118042, 230.83648896217346, 230.45425987243652, 234.8525607585907, 236.79091906547546, 226.25344395637512, 230.4469268321991, 225.31712698936462, 231.52774286270142, 238.15003323554993, 235.30017280578613, 235.30817103385925, 226.8762969970703, 247.40836477279663, 236.56913208961487, 239.99431705474854, 230.47901582717896, 234.5268030166626, 236.0567991733551, 234.98214983940125, 232.51492285728455, 228.83365392684937, 231.61347484588623, 227.1500689983368, 227.44782900810242, 231.2380349636078, 242.06183099746704, 245.2459921836853, 230.72104811668396, 231.8699562549591, 232.1072120666504, 232.9659948348999, 233.70126080513, 227.1596109867096, 233.7321240901947, 234.10426497459412, 239.5199489593506, 231.63014101982117, 232.56504917144775, 235.20819973945618, 229.19202589988708, 223.47441411018372, 234.55875992774963, 228.5964982509613, 229.28886914253235, 232.42222499847412, 244.37599682807922, 230.07026481628418, 237.61301708221436, 232.37708711624146, 229.58097410202026, 228.48834419250488, 229.54794883728027, 226.20923113822937, 229.11407899856567, 227.1140661239624, 233.19059991836548, 234.43196392059326, 234.51812291145325, 229.92254495620728, 244.469722032547, 233.39230704307556, 231.37859296798706, 236.25725889205933, 234.84776520729065, 253.4372079372406, 248.42400598526, 256.3125250339508, 225.9049937725067, 230.26039600372314, 224.15782117843628, 230.68845200538635, 224.4524359703064, 230.9575650691986, 219.76552391052246, 222.24259614944458, 227.0725920200348, 228.80761098861694, 229.80552291870117, 229.12900519371033, 228.1350290775299, 228.80969405174255, 222.5388069152832, 231.3101613521576, 227.06496405601501, 229.22482419013977, 225.74501395225525, 226.456552028656, 244.20262694358826, 225.7142059803009, 229.98651480674744, 230.12312865257263, 224.7356140613556, 225.44578003883362, 228.26749992370605, 224.91592502593994, 225.67937564849854, 235.16631293296814, 229.88793277740479, 230.3023087978363, 226.81831407546997, 228.9016239643097, 230.79607486724854, 246.65371918678284, 232.59648609161377, 229.25835275650024, 229.6994869709015, 231.02860021591187, 280.11039090156555, 273.31836104393005, 282.6476550102234, 273.6420228481293, 246.26788806915283, 232.31591296195984, 227.45345997810364, 229.28835892677307, 229.8522539138794, 234.0699541568756, 225.29525089263916, 227.67138409614563, 264.2704529762268, 351.3027968406677, 331.1570990085602, 333.0271439552307, 329.5622088909149, 267.7906901836395, 244.02984595298767, 237.3824028968811, 227.99398708343506, 237.09410309791565, 234.80760598182678, 239.75440526008606, 238.84208464622498, 264.3297281265259, 233.82910013198853, 268.3344488143921, 75.84658622741699, 43.69669032096863, 45.436899185180664, 44.29995393753052, 40.04345393180847, 40.67897915840149, 40.58713221549988, 39.917593240737915, 39.76567077636719, 39.694122076034546, 39.80794596672058, 40.662885904312134, 40.405627965927124, 40.28233289718628, 40.38179612159729, 39.46175479888916, 40.544224977493286, 40.917612075805664, 39.31466317176819, 40.65723705291748, 41.01415395736694, 42.839558839797974, 41.88704586029053, 42.16902494430542, 39.98127603530884, 41.440438985824585, 39.87463116645813, 42.51024889945984, 79.09256672859192, 57.43450903892517, 63.32838582992554, 49.93906807899475, 49.82311296463013, 50.59767293930054, 49.9643337726593]

-------------Round number: 191-------------

Evaluate global model
Averaged Train Loss: 0.7707
Averaged Test Accurancy: 0.7724
Averaged Test AUC: 0.9529
Std Test Accurancy: 0.2248
Std Test AUC: 0.0541
------------------------- Round is  191 ------------------------- time cost ------------------------- 42.08436822891235
------------------------- Budget is : [851.0159862041473, 747.597101688385, 749.3950757980347, 330.52095890045166, 233.53188562393188, 237.79051613807678, 234.48510479927063, 238.2229518890381, 242.60584592819214, 223.61668825149536, 230.21543717384338, 231.056086063385, 257.8421287536621, 240.15797209739685, 227.73291015625, 222.73093605041504, 240.34417605400085, 232.38708782196045, 229.2259509563446, 235.94315314292908, 234.66389799118042, 230.83648896217346, 230.45425987243652, 234.8525607585907, 236.79091906547546, 226.25344395637512, 230.4469268321991, 225.31712698936462, 231.52774286270142, 238.15003323554993, 235.30017280578613, 235.30817103385925, 226.8762969970703, 247.40836477279663, 236.56913208961487, 239.99431705474854, 230.47901582717896, 234.5268030166626, 236.0567991733551, 234.98214983940125, 232.51492285728455, 228.83365392684937, 231.61347484588623, 227.1500689983368, 227.44782900810242, 231.2380349636078, 242.06183099746704, 245.2459921836853, 230.72104811668396, 231.8699562549591, 232.1072120666504, 232.9659948348999, 233.70126080513, 227.1596109867096, 233.7321240901947, 234.10426497459412, 239.5199489593506, 231.63014101982117, 232.56504917144775, 235.20819973945618, 229.19202589988708, 223.47441411018372, 234.55875992774963, 228.5964982509613, 229.28886914253235, 232.42222499847412, 244.37599682807922, 230.07026481628418, 237.61301708221436, 232.37708711624146, 229.58097410202026, 228.48834419250488, 229.54794883728027, 226.20923113822937, 229.11407899856567, 227.1140661239624, 233.19059991836548, 234.43196392059326, 234.51812291145325, 229.92254495620728, 244.469722032547, 233.39230704307556, 231.37859296798706, 236.25725889205933, 234.84776520729065, 253.4372079372406, 248.42400598526, 256.3125250339508, 225.9049937725067, 230.26039600372314, 224.15782117843628, 230.68845200538635, 224.4524359703064, 230.9575650691986, 219.76552391052246, 222.24259614944458, 227.0725920200348, 228.80761098861694, 229.80552291870117, 229.12900519371033, 228.1350290775299, 228.80969405174255, 222.5388069152832, 231.3101613521576, 227.06496405601501, 229.22482419013977, 225.74501395225525, 226.456552028656, 244.20262694358826, 225.7142059803009, 229.98651480674744, 230.12312865257263, 224.7356140613556, 225.44578003883362, 228.26749992370605, 224.91592502593994, 225.67937564849854, 235.16631293296814, 229.88793277740479, 230.3023087978363, 226.81831407546997, 228.9016239643097, 230.79607486724854, 246.65371918678284, 232.59648609161377, 229.25835275650024, 229.6994869709015, 231.02860021591187, 280.11039090156555, 273.31836104393005, 282.6476550102234, 273.6420228481293, 246.26788806915283, 232.31591296195984, 227.45345997810364, 229.28835892677307, 229.8522539138794, 234.0699541568756, 225.29525089263916, 227.67138409614563, 264.2704529762268, 351.3027968406677, 331.1570990085602, 333.0271439552307, 329.5622088909149, 267.7906901836395, 244.02984595298767, 237.3824028968811, 227.99398708343506, 237.09410309791565, 234.80760598182678, 239.75440526008606, 238.84208464622498, 264.3297281265259, 233.82910013198853, 268.3344488143921, 75.84658622741699, 43.69669032096863, 45.436899185180664, 44.29995393753052, 40.04345393180847, 40.67897915840149, 40.58713221549988, 39.917593240737915, 39.76567077636719, 39.694122076034546, 39.80794596672058, 40.662885904312134, 40.405627965927124, 40.28233289718628, 40.38179612159729, 39.46175479888916, 40.544224977493286, 40.917612075805664, 39.31466317176819, 40.65723705291748, 41.01415395736694, 42.839558839797974, 41.88704586029053, 42.16902494430542, 39.98127603530884, 41.440438985824585, 39.87463116645813, 42.51024889945984, 79.09256672859192, 57.43450903892517, 63.32838582992554, 49.93906807899475, 49.82311296463013, 50.59767293930054, 49.9643337726593, 42.08436822891235]

-------------Round number: 192-------------

Evaluate global model
Averaged Train Loss: 0.5615
Averaged Test Accurancy: 0.8202
Averaged Test AUC: 0.9648
Std Test Accurancy: 0.1490
Std Test AUC: 0.0300
------------------------- Round is  192 ------------------------- time cost ------------------------- 40.596338987350464
------------------------- Budget is : [851.0159862041473, 747.597101688385, 749.3950757980347, 330.52095890045166, 233.53188562393188, 237.79051613807678, 234.48510479927063, 238.2229518890381, 242.60584592819214, 223.61668825149536, 230.21543717384338, 231.056086063385, 257.8421287536621, 240.15797209739685, 227.73291015625, 222.73093605041504, 240.34417605400085, 232.38708782196045, 229.2259509563446, 235.94315314292908, 234.66389799118042, 230.83648896217346, 230.45425987243652, 234.8525607585907, 236.79091906547546, 226.25344395637512, 230.4469268321991, 225.31712698936462, 231.52774286270142, 238.15003323554993, 235.30017280578613, 235.30817103385925, 226.8762969970703, 247.40836477279663, 236.56913208961487, 239.99431705474854, 230.47901582717896, 234.5268030166626, 236.0567991733551, 234.98214983940125, 232.51492285728455, 228.83365392684937, 231.61347484588623, 227.1500689983368, 227.44782900810242, 231.2380349636078, 242.06183099746704, 245.2459921836853, 230.72104811668396, 231.8699562549591, 232.1072120666504, 232.9659948348999, 233.70126080513, 227.1596109867096, 233.7321240901947, 234.10426497459412, 239.5199489593506, 231.63014101982117, 232.56504917144775, 235.20819973945618, 229.19202589988708, 223.47441411018372, 234.55875992774963, 228.5964982509613, 229.28886914253235, 232.42222499847412, 244.37599682807922, 230.07026481628418, 237.61301708221436, 232.37708711624146, 229.58097410202026, 228.48834419250488, 229.54794883728027, 226.20923113822937, 229.11407899856567, 227.1140661239624, 233.19059991836548, 234.43196392059326, 234.51812291145325, 229.92254495620728, 244.469722032547, 233.39230704307556, 231.37859296798706, 236.25725889205933, 234.84776520729065, 253.4372079372406, 248.42400598526, 256.3125250339508, 225.9049937725067, 230.26039600372314, 224.15782117843628, 230.68845200538635, 224.4524359703064, 230.9575650691986, 219.76552391052246, 222.24259614944458, 227.0725920200348, 228.80761098861694, 229.80552291870117, 229.12900519371033, 228.1350290775299, 228.80969405174255, 222.5388069152832, 231.3101613521576, 227.06496405601501, 229.22482419013977, 225.74501395225525, 226.456552028656, 244.20262694358826, 225.7142059803009, 229.98651480674744, 230.12312865257263, 224.7356140613556, 225.44578003883362, 228.26749992370605, 224.91592502593994, 225.67937564849854, 235.16631293296814, 229.88793277740479, 230.3023087978363, 226.81831407546997, 228.9016239643097, 230.79607486724854, 246.65371918678284, 232.59648609161377, 229.25835275650024, 229.6994869709015, 231.02860021591187, 280.11039090156555, 273.31836104393005, 282.6476550102234, 273.6420228481293, 246.26788806915283, 232.31591296195984, 227.45345997810364, 229.28835892677307, 229.8522539138794, 234.0699541568756, 225.29525089263916, 227.67138409614563, 264.2704529762268, 351.3027968406677, 331.1570990085602, 333.0271439552307, 329.5622088909149, 267.7906901836395, 244.02984595298767, 237.3824028968811, 227.99398708343506, 237.09410309791565, 234.80760598182678, 239.75440526008606, 238.84208464622498, 264.3297281265259, 233.82910013198853, 268.3344488143921, 75.84658622741699, 43.69669032096863, 45.436899185180664, 44.29995393753052, 40.04345393180847, 40.67897915840149, 40.58713221549988, 39.917593240737915, 39.76567077636719, 39.694122076034546, 39.80794596672058, 40.662885904312134, 40.405627965927124, 40.28233289718628, 40.38179612159729, 39.46175479888916, 40.544224977493286, 40.917612075805664, 39.31466317176819, 40.65723705291748, 41.01415395736694, 42.839558839797974, 41.88704586029053, 42.16902494430542, 39.98127603530884, 41.440438985824585, 39.87463116645813, 42.51024889945984, 79.09256672859192, 57.43450903892517, 63.32838582992554, 49.93906807899475, 49.82311296463013, 50.59767293930054, 49.9643337726593, 42.08436822891235, 40.596338987350464]

-------------Round number: 193-------------

Evaluate global model
Averaged Train Loss: 0.5576
Averaged Test Accurancy: 0.8093
Averaged Test AUC: 0.9648
Std Test Accurancy: 0.2013
Std Test AUC: 0.0331
------------------------- Round is  193 ------------------------- time cost ------------------------- 57.03304314613342
------------------------- Budget is : [851.0159862041473, 747.597101688385, 749.3950757980347, 330.52095890045166, 233.53188562393188, 237.79051613807678, 234.48510479927063, 238.2229518890381, 242.60584592819214, 223.61668825149536, 230.21543717384338, 231.056086063385, 257.8421287536621, 240.15797209739685, 227.73291015625, 222.73093605041504, 240.34417605400085, 232.38708782196045, 229.2259509563446, 235.94315314292908, 234.66389799118042, 230.83648896217346, 230.45425987243652, 234.8525607585907, 236.79091906547546, 226.25344395637512, 230.4469268321991, 225.31712698936462, 231.52774286270142, 238.15003323554993, 235.30017280578613, 235.30817103385925, 226.8762969970703, 247.40836477279663, 236.56913208961487, 239.99431705474854, 230.47901582717896, 234.5268030166626, 236.0567991733551, 234.98214983940125, 232.51492285728455, 228.83365392684937, 231.61347484588623, 227.1500689983368, 227.44782900810242, 231.2380349636078, 242.06183099746704, 245.2459921836853, 230.72104811668396, 231.8699562549591, 232.1072120666504, 232.9659948348999, 233.70126080513, 227.1596109867096, 233.7321240901947, 234.10426497459412, 239.5199489593506, 231.63014101982117, 232.56504917144775, 235.20819973945618, 229.19202589988708, 223.47441411018372, 234.55875992774963, 228.5964982509613, 229.28886914253235, 232.42222499847412, 244.37599682807922, 230.07026481628418, 237.61301708221436, 232.37708711624146, 229.58097410202026, 228.48834419250488, 229.54794883728027, 226.20923113822937, 229.11407899856567, 227.1140661239624, 233.19059991836548, 234.43196392059326, 234.51812291145325, 229.92254495620728, 244.469722032547, 233.39230704307556, 231.37859296798706, 236.25725889205933, 234.84776520729065, 253.4372079372406, 248.42400598526, 256.3125250339508, 225.9049937725067, 230.26039600372314, 224.15782117843628, 230.68845200538635, 224.4524359703064, 230.9575650691986, 219.76552391052246, 222.24259614944458, 227.0725920200348, 228.80761098861694, 229.80552291870117, 229.12900519371033, 228.1350290775299, 228.80969405174255, 222.5388069152832, 231.3101613521576, 227.06496405601501, 229.22482419013977, 225.74501395225525, 226.456552028656, 244.20262694358826, 225.7142059803009, 229.98651480674744, 230.12312865257263, 224.7356140613556, 225.44578003883362, 228.26749992370605, 224.91592502593994, 225.67937564849854, 235.16631293296814, 229.88793277740479, 230.3023087978363, 226.81831407546997, 228.9016239643097, 230.79607486724854, 246.65371918678284, 232.59648609161377, 229.25835275650024, 229.6994869709015, 231.02860021591187, 280.11039090156555, 273.31836104393005, 282.6476550102234, 273.6420228481293, 246.26788806915283, 232.31591296195984, 227.45345997810364, 229.28835892677307, 229.8522539138794, 234.0699541568756, 225.29525089263916, 227.67138409614563, 264.2704529762268, 351.3027968406677, 331.1570990085602, 333.0271439552307, 329.5622088909149, 267.7906901836395, 244.02984595298767, 237.3824028968811, 227.99398708343506, 237.09410309791565, 234.80760598182678, 239.75440526008606, 238.84208464622498, 264.3297281265259, 233.82910013198853, 268.3344488143921, 75.84658622741699, 43.69669032096863, 45.436899185180664, 44.29995393753052, 40.04345393180847, 40.67897915840149, 40.58713221549988, 39.917593240737915, 39.76567077636719, 39.694122076034546, 39.80794596672058, 40.662885904312134, 40.405627965927124, 40.28233289718628, 40.38179612159729, 39.46175479888916, 40.544224977493286, 40.917612075805664, 39.31466317176819, 40.65723705291748, 41.01415395736694, 42.839558839797974, 41.88704586029053, 42.16902494430542, 39.98127603530884, 41.440438985824585, 39.87463116645813, 42.51024889945984, 79.09256672859192, 57.43450903892517, 63.32838582992554, 49.93906807899475, 49.82311296463013, 50.59767293930054, 49.9643337726593, 42.08436822891235, 40.596338987350464, 57.03304314613342]

-------------Round number: 194-------------

Evaluate global model
Averaged Train Loss: 0.5630
Averaged Test Accurancy: 0.8270
Averaged Test AUC: 0.9618
Std Test Accurancy: 0.1387
Std Test AUC: 0.0331
------------------------- Round is  194 ------------------------- time cost ------------------------- 45.7289080619812
------------------------- Budget is : [851.0159862041473, 747.597101688385, 749.3950757980347, 330.52095890045166, 233.53188562393188, 237.79051613807678, 234.48510479927063, 238.2229518890381, 242.60584592819214, 223.61668825149536, 230.21543717384338, 231.056086063385, 257.8421287536621, 240.15797209739685, 227.73291015625, 222.73093605041504, 240.34417605400085, 232.38708782196045, 229.2259509563446, 235.94315314292908, 234.66389799118042, 230.83648896217346, 230.45425987243652, 234.8525607585907, 236.79091906547546, 226.25344395637512, 230.4469268321991, 225.31712698936462, 231.52774286270142, 238.15003323554993, 235.30017280578613, 235.30817103385925, 226.8762969970703, 247.40836477279663, 236.56913208961487, 239.99431705474854, 230.47901582717896, 234.5268030166626, 236.0567991733551, 234.98214983940125, 232.51492285728455, 228.83365392684937, 231.61347484588623, 227.1500689983368, 227.44782900810242, 231.2380349636078, 242.06183099746704, 245.2459921836853, 230.72104811668396, 231.8699562549591, 232.1072120666504, 232.9659948348999, 233.70126080513, 227.1596109867096, 233.7321240901947, 234.10426497459412, 239.5199489593506, 231.63014101982117, 232.56504917144775, 235.20819973945618, 229.19202589988708, 223.47441411018372, 234.55875992774963, 228.5964982509613, 229.28886914253235, 232.42222499847412, 244.37599682807922, 230.07026481628418, 237.61301708221436, 232.37708711624146, 229.58097410202026, 228.48834419250488, 229.54794883728027, 226.20923113822937, 229.11407899856567, 227.1140661239624, 233.19059991836548, 234.43196392059326, 234.51812291145325, 229.92254495620728, 244.469722032547, 233.39230704307556, 231.37859296798706, 236.25725889205933, 234.84776520729065, 253.4372079372406, 248.42400598526, 256.3125250339508, 225.9049937725067, 230.26039600372314, 224.15782117843628, 230.68845200538635, 224.4524359703064, 230.9575650691986, 219.76552391052246, 222.24259614944458, 227.0725920200348, 228.80761098861694, 229.80552291870117, 229.12900519371033, 228.1350290775299, 228.80969405174255, 222.5388069152832, 231.3101613521576, 227.06496405601501, 229.22482419013977, 225.74501395225525, 226.456552028656, 244.20262694358826, 225.7142059803009, 229.98651480674744, 230.12312865257263, 224.7356140613556, 225.44578003883362, 228.26749992370605, 224.91592502593994, 225.67937564849854, 235.16631293296814, 229.88793277740479, 230.3023087978363, 226.81831407546997, 228.9016239643097, 230.79607486724854, 246.65371918678284, 232.59648609161377, 229.25835275650024, 229.6994869709015, 231.02860021591187, 280.11039090156555, 273.31836104393005, 282.6476550102234, 273.6420228481293, 246.26788806915283, 232.31591296195984, 227.45345997810364, 229.28835892677307, 229.8522539138794, 234.0699541568756, 225.29525089263916, 227.67138409614563, 264.2704529762268, 351.3027968406677, 331.1570990085602, 333.0271439552307, 329.5622088909149, 267.7906901836395, 244.02984595298767, 237.3824028968811, 227.99398708343506, 237.09410309791565, 234.80760598182678, 239.75440526008606, 238.84208464622498, 264.3297281265259, 233.82910013198853, 268.3344488143921, 75.84658622741699, 43.69669032096863, 45.436899185180664, 44.29995393753052, 40.04345393180847, 40.67897915840149, 40.58713221549988, 39.917593240737915, 39.76567077636719, 39.694122076034546, 39.80794596672058, 40.662885904312134, 40.405627965927124, 40.28233289718628, 40.38179612159729, 39.46175479888916, 40.544224977493286, 40.917612075805664, 39.31466317176819, 40.65723705291748, 41.01415395736694, 42.839558839797974, 41.88704586029053, 42.16902494430542, 39.98127603530884, 41.440438985824585, 39.87463116645813, 42.51024889945984, 79.09256672859192, 57.43450903892517, 63.32838582992554, 49.93906807899475, 49.82311296463013, 50.59767293930054, 49.9643337726593, 42.08436822891235, 40.596338987350464, 57.03304314613342, 45.7289080619812]

-------------Round number: 195-------------

Evaluate global model
Averaged Train Loss: 0.6088
Averaged Test Accurancy: 0.8145
Averaged Test AUC: 0.9607
Std Test Accurancy: 0.1890
Std Test AUC: 0.0427
------------------------- Round is  195 ------------------------- time cost ------------------------- 54.68223285675049
------------------------- Budget is : [851.0159862041473, 747.597101688385, 749.3950757980347, 330.52095890045166, 233.53188562393188, 237.79051613807678, 234.48510479927063, 238.2229518890381, 242.60584592819214, 223.61668825149536, 230.21543717384338, 231.056086063385, 257.8421287536621, 240.15797209739685, 227.73291015625, 222.73093605041504, 240.34417605400085, 232.38708782196045, 229.2259509563446, 235.94315314292908, 234.66389799118042, 230.83648896217346, 230.45425987243652, 234.8525607585907, 236.79091906547546, 226.25344395637512, 230.4469268321991, 225.31712698936462, 231.52774286270142, 238.15003323554993, 235.30017280578613, 235.30817103385925, 226.8762969970703, 247.40836477279663, 236.56913208961487, 239.99431705474854, 230.47901582717896, 234.5268030166626, 236.0567991733551, 234.98214983940125, 232.51492285728455, 228.83365392684937, 231.61347484588623, 227.1500689983368, 227.44782900810242, 231.2380349636078, 242.06183099746704, 245.2459921836853, 230.72104811668396, 231.8699562549591, 232.1072120666504, 232.9659948348999, 233.70126080513, 227.1596109867096, 233.7321240901947, 234.10426497459412, 239.5199489593506, 231.63014101982117, 232.56504917144775, 235.20819973945618, 229.19202589988708, 223.47441411018372, 234.55875992774963, 228.5964982509613, 229.28886914253235, 232.42222499847412, 244.37599682807922, 230.07026481628418, 237.61301708221436, 232.37708711624146, 229.58097410202026, 228.48834419250488, 229.54794883728027, 226.20923113822937, 229.11407899856567, 227.1140661239624, 233.19059991836548, 234.43196392059326, 234.51812291145325, 229.92254495620728, 244.469722032547, 233.39230704307556, 231.37859296798706, 236.25725889205933, 234.84776520729065, 253.4372079372406, 248.42400598526, 256.3125250339508, 225.9049937725067, 230.26039600372314, 224.15782117843628, 230.68845200538635, 224.4524359703064, 230.9575650691986, 219.76552391052246, 222.24259614944458, 227.0725920200348, 228.80761098861694, 229.80552291870117, 229.12900519371033, 228.1350290775299, 228.80969405174255, 222.5388069152832, 231.3101613521576, 227.06496405601501, 229.22482419013977, 225.74501395225525, 226.456552028656, 244.20262694358826, 225.7142059803009, 229.98651480674744, 230.12312865257263, 224.7356140613556, 225.44578003883362, 228.26749992370605, 224.91592502593994, 225.67937564849854, 235.16631293296814, 229.88793277740479, 230.3023087978363, 226.81831407546997, 228.9016239643097, 230.79607486724854, 246.65371918678284, 232.59648609161377, 229.25835275650024, 229.6994869709015, 231.02860021591187, 280.11039090156555, 273.31836104393005, 282.6476550102234, 273.6420228481293, 246.26788806915283, 232.31591296195984, 227.45345997810364, 229.28835892677307, 229.8522539138794, 234.0699541568756, 225.29525089263916, 227.67138409614563, 264.2704529762268, 351.3027968406677, 331.1570990085602, 333.0271439552307, 329.5622088909149, 267.7906901836395, 244.02984595298767, 237.3824028968811, 227.99398708343506, 237.09410309791565, 234.80760598182678, 239.75440526008606, 238.84208464622498, 264.3297281265259, 233.82910013198853, 268.3344488143921, 75.84658622741699, 43.69669032096863, 45.436899185180664, 44.29995393753052, 40.04345393180847, 40.67897915840149, 40.58713221549988, 39.917593240737915, 39.76567077636719, 39.694122076034546, 39.80794596672058, 40.662885904312134, 40.405627965927124, 40.28233289718628, 40.38179612159729, 39.46175479888916, 40.544224977493286, 40.917612075805664, 39.31466317176819, 40.65723705291748, 41.01415395736694, 42.839558839797974, 41.88704586029053, 42.16902494430542, 39.98127603530884, 41.440438985824585, 39.87463116645813, 42.51024889945984, 79.09256672859192, 57.43450903892517, 63.32838582992554, 49.93906807899475, 49.82311296463013, 50.59767293930054, 49.9643337726593, 42.08436822891235, 40.596338987350464, 57.03304314613342, 45.7289080619812, 54.68223285675049]

-------------Round number: 196-------------

Evaluate global model
Averaged Train Loss: 0.5489
Averaged Test Accurancy: 0.8078
Averaged Test AUC: 0.9667
Std Test Accurancy: 0.1959
Std Test AUC: 0.0305
------------------------- Round is  196 ------------------------- time cost ------------------------- 51.39361381530762
------------------------- Budget is : [851.0159862041473, 747.597101688385, 749.3950757980347, 330.52095890045166, 233.53188562393188, 237.79051613807678, 234.48510479927063, 238.2229518890381, 242.60584592819214, 223.61668825149536, 230.21543717384338, 231.056086063385, 257.8421287536621, 240.15797209739685, 227.73291015625, 222.73093605041504, 240.34417605400085, 232.38708782196045, 229.2259509563446, 235.94315314292908, 234.66389799118042, 230.83648896217346, 230.45425987243652, 234.8525607585907, 236.79091906547546, 226.25344395637512, 230.4469268321991, 225.31712698936462, 231.52774286270142, 238.15003323554993, 235.30017280578613, 235.30817103385925, 226.8762969970703, 247.40836477279663, 236.56913208961487, 239.99431705474854, 230.47901582717896, 234.5268030166626, 236.0567991733551, 234.98214983940125, 232.51492285728455, 228.83365392684937, 231.61347484588623, 227.1500689983368, 227.44782900810242, 231.2380349636078, 242.06183099746704, 245.2459921836853, 230.72104811668396, 231.8699562549591, 232.1072120666504, 232.9659948348999, 233.70126080513, 227.1596109867096, 233.7321240901947, 234.10426497459412, 239.5199489593506, 231.63014101982117, 232.56504917144775, 235.20819973945618, 229.19202589988708, 223.47441411018372, 234.55875992774963, 228.5964982509613, 229.28886914253235, 232.42222499847412, 244.37599682807922, 230.07026481628418, 237.61301708221436, 232.37708711624146, 229.58097410202026, 228.48834419250488, 229.54794883728027, 226.20923113822937, 229.11407899856567, 227.1140661239624, 233.19059991836548, 234.43196392059326, 234.51812291145325, 229.92254495620728, 244.469722032547, 233.39230704307556, 231.37859296798706, 236.25725889205933, 234.84776520729065, 253.4372079372406, 248.42400598526, 256.3125250339508, 225.9049937725067, 230.26039600372314, 224.15782117843628, 230.68845200538635, 224.4524359703064, 230.9575650691986, 219.76552391052246, 222.24259614944458, 227.0725920200348, 228.80761098861694, 229.80552291870117, 229.12900519371033, 228.1350290775299, 228.80969405174255, 222.5388069152832, 231.3101613521576, 227.06496405601501, 229.22482419013977, 225.74501395225525, 226.456552028656, 244.20262694358826, 225.7142059803009, 229.98651480674744, 230.12312865257263, 224.7356140613556, 225.44578003883362, 228.26749992370605, 224.91592502593994, 225.67937564849854, 235.16631293296814, 229.88793277740479, 230.3023087978363, 226.81831407546997, 228.9016239643097, 230.79607486724854, 246.65371918678284, 232.59648609161377, 229.25835275650024, 229.6994869709015, 231.02860021591187, 280.11039090156555, 273.31836104393005, 282.6476550102234, 273.6420228481293, 246.26788806915283, 232.31591296195984, 227.45345997810364, 229.28835892677307, 229.8522539138794, 234.0699541568756, 225.29525089263916, 227.67138409614563, 264.2704529762268, 351.3027968406677, 331.1570990085602, 333.0271439552307, 329.5622088909149, 267.7906901836395, 244.02984595298767, 237.3824028968811, 227.99398708343506, 237.09410309791565, 234.80760598182678, 239.75440526008606, 238.84208464622498, 264.3297281265259, 233.82910013198853, 268.3344488143921, 75.84658622741699, 43.69669032096863, 45.436899185180664, 44.29995393753052, 40.04345393180847, 40.67897915840149, 40.58713221549988, 39.917593240737915, 39.76567077636719, 39.694122076034546, 39.80794596672058, 40.662885904312134, 40.405627965927124, 40.28233289718628, 40.38179612159729, 39.46175479888916, 40.544224977493286, 40.917612075805664, 39.31466317176819, 40.65723705291748, 41.01415395736694, 42.839558839797974, 41.88704586029053, 42.16902494430542, 39.98127603530884, 41.440438985824585, 39.87463116645813, 42.51024889945984, 79.09256672859192, 57.43450903892517, 63.32838582992554, 49.93906807899475, 49.82311296463013, 50.59767293930054, 49.9643337726593, 42.08436822891235, 40.596338987350464, 57.03304314613342, 45.7289080619812, 54.68223285675049, 51.39361381530762]

-------------Round number: 197-------------

Evaluate global model
Averaged Train Loss: 0.6253
Averaged Test Accurancy: 0.8092
Averaged Test AUC: 0.9589
Std Test Accurancy: 0.1822
Std Test AUC: 0.0449
------------------------- Round is  197 ------------------------- time cost ------------------------- 52.40192627906799
------------------------- Budget is : [851.0159862041473, 747.597101688385, 749.3950757980347, 330.52095890045166, 233.53188562393188, 237.79051613807678, 234.48510479927063, 238.2229518890381, 242.60584592819214, 223.61668825149536, 230.21543717384338, 231.056086063385, 257.8421287536621, 240.15797209739685, 227.73291015625, 222.73093605041504, 240.34417605400085, 232.38708782196045, 229.2259509563446, 235.94315314292908, 234.66389799118042, 230.83648896217346, 230.45425987243652, 234.8525607585907, 236.79091906547546, 226.25344395637512, 230.4469268321991, 225.31712698936462, 231.52774286270142, 238.15003323554993, 235.30017280578613, 235.30817103385925, 226.8762969970703, 247.40836477279663, 236.56913208961487, 239.99431705474854, 230.47901582717896, 234.5268030166626, 236.0567991733551, 234.98214983940125, 232.51492285728455, 228.83365392684937, 231.61347484588623, 227.1500689983368, 227.44782900810242, 231.2380349636078, 242.06183099746704, 245.2459921836853, 230.72104811668396, 231.8699562549591, 232.1072120666504, 232.9659948348999, 233.70126080513, 227.1596109867096, 233.7321240901947, 234.10426497459412, 239.5199489593506, 231.63014101982117, 232.56504917144775, 235.20819973945618, 229.19202589988708, 223.47441411018372, 234.55875992774963, 228.5964982509613, 229.28886914253235, 232.42222499847412, 244.37599682807922, 230.07026481628418, 237.61301708221436, 232.37708711624146, 229.58097410202026, 228.48834419250488, 229.54794883728027, 226.20923113822937, 229.11407899856567, 227.1140661239624, 233.19059991836548, 234.43196392059326, 234.51812291145325, 229.92254495620728, 244.469722032547, 233.39230704307556, 231.37859296798706, 236.25725889205933, 234.84776520729065, 253.4372079372406, 248.42400598526, 256.3125250339508, 225.9049937725067, 230.26039600372314, 224.15782117843628, 230.68845200538635, 224.4524359703064, 230.9575650691986, 219.76552391052246, 222.24259614944458, 227.0725920200348, 228.80761098861694, 229.80552291870117, 229.12900519371033, 228.1350290775299, 228.80969405174255, 222.5388069152832, 231.3101613521576, 227.06496405601501, 229.22482419013977, 225.74501395225525, 226.456552028656, 244.20262694358826, 225.7142059803009, 229.98651480674744, 230.12312865257263, 224.7356140613556, 225.44578003883362, 228.26749992370605, 224.91592502593994, 225.67937564849854, 235.16631293296814, 229.88793277740479, 230.3023087978363, 226.81831407546997, 228.9016239643097, 230.79607486724854, 246.65371918678284, 232.59648609161377, 229.25835275650024, 229.6994869709015, 231.02860021591187, 280.11039090156555, 273.31836104393005, 282.6476550102234, 273.6420228481293, 246.26788806915283, 232.31591296195984, 227.45345997810364, 229.28835892677307, 229.8522539138794, 234.0699541568756, 225.29525089263916, 227.67138409614563, 264.2704529762268, 351.3027968406677, 331.1570990085602, 333.0271439552307, 329.5622088909149, 267.7906901836395, 244.02984595298767, 237.3824028968811, 227.99398708343506, 237.09410309791565, 234.80760598182678, 239.75440526008606, 238.84208464622498, 264.3297281265259, 233.82910013198853, 268.3344488143921, 75.84658622741699, 43.69669032096863, 45.436899185180664, 44.29995393753052, 40.04345393180847, 40.67897915840149, 40.58713221549988, 39.917593240737915, 39.76567077636719, 39.694122076034546, 39.80794596672058, 40.662885904312134, 40.405627965927124, 40.28233289718628, 40.38179612159729, 39.46175479888916, 40.544224977493286, 40.917612075805664, 39.31466317176819, 40.65723705291748, 41.01415395736694, 42.839558839797974, 41.88704586029053, 42.16902494430542, 39.98127603530884, 41.440438985824585, 39.87463116645813, 42.51024889945984, 79.09256672859192, 57.43450903892517, 63.32838582992554, 49.93906807899475, 49.82311296463013, 50.59767293930054, 49.9643337726593, 42.08436822891235, 40.596338987350464, 57.03304314613342, 45.7289080619812, 54.68223285675049, 51.39361381530762, 52.40192627906799]

-------------Round number: 198-------------

Evaluate global model
Averaged Train Loss: 0.4180
Averaged Test Accurancy: 0.8610
Averaged Test AUC: 0.9723
Std Test Accurancy: 0.0846
Std Test AUC: 0.0164
------------------------- Round is  198 ------------------------- time cost ------------------------- 55.52310085296631
------------------------- Budget is : [851.0159862041473, 747.597101688385, 749.3950757980347, 330.52095890045166, 233.53188562393188, 237.79051613807678, 234.48510479927063, 238.2229518890381, 242.60584592819214, 223.61668825149536, 230.21543717384338, 231.056086063385, 257.8421287536621, 240.15797209739685, 227.73291015625, 222.73093605041504, 240.34417605400085, 232.38708782196045, 229.2259509563446, 235.94315314292908, 234.66389799118042, 230.83648896217346, 230.45425987243652, 234.8525607585907, 236.79091906547546, 226.25344395637512, 230.4469268321991, 225.31712698936462, 231.52774286270142, 238.15003323554993, 235.30017280578613, 235.30817103385925, 226.8762969970703, 247.40836477279663, 236.56913208961487, 239.99431705474854, 230.47901582717896, 234.5268030166626, 236.0567991733551, 234.98214983940125, 232.51492285728455, 228.83365392684937, 231.61347484588623, 227.1500689983368, 227.44782900810242, 231.2380349636078, 242.06183099746704, 245.2459921836853, 230.72104811668396, 231.8699562549591, 232.1072120666504, 232.9659948348999, 233.70126080513, 227.1596109867096, 233.7321240901947, 234.10426497459412, 239.5199489593506, 231.63014101982117, 232.56504917144775, 235.20819973945618, 229.19202589988708, 223.47441411018372, 234.55875992774963, 228.5964982509613, 229.28886914253235, 232.42222499847412, 244.37599682807922, 230.07026481628418, 237.61301708221436, 232.37708711624146, 229.58097410202026, 228.48834419250488, 229.54794883728027, 226.20923113822937, 229.11407899856567, 227.1140661239624, 233.19059991836548, 234.43196392059326, 234.51812291145325, 229.92254495620728, 244.469722032547, 233.39230704307556, 231.37859296798706, 236.25725889205933, 234.84776520729065, 253.4372079372406, 248.42400598526, 256.3125250339508, 225.9049937725067, 230.26039600372314, 224.15782117843628, 230.68845200538635, 224.4524359703064, 230.9575650691986, 219.76552391052246, 222.24259614944458, 227.0725920200348, 228.80761098861694, 229.80552291870117, 229.12900519371033, 228.1350290775299, 228.80969405174255, 222.5388069152832, 231.3101613521576, 227.06496405601501, 229.22482419013977, 225.74501395225525, 226.456552028656, 244.20262694358826, 225.7142059803009, 229.98651480674744, 230.12312865257263, 224.7356140613556, 225.44578003883362, 228.26749992370605, 224.91592502593994, 225.67937564849854, 235.16631293296814, 229.88793277740479, 230.3023087978363, 226.81831407546997, 228.9016239643097, 230.79607486724854, 246.65371918678284, 232.59648609161377, 229.25835275650024, 229.6994869709015, 231.02860021591187, 280.11039090156555, 273.31836104393005, 282.6476550102234, 273.6420228481293, 246.26788806915283, 232.31591296195984, 227.45345997810364, 229.28835892677307, 229.8522539138794, 234.0699541568756, 225.29525089263916, 227.67138409614563, 264.2704529762268, 351.3027968406677, 331.1570990085602, 333.0271439552307, 329.5622088909149, 267.7906901836395, 244.02984595298767, 237.3824028968811, 227.99398708343506, 237.09410309791565, 234.80760598182678, 239.75440526008606, 238.84208464622498, 264.3297281265259, 233.82910013198853, 268.3344488143921, 75.84658622741699, 43.69669032096863, 45.436899185180664, 44.29995393753052, 40.04345393180847, 40.67897915840149, 40.58713221549988, 39.917593240737915, 39.76567077636719, 39.694122076034546, 39.80794596672058, 40.662885904312134, 40.405627965927124, 40.28233289718628, 40.38179612159729, 39.46175479888916, 40.544224977493286, 40.917612075805664, 39.31466317176819, 40.65723705291748, 41.01415395736694, 42.839558839797974, 41.88704586029053, 42.16902494430542, 39.98127603530884, 41.440438985824585, 39.87463116645813, 42.51024889945984, 79.09256672859192, 57.43450903892517, 63.32838582992554, 49.93906807899475, 49.82311296463013, 50.59767293930054, 49.9643337726593, 42.08436822891235, 40.596338987350464, 57.03304314613342, 45.7289080619812, 54.68223285675049, 51.39361381530762, 52.40192627906799, 55.52310085296631]

-------------Round number: 199-------------

Evaluate global model
Averaged Train Loss: 0.4398
Averaged Test Accurancy: 0.8396
Averaged Test AUC: 0.9719
Std Test Accurancy: 0.1326
Std Test AUC: 0.0197
------------------------- Round is  199 ------------------------- time cost ------------------------- 73.03821897506714
------------------------- Budget is : [851.0159862041473, 747.597101688385, 749.3950757980347, 330.52095890045166, 233.53188562393188, 237.79051613807678, 234.48510479927063, 238.2229518890381, 242.60584592819214, 223.61668825149536, 230.21543717384338, 231.056086063385, 257.8421287536621, 240.15797209739685, 227.73291015625, 222.73093605041504, 240.34417605400085, 232.38708782196045, 229.2259509563446, 235.94315314292908, 234.66389799118042, 230.83648896217346, 230.45425987243652, 234.8525607585907, 236.79091906547546, 226.25344395637512, 230.4469268321991, 225.31712698936462, 231.52774286270142, 238.15003323554993, 235.30017280578613, 235.30817103385925, 226.8762969970703, 247.40836477279663, 236.56913208961487, 239.99431705474854, 230.47901582717896, 234.5268030166626, 236.0567991733551, 234.98214983940125, 232.51492285728455, 228.83365392684937, 231.61347484588623, 227.1500689983368, 227.44782900810242, 231.2380349636078, 242.06183099746704, 245.2459921836853, 230.72104811668396, 231.8699562549591, 232.1072120666504, 232.9659948348999, 233.70126080513, 227.1596109867096, 233.7321240901947, 234.10426497459412, 239.5199489593506, 231.63014101982117, 232.56504917144775, 235.20819973945618, 229.19202589988708, 223.47441411018372, 234.55875992774963, 228.5964982509613, 229.28886914253235, 232.42222499847412, 244.37599682807922, 230.07026481628418, 237.61301708221436, 232.37708711624146, 229.58097410202026, 228.48834419250488, 229.54794883728027, 226.20923113822937, 229.11407899856567, 227.1140661239624, 233.19059991836548, 234.43196392059326, 234.51812291145325, 229.92254495620728, 244.469722032547, 233.39230704307556, 231.37859296798706, 236.25725889205933, 234.84776520729065, 253.4372079372406, 248.42400598526, 256.3125250339508, 225.9049937725067, 230.26039600372314, 224.15782117843628, 230.68845200538635, 224.4524359703064, 230.9575650691986, 219.76552391052246, 222.24259614944458, 227.0725920200348, 228.80761098861694, 229.80552291870117, 229.12900519371033, 228.1350290775299, 228.80969405174255, 222.5388069152832, 231.3101613521576, 227.06496405601501, 229.22482419013977, 225.74501395225525, 226.456552028656, 244.20262694358826, 225.7142059803009, 229.98651480674744, 230.12312865257263, 224.7356140613556, 225.44578003883362, 228.26749992370605, 224.91592502593994, 225.67937564849854, 235.16631293296814, 229.88793277740479, 230.3023087978363, 226.81831407546997, 228.9016239643097, 230.79607486724854, 246.65371918678284, 232.59648609161377, 229.25835275650024, 229.6994869709015, 231.02860021591187, 280.11039090156555, 273.31836104393005, 282.6476550102234, 273.6420228481293, 246.26788806915283, 232.31591296195984, 227.45345997810364, 229.28835892677307, 229.8522539138794, 234.0699541568756, 225.29525089263916, 227.67138409614563, 264.2704529762268, 351.3027968406677, 331.1570990085602, 333.0271439552307, 329.5622088909149, 267.7906901836395, 244.02984595298767, 237.3824028968811, 227.99398708343506, 237.09410309791565, 234.80760598182678, 239.75440526008606, 238.84208464622498, 264.3297281265259, 233.82910013198853, 268.3344488143921, 75.84658622741699, 43.69669032096863, 45.436899185180664, 44.29995393753052, 40.04345393180847, 40.67897915840149, 40.58713221549988, 39.917593240737915, 39.76567077636719, 39.694122076034546, 39.80794596672058, 40.662885904312134, 40.405627965927124, 40.28233289718628, 40.38179612159729, 39.46175479888916, 40.544224977493286, 40.917612075805664, 39.31466317176819, 40.65723705291748, 41.01415395736694, 42.839558839797974, 41.88704586029053, 42.16902494430542, 39.98127603530884, 41.440438985824585, 39.87463116645813, 42.51024889945984, 79.09256672859192, 57.43450903892517, 63.32838582992554, 49.93906807899475, 49.82311296463013, 50.59767293930054, 49.9643337726593, 42.08436822891235, 40.596338987350464, 57.03304314613342, 45.7289080619812, 54.68223285675049, 51.39361381530762, 52.40192627906799, 55.52310085296631, 73.03821897506714]

-------------Round number: 200-------------

Evaluate global model
Averaged Train Loss: 0.4876
Averaged Test Accurancy: 0.8408
Averaged Test AUC: 0.9692
Std Test Accurancy: 0.1123
Std Test AUC: 0.0232
------------------------- Round is  200 ------------------------- time cost ------------------------- 69.85085272789001
------------------------- Budget is : [851.0159862041473, 747.597101688385, 749.3950757980347, 330.52095890045166, 233.53188562393188, 237.79051613807678, 234.48510479927063, 238.2229518890381, 242.60584592819214, 223.61668825149536, 230.21543717384338, 231.056086063385, 257.8421287536621, 240.15797209739685, 227.73291015625, 222.73093605041504, 240.34417605400085, 232.38708782196045, 229.2259509563446, 235.94315314292908, 234.66389799118042, 230.83648896217346, 230.45425987243652, 234.8525607585907, 236.79091906547546, 226.25344395637512, 230.4469268321991, 225.31712698936462, 231.52774286270142, 238.15003323554993, 235.30017280578613, 235.30817103385925, 226.8762969970703, 247.40836477279663, 236.56913208961487, 239.99431705474854, 230.47901582717896, 234.5268030166626, 236.0567991733551, 234.98214983940125, 232.51492285728455, 228.83365392684937, 231.61347484588623, 227.1500689983368, 227.44782900810242, 231.2380349636078, 242.06183099746704, 245.2459921836853, 230.72104811668396, 231.8699562549591, 232.1072120666504, 232.9659948348999, 233.70126080513, 227.1596109867096, 233.7321240901947, 234.10426497459412, 239.5199489593506, 231.63014101982117, 232.56504917144775, 235.20819973945618, 229.19202589988708, 223.47441411018372, 234.55875992774963, 228.5964982509613, 229.28886914253235, 232.42222499847412, 244.37599682807922, 230.07026481628418, 237.61301708221436, 232.37708711624146, 229.58097410202026, 228.48834419250488, 229.54794883728027, 226.20923113822937, 229.11407899856567, 227.1140661239624, 233.19059991836548, 234.43196392059326, 234.51812291145325, 229.92254495620728, 244.469722032547, 233.39230704307556, 231.37859296798706, 236.25725889205933, 234.84776520729065, 253.4372079372406, 248.42400598526, 256.3125250339508, 225.9049937725067, 230.26039600372314, 224.15782117843628, 230.68845200538635, 224.4524359703064, 230.9575650691986, 219.76552391052246, 222.24259614944458, 227.0725920200348, 228.80761098861694, 229.80552291870117, 229.12900519371033, 228.1350290775299, 228.80969405174255, 222.5388069152832, 231.3101613521576, 227.06496405601501, 229.22482419013977, 225.74501395225525, 226.456552028656, 244.20262694358826, 225.7142059803009, 229.98651480674744, 230.12312865257263, 224.7356140613556, 225.44578003883362, 228.26749992370605, 224.91592502593994, 225.67937564849854, 235.16631293296814, 229.88793277740479, 230.3023087978363, 226.81831407546997, 228.9016239643097, 230.79607486724854, 246.65371918678284, 232.59648609161377, 229.25835275650024, 229.6994869709015, 231.02860021591187, 280.11039090156555, 273.31836104393005, 282.6476550102234, 273.6420228481293, 246.26788806915283, 232.31591296195984, 227.45345997810364, 229.28835892677307, 229.8522539138794, 234.0699541568756, 225.29525089263916, 227.67138409614563, 264.2704529762268, 351.3027968406677, 331.1570990085602, 333.0271439552307, 329.5622088909149, 267.7906901836395, 244.02984595298767, 237.3824028968811, 227.99398708343506, 237.09410309791565, 234.80760598182678, 239.75440526008606, 238.84208464622498, 264.3297281265259, 233.82910013198853, 268.3344488143921, 75.84658622741699, 43.69669032096863, 45.436899185180664, 44.29995393753052, 40.04345393180847, 40.67897915840149, 40.58713221549988, 39.917593240737915, 39.76567077636719, 39.694122076034546, 39.80794596672058, 40.662885904312134, 40.405627965927124, 40.28233289718628, 40.38179612159729, 39.46175479888916, 40.544224977493286, 40.917612075805664, 39.31466317176819, 40.65723705291748, 41.01415395736694, 42.839558839797974, 41.88704586029053, 42.16902494430542, 39.98127603530884, 41.440438985824585, 39.87463116645813, 42.51024889945984, 79.09256672859192, 57.43450903892517, 63.32838582992554, 49.93906807899475, 49.82311296463013, 50.59767293930054, 49.9643337726593, 42.08436822891235, 40.596338987350464, 57.03304314613342, 45.7289080619812, 54.68223285675049, 51.39361381530762, 52.40192627906799, 55.52310085296631, 73.03821897506714, 69.85085272789001]

Best accuracy.
0.8716938017709226

Average time cost per round.
200.15487931370734
error [[0, 0.2464112884905963, 0.01212335893100902], [1, 0.2299092609007189, 0.02543602353379946], [2, 0.18966605774596695, 0.011805880937554929], [3, 0.17256771326489145, 0.010651879582588415], [4, 0.12157853901663955, 0.0018070181412845083], [5, 0.17616925099163502, 0.01176509403609534], [6, 0.11746050969970445, 0.003358841043212822], [7, 0.12179538889626636, 0.007933613986392616], [8, 0.10802971878788548, 0.00671729587099239], [9, 0.1591375916376368, 0.012947340772084778], [10, 0.1050938760255629, 0.0020925606517827066], [11, 0.08478448154393972, 0.007138966241269295], [12, 0.12231158161172322, 0.012583580687714127], [13, 0.05695945364449515, 0.0017169454123516122], [14, 0.06881970885177222, 0.0023949798996817234], [15, 0.05757882060439965, 0.0031602760101138135], [16, 0.07843759361825002, 0.0028565856656171296], [17, 0.08499304551732376, 0.005283786973981485], [18, 0.07359480706791935, 0.0024614022292837783], [19, 0.08352730847478475, 0.003118421268123243], [20, 0.08716697789917645, 0.004582269322802111], [21, 0.06965682131058515, 0.003723191674139481], [22, 0.07684464519254616, 0.0030147949997439112], [23, 0.05879682004343197, 0.0021382074459208337], [24, 0.06224452661495269, 0.002624803268043708], [25, 0.0622164898877578, 0.0010820854666107175], [26, 0.04314003407644367, 0.0011125447861857578], [27, 0.06861573622151071, 0.003077327369487348], [28, 0.05196432162033883, 0.0029788449973370415], [29, 0.06351016137003387, 0.0013896842738636158], [30, 0.045101800597321405, 0.0025684743857654394], [31, 0.0443969194530173, 0.0008589958967872944], [32, 0.06051296501204675, 0.0025926227756670915], [33, 0.05210216002966252, 0.0021738045624135924], [34, 0.07286455214501963, 0.0038865034225912557], [35, 0.06147469731737646, 0.0007840098972849982], [36, 0.023334378417112205, 7.208745927771544e-05], [37, 0.05479040969739403, 0.001964407512498513], [38, 0.05981937054708627, 0.0025744858126284472], [39, 0.07724839537483302, 0.002548493414771646], [40, 0.07464804335250928, 0.0036497927468664404], [41, 0.03484806241637899, 0.0005328091061271806], [42, 0.06678541967595306, 0.0034972016957191335], [43, 0.05018064213808796, 0.0016346237114423438], [44, 0.059120656766040766, 0.0014574395509036513], [45, 0.0423615458283131, 0.0019718149152218897], [46, 0.04955316563030715, 0.0013390879198562154], [47, 0.04794565088668309, 0.0006615131363310568], [48, 0.04073881611477324, 0.0003496454070873483], [49, 0.018897142748249652, 3.5624273095796746e-05], [50, 0.05080928162121599, 0.0010915701535526249], [51, 0.047339186728887823, 0.0016749546467180773], [52, 0.048920426577296734, 0.0009771260687697952], [53, 0.07327738734239209, 0.003021127394705557], [54, 0.06035583096182773, 0.0015249711804337313], [55, 0.043977668951650825, 0.0008838816184093806], [56, 0.059818718791943684, 0.001493043303603131], [57, 0.03656249872928504, 0.0024551683571451674], [58, 0.038560001247003636, 0.0007329004632938261], [59, 0.052895900082513235, 0.0018481775769839284], [60, 0.06432402144972868, 0.0015867834716641917], [61, 0.03641481167464949, 0.0007002562881529143], [62, 0.033408036849850824, 0.0002915093806450773], [63, 0.04156125142011171, 0.0004944633694650466], [64, 0.04287219652721378, 0.0005755355542464292], [65, 0.04863426255979479, 0.0012038062100768925], [66, 0.03698365811369726, 0.000706173074300218], [67, 0.048434479855009434, 0.0008963452283774362], [68, 0.04772127336430744, 0.0013530234668800746], [69, 0.041451594454408235, 0.0003710412814507182], [70, 0.04675961539362459, 0.0007404514679356315], [71, 0.050020856902026956, 0.0005487064893836535], [72, 0.032392163690926776, 0.0003871179537029574], [73, 0.03711985937986377, 0.00023553859852233497], [74, 0.03959633315545587, 0.001401460239690004], [75, 0.05898799487605442, 0.0019831952221536662], [76, 0.04379976142454981, 0.0007129970266348911], [77, 0.06780748692399846, 0.0022167807180178177], [78, 0.04111005408824258, 0.0006350093166309645], [79, 0.0357186162577071, 0.0005328342131730348], [80, 0.04878026917699517, 0.0010067876353765863], [81, 0.034822534107661014, 0.0008031130008176967], [82, 0.042110096652706715, 0.0009024141789214823], [83, 0.05199807965930413, 0.0009458854632217056], [84, 0.04085153500052509, 0.00041182078478472085], [85, 0.035497985308667164, 0.0004539218890201614], [86, 0.04668078502442375, 0.0010434507318169113], [87, 0.02591538445586546, 0.0006072077747101334], [88, 0.038041911455820664, 0.0007267461405085191], [89, 0.03277029118602386, 0.0006459822172627577], [90, 0.039817696039079156, 0.0024099830700268403], [91, 0.04294995884695443, 0.0007994279325119659], [92, 0.04055375755279365, 0.0005987159663254916], [93, 0.06370064270727882, 0.002348876172267346], [94, 0.05286215197890394, 0.005083918713412762], [95, 0.05736126205251628, 0.0021210814246829792], [96, 0.01843539980456239, 6.666766959506378e-05], [97, 0.052014988516134085, 0.0015452883335223184], [98, 0.044596645334845766, 0.0019444444265085711], [99, 0.03352544454708502, 0.0022035419393758577], [100, 0.03450223152611744, 0.0009923463798202266], [101, 0.03283107134566817, 0.0009982565866044255], [102, 0.038080107336654144, 0.00048239187396894565], [103, 0.046408359589365594, 0.0017097629248666716], [104, 0.03645186888894354, 0.0005083232978871836], [105, 0.047276614237267006, 0.0025684946801421975], [106, 0.03338957445449682, 0.00023044893134792628], [107, 0.03277128856219756, 0.00014923453097852535], [108, 0.035893144546645786, 0.0011289354324030244], [109, 0.024175442560018752, 0.0002451733073572608], [110, 0.04334753097228958, 0.0011186608510810026], [111, 0.034040334519910814, 0.0006250912971322937], [112, 0.032385229548959435, 0.00035305698676574103], [113, 0.03215050989104856, 0.0001926536772689234], [114, 0.05422338967557975, 0.0013492770484600965], [115, 0.0506876393295696, 0.0015297608433254447], [116, 0.03276535425025114, 0.0004138458830645874], [117, 0.038028981529662456, 0.0005635560017936456], [118, 0.03944785601277619, 0.0008857541159991914], [119, 0.05437765297666316, 0.002254529319184478], [120, 0.03401445174269475, 0.00045142436535537277], [121, 0.02789739283266964, 0.0002596367052105143], [122, 0.03164265075715167, 0.0004029180577957438], [123, 0.02280755669540412, 0.001015424863259878], [124, 0.021035580697230775, 0.00017412185387601005], [125, 0.029785200936891316, 0.00028056039989411317], [126, 0.019762675654807986, 0.00011853470980092051], [127, 0.038559385589399045, 0.001284227842956257], [128, 0.01777106309327953, 5.589892246480536e-05], [129, 0.03496987583236758, 0.0004814733525311756], [130, 0.024144158130127723, 0.0005981842101587344], [131, 0.04330586452339888, 0.001318569024634559], [132, 0.0239126479915138, 0.0002431225725234915], [133, 0.04133353523236509, 0.0010094195308948239], [134, 0.04158544915770572, 0.0017359277687069674], [135, 0.036701525363644016, 0.0015878128761693023], [136, 0.03869376559036926, 0.0007216296761625477], [137, 0.040659026033540664, 0.0007505789568169038], [138, 0.024564514248629717, 0.00020698688670343202], [139, 0.02727713651671167, 0.00031267238553369774], [140, 0.026819976262347656, 0.00025416612508870725], [141, 0.026727813496827034, 0.00037710440242896007], [142, 0.03552950987559913, 0.0014571493855193717], [143, 0.0407227144777981, 0.0008419169073696799], [144, 0.03187748819010135, 0.00038354505733271865], [145, 0.04241225727020928, 0.0015998865466547278], [146, 0.03429880563396558, 0.0006504906630666715], [147, 0.04996160916464158, 0.0014663534651471824], [148, 0.018352912385803343, 0.00019067898221973806], [149, 0.03861678822388294, 0.0023087194113666264], [150, 0.03286238687285627, 0.0007018824627774218], [151, 0.03895392178622431, 0.00041729786525488457], [152, 0.03388329723493637, 0.0005064602317967929], [153, 0.047204380860841944, 0.0008657138664202007], [154, 0.04066398448197716, 0.0021079101936191404], [155, 0.03286526850904995, 0.0006453927852692251], [156, 0.04208064295316277, 0.0007556148152192769], [157, 0.03671147397388843, 0.0013257672244376673], [158, 0.03585605356690085, 0.0007256477800991394], [159, 0.025595907187859195, 8.142158051168997e-05], [160, 0.025756920661548922, 0.0007762193846796003], [161, 0.04052680686623922, 0.00018134238548139553], [162, 0.042494107279388495, 0.0008154996156613489], [163, 0.02588748572728335, 0.0007432577758559415], [164, 0.03537064359933658, 0.0015788043465009276], [165, 0.027783214517797427, 8.475831133523208e-05], [166, 0.035427775243904905, 0.0007674292668727349], [167, 0.024586704649760947, 0.00010438660862972107], [168, 0.030556016567286348, 0.000392190868850284], [169, 0.03801412922555094, 0.0004419724263001622], [170, 0.03855965063170743, 0.0008671709787060336], [171, 0.03531332539273123, 0.0007025049118170651], [172, 0.031471569060873776, 0.0008500315288567011], [173, 0.038333872096991524, 0.0010109748352536744], [174, 0.0281915254852248, 0.00020293218298085975], [175, 0.04647484266362693, 0.0013150156174368528], [176, 0.034538857749770766, 0.0009270422198289996], [177, 0.028917048953443363, 0.0012714332059142897], [178, 0.03761911712996292, 0.0008864749810759328], [179, 0.02180301412531255, 0.0002720671425801616], [180, 0.04093604338722222, 0.001494313864748007], [181, 0.02259703163667728, 0.00021451275565451838], [182, 0.04580975049176269, 0.0012980020997185814], [183, 0.029022421827585094, 0.0004157028326407104], [184, 0.029759147619152083, 0.00046636483128295787], [185, 0.0347389437239972, 0.001235122483662493], [186, 0.03379881883197634, 0.0008154001077251557], [187, 0.04002725808559822, 0.0005723962587282619], [188, 0.020124958301675953, 0.00013496527706216829], [189, 0.049088696231854155, 0.0010164871333840752], [190, 0.013449577610466978, 5.396196999990186e-05], [191, 0.025759114248262306, 0.0004978059334100357], [192, 0.03619322412007477, 0.0013326411778521187], [193, 0.01911008988463294, 7.279402306667704e-05], [194, 0.017944869713049483, 0.00020974693124189208], [195, 0.04093566821578416, 0.0014831922432996547], [196, 0.02040146597207118, 0.00027976173942519567], [197, 0.03827127429103496, 0.0008284599435574144], [198, 0.04393692452405439, 0.0005722115825087367], [199, 0.02282493124372905, 0.00027852742445958265], [200, 0.02697619538354256, 0.0004636852822824212]]
success training write acc txt /Users/alice/Desktop/python/FL_selection//res/FedAvg/mnist_errorg11.csv
success training write acc txt /Users/alice/Desktop/python/FL_selection//res/FedAvg/mnist_clients_errorg11.csv
select_id value is, [[0, [0, 4, 5, 1, 9, 17, 10, 2, 12, 6]], [1, [15, 6, 4, 17, 9, 0, 18, 12, 16, 8]], [2, [14, 0, 12, 10, 16, 6, 1, 5, 7, 2]], [3, [4, 9, 19, 17, 18, 10, 13, 3, 16, 14]], [4, [15, 17, 16, 19, 7, 3, 5, 0, 11, 8]], [5, [10, 0, 15, 7, 3, 4, 16, 12, 6, 18]], [6, [16, 19, 18, 17, 10, 5, 7, 2, 11, 13]], [7, [0, 1, 13, 7, 10, 18, 17, 6, 11, 3]], [8, [12, 2, 19, 10, 15, 8, 1, 5, 18, 17]], [9, [9, 3, 0, 8, 4, 6, 2, 7, 1, 13]], [10, [2, 15, 16, 10, 19, 4, 13, 14, 1, 5]], [11, [17, 10, 7, 0, 19, 9, 18, 12, 8, 14]], [12, [3, 7, 14, 5, 15, 10, 19, 18, 17, 8]], [13, [11, 2, 18, 9, 14, 8, 17, 19, 0, 5]], [14, [15, 7, 5, 18, 9, 11, 14, 1, 12, 16]], [15, [8, 18, 13, 0, 5, 14, 1, 10, 9, 3]], [16, [6, 14, 1, 0, 16, 3, 8, 13, 7, 4]], [17, [4, 1, 6, 2, 11, 7, 19, 17, 9, 18]], [18, [2, 16, 4, 0, 3, 15, 1, 18, 14, 12]], [19, [15, 9, 13, 1, 5, 11, 0, 6, 19, 18]], [20, [17, 18, 4, 7, 0, 12, 3, 19, 13, 9]], [21, [13, 9, 19, 3, 18, 0, 14, 12, 4, 7]], [22, [18, 17, 5, 12, 1, 3, 11, 10, 16, 15]], [23, [8, 11, 12, 17, 3, 7, 14, 6, 4, 16]], [24, [9, 13, 18, 2, 0, 10, 17, 6, 11, 12]], [25, [11, 10, 4, 14, 16, 7, 5, 2, 15, 13]], [26, [2, 0, 1, 5, 10, 12, 8, 17, 18, 14]], [27, [14, 18, 3, 2, 11, 9, 4, 13, 8, 15]], [28, [5, 18, 11, 12, 3, 16, 13, 9, 15, 7]], [29, [8, 11, 3, 10, 13, 19, 4, 5, 0, 9]], [30, [11, 2, 7, 17, 1, 14, 0, 9, 6, 4]], [31, [7, 6, 14, 2, 12, 1, 18, 9, 5, 0]], [32, [7, 14, 19, 10, 3, 12, 5, 6, 8, 15]], [33, [6, 1, 18, 2, 16, 12, 8, 15, 5, 7]], [34, [0, 19, 10, 15, 14, 6, 11, 3, 17, 5]], [35, [15, 13, 0, 2, 11, 3, 17, 12, 4, 16]], [36, [3, 15, 0, 16, 11, 5, 8, 14, 7, 10]], [37, [6, 4, 13, 3, 0, 1, 19, 11, 16, 10]], [38, [15, 11, 8, 13, 0, 1, 10, 12, 6, 4]], [39, [7, 5, 13, 6, 18, 10, 2, 8, 16, 4]], [40, [4, 0, 13, 6, 8, 2, 10, 18, 1, 17]], [41, [3, 7, 13, 18, 9, 15, 11, 2, 16, 5]], [42, [1, 3, 9, 4, 12, 13, 17, 14, 11, 5]], [43, [19, 1, 18, 2, 15, 5, 16, 13, 8, 6]], [44, [8, 9, 19, 13, 15, 0, 17, 16, 18, 5]], [45, [1, 17, 8, 19, 14, 9, 12, 15, 6, 7]], [46, [10, 3, 13, 7, 19, 2, 1, 6, 15, 14]], [47, [18, 14, 10, 15, 8, 2, 0, 19, 17, 16]], [48, [13, 19, 8, 7, 0, 14, 10, 12, 5, 4]], [49, [16, 3, 2, 19, 13, 9, 14, 11, 1, 8]], [50, [0, 18, 12, 4, 1, 8, 11, 2, 15, 17]], [51, [9, 1, 7, 17, 0, 13, 6, 16, 5, 14]], [52, [6, 14, 18, 16, 4, 7, 2, 5, 11, 19]], [53, [4, 13, 17, 1, 7, 15, 10, 12, 8, 3]], [54, [13, 4, 9, 10, 18, 5, 19, 7, 2, 12]], [55, [13, 1, 19, 12, 11, 6, 14, 18, 4, 15]], [56, [1, 0, 4, 19, 6, 2, 7, 13, 9, 17]], [57, [9, 11, 3, 12, 1, 16, 10, 15, 13, 19]], [58, [18, 16, 0, 12, 4, 3, 15, 2, 8, 6]], [59, [4, 19, 17, 16, 0, 14, 6, 9, 13, 11]], [60, [9, 1, 3, 10, 17, 13, 19, 2, 0, 4]], [61, [12, 8, 13, 1, 0, 17, 14, 16, 5, 15]], [62, [14, 19, 0, 6, 13, 2, 16, 5, 8, 7]], [63, [19, 5, 18, 8, 15, 16, 10, 17, 11, 14]], [64, [2, 19, 0, 1, 14, 18, 4, 8, 7, 13]], [65, [13, 19, 9, 5, 7, 16, 10, 1, 17, 18]], [66, [13, 11, 2, 3, 17, 10, 14, 6, 16, 8]], [67, [15, 1, 3, 13, 12, 6, 7, 5, 2, 17]], [68, [2, 18, 16, 13, 4, 6, 9, 1, 14, 17]], [69, [0, 14, 6, 3, 7, 13, 4, 12, 18, 16]], [70, [0, 5, 16, 15, 17, 7, 3, 19, 14, 10]], [71, [19, 3, 15, 13, 7, 2, 0, 6, 12, 4]], [72, [11, 1, 12, 4, 8, 3, 6, 0, 9, 16]], [73, [10, 8, 13, 18, 15, 19, 7, 5, 9, 2]], [74, [1, 4, 8, 12, 19, 3, 18, 2, 14, 13]], [75, [4, 18, 1, 9, 13, 15, 17, 8, 0, 10]], [76, [3, 19, 11, 7, 2, 8, 5, 4, 14, 12]], [77, [3, 4, 12, 2, 15, 0, 10, 9, 6, 17]], [78, [19, 16, 14, 11, 0, 18, 4, 2, 12, 10]], [79, [12, 11, 6, 17, 19, 7, 8, 4, 2, 13]], [80, [17, 18, 6, 4, 12, 19, 14, 16, 15, 0]], [81, [4, 8, 1, 11, 0, 13, 16, 15, 5, 14]], [82, [4, 19, 9, 3, 13, 8, 1, 5, 11, 0]], [83, [6, 15, 9, 17, 16, 3, 5, 0, 10, 4]], [84, [19, 18, 0, 15, 16, 11, 7, 4, 9, 17]], [85, [19, 5, 18, 14, 17, 0, 6, 12, 1, 7]], [86, [8, 18, 1, 2, 10, 14, 4, 12, 0, 3]], [87, [1, 11, 18, 9, 7, 13, 16, 15, 19, 10]], [88, [2, 18, 1, 17, 6, 8, 9, 7, 0, 13]], [89, [8, 1, 2, 17, 13, 0, 7, 6, 11, 19]], [90, [9, 7, 14, 3, 4, 11, 17, 8, 1, 15]], [91, [12, 4, 16, 10, 7, 2, 6, 11, 3, 5]], [92, [7, 5, 12, 2, 3, 0, 1, 13, 16, 4]], [93, [17, 13, 2, 18, 3, 4, 14, 6, 10, 7]], [94, [0, 10, 8, 7, 14, 17, 12, 1, 2, 15]], [95, [18, 2, 1, 7, 17, 6, 5, 9, 13, 15]], [96, [9, 1, 3, 12, 8, 7, 11, 16, 13, 6]], [97, [2, 4, 7, 5, 10, 3, 17, 6, 8, 0]], [98, [7, 3, 12, 9, 11, 18, 14, 17, 19, 5]], [99, [19, 2, 1, 6, 7, 14, 17, 16, 3, 15]], [100, [16, 4, 9, 2, 15, 18, 14, 19, 1, 10]], [101, [11, 3, 13, 14, 17, 2, 8, 12, 6, 19]], [102, [10, 3, 1, 14, 15, 0, 4, 12, 19, 2]], [103, [10, 14, 4, 7, 17, 16, 3, 18, 6, 1]], [104, [14, 7, 18, 10, 1, 5, 2, 12, 6, 16]], [105, [17, 2, 11, 7, 9, 6, 14, 19, 15, 3]], [106, [7, 10, 11, 8, 15, 19, 13, 5, 4, 16]], [107, [4, 9, 14, 10, 19, 5, 0, 16, 18, 3]], [108, [10, 15, 2, 17, 11, 16, 3, 14, 18, 19]], [109, [7, 14, 15, 12, 3, 9, 2, 1, 8, 5]], [110, [8, 6, 9, 3, 4, 2, 11, 13, 0, 17]], [111, [9, 4, 15, 12, 18, 2, 1, 13, 16, 7]], [112, [6, 13, 10, 19, 7, 11, 14, 3, 15, 5]], [113, [7, 12, 5, 0, 10, 4, 14, 1, 8, 3]], [114, [9, 18, 17, 2, 3, 19, 1, 4, 5, 13]], [115, [10, 6, 8, 13, 18, 15, 19, 3, 9, 2]], [116, [14, 0, 8, 4, 18, 11, 1, 7, 19, 5]], [117, [11, 13, 15, 7, 6, 1, 18, 12, 4, 9]], [118, [13, 5, 12, 7, 1, 9, 3, 19, 4, 15]], [119, [2, 13, 18, 1, 9, 17, 6, 4, 10, 11]], [120, [1, 16, 4, 13, 8, 17, 0, 18, 12, 15]], [121, [19, 3, 10, 11, 12, 1, 5, 15, 18, 14]], [122, [8, 4, 10, 12, 3, 18, 9, 14, 16, 5]], [123, [13, 5, 19, 1, 8, 16, 12, 3, 15, 9]], [124, [3, 5, 16, 2, 19, 11, 18, 15, 1, 10]], [125, [8, 14, 11, 15, 3, 0, 9, 12, 10, 4]], [126, [12, 18, 8, 16, 9, 6, 1, 7, 2, 11]], [127, [16, 3, 18, 4, 15, 10, 7, 9, 0, 6]], [128, [15, 11, 7, 18, 6, 8, 9, 16, 14, 12]], [129, [7, 9, 5, 3, 6, 14, 4, 10, 15, 0]], [130, [9, 3, 15, 12, 6, 10, 2, 16, 1, 11]], [131, [12, 13, 2, 14, 8, 11, 7, 3, 4, 17]], [132, [7, 8, 12, 6, 19, 16, 14, 2, 9, 0]], [133, [15, 13, 4, 5, 16, 19, 9, 6, 1, 10]], [134, [10, 11, 16, 8, 4, 6, 17, 1, 3, 18]], [135, [4, 18, 6, 3, 11, 16, 2, 10, 7, 1]], [136, [5, 19, 6, 0, 17, 2, 8, 9, 10, 16]], [137, [6, 14, 7, 17, 15, 4, 12, 11, 10, 16]], [138, [1, 2, 9, 8, 12, 14, 5, 10, 15, 18]], [139, [13, 5, 10, 6, 18, 11, 19, 8, 2, 12]], [140, [2, 13, 15, 7, 10, 8, 1, 3, 12, 0]], [141, [3, 16, 18, 6, 2, 15, 1, 11, 17, 13]], [142, [2, 14, 7, 0, 9, 3, 11, 18, 17, 19]], [143, [6, 9, 17, 15, 11, 19, 16, 0, 13, 4]], [144, [8, 15, 16, 19, 7, 12, 17, 2, 9, 18]], [145, [4, 3, 19, 16, 17, 15, 10, 8, 14, 6]], [146, [6, 2, 11, 16, 8, 12, 19, 5, 3, 17]], [147, [7, 4, 2, 13, 8, 6, 5, 17, 15, 11]], [148, [12, 6, 13, 15, 8, 0, 1, 14, 16, 3]], [149, [7, 9, 17, 11, 19, 1, 3, 13, 5, 16]], [150, [15, 16, 17, 13, 1, 9, 14, 18, 4, 7]], [151, [2, 10, 5, 19, 4, 14, 0, 1, 17, 16]], [152, [12, 18, 11, 17, 13, 5, 19, 15, 9, 1]], [153, [12, 15, 0, 17, 2, 13, 1, 5, 8, 4]], [154, [10, 16, 14, 9, 17, 19, 7, 8, 0, 18]], [155, [18, 14, 5, 3, 1, 19, 10, 17, 15, 16]], [156, [15, 8, 4, 13, 6, 9, 0, 2, 14, 18]], [157, [3, 10, 6, 7, 4, 16, 13, 14, 9, 15]], [158, [9, 13, 17, 12, 14, 11, 4, 0, 16, 19]], [159, [0, 12, 1, 11, 13, 14, 19, 9, 4, 2]], [160, [14, 18, 12, 3, 7, 11, 16, 9, 10, 19]], [161, [5, 4, 0, 16, 19, 13, 17, 10, 2, 15]], [162, [19, 4, 5, 6, 13, 17, 9, 14, 1, 0]], [163, [16, 11, 8, 1, 17, 9, 13, 2, 15, 19]], [164, [19, 10, 1, 16, 15, 3, 8, 7, 9, 17]], [165, [7, 18, 2, 10, 14, 15, 0, 4, 5, 16]], [166, [10, 9, 18, 1, 5, 0, 6, 14, 13, 15]], [167, [18, 10, 12, 2, 11, 15, 1, 19, 14, 5]], [168, [11, 12, 19, 9, 5, 13, 14, 2, 1, 4]], [169, [15, 8, 0, 13, 18, 11, 19, 5, 4, 10]], [170, [17, 7, 14, 1, 2, 8, 16, 4, 10, 12]], [171, [19, 1, 2, 13, 17, 0, 5, 18, 15, 11]], [172, [6, 15, 0, 17, 11, 4, 16, 3, 12, 8]], [173, [10, 11, 8, 9, 6, 3, 18, 4, 0, 12]], [174, [15, 10, 18, 11, 8, 14, 5, 1, 4, 2]], [175, [17, 13, 18, 4, 16, 10, 9, 3, 1, 5]], [176, [7, 17, 8, 10, 0, 12, 6, 14, 1, 3]], [177, [11, 3, 17, 8, 14, 16, 19, 18, 9, 12]], [178, [15, 5, 10, 16, 7, 4, 12, 6, 18, 8]], [179, [14, 16, 13, 0, 3, 4, 15, 8, 9, 11]], [180, [8, 5, 4, 14, 12, 1, 7, 9, 17, 3]], [181, [13, 18, 1, 14, 19, 11, 9, 6, 12, 17]], [182, [1, 7, 19, 8, 13, 17, 3, 4, 10, 18]], [183, [14, 2, 0, 15, 9, 11, 5, 1, 4, 6]], [184, [10, 8, 17, 16, 18, 19, 0, 14, 1, 12]], [185, [18, 11, 2, 0, 14, 17, 10, 19, 15, 5]], [186, [15, 18, 1, 4, 14, 16, 5, 9, 6, 19]], [187, [14, 12, 0, 17, 4, 10, 8, 16, 13, 15]], [188, [3, 16, 8, 13, 18, 19, 1, 10, 0, 5]], [189, [19, 17, 7, 18, 13, 4, 11, 15, 3, 6]], [190, [15, 16, 8, 12, 3, 1, 13, 9, 6, 14]], [191, [17, 1, 12, 6, 13, 2, 18, 14, 11, 7]], [192, [0, 18, 12, 5, 8, 2, 17, 10, 3, 14]], [193, [12, 8, 0, 1, 7, 14, 13, 11, 3, 2]], [194, [3, 10, 14, 11, 8, 15, 13, 2, 18, 16]], [195, [19, 1, 3, 11, 8, 13, 14, 15, 17, 0]], [196, [16, 8, 11, 12, 7, 2, 3, 6, 10, 0]], [197, [5, 18, 4, 2, 17, 12, 16, 13, 1, 8]], [198, [5, 19, 9, 10, 15, 7, 18, 1, 4, 17]], [199, [0, 11, 1, 7, 8, 15, 14, 12, 6, 10]], [200, [12, 13, 17, 15, 6, 14, 16, 19, 11, 8]]]
write select id list  /Users/alice/Desktop/python/FL_selection//res/selectids/mnist_select_client_ids20_0.5.csv
colum_value 9
Traceback (most recent call last):
  File "/Users/alice/Desktop/python/FL_selection/system/main.py", line 526, in <module>
    run(args)
  File "/Users/alice/Desktop/python/FL_selection/system/main.py", line 301, in run
    server.train()
  File "/Users/alice/Desktop/python/FL_selection/system/flcore/servers/serveravg.py", line 154, in train
    redf.to_csv(errorpath, mode='a', header=False)
  File "/Users/alice/Desktop/python/FL_selection/system/flcore/servers/serverbase.py", line 1140, in write_info
    self.write_acc(colum_value)
  File "/Users/alice/Desktop/python/FL_selection/system/flcore/servers/serverbase.py", line 1123, in write_acc
    redf.loc[len(redf) + 1] = colum_value[i]
  File "/Users/alice/anaconda3/envs/pytorch_env/lib/python3.10/site-packages/pandas/core/indexing.py", line 911, in __setitem__
    iloc._setitem_with_indexer(indexer, value, self.name)
  File "/Users/alice/anaconda3/envs/pytorch_env/lib/python3.10/site-packages/pandas/core/indexing.py", line 1932, in _setitem_with_indexer
    self._setitem_with_indexer_missing(indexer, value)
  File "/Users/alice/anaconda3/envs/pytorch_env/lib/python3.10/site-packages/pandas/core/indexing.py", line 2306, in _setitem_with_indexer_missing
    raise ValueError("cannot set a row with mismatched columns")
ValueError: cannot set a row with mismatched columns
