nohup: ignoring input
['/root/FL_selection/system', '/root/anaconda3/envs/pytorch_env/lib/python310.zip', '/root/anaconda3/envs/pytorch_env/lib/python3.10', '/root/anaconda3/envs/pytorch_env/lib/python3.10/lib-dynload', '/root/anaconda3/envs/pytorch_env/lib/python3.10/site-packages', './IJCAI-AutoS']
/root/FL_selection/system /root/FL_selection
2024-12-03 22:13:24.288095: I tensorflow/core/util/port.cc:110] oneDNN custom operations are on. You may see slightly different numerical results due to floating-point round-off errors from different computation orders. To turn them off, set the environment variable `TF_ENABLE_ONEDNN_OPTS=0`.
2024-12-03 22:13:24.289897: I tensorflow/tsl/cuda/cudart_stub.cc:28] Could not find cuda drivers on your machine, GPU will not be used.
2024-12-03 22:13:24.326320: I tensorflow/core/platform/cpu_feature_guard.cc:182] This TensorFlow binary is optimized to use available CPU instructions in performance-critical operations.
To enable the following instructions: AVX2 AVX512F AVX512_VNNI FMA, in other operations, rebuild TensorFlow with the appropriate compiler flags.
2024-12-03 22:13:24.941390: W tensorflow/compiler/tf2tensorrt/utils/py_utils.cc:38] TF-TRT Warning: Could not find TensorRT
==================================================
Algorithm: FedDIV
Local batch size: 10
Local steps: 5
Local learing rate: 0.005
Local learing rate decay: False
Total number of clients: 100
Clients join in each round: 0.1
Clients randomly join: False
Client drop rate: 0.0
Client select regarding time: False
Running times: 1
Dataset: Cifar100
Number of classes: 100
Backbone: dnn
Using device: cuda
Using DP: False
Auto break: False
Global rounds: 200
Cuda device id: 0
DLG attack: False
Total number of new clients: 0
Fine tuning epoches on new clients: 0
==================================================

============= Running time: 0th =============
Creating server and clients ...
DNN(
  (fc1): Linear(in_features=3072, out_features=100, bias=True)
  (fc): Linear(in_features=100, out_features=100, bias=True)
)
INFO:------------------------args.algorithm is:FedDIV-----------------------
**************************1.INfo,set_clients ,init data********************
Clients data loaded from /root/FL_selectiondataset/0.5/Cifar100/clientInfo.json
clients [{'id': 1, 'compute': 5.45, 'comm': 5.04, 'dropout': 0.13, 'size': 40}, {'id': 2, 'compute': 13.24, 'comm': 1.95, 'dropout': 0.07, 'size': 40}, {'id': 3, 'compute': 4.56, 'comm': 11.05, 'dropout': 0.2, 'size': 40}, {'id': 4, 'compute': 11.15, 'comm': 13.33, 'dropout': 0.11, 'size': 40}, {'id': 5, 'compute': 4.17, 'comm': 5.32, 'dropout': 0.24, 'size': 48}, {'id': 6, 'compute': 0.78, 'comm': 4.39, 'dropout': 0.11, 'size': 40}, {'id': 7, 'compute': 1.27, 'comm': 11.23, 'dropout': 0.29, 'size': 40}, {'id': 8, 'compute': 1.58, 'comm': 4.19, 'dropout': 0.11, 'size': 40}, {'id': 9, 'compute': 0.49, 'comm': 11.63, 'dropout': 0.47, 'size': 40}, {'id': 10, 'compute': 0.1, 'comm': 5.54, 'dropout': 0.37, 'size': 40}, {'id': 11, 'compute': 1.75, 'comm': 2.54, 'dropout': 0.22, 'size': 40}, {'id': 12, 'compute': 1.3, 'comm': 5.34, 'dropout': 0.68, 'size': 40}, {'id': 13, 'compute': 0.88, 'comm': 9.76, 'dropout': 0.39, 'size': 40}, {'id': 14, 'compute': 5.97, 'comm': 5.12, 'dropout': 0.34, 'size': 40}, {'id': 15, 'compute': 11.18, 'comm': 2.78, 'dropout': 0.24, 'size': 40}, {'id': 16, 'compute': 3.46, 'comm': 4.68, 'dropout': 0.25, 'size': 40}, {'id': 17, 'compute': 9.03, 'comm': 3.66, 'dropout': 0.09, 'size': 52}, {'id': 18, 'compute': 13.55, 'comm': 4.59, 'dropout': 0.17, 'size': 40}, {'id': 19, 'compute': 6.06, 'comm': 10.05, 'dropout': 0.25, 'size': 40}, {'id': 20, 'compute': 6.07, 'comm': 2.0, 'dropout': 0.27, 'size': 40}, {'id': 21, 'compute': 11.37, 'comm': 5.61, 'dropout': 0.19, 'size': 40}, {'id': 22, 'compute': 4.24, 'comm': 5.25, 'dropout': 0.2, 'size': 40}, {'id': 23, 'compute': 4.17, 'comm': 7.44, 'dropout': 0.24, 'size': 40}, {'id': 24, 'compute': 5.26, 'comm': 2.06, 'dropout': 0.46, 'size': 40}, {'id': 25, 'compute': 12.93, 'comm': 6.83, 'dropout': 0.15, 'size': 40}, {'id': 26, 'compute': 5.29, 'comm': 4.18, 'dropout': 0.37, 'size': 40}, {'id': 27, 'compute': 5.16, 'comm': 4.15, 'dropout': 0.5, 'size': 40}, {'id': 28, 'compute': 4.5, 'comm': 9.63, 'dropout': 0.23, 'size': 167}, {'id': 29, 'compute': 10.56, 'comm': 11.02, 'dropout': 0.16, 'size': 63}, {'id': 30, 'compute': 4.64, 'comm': 9.37, 'dropout': 0.13, 'size': 40}, {'id': 31, 'compute': 0.14, 'comm': 2.29, 'dropout': 0.36, 'size': 266}, {'id': 32, 'compute': 4.26, 'comm': 2.17, 'dropout': 0.37, 'size': 77}, {'id': 33, 'compute': 0.95, 'comm': 7.93, 'dropout': 0.42, 'size': 40}, {'id': 34, 'compute': 9.89, 'comm': 10.1, 'dropout': 0.29, 'size': 50}, {'id': 35, 'compute': 7.05, 'comm': 1.23, 'dropout': 0.4, 'size': 145}, {'id': 36, 'compute': 4.66, 'comm': 8.98, 'dropout': 0.25, 'size': 54}, {'id': 37, 'compute': 8.31, 'comm': 0.76, 'dropout': 0.49, 'size': 64}, {'id': 38, 'compute': 10.45, 'comm': 5.37, 'dropout': 0.32, 'size': 58}, {'id': 39, 'compute': 10.22, 'comm': 3.5, 'dropout': 0.56, 'size': 164}, {'id': 40, 'compute': 1.32, 'comm': 11.27, 'dropout': 0.14, 'size': 89}, {'id': 41, 'compute': 8.68, 'comm': 5.09, 'dropout': 0.16, 'size': 163}, {'id': 42, 'compute': 0.47, 'comm': 4.06, 'dropout': 0.16, 'size': 40}, {'id': 43, 'compute': 11.44, 'comm': 10.63, 'dropout': 0.16, 'size': 93}, {'id': 44, 'compute': 0.1, 'comm': 6.37, 'dropout': 0.57, 'size': 82}, {'id': 45, 'compute': 9.64, 'comm': 4.42, 'dropout': 0.25, 'size': 156}, {'id': 46, 'compute': 0.52, 'comm': 9.99, 'dropout': 0.54, 'size': 55}, {'id': 47, 'compute': 0.74, 'comm': 1.72, 'dropout': 0.33, 'size': 44}, {'id': 48, 'compute': 1.68, 'comm': 3.0, 'dropout': 0.17, 'size': 40}, {'id': 49, 'compute': 0.74, 'comm': 1.67, 'dropout': 0.24, 'size': 40}, {'id': 50, 'compute': 0.8, 'comm': 10.87, 'dropout': 0.05, 'size': 64}, {'id': 51, 'compute': 4.14, 'comm': 4.89, 'dropout': 0.3, 'size': 107}, {'id': 52, 'compute': 4.62, 'comm': 10.49, 'dropout': 0.36, 'size': 82}, {'id': 53, 'compute': 5.72, 'comm': 8.94, 'dropout': 0.15, 'size': 83}, {'id': 54, 'compute': 0.66, 'comm': 13.93, 'dropout': 0.32, 'size': 164}, {'id': 55, 'compute': 11.73, 'comm': 8.54, 'dropout': 0.47, 'size': 58}, {'id': 56, 'compute': 0.66, 'comm': 8.22, 'dropout': 0.1, 'size': 50}, {'id': 57, 'compute': 0.83, 'comm': 1.12, 'dropout': 0.19, 'size': 40}, {'id': 58, 'compute': 3.88, 'comm': 5.59, 'dropout': 0.27, 'size': 79}, {'id': 59, 'compute': 1.81, 'comm': 4.38, 'dropout': 0.28, 'size': 40}, {'id': 60, 'compute': 1.69, 'comm': 2.03, 'dropout': 0.35, 'size': 40}, {'id': 61, 'compute': 8.07, 'comm': 9.31, 'dropout': 0.64, 'size': 75}, {'id': 62, 'compute': 5.15, 'comm': 4.48, 'dropout': 0.23, 'size': 66}, {'id': 63, 'compute': 5.33, 'comm': 2.13, 'dropout': 0.05, 'size': 238}, {'id': 64, 'compute': 13.68, 'comm': 4.02, 'dropout': 0.35, 'size': 109}, {'id': 65, 'compute': 6.71, 'comm': 5.53, 'dropout': 0.33, 'size': 92}, {'id': 66, 'compute': 11.6, 'comm': 1.98, 'dropout': 0.19, 'size': 83}, {'id': 67, 'compute': 5.07, 'comm': 2.68, 'dropout': 0.26, 'size': 109}, {'id': 68, 'compute': 4.67, 'comm': 3.41, 'dropout': 0.3, 'size': 94}, {'id': 69, 'compute': 4.72, 'comm': 7.22, 'dropout': 0.56, 'size': 87}, {'id': 70, 'compute': 4.47, 'comm': 1.59, 'dropout': 0.07, 'size': 95}, {'id': 71, 'compute': 0.97, 'comm': 5.43, 'dropout': 0.15, 'size': 218}, {'id': 72, 'compute': 4.22, 'comm': 9.65, 'dropout': 0.11, 'size': 160}, {'id': 73, 'compute': 1.3, 'comm': 6.14, 'dropout': 0.31, 'size': 176}, {'id': 74, 'compute': 5.66, 'comm': 4.28, 'dropout': 0.46, 'size': 388}, {'id': 75, 'compute': 5.97, 'comm': 4.15, 'dropout': 0.18, 'size': 244}, {'id': 76, 'compute': 11.2, 'comm': 5.77, 'dropout': 0.26, 'size': 129}, {'id': 77, 'compute': 3.9, 'comm': 8.78, 'dropout': 0.27, 'size': 275}, {'id': 78, 'compute': 10.89, 'comm': 6.64, 'dropout': 0.11, 'size': 323}, {'id': 79, 'compute': 0.98, 'comm': 4.35, 'dropout': 0.21, 'size': 195}, {'id': 80, 'compute': 5.74, 'comm': 1.24, 'dropout': 0.31, 'size': 213}, {'id': 81, 'compute': 5.27, 'comm': 2.43, 'dropout': 0.03, 'size': 2682}, {'id': 82, 'compute': 9.54, 'comm': 2.28, 'dropout': 0.54, 'size': 2612}, {'id': 83, 'compute': 5.34, 'comm': 10.86, 'dropout': 0.26, 'size': 2020}, {'id': 84, 'compute': 4.99, 'comm': 5.35, 'dropout': 0.47, 'size': 2172}, {'id': 85, 'compute': 7.62, 'comm': 2.22, 'dropout': 0.4, 'size': 2211}, {'id': 86, 'compute': 16.71, 'comm': 1.56, 'dropout': 0.3, 'size': 2031}, {'id': 87, 'compute': 5.29, 'comm': 1.87, 'dropout': 0.19, 'size': 2753}, {'id': 88, 'compute': 0.65, 'comm': 1.45, 'dropout': 0.11, 'size': 3470}, {'id': 89, 'compute': 5.54, 'comm': 2.68, 'dropout': 0.14, 'size': 2040}, {'id': 90, 'compute': 10.91, 'comm': 12.75, 'dropout': 0.26, 'size': 2790}, {'id': 91, 'compute': 4.63, 'comm': 5.49, 'dropout': 0.12, 'size': 2774}, {'id': 92, 'compute': 0.82, 'comm': 6.32, 'dropout': 0.49, 'size': 3078}, {'id': 93, 'compute': 11.02, 'comm': 10.49, 'dropout': 0.03, 'size': 2556}, {'id': 94, 'compute': 4.92, 'comm': 2.59, 'dropout': 0.45, 'size': 3101}, {'id': 95, 'compute': 6.18, 'comm': 6.27, 'dropout': 0.44, 'size': 2568}, {'id': 96, 'compute': 12.94, 'comm': 2.75, 'dropout': 0.17, 'size': 2480}, {'id': 97, 'compute': 8.65, 'comm': 4.45, 'dropout': 0.16, 'size': 3307}, {'id': 98, 'compute': 0.44, 'comm': 3.06, 'dropout': 0.02, 'size': 2799}, {'id': 99, 'compute': 8.32, 'comm': 1.63, 'dropout': 0.55, 'size': 2785}, {'id': 100, 'compute': 1.11, 'comm': 1.69, 'dropout': 0.48, 'size': 2505}]
train_slow,send_slow 100 [False, False, False, False, False, False, False, False, False, False, False, False, False, False, False, False, False, False, False, False, False, False, False, False, False, False, False, False, False, False, False, False, False, False, False, False, False, False, False, False, False, False, False, False, False, False, False, False, False, False, False, False, False, False, False, False, False, False, False, False, False, False, False, False, False, False, False, False, False, False, False, False, False, False, False, False, False, False, False, False, False, False, False, False, False, False, False, False, False, False, False, False, False, False, False, False, False, False, False, False] [False, False, False, False, False, False, False, False, False, False, False, False, False, False, False, False, False, False, False, False, False, False, False, False, False, False, False, False, False, False, False, False, False, False, False, False, False, False, False, False, False, False, False, False, False, False, False, False, False, False, False, False, False, False, False, False, False, False, False, False, False, False, False, False, False, False, False, False, False, False, False, False, False, False, False, False, False, False, False, False, False, False, False, False, False, False, False, False, False, False, False, False, False, False, False, False, False, False, False, False]
100 args.num_classes
100 args.num_classes
100 args.num_classes
100 args.num_classes
100 args.num_classes
100 args.num_classes
100 args.num_classes
100 args.num_classes
100 args.num_classes
100 args.num_classes
100 args.num_classes
100 args.num_classes
100 args.num_classes
100 args.num_classes
100 args.num_classes
100 args.num_classes
100 args.num_classes
100 args.num_classes
100 args.num_classes
100 args.num_classes
100 args.num_classes
100 args.num_classes
100 args.num_classes
100 args.num_classes
100 args.num_classes
100 args.num_classes
100 args.num_classes
100 args.num_classes
100 args.num_classes
100 args.num_classes
100 args.num_classes
100 args.num_classes
100 args.num_classes
100 args.num_classes
100 args.num_classes
100 args.num_classes
100 args.num_classes
100 args.num_classes
100 args.num_classes
100 args.num_classes
100 args.num_classes
100 args.num_classes
100 args.num_classes
100 args.num_classes
100 args.num_classes
100 args.num_classes
100 args.num_classes
100 args.num_classes
100 args.num_classes
100 args.num_classes
100 args.num_classes
100 args.num_classes
100 args.num_classes
100 args.num_classes
100 args.num_classes
100 args.num_classes
100 args.num_classes
100 args.num_classes
100 args.num_classes
100 args.num_classes
100 args.num_classes
100 args.num_classes
100 args.num_classes
100 args.num_classes
100 args.num_classes
100 args.num_classes
100 args.num_classes
100 args.num_classes
100 args.num_classes
100 args.num_classes
100 args.num_classes
100 args.num_classes
100 args.num_classes
100 args.num_classes
100 args.num_classes
100 args.num_classes
100 args.num_classes
100 args.num_classes
100 args.num_classes
100 args.num_classes
100 args.num_classes
100 args.num_classes
100 args.num_classes
100 args.num_classes
100 args.num_classes
100 args.num_classes
100 args.num_classes
100 args.num_classes
100 args.num_classes
100 args.num_classes
100 args.num_classes
100 args.num_classes
100 args.num_classes
100 args.num_classes
100 args.num_classes
100 args.num_classes
100 args.num_classes
100 args.num_classes
100 args.num_classes
100 args.num_classes
client base client  0, total_num is 40,label is [0, 0, 0, 18, 22, 0, 0, 0, 0, 0, 0, 0, 0, 0, 0, 0, 0, 0, 0, 0, 0, 0, 0, 0, 0, 0, 0, 0, 0, 0, 0, 0, 0, 0, 0, 0, 0, 0, 0, 0, 0, 0, 0, 0, 0, 0, 0, 0, 0, 0, 0, 0, 0, 0, 0, 0, 0, 0, 0, 0, 0, 0, 0, 0, 0, 0, 0, 0, 0, 0, 0, 0, 0, 0, 0, 0, 0, 0, 0, 0, 0, 0, 0, 0, 0, 0, 0, 0, 0, 0, 0, 0, 0, 0, 0, 0, 0, 0, 0, 0]
client base client  1, total_num is 40,label is [0, 0, 0, 39, 0, 0, 0, 0, 1, 0, 0, 0, 0, 0, 0, 0, 0, 0, 0, 0, 0, 0, 0, 0, 0, 0, 0, 0, 0, 0, 0, 0, 0, 0, 0, 0, 0, 0, 0, 0, 0, 0, 0, 0, 0, 0, 0, 0, 0, 0, 0, 0, 0, 0, 0, 0, 0, 0, 0, 0, 0, 0, 0, 0, 0, 0, 0, 0, 0, 0, 0, 0, 0, 0, 0, 0, 0, 0, 0, 0, 0, 0, 0, 0, 0, 0, 0, 0, 0, 0, 0, 0, 0, 0, 0, 0, 0, 0, 0, 0]
client base client  2, total_num is 40,label is [0, 0, 0, 39, 1, 0, 0, 0, 0, 0, 0, 0, 0, 0, 0, 0, 0, 0, 0, 0, 0, 0, 0, 0, 0, 0, 0, 0, 0, 0, 0, 0, 0, 0, 0, 0, 0, 0, 0, 0, 0, 0, 0, 0, 0, 0, 0, 0, 0, 0, 0, 0, 0, 0, 0, 0, 0, 0, 0, 0, 0, 0, 0, 0, 0, 0, 0, 0, 0, 0, 0, 0, 0, 0, 0, 0, 0, 0, 0, 0, 0, 0, 0, 0, 0, 0, 0, 0, 0, 0, 0, 0, 0, 0, 0, 0, 0, 0, 0, 0]
client base client  3, total_num is 40,label is [0, 0, 0, 0, 39, 0, 0, 0, 0, 1, 0, 0, 0, 0, 0, 0, 0, 0, 0, 0, 0, 0, 0, 0, 0, 0, 0, 0, 0, 0, 0, 0, 0, 0, 0, 0, 0, 0, 0, 0, 0, 0, 0, 0, 0, 0, 0, 0, 0, 0, 0, 0, 0, 0, 0, 0, 0, 0, 0, 0, 0, 0, 0, 0, 0, 0, 0, 0, 0, 0, 0, 0, 0, 0, 0, 0, 0, 0, 0, 0, 0, 0, 0, 0, 0, 0, 0, 0, 0, 0, 0, 0, 0, 0, 0, 0, 0, 0, 0, 0]
client base client  4, total_num is 48,label is [0, 0, 48, 0, 0, 0, 0, 0, 0, 0, 0, 0, 0, 0, 0, 0, 0, 0, 0, 0, 0, 0, 0, 0, 0, 0, 0, 0, 0, 0, 0, 0, 0, 0, 0, 0, 0, 0, 0, 0, 0, 0, 0, 0, 0, 0, 0, 0, 0, 0, 0, 0, 0, 0, 0, 0, 0, 0, 0, 0, 0, 0, 0, 0, 0, 0, 0, 0, 0, 0, 0, 0, 0, 0, 0, 0, 0, 0, 0, 0, 0, 0, 0, 0, 0, 0, 0, 0, 0, 0, 0, 0, 0, 0, 0, 0, 0, 0, 0, 0]
client base client  5, total_num is 40,label is [0, 0, 0, 1, 39, 0, 0, 0, 0, 0, 0, 0, 0, 0, 0, 0, 0, 0, 0, 0, 0, 0, 0, 0, 0, 0, 0, 0, 0, 0, 0, 0, 0, 0, 0, 0, 0, 0, 0, 0, 0, 0, 0, 0, 0, 0, 0, 0, 0, 0, 0, 0, 0, 0, 0, 0, 0, 0, 0, 0, 0, 0, 0, 0, 0, 0, 0, 0, 0, 0, 0, 0, 0, 0, 0, 0, 0, 0, 0, 0, 0, 0, 0, 0, 0, 0, 0, 0, 0, 0, 0, 0, 0, 0, 0, 0, 0, 0, 0, 0]
client base client  6, total_num is 40,label is [0, 0, 1, 0, 39, 0, 0, 0, 0, 0, 0, 0, 0, 0, 0, 0, 0, 0, 0, 0, 0, 0, 0, 0, 0, 0, 0, 0, 0, 0, 0, 0, 0, 0, 0, 0, 0, 0, 0, 0, 0, 0, 0, 0, 0, 0, 0, 0, 0, 0, 0, 0, 0, 0, 0, 0, 0, 0, 0, 0, 0, 0, 0, 0, 0, 0, 0, 0, 0, 0, 0, 0, 0, 0, 0, 0, 0, 0, 0, 0, 0, 0, 0, 0, 0, 0, 0, 0, 0, 0, 0, 0, 0, 0, 0, 0, 0, 0, 0, 0]
client base client  7, total_num is 40,label is [0, 0, 0, 0, 34, 6, 0, 0, 0, 0, 0, 0, 0, 0, 0, 0, 0, 0, 0, 0, 0, 0, 0, 0, 0, 0, 0, 0, 0, 0, 0, 0, 0, 0, 0, 0, 0, 0, 0, 0, 0, 0, 0, 0, 0, 0, 0, 0, 0, 0, 0, 0, 0, 0, 0, 0, 0, 0, 0, 0, 0, 0, 0, 0, 0, 0, 0, 0, 0, 0, 0, 0, 0, 0, 0, 0, 0, 0, 0, 0, 0, 0, 0, 0, 0, 0, 0, 0, 0, 0, 0, 0, 0, 0, 0, 0, 0, 0, 0, 0]
client base client  8, total_num is 40,label is [0, 5, 0, 0, 31, 0, 0, 0, 0, 0, 4, 0, 0, 0, 0, 0, 0, 0, 0, 0, 0, 0, 0, 0, 0, 0, 0, 0, 0, 0, 0, 0, 0, 0, 0, 0, 0, 0, 0, 0, 0, 0, 0, 0, 0, 0, 0, 0, 0, 0, 0, 0, 0, 0, 0, 0, 0, 0, 0, 0, 0, 0, 0, 0, 0, 0, 0, 0, 0, 0, 0, 0, 0, 0, 0, 0, 0, 0, 0, 0, 0, 0, 0, 0, 0, 0, 0, 0, 0, 0, 0, 0, 0, 0, 0, 0, 0, 0, 0, 0]
client base client  9, total_num is 40,label is [0, 0, 0, 40, 0, 0, 0, 0, 0, 0, 0, 0, 0, 0, 0, 0, 0, 0, 0, 0, 0, 0, 0, 0, 0, 0, 0, 0, 0, 0, 0, 0, 0, 0, 0, 0, 0, 0, 0, 0, 0, 0, 0, 0, 0, 0, 0, 0, 0, 0, 0, 0, 0, 0, 0, 0, 0, 0, 0, 0, 0, 0, 0, 0, 0, 0, 0, 0, 0, 0, 0, 0, 0, 0, 0, 0, 0, 0, 0, 0, 0, 0, 0, 0, 0, 0, 0, 0, 0, 0, 0, 0, 0, 0, 0, 0, 0, 0, 0, 0]
client base client  10, total_num is 40,label is [0, 0, 0, 0, 0, 6, 0, 0, 0, 0, 34, 0, 0, 0, 0, 0, 0, 0, 0, 0, 0, 0, 0, 0, 0, 0, 0, 0, 0, 0, 0, 0, 0, 0, 0, 0, 0, 0, 0, 0, 0, 0, 0, 0, 0, 0, 0, 0, 0, 0, 0, 0, 0, 0, 0, 0, 0, 0, 0, 0, 0, 0, 0, 0, 0, 0, 0, 0, 0, 0, 0, 0, 0, 0, 0, 0, 0, 0, 0, 0, 0, 0, 0, 0, 0, 0, 0, 0, 0, 0, 0, 0, 0, 0, 0, 0, 0, 0, 0, 0]
client base client  11, total_num is 40,label is [0, 0, 10, 0, 0, 0, 0, 0, 0, 0, 30, 0, 0, 0, 0, 0, 0, 0, 0, 0, 0, 0, 0, 0, 0, 0, 0, 0, 0, 0, 0, 0, 0, 0, 0, 0, 0, 0, 0, 0, 0, 0, 0, 0, 0, 0, 0, 0, 0, 0, 0, 0, 0, 0, 0, 0, 0, 0, 0, 0, 0, 0, 0, 0, 0, 0, 0, 0, 0, 0, 0, 0, 0, 0, 0, 0, 0, 0, 0, 0, 0, 0, 0, 0, 0, 0, 0, 0, 0, 0, 0, 0, 0, 0, 0, 0, 0, 0, 0, 0]
client base client  12, total_num is 40,label is [31, 0, 0, 0, 0, 0, 0, 0, 0, 0, 9, 0, 0, 0, 0, 0, 0, 0, 0, 0, 0, 0, 0, 0, 0, 0, 0, 0, 0, 0, 0, 0, 0, 0, 0, 0, 0, 0, 0, 0, 0, 0, 0, 0, 0, 0, 0, 0, 0, 0, 0, 0, 0, 0, 0, 0, 0, 0, 0, 0, 0, 0, 0, 0, 0, 0, 0, 0, 0, 0, 0, 0, 0, 0, 0, 0, 0, 0, 0, 0, 0, 0, 0, 0, 0, 0, 0, 0, 0, 0, 0, 0, 0, 0, 0, 0, 0, 0, 0, 0]
client base client  13, total_num is 40,label is [0, 0, 28, 0, 0, 6, 0, 0, 0, 0, 6, 0, 0, 0, 0, 0, 0, 0, 0, 0, 0, 0, 0, 0, 0, 0, 0, 0, 0, 0, 0, 0, 0, 0, 0, 0, 0, 0, 0, 0, 0, 0, 0, 0, 0, 0, 0, 0, 0, 0, 0, 0, 0, 0, 0, 0, 0, 0, 0, 0, 0, 0, 0, 0, 0, 0, 0, 0, 0, 0, 0, 0, 0, 0, 0, 0, 0, 0, 0, 0, 0, 0, 0, 0, 0, 0, 0, 0, 0, 0, 0, 0, 0, 0, 0, 0, 0, 0, 0, 0]
client base client  14, total_num is 40,label is [1, 0, 8, 0, 0, 0, 0, 31, 0, 0, 0, 0, 0, 0, 0, 0, 0, 0, 0, 0, 0, 0, 0, 0, 0, 0, 0, 0, 0, 0, 0, 0, 0, 0, 0, 0, 0, 0, 0, 0, 0, 0, 0, 0, 0, 0, 0, 0, 0, 0, 0, 0, 0, 0, 0, 0, 0, 0, 0, 0, 0, 0, 0, 0, 0, 0, 0, 0, 0, 0, 0, 0, 0, 0, 0, 0, 0, 0, 0, 0, 0, 0, 0, 0, 0, 0, 0, 0, 0, 0, 0, 0, 0, 0, 0, 0, 0, 0, 0, 0]
client base client  15, total_num is 40,label is [30, 0, 0, 0, 0, 0, 0, 10, 0, 0, 0, 0, 0, 0, 0, 0, 0, 0, 0, 0, 0, 0, 0, 0, 0, 0, 0, 0, 0, 0, 0, 0, 0, 0, 0, 0, 0, 0, 0, 0, 0, 0, 0, 0, 0, 0, 0, 0, 0, 0, 0, 0, 0, 0, 0, 0, 0, 0, 0, 0, 0, 0, 0, 0, 0, 0, 0, 0, 0, 0, 0, 0, 0, 0, 0, 0, 0, 0, 0, 0, 0, 0, 0, 0, 0, 0, 0, 0, 0, 0, 0, 0, 0, 0, 0, 0, 0, 0, 0, 0]
client base client  16, total_num is 52,label is [0, 0, 0, 0, 0, 0, 52, 0, 0, 0, 0, 0, 0, 0, 0, 0, 0, 0, 0, 0, 0, 0, 0, 0, 0, 0, 0, 0, 0, 0, 0, 0, 0, 0, 0, 0, 0, 0, 0, 0, 0, 0, 0, 0, 0, 0, 0, 0, 0, 0, 0, 0, 0, 0, 0, 0, 0, 0, 0, 0, 0, 0, 0, 0, 0, 0, 0, 0, 0, 0, 0, 0, 0, 0, 0, 0, 0, 0, 0, 0, 0, 0, 0, 0, 0, 0, 0, 0, 0, 0, 0, 0, 0, 0, 0, 0, 0, 0, 0, 0]
client base client  17, total_num is 40,label is [40, 0, 0, 0, 0, 0, 0, 0, 0, 0, 0, 0, 0, 0, 0, 0, 0, 0, 0, 0, 0, 0, 0, 0, 0, 0, 0, 0, 0, 0, 0, 0, 0, 0, 0, 0, 0, 0, 0, 0, 0, 0, 0, 0, 0, 0, 0, 0, 0, 0, 0, 0, 0, 0, 0, 0, 0, 0, 0, 0, 0, 0, 0, 0, 0, 0, 0, 0, 0, 0, 0, 0, 0, 0, 0, 0, 0, 0, 0, 0, 0, 0, 0, 0, 0, 0, 0, 0, 0, 0, 0, 0, 0, 0, 0, 0, 0, 0, 0, 0]
client base client  18, total_num is 40,label is [0, 0, 0, 0, 40, 0, 0, 0, 0, 0, 0, 0, 0, 0, 0, 0, 0, 0, 0, 0, 0, 0, 0, 0, 0, 0, 0, 0, 0, 0, 0, 0, 0, 0, 0, 0, 0, 0, 0, 0, 0, 0, 0, 0, 0, 0, 0, 0, 0, 0, 0, 0, 0, 0, 0, 0, 0, 0, 0, 0, 0, 0, 0, 0, 0, 0, 0, 0, 0, 0, 0, 0, 0, 0, 0, 0, 0, 0, 0, 0, 0, 0, 0, 0, 0, 0, 0, 0, 0, 0, 0, 0, 0, 0, 0, 0, 0, 0, 0, 0]
client base client  19, total_num is 40,label is [0, 0, 0, 0, 0, 0, 0, 0, 0, 0, 40, 0, 0, 0, 0, 0, 0, 0, 0, 0, 0, 0, 0, 0, 0, 0, 0, 0, 0, 0, 0, 0, 0, 0, 0, 0, 0, 0, 0, 0, 0, 0, 0, 0, 0, 0, 0, 0, 0, 0, 0, 0, 0, 0, 0, 0, 0, 0, 0, 0, 0, 0, 0, 0, 0, 0, 0, 0, 0, 0, 0, 0, 0, 0, 0, 0, 0, 0, 0, 0, 0, 0, 0, 0, 0, 0, 0, 0, 0, 0, 0, 0, 0, 0, 0, 0, 0, 0, 0, 0]
client base client  20, total_num is 40,label is [10, 0, 0, 0, 0, 15, 15, 0, 0, 0, 0, 0, 0, 0, 0, 0, 0, 0, 0, 0, 0, 0, 0, 0, 0, 0, 0, 0, 0, 0, 0, 0, 0, 0, 0, 0, 0, 0, 0, 0, 0, 0, 0, 0, 0, 0, 0, 0, 0, 0, 0, 0, 0, 0, 0, 0, 0, 0, 0, 0, 0, 0, 0, 0, 0, 0, 0, 0, 0, 0, 0, 0, 0, 0, 0, 0, 0, 0, 0, 0, 0, 0, 0, 0, 0, 0, 0, 0, 0, 0, 0, 0, 0, 0, 0, 0, 0, 0, 0, 0]
client base client  21, total_num is 40,label is [0, 0, 0, 0, 0, 0, 0, 40, 0, 0, 0, 0, 0, 0, 0, 0, 0, 0, 0, 0, 0, 0, 0, 0, 0, 0, 0, 0, 0, 0, 0, 0, 0, 0, 0, 0, 0, 0, 0, 0, 0, 0, 0, 0, 0, 0, 0, 0, 0, 0, 0, 0, 0, 0, 0, 0, 0, 0, 0, 0, 0, 0, 0, 0, 0, 0, 0, 0, 0, 0, 0, 0, 0, 0, 0, 0, 0, 0, 0, 0, 0, 0, 0, 0, 0, 0, 0, 0, 0, 0, 0, 0, 0, 0, 0, 0, 0, 0, 0, 0]
client base client  22, total_num is 40,label is [0, 0, 0, 0, 0, 28, 0, 0, 3, 0, 0, 8, 0, 0, 1, 0, 0, 0, 0, 0, 0, 0, 0, 0, 0, 0, 0, 0, 0, 0, 0, 0, 0, 0, 0, 0, 0, 0, 0, 0, 0, 0, 0, 0, 0, 0, 0, 0, 0, 0, 0, 0, 0, 0, 0, 0, 0, 0, 0, 0, 0, 0, 0, 0, 0, 0, 0, 0, 0, 0, 0, 0, 0, 0, 0, 0, 0, 0, 0, 0, 0, 0, 0, 0, 0, 0, 0, 0, 0, 0, 0, 0, 0, 0, 0, 0, 0, 0, 0, 0]
client base client  23, total_num is 40,label is [0, 0, 0, 0, 0, 40, 0, 0, 0, 0, 0, 0, 0, 0, 0, 0, 0, 0, 0, 0, 0, 0, 0, 0, 0, 0, 0, 0, 0, 0, 0, 0, 0, 0, 0, 0, 0, 0, 0, 0, 0, 0, 0, 0, 0, 0, 0, 0, 0, 0, 0, 0, 0, 0, 0, 0, 0, 0, 0, 0, 0, 0, 0, 0, 0, 0, 0, 0, 0, 0, 0, 0, 0, 0, 0, 0, 0, 0, 0, 0, 0, 0, 0, 0, 0, 0, 0, 0, 0, 0, 0, 0, 0, 0, 0, 0, 0, 0, 0, 0]
client base client  24, total_num is 40,label is [0, 0, 6, 1, 0, 0, 0, 0, 9, 24, 0, 0, 0, 0, 0, 0, 0, 0, 0, 0, 0, 0, 0, 0, 0, 0, 0, 0, 0, 0, 0, 0, 0, 0, 0, 0, 0, 0, 0, 0, 0, 0, 0, 0, 0, 0, 0, 0, 0, 0, 0, 0, 0, 0, 0, 0, 0, 0, 0, 0, 0, 0, 0, 0, 0, 0, 0, 0, 0, 0, 0, 0, 0, 0, 0, 0, 0, 0, 0, 0, 0, 0, 0, 0, 0, 0, 0, 0, 0, 0, 0, 0, 0, 0, 0, 0, 0, 0, 0, 0]
client base client  25, total_num is 40,label is [0, 0, 0, 0, 0, 0, 0, 0, 0, 40, 0, 0, 0, 0, 0, 0, 0, 0, 0, 0, 0, 0, 0, 0, 0, 0, 0, 0, 0, 0, 0, 0, 0, 0, 0, 0, 0, 0, 0, 0, 0, 0, 0, 0, 0, 0, 0, 0, 0, 0, 0, 0, 0, 0, 0, 0, 0, 0, 0, 0, 0, 0, 0, 0, 0, 0, 0, 0, 0, 0, 0, 0, 0, 0, 0, 0, 0, 0, 0, 0, 0, 0, 0, 0, 0, 0, 0, 0, 0, 0, 0, 0, 0, 0, 0, 0, 0, 0, 0, 0]
client base client  26, total_num is 40,label is [7, 16, 0, 0, 0, 0, 0, 0, 0, 17, 0, 0, 0, 0, 0, 0, 0, 0, 0, 0, 0, 0, 0, 0, 0, 0, 0, 0, 0, 0, 0, 0, 0, 0, 0, 0, 0, 0, 0, 0, 0, 0, 0, 0, 0, 0, 0, 0, 0, 0, 0, 0, 0, 0, 0, 0, 0, 0, 0, 0, 0, 0, 0, 0, 0, 0, 0, 0, 0, 0, 0, 0, 0, 0, 0, 0, 0, 0, 0, 0, 0, 0, 0, 0, 0, 0, 0, 0, 0, 0, 0, 0, 0, 0, 0, 0, 0, 0, 0, 0]
client base client  27, total_num is 167,label is [0, 0, 0, 167, 0, 0, 0, 0, 0, 0, 0, 0, 0, 0, 0, 0, 0, 0, 0, 0, 0, 0, 0, 0, 0, 0, 0, 0, 0, 0, 0, 0, 0, 0, 0, 0, 0, 0, 0, 0, 0, 0, 0, 0, 0, 0, 0, 0, 0, 0, 0, 0, 0, 0, 0, 0, 0, 0, 0, 0, 0, 0, 0, 0, 0, 0, 0, 0, 0, 0, 0, 0, 0, 0, 0, 0, 0, 0, 0, 0, 0, 0, 0, 0, 0, 0, 0, 0, 0, 0, 0, 0, 0, 0, 0, 0, 0, 0, 0, 0]
client base client  28, total_num is 63,label is [0, 0, 54, 9, 0, 0, 0, 0, 0, 0, 0, 0, 0, 0, 0, 0, 0, 0, 0, 0, 0, 0, 0, 0, 0, 0, 0, 0, 0, 0, 0, 0, 0, 0, 0, 0, 0, 0, 0, 0, 0, 0, 0, 0, 0, 0, 0, 0, 0, 0, 0, 0, 0, 0, 0, 0, 0, 0, 0, 0, 0, 0, 0, 0, 0, 0, 0, 0, 0, 0, 0, 0, 0, 0, 0, 0, 0, 0, 0, 0, 0, 0, 0, 0, 0, 0, 0, 0, 0, 0, 0, 0, 0, 0, 0, 0, 0, 0, 0, 0]
client base client  29, total_num is 40,label is [0, 9, 13, 0, 6, 0, 0, 0, 0, 12, 0, 0, 0, 0, 0, 0, 0, 0, 0, 0, 0, 0, 0, 0, 0, 0, 0, 0, 0, 0, 0, 0, 0, 0, 0, 0, 0, 0, 0, 0, 0, 0, 0, 0, 0, 0, 0, 0, 0, 0, 0, 0, 0, 0, 0, 0, 0, 0, 0, 0, 0, 0, 0, 0, 0, 0, 0, 0, 0, 0, 0, 0, 0, 0, 0, 0, 0, 0, 0, 0, 0, 0, 0, 0, 0, 0, 0, 0, 0, 0, 0, 0, 0, 0, 0, 0, 0, 0, 0, 0]
client base client  30, total_num is 266,label is [0, 245, 0, 0, 0, 0, 0, 0, 0, 0, 0, 0, 0, 0, 0, 21, 0, 0, 0, 0, 0, 0, 0, 0, 0, 0, 0, 0, 0, 0, 0, 0, 0, 0, 0, 0, 0, 0, 0, 0, 0, 0, 0, 0, 0, 0, 0, 0, 0, 0, 0, 0, 0, 0, 0, 0, 0, 0, 0, 0, 0, 0, 0, 0, 0, 0, 0, 0, 0, 0, 0, 0, 0, 0, 0, 0, 0, 0, 0, 0, 0, 0, 0, 0, 0, 0, 0, 0, 0, 0, 0, 0, 0, 0, 0, 0, 0, 0, 0, 0]
client base client  31, total_num is 77,label is [0, 0, 0, 0, 0, 0, 8, 0, 0, 0, 0, 0, 0, 0, 0, 69, 0, 0, 0, 0, 0, 0, 0, 0, 0, 0, 0, 0, 0, 0, 0, 0, 0, 0, 0, 0, 0, 0, 0, 0, 0, 0, 0, 0, 0, 0, 0, 0, 0, 0, 0, 0, 0, 0, 0, 0, 0, 0, 0, 0, 0, 0, 0, 0, 0, 0, 0, 0, 0, 0, 0, 0, 0, 0, 0, 0, 0, 0, 0, 0, 0, 0, 0, 0, 0, 0, 0, 0, 0, 0, 0, 0, 0, 0, 0, 0, 0, 0, 0, 0]
client base client  32, total_num is 40,label is [0, 5, 0, 0, 35, 0, 0, 0, 0, 0, 0, 0, 0, 0, 0, 0, 0, 0, 0, 0, 0, 0, 0, 0, 0, 0, 0, 0, 0, 0, 0, 0, 0, 0, 0, 0, 0, 0, 0, 0, 0, 0, 0, 0, 0, 0, 0, 0, 0, 0, 0, 0, 0, 0, 0, 0, 0, 0, 0, 0, 0, 0, 0, 0, 0, 0, 0, 0, 0, 0, 0, 0, 0, 0, 0, 0, 0, 0, 0, 0, 0, 0, 0, 0, 0, 0, 0, 0, 0, 0, 0, 0, 0, 0, 0, 0, 0, 0, 0, 0]
client base client  33, total_num is 50,label is [0, 0, 16, 0, 34, 0, 0, 0, 0, 0, 0, 0, 0, 0, 0, 0, 0, 0, 0, 0, 0, 0, 0, 0, 0, 0, 0, 0, 0, 0, 0, 0, 0, 0, 0, 0, 0, 0, 0, 0, 0, 0, 0, 0, 0, 0, 0, 0, 0, 0, 0, 0, 0, 0, 0, 0, 0, 0, 0, 0, 0, 0, 0, 0, 0, 0, 0, 0, 0, 0, 0, 0, 0, 0, 0, 0, 0, 0, 0, 0, 0, 0, 0, 0, 0, 0, 0, 0, 0, 0, 0, 0, 0, 0, 0, 0, 0, 0, 0, 0]
client base client  34, total_num is 145,label is [0, 0, 0, 0, 104, 41, 0, 0, 0, 0, 0, 0, 0, 0, 0, 0, 0, 0, 0, 0, 0, 0, 0, 0, 0, 0, 0, 0, 0, 0, 0, 0, 0, 0, 0, 0, 0, 0, 0, 0, 0, 0, 0, 0, 0, 0, 0, 0, 0, 0, 0, 0, 0, 0, 0, 0, 0, 0, 0, 0, 0, 0, 0, 0, 0, 0, 0, 0, 0, 0, 0, 0, 0, 0, 0, 0, 0, 0, 0, 0, 0, 0, 0, 0, 0, 0, 0, 0, 0, 0, 0, 0, 0, 0, 0, 0, 0, 0, 0, 0]
client base client  35, total_num is 54,label is [0, 0, 0, 0, 31, 23, 0, 0, 0, 0, 0, 0, 0, 0, 0, 0, 0, 0, 0, 0, 0, 0, 0, 0, 0, 0, 0, 0, 0, 0, 0, 0, 0, 0, 0, 0, 0, 0, 0, 0, 0, 0, 0, 0, 0, 0, 0, 0, 0, 0, 0, 0, 0, 0, 0, 0, 0, 0, 0, 0, 0, 0, 0, 0, 0, 0, 0, 0, 0, 0, 0, 0, 0, 0, 0, 0, 0, 0, 0, 0, 0, 0, 0, 0, 0, 0, 0, 0, 0, 0, 0, 0, 0, 0, 0, 0, 0, 0, 0, 0]
client base client  36, total_num is 64,label is [0, 0, 56, 0, 0, 0, 8, 0, 0, 0, 0, 0, 0, 0, 0, 0, 0, 0, 0, 0, 0, 0, 0, 0, 0, 0, 0, 0, 0, 0, 0, 0, 0, 0, 0, 0, 0, 0, 0, 0, 0, 0, 0, 0, 0, 0, 0, 0, 0, 0, 0, 0, 0, 0, 0, 0, 0, 0, 0, 0, 0, 0, 0, 0, 0, 0, 0, 0, 0, 0, 0, 0, 0, 0, 0, 0, 0, 0, 0, 0, 0, 0, 0, 0, 0, 0, 0, 0, 0, 0, 0, 0, 0, 0, 0, 0, 0, 0, 0, 0]
client base client  37, total_num is 58,label is [0, 0, 56, 0, 0, 0, 2, 0, 0, 0, 0, 0, 0, 0, 0, 0, 0, 0, 0, 0, 0, 0, 0, 0, 0, 0, 0, 0, 0, 0, 0, 0, 0, 0, 0, 0, 0, 0, 0, 0, 0, 0, 0, 0, 0, 0, 0, 0, 0, 0, 0, 0, 0, 0, 0, 0, 0, 0, 0, 0, 0, 0, 0, 0, 0, 0, 0, 0, 0, 0, 0, 0, 0, 0, 0, 0, 0, 0, 0, 0, 0, 0, 0, 0, 0, 0, 0, 0, 0, 0, 0, 0, 0, 0, 0, 0, 0, 0, 0, 0]
client base client  38, total_num is 164,label is [0, 0, 0, 0, 0, 0, 0, 0, 0, 0, 123, 0, 0, 0, 41, 0, 0, 0, 0, 0, 0, 0, 0, 0, 0, 0, 0, 0, 0, 0, 0, 0, 0, 0, 0, 0, 0, 0, 0, 0, 0, 0, 0, 0, 0, 0, 0, 0, 0, 0, 0, 0, 0, 0, 0, 0, 0, 0, 0, 0, 0, 0, 0, 0, 0, 0, 0, 0, 0, 0, 0, 0, 0, 0, 0, 0, 0, 0, 0, 0, 0, 0, 0, 0, 0, 0, 0, 0, 0, 0, 0, 0, 0, 0, 0, 0, 0, 0, 0, 0]
client base client  39, total_num is 89,label is [0, 0, 82, 0, 0, 0, 0, 0, 7, 0, 0, 0, 0, 0, 0, 0, 0, 0, 0, 0, 0, 0, 0, 0, 0, 0, 0, 0, 0, 0, 0, 0, 0, 0, 0, 0, 0, 0, 0, 0, 0, 0, 0, 0, 0, 0, 0, 0, 0, 0, 0, 0, 0, 0, 0, 0, 0, 0, 0, 0, 0, 0, 0, 0, 0, 0, 0, 0, 0, 0, 0, 0, 0, 0, 0, 0, 0, 0, 0, 0, 0, 0, 0, 0, 0, 0, 0, 0, 0, 0, 0, 0, 0, 0, 0, 0, 0, 0, 0, 0]
client base client  40, total_num is 163,label is [0, 0, 0, 0, 0, 0, 0, 72, 0, 0, 91, 0, 0, 0, 0, 0, 0, 0, 0, 0, 0, 0, 0, 0, 0, 0, 0, 0, 0, 0, 0, 0, 0, 0, 0, 0, 0, 0, 0, 0, 0, 0, 0, 0, 0, 0, 0, 0, 0, 0, 0, 0, 0, 0, 0, 0, 0, 0, 0, 0, 0, 0, 0, 0, 0, 0, 0, 0, 0, 0, 0, 0, 0, 0, 0, 0, 0, 0, 0, 0, 0, 0, 0, 0, 0, 0, 0, 0, 0, 0, 0, 0, 0, 0, 0, 0, 0, 0, 0, 0]
client base client  41, total_num is 40,label is [0, 32, 5, 3, 0, 0, 0, 0, 0, 0, 0, 0, 0, 0, 0, 0, 0, 0, 0, 0, 0, 0, 0, 0, 0, 0, 0, 0, 0, 0, 0, 0, 0, 0, 0, 0, 0, 0, 0, 0, 0, 0, 0, 0, 0, 0, 0, 0, 0, 0, 0, 0, 0, 0, 0, 0, 0, 0, 0, 0, 0, 0, 0, 0, 0, 0, 0, 0, 0, 0, 0, 0, 0, 0, 0, 0, 0, 0, 0, 0, 0, 0, 0, 0, 0, 0, 0, 0, 0, 0, 0, 0, 0, 0, 0, 0, 0, 0, 0, 0]
client base client  42, total_num is 93,label is [0, 0, 0, 65, 28, 0, 0, 0, 0, 0, 0, 0, 0, 0, 0, 0, 0, 0, 0, 0, 0, 0, 0, 0, 0, 0, 0, 0, 0, 0, 0, 0, 0, 0, 0, 0, 0, 0, 0, 0, 0, 0, 0, 0, 0, 0, 0, 0, 0, 0, 0, 0, 0, 0, 0, 0, 0, 0, 0, 0, 0, 0, 0, 0, 0, 0, 0, 0, 0, 0, 0, 0, 0, 0, 0, 0, 0, 0, 0, 0, 0, 0, 0, 0, 0, 0, 0, 0, 0, 0, 0, 0, 0, 0, 0, 0, 0, 0, 0, 0]
client base client  43, total_num is 82,label is [6, 0, 0, 0, 0, 0, 0, 76, 0, 0, 0, 0, 0, 0, 0, 0, 0, 0, 0, 0, 0, 0, 0, 0, 0, 0, 0, 0, 0, 0, 0, 0, 0, 0, 0, 0, 0, 0, 0, 0, 0, 0, 0, 0, 0, 0, 0, 0, 0, 0, 0, 0, 0, 0, 0, 0, 0, 0, 0, 0, 0, 0, 0, 0, 0, 0, 0, 0, 0, 0, 0, 0, 0, 0, 0, 0, 0, 0, 0, 0, 0, 0, 0, 0, 0, 0, 0, 0, 0, 0, 0, 0, 0, 0, 0, 0, 0, 0, 0, 0]
client base client  44, total_num is 156,label is [155, 0, 1, 0, 0, 0, 0, 0, 0, 0, 0, 0, 0, 0, 0, 0, 0, 0, 0, 0, 0, 0, 0, 0, 0, 0, 0, 0, 0, 0, 0, 0, 0, 0, 0, 0, 0, 0, 0, 0, 0, 0, 0, 0, 0, 0, 0, 0, 0, 0, 0, 0, 0, 0, 0, 0, 0, 0, 0, 0, 0, 0, 0, 0, 0, 0, 0, 0, 0, 0, 0, 0, 0, 0, 0, 0, 0, 0, 0, 0, 0, 0, 0, 0, 0, 0, 0, 0, 0, 0, 0, 0, 0, 0, 0, 0, 0, 0, 0, 0]
client base client  45, total_num is 55,label is [0, 0, 0, 0, 0, 0, 7, 48, 0, 0, 0, 0, 0, 0, 0, 0, 0, 0, 0, 0, 0, 0, 0, 0, 0, 0, 0, 0, 0, 0, 0, 0, 0, 0, 0, 0, 0, 0, 0, 0, 0, 0, 0, 0, 0, 0, 0, 0, 0, 0, 0, 0, 0, 0, 0, 0, 0, 0, 0, 0, 0, 0, 0, 0, 0, 0, 0, 0, 0, 0, 0, 0, 0, 0, 0, 0, 0, 0, 0, 0, 0, 0, 0, 0, 0, 0, 0, 0, 0, 0, 0, 0, 0, 0, 0, 0, 0, 0, 0, 0]
client base client  46, total_num is 44,label is [0, 0, 0, 35, 0, 0, 0, 9, 0, 0, 0, 0, 0, 0, 0, 0, 0, 0, 0, 0, 0, 0, 0, 0, 0, 0, 0, 0, 0, 0, 0, 0, 0, 0, 0, 0, 0, 0, 0, 0, 0, 0, 0, 0, 0, 0, 0, 0, 0, 0, 0, 0, 0, 0, 0, 0, 0, 0, 0, 0, 0, 0, 0, 0, 0, 0, 0, 0, 0, 0, 0, 0, 0, 0, 0, 0, 0, 0, 0, 0, 0, 0, 0, 0, 0, 0, 0, 0, 0, 0, 0, 0, 0, 0, 0, 0, 0, 0, 0, 0]
client base client  47, total_num is 40,label is [0, 0, 32, 0, 0, 7, 0, 0, 0, 0, 1, 0, 0, 0, 0, 0, 0, 0, 0, 0, 0, 0, 0, 0, 0, 0, 0, 0, 0, 0, 0, 0, 0, 0, 0, 0, 0, 0, 0, 0, 0, 0, 0, 0, 0, 0, 0, 0, 0, 0, 0, 0, 0, 0, 0, 0, 0, 0, 0, 0, 0, 0, 0, 0, 0, 0, 0, 0, 0, 0, 0, 0, 0, 0, 0, 0, 0, 0, 0, 0, 0, 0, 0, 0, 0, 0, 0, 0, 0, 0, 0, 0, 0, 0, 0, 0, 0, 0, 0, 0]
client base client  48, total_num is 40,label is [0, 0, 7, 0, 0, 1, 0, 0, 0, 0, 0, 0, 0, 32, 0, 0, 0, 0, 0, 0, 0, 0, 0, 0, 0, 0, 0, 0, 0, 0, 0, 0, 0, 0, 0, 0, 0, 0, 0, 0, 0, 0, 0, 0, 0, 0, 0, 0, 0, 0, 0, 0, 0, 0, 0, 0, 0, 0, 0, 0, 0, 0, 0, 0, 0, 0, 0, 0, 0, 0, 0, 0, 0, 0, 0, 0, 0, 0, 0, 0, 0, 0, 0, 0, 0, 0, 0, 0, 0, 0, 0, 0, 0, 0, 0, 0, 0, 0, 0, 0]
client base client  49, total_num is 64,label is [0, 33, 0, 31, 0, 0, 0, 0, 0, 0, 0, 0, 0, 0, 0, 0, 0, 0, 0, 0, 0, 0, 0, 0, 0, 0, 0, 0, 0, 0, 0, 0, 0, 0, 0, 0, 0, 0, 0, 0, 0, 0, 0, 0, 0, 0, 0, 0, 0, 0, 0, 0, 0, 0, 0, 0, 0, 0, 0, 0, 0, 0, 0, 0, 0, 0, 0, 0, 0, 0, 0, 0, 0, 0, 0, 0, 0, 0, 0, 0, 0, 0, 0, 0, 0, 0, 0, 0, 0, 0, 0, 0, 0, 0, 0, 0, 0, 0, 0, 0]
client base client  50, total_num is 107,label is [0, 0, 0, 0, 0, 0, 78, 0, 0, 0, 0, 0, 0, 0, 29, 0, 0, 0, 0, 0, 0, 0, 0, 0, 0, 0, 0, 0, 0, 0, 0, 0, 0, 0, 0, 0, 0, 0, 0, 0, 0, 0, 0, 0, 0, 0, 0, 0, 0, 0, 0, 0, 0, 0, 0, 0, 0, 0, 0, 0, 0, 0, 0, 0, 0, 0, 0, 0, 0, 0, 0, 0, 0, 0, 0, 0, 0, 0, 0, 0, 0, 0, 0, 0, 0, 0, 0, 0, 0, 0, 0, 0, 0, 0, 0, 0, 0, 0, 0, 0]
client base client  51, total_num is 82,label is [0, 0, 9, 0, 0, 73, 0, 0, 0, 0, 0, 0, 0, 0, 0, 0, 0, 0, 0, 0, 0, 0, 0, 0, 0, 0, 0, 0, 0, 0, 0, 0, 0, 0, 0, 0, 0, 0, 0, 0, 0, 0, 0, 0, 0, 0, 0, 0, 0, 0, 0, 0, 0, 0, 0, 0, 0, 0, 0, 0, 0, 0, 0, 0, 0, 0, 0, 0, 0, 0, 0, 0, 0, 0, 0, 0, 0, 0, 0, 0, 0, 0, 0, 0, 0, 0, 0, 0, 0, 0, 0, 0, 0, 0, 0, 0, 0, 0, 0, 0]
client base client  52, total_num is 83,label is [0, 0, 0, 0, 0, 0, 61, 0, 22, 0, 0, 0, 0, 0, 0, 0, 0, 0, 0, 0, 0, 0, 0, 0, 0, 0, 0, 0, 0, 0, 0, 0, 0, 0, 0, 0, 0, 0, 0, 0, 0, 0, 0, 0, 0, 0, 0, 0, 0, 0, 0, 0, 0, 0, 0, 0, 0, 0, 0, 0, 0, 0, 0, 0, 0, 0, 0, 0, 0, 0, 0, 0, 0, 0, 0, 0, 0, 0, 0, 0, 0, 0, 0, 0, 0, 0, 0, 0, 0, 0, 0, 0, 0, 0, 0, 0, 0, 0, 0, 0]
client base client  53, total_num is 164,label is [0, 0, 0, 4, 0, 160, 0, 0, 0, 0, 0, 0, 0, 0, 0, 0, 0, 0, 0, 0, 0, 0, 0, 0, 0, 0, 0, 0, 0, 0, 0, 0, 0, 0, 0, 0, 0, 0, 0, 0, 0, 0, 0, 0, 0, 0, 0, 0, 0, 0, 0, 0, 0, 0, 0, 0, 0, 0, 0, 0, 0, 0, 0, 0, 0, 0, 0, 0, 0, 0, 0, 0, 0, 0, 0, 0, 0, 0, 0, 0, 0, 0, 0, 0, 0, 0, 0, 0, 0, 0, 0, 0, 0, 0, 0, 0, 0, 0, 0, 0]
client base client  54, total_num is 58,label is [52, 0, 0, 6, 0, 0, 0, 0, 0, 0, 0, 0, 0, 0, 0, 0, 0, 0, 0, 0, 0, 0, 0, 0, 0, 0, 0, 0, 0, 0, 0, 0, 0, 0, 0, 0, 0, 0, 0, 0, 0, 0, 0, 0, 0, 0, 0, 0, 0, 0, 0, 0, 0, 0, 0, 0, 0, 0, 0, 0, 0, 0, 0, 0, 0, 0, 0, 0, 0, 0, 0, 0, 0, 0, 0, 0, 0, 0, 0, 0, 0, 0, 0, 0, 0, 0, 0, 0, 0, 0, 0, 0, 0, 0, 0, 0, 0, 0, 0, 0]
client base client  55, total_num is 50,label is [18, 0, 0, 0, 0, 0, 0, 0, 32, 0, 0, 0, 0, 0, 0, 0, 0, 0, 0, 0, 0, 0, 0, 0, 0, 0, 0, 0, 0, 0, 0, 0, 0, 0, 0, 0, 0, 0, 0, 0, 0, 0, 0, 0, 0, 0, 0, 0, 0, 0, 0, 0, 0, 0, 0, 0, 0, 0, 0, 0, 0, 0, 0, 0, 0, 0, 0, 0, 0, 0, 0, 0, 0, 0, 0, 0, 0, 0, 0, 0, 0, 0, 0, 0, 0, 0, 0, 0, 0, 0, 0, 0, 0, 0, 0, 0, 0, 0, 0, 0]
client base client  56, total_num is 40,label is [0, 0, 23, 0, 0, 0, 5, 0, 12, 0, 0, 0, 0, 0, 0, 0, 0, 0, 0, 0, 0, 0, 0, 0, 0, 0, 0, 0, 0, 0, 0, 0, 0, 0, 0, 0, 0, 0, 0, 0, 0, 0, 0, 0, 0, 0, 0, 0, 0, 0, 0, 0, 0, 0, 0, 0, 0, 0, 0, 0, 0, 0, 0, 0, 0, 0, 0, 0, 0, 0, 0, 0, 0, 0, 0, 0, 0, 0, 0, 0, 0, 0, 0, 0, 0, 0, 0, 0, 0, 0, 0, 0, 0, 0, 0, 0, 0, 0, 0, 0]
client base client  57, total_num is 79,label is [40, 0, 39, 0, 0, 0, 0, 0, 0, 0, 0, 0, 0, 0, 0, 0, 0, 0, 0, 0, 0, 0, 0, 0, 0, 0, 0, 0, 0, 0, 0, 0, 0, 0, 0, 0, 0, 0, 0, 0, 0, 0, 0, 0, 0, 0, 0, 0, 0, 0, 0, 0, 0, 0, 0, 0, 0, 0, 0, 0, 0, 0, 0, 0, 0, 0, 0, 0, 0, 0, 0, 0, 0, 0, 0, 0, 0, 0, 0, 0, 0, 0, 0, 0, 0, 0, 0, 0, 0, 0, 0, 0, 0, 0, 0, 0, 0, 0, 0, 0]
client base client  58, total_num is 40,label is [0, 0, 20, 0, 10, 0, 0, 0, 10, 0, 0, 0, 0, 0, 0, 0, 0, 0, 0, 0, 0, 0, 0, 0, 0, 0, 0, 0, 0, 0, 0, 0, 0, 0, 0, 0, 0, 0, 0, 0, 0, 0, 0, 0, 0, 0, 0, 0, 0, 0, 0, 0, 0, 0, 0, 0, 0, 0, 0, 0, 0, 0, 0, 0, 0, 0, 0, 0, 0, 0, 0, 0, 0, 0, 0, 0, 0, 0, 0, 0, 0, 0, 0, 0, 0, 0, 0, 0, 0, 0, 0, 0, 0, 0, 0, 0, 0, 0, 0, 0]
client base client  59, total_num is 40,label is [0, 0, 18, 11, 0, 0, 0, 0, 11, 0, 0, 0, 0, 0, 0, 0, 0, 0, 0, 0, 0, 0, 0, 0, 0, 0, 0, 0, 0, 0, 0, 0, 0, 0, 0, 0, 0, 0, 0, 0, 0, 0, 0, 0, 0, 0, 0, 0, 0, 0, 0, 0, 0, 0, 0, 0, 0, 0, 0, 0, 0, 0, 0, 0, 0, 0, 0, 0, 0, 0, 0, 0, 0, 0, 0, 0, 0, 0, 0, 0, 0, 0, 0, 0, 0, 0, 0, 0, 0, 0, 0, 0, 0, 0, 0, 0, 0, 0, 0, 0]
client base client  60, total_num is 75,label is [0, 0, 0, 0, 0, 0, 11, 0, 0, 2, 0, 21, 41, 0, 0, 0, 0, 0, 0, 0, 0, 0, 0, 0, 0, 0, 0, 0, 0, 0, 0, 0, 0, 0, 0, 0, 0, 0, 0, 0, 0, 0, 0, 0, 0, 0, 0, 0, 0, 0, 0, 0, 0, 0, 0, 0, 0, 0, 0, 0, 0, 0, 0, 0, 0, 0, 0, 0, 0, 0, 0, 0, 0, 0, 0, 0, 0, 0, 0, 0, 0, 0, 0, 0, 0, 0, 0, 0, 0, 0, 0, 0, 0, 0, 0, 0, 0, 0, 0, 0]
client base client  61, total_num is 66,label is [0, 0, 0, 0, 0, 0, 0, 0, 0, 8, 0, 0, 0, 0, 35, 0, 0, 19, 0, 0, 0, 4, 0, 0, 0, 0, 0, 0, 0, 0, 0, 0, 0, 0, 0, 0, 0, 0, 0, 0, 0, 0, 0, 0, 0, 0, 0, 0, 0, 0, 0, 0, 0, 0, 0, 0, 0, 0, 0, 0, 0, 0, 0, 0, 0, 0, 0, 0, 0, 0, 0, 0, 0, 0, 0, 0, 0, 0, 0, 0, 0, 0, 0, 0, 0, 0, 0, 0, 0, 0, 0, 0, 0, 0, 0, 0, 0, 0, 0, 0]
client base client  62, total_num is 238,label is [5, 3, 0, 0, 0, 71, 0, 0, 0, 0, 0, 0, 0, 0, 0, 0, 159, 0, 0, 0, 0, 0, 0, 0, 0, 0, 0, 0, 0, 0, 0, 0, 0, 0, 0, 0, 0, 0, 0, 0, 0, 0, 0, 0, 0, 0, 0, 0, 0, 0, 0, 0, 0, 0, 0, 0, 0, 0, 0, 0, 0, 0, 0, 0, 0, 0, 0, 0, 0, 0, 0, 0, 0, 0, 0, 0, 0, 0, 0, 0, 0, 0, 0, 0, 0, 0, 0, 0, 0, 0, 0, 0, 0, 0, 0, 0, 0, 0, 0, 0]
client base client  63, total_num is 109,label is [0, 0, 0, 0, 1, 0, 0, 76, 0, 0, 30, 2, 0, 0, 0, 0, 0, 0, 0, 0, 0, 0, 0, 0, 0, 0, 0, 0, 0, 0, 0, 0, 0, 0, 0, 0, 0, 0, 0, 0, 0, 0, 0, 0, 0, 0, 0, 0, 0, 0, 0, 0, 0, 0, 0, 0, 0, 0, 0, 0, 0, 0, 0, 0, 0, 0, 0, 0, 0, 0, 0, 0, 0, 0, 0, 0, 0, 0, 0, 0, 0, 0, 0, 0, 0, 0, 0, 0, 0, 0, 0, 0, 0, 0, 0, 0, 0, 0, 0, 0]
client base client  64, total_num is 92,label is [0, 0, 0, 0, 25, 0, 0, 0, 15, 0, 0, 0, 49, 3, 0, 0, 0, 0, 0, 0, 0, 0, 0, 0, 0, 0, 0, 0, 0, 0, 0, 0, 0, 0, 0, 0, 0, 0, 0, 0, 0, 0, 0, 0, 0, 0, 0, 0, 0, 0, 0, 0, 0, 0, 0, 0, 0, 0, 0, 0, 0, 0, 0, 0, 0, 0, 0, 0, 0, 0, 0, 0, 0, 0, 0, 0, 0, 0, 0, 0, 0, 0, 0, 0, 0, 0, 0, 0, 0, 0, 0, 0, 0, 0, 0, 0, 0, 0, 0, 0]
client base client  65, total_num is 83,label is [0, 0, 14, 0, 0, 0, 8, 0, 0, 0, 0, 34, 27, 0, 0, 0, 0, 0, 0, 0, 0, 0, 0, 0, 0, 0, 0, 0, 0, 0, 0, 0, 0, 0, 0, 0, 0, 0, 0, 0, 0, 0, 0, 0, 0, 0, 0, 0, 0, 0, 0, 0, 0, 0, 0, 0, 0, 0, 0, 0, 0, 0, 0, 0, 0, 0, 0, 0, 0, 0, 0, 0, 0, 0, 0, 0, 0, 0, 0, 0, 0, 0, 0, 0, 0, 0, 0, 0, 0, 0, 0, 0, 0, 0, 0, 0, 0, 0, 0, 0]
client base client  66, total_num is 109,label is [0, 41, 0, 0, 0, 0, 0, 0, 0, 33, 0, 0, 0, 6, 0, 0, 0, 29, 0, 0, 0, 0, 0, 0, 0, 0, 0, 0, 0, 0, 0, 0, 0, 0, 0, 0, 0, 0, 0, 0, 0, 0, 0, 0, 0, 0, 0, 0, 0, 0, 0, 0, 0, 0, 0, 0, 0, 0, 0, 0, 0, 0, 0, 0, 0, 0, 0, 0, 0, 0, 0, 0, 0, 0, 0, 0, 0, 0, 0, 0, 0, 0, 0, 0, 0, 0, 0, 0, 0, 0, 0, 0, 0, 0, 0, 0, 0, 0, 0, 0]
client base client  67, total_num is 94,label is [0, 30, 0, 0, 2, 0, 0, 0, 0, 0, 0, 26, 0, 0, 36, 0, 0, 0, 0, 0, 0, 0, 0, 0, 0, 0, 0, 0, 0, 0, 0, 0, 0, 0, 0, 0, 0, 0, 0, 0, 0, 0, 0, 0, 0, 0, 0, 0, 0, 0, 0, 0, 0, 0, 0, 0, 0, 0, 0, 0, 0, 0, 0, 0, 0, 0, 0, 0, 0, 0, 0, 0, 0, 0, 0, 0, 0, 0, 0, 0, 0, 0, 0, 0, 0, 0, 0, 0, 0, 0, 0, 0, 0, 0, 0, 0, 0, 0, 0, 0]
client base client  68, total_num is 87,label is [0, 0, 0, 0, 1, 0, 8, 0, 70, 8, 0, 0, 0, 0, 0, 0, 0, 0, 0, 0, 0, 0, 0, 0, 0, 0, 0, 0, 0, 0, 0, 0, 0, 0, 0, 0, 0, 0, 0, 0, 0, 0, 0, 0, 0, 0, 0, 0, 0, 0, 0, 0, 0, 0, 0, 0, 0, 0, 0, 0, 0, 0, 0, 0, 0, 0, 0, 0, 0, 0, 0, 0, 0, 0, 0, 0, 0, 0, 0, 0, 0, 0, 0, 0, 0, 0, 0, 0, 0, 0, 0, 0, 0, 0, 0, 0, 0, 0, 0, 0]
client base client  69, total_num is 95,label is [0, 7, 0, 0, 0, 0, 0, 0, 0, 29, 17, 0, 42, 0, 0, 0, 0, 0, 0, 0, 0, 0, 0, 0, 0, 0, 0, 0, 0, 0, 0, 0, 0, 0, 0, 0, 0, 0, 0, 0, 0, 0, 0, 0, 0, 0, 0, 0, 0, 0, 0, 0, 0, 0, 0, 0, 0, 0, 0, 0, 0, 0, 0, 0, 0, 0, 0, 0, 0, 0, 0, 0, 0, 0, 0, 0, 0, 0, 0, 0, 0, 0, 0, 0, 0, 0, 0, 0, 0, 0, 0, 0, 0, 0, 0, 0, 0, 0, 0, 0]
client base client  70, total_num is 218,label is [0, 50, 0, 0, 0, 31, 0, 86, 0, 2, 9, 0, 40, 0, 0, 0, 0, 0, 0, 0, 0, 0, 0, 0, 0, 0, 0, 0, 0, 0, 0, 0, 0, 0, 0, 0, 0, 0, 0, 0, 0, 0, 0, 0, 0, 0, 0, 0, 0, 0, 0, 0, 0, 0, 0, 0, 0, 0, 0, 0, 0, 0, 0, 0, 0, 0, 0, 0, 0, 0, 0, 0, 0, 0, 0, 0, 0, 0, 0, 0, 0, 0, 0, 0, 0, 0, 0, 0, 0, 0, 0, 0, 0, 0, 0, 0, 0, 0, 0, 0]
client base client  71, total_num is 160,label is [0, 13, 20, 0, 0, 0, 27, 0, 0, 0, 0, 8, 0, 48, 44, 0, 0, 0, 0, 0, 0, 0, 0, 0, 0, 0, 0, 0, 0, 0, 0, 0, 0, 0, 0, 0, 0, 0, 0, 0, 0, 0, 0, 0, 0, 0, 0, 0, 0, 0, 0, 0, 0, 0, 0, 0, 0, 0, 0, 0, 0, 0, 0, 0, 0, 0, 0, 0, 0, 0, 0, 0, 0, 0, 0, 0, 0, 0, 0, 0, 0, 0, 0, 0, 0, 0, 0, 0, 0, 0, 0, 0, 0, 0, 0, 0, 0, 0, 0, 0]
client base client  72, total_num is 176,label is [0, 0, 0, 0, 0, 0, 0, 11, 0, 0, 9, 4, 0, 98, 0, 24, 30, 0, 0, 0, 0, 0, 0, 0, 0, 0, 0, 0, 0, 0, 0, 0, 0, 0, 0, 0, 0, 0, 0, 0, 0, 0, 0, 0, 0, 0, 0, 0, 0, 0, 0, 0, 0, 0, 0, 0, 0, 0, 0, 0, 0, 0, 0, 0, 0, 0, 0, 0, 0, 0, 0, 0, 0, 0, 0, 0, 0, 0, 0, 0, 0, 0, 0, 0, 0, 0, 0, 0, 0, 0, 0, 0, 0, 0, 0, 0, 0, 0, 0, 0]
client base client  73, total_num is 388,label is [0, 4, 0, 0, 0, 0, 0, 0, 0, 186, 0, 68, 22, 104, 4, 0, 0, 0, 0, 0, 0, 0, 0, 0, 0, 0, 0, 0, 0, 0, 0, 0, 0, 0, 0, 0, 0, 0, 0, 0, 0, 0, 0, 0, 0, 0, 0, 0, 0, 0, 0, 0, 0, 0, 0, 0, 0, 0, 0, 0, 0, 0, 0, 0, 0, 0, 0, 0, 0, 0, 0, 0, 0, 0, 0, 0, 0, 0, 0, 0, 0, 0, 0, 0, 0, 0, 0, 0, 0, 0, 0, 0, 0, 0, 0, 0, 0, 0, 0, 0]
client base client  74, total_num is 244,label is [0, 9, 0, 0, 0, 0, 0, 0, 0, 0, 58, 0, 1, 7, 0, 134, 0, 0, 35, 0, 0, 0, 0, 0, 0, 0, 0, 0, 0, 0, 0, 0, 0, 0, 0, 0, 0, 0, 0, 0, 0, 0, 0, 0, 0, 0, 0, 0, 0, 0, 0, 0, 0, 0, 0, 0, 0, 0, 0, 0, 0, 0, 0, 0, 0, 0, 0, 0, 0, 0, 0, 0, 0, 0, 0, 0, 0, 0, 0, 0, 0, 0, 0, 0, 0, 0, 0, 0, 0, 0, 0, 0, 0, 0, 0, 0, 0, 0, 0, 0]
client base client  75, total_num is 129,label is [43, 0, 0, 0, 18, 0, 0, 0, 18, 7, 0, 40, 0, 0, 0, 3, 0, 0, 0, 0, 0, 0, 0, 0, 0, 0, 0, 0, 0, 0, 0, 0, 0, 0, 0, 0, 0, 0, 0, 0, 0, 0, 0, 0, 0, 0, 0, 0, 0, 0, 0, 0, 0, 0, 0, 0, 0, 0, 0, 0, 0, 0, 0, 0, 0, 0, 0, 0, 0, 0, 0, 0, 0, 0, 0, 0, 0, 0, 0, 0, 0, 0, 0, 0, 0, 0, 0, 0, 0, 0, 0, 0, 0, 0, 0, 0, 0, 0, 0, 0]
client base client  76, total_num is 275,label is [0, 0, 0, 8, 0, 0, 167, 19, 70, 0, 0, 10, 1, 0, 0, 0, 0, 0, 0, 0, 0, 0, 0, 0, 0, 0, 0, 0, 0, 0, 0, 0, 0, 0, 0, 0, 0, 0, 0, 0, 0, 0, 0, 0, 0, 0, 0, 0, 0, 0, 0, 0, 0, 0, 0, 0, 0, 0, 0, 0, 0, 0, 0, 0, 0, 0, 0, 0, 0, 0, 0, 0, 0, 0, 0, 0, 0, 0, 0, 0, 0, 0, 0, 0, 0, 0, 0, 0, 0, 0, 0, 0, 0, 0, 0, 0, 0, 0, 0, 0]
client base client  77, total_num is 323,label is [82, 0, 0, 28, 0, 0, 0, 0, 0, 0, 0, 32, 0, 1, 0, 0, 13, 167, 0, 0, 0, 0, 0, 0, 0, 0, 0, 0, 0, 0, 0, 0, 0, 0, 0, 0, 0, 0, 0, 0, 0, 0, 0, 0, 0, 0, 0, 0, 0, 0, 0, 0, 0, 0, 0, 0, 0, 0, 0, 0, 0, 0, 0, 0, 0, 0, 0, 0, 0, 0, 0, 0, 0, 0, 0, 0, 0, 0, 0, 0, 0, 0, 0, 0, 0, 0, 0, 0, 0, 0, 0, 0, 0, 0, 0, 0, 0, 0, 0, 0]
client base client  78, total_num is 195,label is [0, 0, 0, 3, 0, 0, 105, 0, 0, 0, 0, 0, 0, 4, 5, 10, 68, 0, 0, 0, 0, 0, 0, 0, 0, 0, 0, 0, 0, 0, 0, 0, 0, 0, 0, 0, 0, 0, 0, 0, 0, 0, 0, 0, 0, 0, 0, 0, 0, 0, 0, 0, 0, 0, 0, 0, 0, 0, 0, 0, 0, 0, 0, 0, 0, 0, 0, 0, 0, 0, 0, 0, 0, 0, 0, 0, 0, 0, 0, 0, 0, 0, 0, 0, 0, 0, 0, 0, 0, 0, 0, 0, 0, 0, 0, 0, 0, 0, 0, 0]
client base client  79, total_num is 213,label is [0, 0, 0, 0, 0, 0, 0, 0, 0, 10, 10, 107, 23, 0, 0, 0, 0, 0, 23, 40, 0, 0, 0, 0, 0, 0, 0, 0, 0, 0, 0, 0, 0, 0, 0, 0, 0, 0, 0, 0, 0, 0, 0, 0, 0, 0, 0, 0, 0, 0, 0, 0, 0, 0, 0, 0, 0, 0, 0, 0, 0, 0, 0, 0, 0, 0, 0, 0, 0, 0, 0, 0, 0, 0, 0, 0, 0, 0, 0, 0, 0, 0, 0, 0, 0, 0, 0, 0, 0, 0, 0, 0, 0, 0, 0, 0, 0, 0, 0, 0]
client base client  80, total_num is 2682,label is [0, 0, 0, 0, 0, 1, 0, 0, 0, 0, 0, 0, 7, 19, 0, 2, 28, 7, 4, 13, 8, 6, 0, 31, 1, 19, 3, 10, 21, 7, 142, 2, 41, 58, 1, 48, 0, 2, 96, 1, 33, 15, 0, 0, 73, 32, 14, 77, 85, 2, 12, 98, 6, 48, 18, 11, 54, 10, 0, 13, 88, 26, 24, 49, 104, 57, 2, 1, 2, 0, 2, 79, 10, 0, 8, 51, 0, 54, 13, 37, 47, 0, 5, 14, 0, 0, 78, 49, 123, 38, 2, 92, 87, 0, 216, 4, 0, 8, 33, 100]
client base client  81, total_num is 2612,label is [0, 0, 0, 0, 0, 0, 0, 0, 0, 0, 0, 0, 0, 0, 69, 62, 0, 55, 6, 8, 1, 0, 37, 15, 25, 2, 46, 0, 1, 37, 22, 14, 11, 65, 188, 14, 0, 34, 0, 0, 46, 17, 27, 20, 10, 0, 29, 5, 13, 13, 6, 11, 47, 133, 15, 41, 39, 2, 1, 17, 5, 0, 26, 86, 7, 2, 117, 0, 13, 1, 54, 99, 7, 0, 120, 0, 44, 0, 14, 8, 92, 13, 0, 5, 191, 171, 23, 7, 23, 4, 44, 51, 65, 23, 27, 35, 6, 7, 3, 15]
client base client  82, total_num is 2020,label is [0, 0, 0, 0, 0, 0, 22, 0, 0, 0, 0, 1, 0, 9, 14, 30, 5, 6, 8, 50, 0, 13, 1, 11, 5, 37, 1, 69, 0, 60, 47, 0, 0, 44, 7, 2, 38, 66, 2, 2, 127, 16, 6, 10, 4, 28, 13, 34, 98, 30, 19, 2, 15, 20, 1, 59, 10, 0, 3, 1, 1, 26, 0, 1, 25, 99, 102, 0, 58, 73, 3, 22, 140, 11, 6, 1, 13, 14, 18, 19, 29, 50, 1, 11, 0, 0, 0, 57, 38, 23, 10, 11, 28, 14, 54, 2, 1, 11, 0, 2]
client base client  83, total_num is 2172,label is [0, 0, 0, 0, 0, 0, 0, 0, 0, 0, 10, 0, 0, 0, 0, 1, 4, 70, 0, 13, 34, 0, 6, 98, 1, 21, 16, 94, 0, 39, 0, 39, 88, 32, 17, 0, 21, 10, 80, 5, 1, 1, 34, 89, 32, 23, 49, 3, 34, 84, 39, 1, 8, 0, 1, 9, 4, 0, 0, 6, 25, 29, 0, 37, 92, 34, 13, 3, 4, 22, 5, 49, 0, 37, 7, 1, 0, 10, 34, 2, 100, 2, 4, 43, 38, 3, 7, 117, 7, 17, 32, 11, 49, 12, 29, 20, 2, 120, 11, 27]
client base client  84, total_num is 2211,label is [0, 0, 8, 0, 7, 0, 0, 0, 0, 0, 0, 0, 0, 4, 2, 3, 49, 0, 84, 22, 44, 6, 48, 2, 104, 3, 11, 10, 13, 0, 0, 37, 40, 0, 154, 31, 2, 258, 23, 1, 2, 21, 12, 7, 5, 25, 3, 1, 1, 43, 14, 35, 6, 3, 12, 2, 27, 37, 4, 0, 20, 26, 0, 1, 3, 103, 8, 100, 1, 3, 0, 48, 48, 1, 20, 27, 4, 16, 14, 10, 56, 22, 34, 79, 49, 19, 18, 1, 0, 12, 4, 1, 41, 3, 3, 84, 16, 18, 1, 71]
client base client  85, total_num is 2031,label is [2, 9, 26, 0, 0, 0, 0, 0, 41, 17, 19, 50, 0, 0, 0, 0, 20, 1, 33, 1, 34, 0, 2, 0, 22, 0, 7, 5, 64, 4, 0, 8, 6, 26, 0, 2, 0, 0, 7, 10, 15, 194, 165, 0, 11, 39, 1, 89, 41, 0, 1, 1, 22, 11, 90, 37, 0, 0, 0, 0, 36, 1, 4, 0, 2, 21, 45, 41, 37, 17, 4, 2, 1, 12, 0, 22, 80, 34, 14, 129, 5, 26, 15, 48, 18, 76, 0, 6, 15, 4, 4, 49, 0, 3, 0, 0, 100, 16, 5, 6]
client base client  86, total_num is 2753,label is [0, 16, 0, 58, 0, 0, 0, 0, 0, 0, 0, 0, 3, 0, 0, 148, 18, 3, 0, 41, 101, 185, 0, 5, 38, 3, 2, 22, 75, 89, 54, 63, 0, 27, 0, 29, 1, 2, 23, 50, 6, 87, 38, 114, 6, 4, 2, 8, 3, 0, 0, 31, 19, 68, 9, 77, 135, 9, 1, 5, 3, 32, 3, 24, 78, 10, 18, 37, 36, 13, 110, 34, 28, 47, 17, 1, 6, 35, 32, 51, 0, 1, 84, 41, 3, 66, 12, 1, 2, 21, 6, 0, 6, 103, 1, 34, 21, 49, 9, 0]
client base client  87, total_num is 3470,label is [0, 0, 0, 7, 0, 0, 16, 0, 0, 0, 0, 0, 107, 0, 33, 9, 0, 13, 11, 102, 54, 0, 116, 16, 3, 98, 1, 15, 9, 11, 8, 0, 16, 28, 12, 40, 21, 10, 49, 56, 2, 15, 69, 61, 35, 109, 147, 27, 3, 8, 78, 60, 29, 8, 154, 27, 48, 41, 275, 14, 39, 14, 13, 26, 0, 11, 74, 16, 17, 196, 53, 21, 15, 1, 0, 22, 19, 43, 40, 27, 49, 30, 21, 165, 2, 116, 100, 4, 21, 6, 35, 13, 6, 53, 11, 21, 68, 17, 7, 7]
client base client  88, total_num is 2040,label is [0, 0, 0, 0, 0, 0, 0, 20, 0, 150, 21, 0, 87, 20, 33, 0, 0, 69, 0, 0, 0, 10, 22, 15, 0, 0, 19, 2, 3, 12, 2, 0, 29, 8, 3, 43, 17, 17, 0, 77, 25, 1, 14, 4, 14, 3, 4, 5, 17, 63, 23, 1, 39, 0, 0, 0, 53, 12, 0, 178, 2, 4, 4, 0, 56, 15, 81, 19, 45, 13, 13, 0, 12, 62, 22, 0, 4, 10, 4, 1, 2, 148, 1, 7, 1, 5, 4, 0, 4, 49, 0, 67, 11, 106, 0, 28, 30, 16, 10, 49]
client base client  89, total_num is 2790,label is [78, 0, 0, 0, 0, 0, 0, 0, 12, 0, 9, 0, 0, 0, 13, 0, 15, 73, 94, 0, 6, 1, 35, 83, 140, 129, 10, 3, 0, 14, 13, 50, 37, 4, 14, 17, 7, 2, 166, 4, 18, 10, 0, 3, 2, 45, 28, 87, 12, 28, 0, 6, 15, 1, 15, 0, 22, 136, 0, 14, 83, 1, 84, 4, 0, 86, 5, 27, 14, 0, 0, 17, 8, 40, 53, 57, 50, 74, 19, 8, 39, 1, 15, 4, 11, 17, 23, 4, 99, 151, 91, 20, 73, 2, 86, 1, 9, 3, 6, 34]
client base client  90, total_num is 2774,label is [0, 0, 0, 0, 41, 0, 0, 3, 127, 0, 0, 0, 25, 0, 4, 35, 18, 16, 19, 0, 22, 161, 1, 34, 30, 1, 17, 15, 85, 79, 3, 1, 19, 24, 7, 23, 8, 0, 0, 1, 5, 79, 0, 0, 177, 0, 13, 33, 126, 0, 25, 127, 125, 0, 0, 35, 3, 49, 2, 1, 30, 1, 14, 96, 11, 8, 25, 76, 6, 8, 74, 0, 52, 5, 8, 35, 1, 2, 33, 17, 8, 47, 41, 0, 80, 12, 165, 0, 30, 37, 43, 27, 21, 0, 17, 29, 9, 0, 61, 26]
client base client  91, total_num is 3078,label is [0, 0, 0, 0, 0, 0, 0, 0, 0, 0, 0, 0, 19, 0, 0, 4, 129, 2, 146, 2, 25, 15, 64, 32, 27, 0, 10, 2, 12, 0, 16, 31, 47, 55, 34, 38, 31, 6, 1, 54, 0, 0, 20, 0, 84, 12, 9, 24, 0, 13, 47, 1, 5, 6, 66, 5, 23, 2, 35, 14, 8, 34, 202, 19, 5, 14, 1, 9, 142, 16, 0, 32, 11, 1, 60, 26, 222, 0, 117, 19, 54, 9, 271, 5, 31, 2, 25, 92, 1, 24, 61, 6, 59, 43, 65, 127, 0, 26, 50, 21]
client base client  92, total_num is 2556,label is [0, 62, 0, 0, 0, 0, 0, 20, 0, 36, 6, 0, 0, 0, 116, 0, 0, 0, 0, 49, 84, 4, 51, 14, 1, 16, 20, 12, 13, 26, 2, 44, 30, 57, 0, 78, 12, 31, 17, 6, 0, 6, 5, 70, 0, 113, 107, 14, 4, 11, 10, 1, 17, 0, 48, 43, 0, 1, 11, 4, 21, 46, 51, 53, 68, 15, 38, 26, 10, 0, 23, 1, 0, 223, 2, 68, 12, 142, 30, 11, 0, 67, 19, 0, 32, 25, 43, 2, 1, 28, 0, 34, 34, 6, 3, 24, 0, 9, 1, 116]
client base client  93, total_num is 3101,label is [0, 0, 0, 0, 10, 0, 0, 39, 0, 0, 0, 74, 0, 20, 0, 0, 0, 0, 12, 18, 8, 124, 22, 77, 46, 5, 20, 77, 73, 10, 6, 8, 8, 13, 37, 15, 29, 10, 1, 21, 24, 28, 61, 4, 36, 23, 50, 58, 0, 36, 61, 25, 49, 0, 19, 41, 39, 134, 62, 5, 1, 75, 3, 27, 47, 15, 2, 45, 44, 0, 34, 96, 94, 28, 38, 0, 6, 30, 0, 21, 42, 52, 12, 48, 73, 57, 11, 6, 57, 8, 28, 19, 11, 8, 0, 34, 208, 146, 127, 10]
client base client  94, total_num is 2568,label is [0, 0, 0, 0, 2, 0, 0, 32, 0, 0, 0, 43, 0, 197, 22, 0, 0, 22, 0, 0, 80, 0, 51, 8, 30, 53, 1, 24, 35, 13, 15, 1, 67, 75, 0, 36, 89, 1, 0, 10, 2, 75, 23, 48, 1, 1, 2, 45, 72, 75, 1, 4, 39, 207, 74, 29, 78, 4, 63, 0, 0, 14, 127, 6, 17, 11, 15, 33, 11, 70, 12, 3, 0, 0, 6, 86, 0, 6, 0, 3, 35, 5, 34, 18, 16, 0, 30, 3, 43, 55, 71, 1, 20, 9, 2, 2, 6, 4, 10, 34]
client base client  95, total_num is 2480,label is [0, 11, 0, 26, 0, 0, 0, 8, 0, 10, 0, 0, 0, 0, 4, 0, 3, 0, 0, 66, 34, 9, 49, 34, 0, 3, 350, 8, 56, 89, 19, 17, 14, 2, 18, 2, 121, 3, 58, 17, 36, 2, 20, 38, 58, 4, 9, 16, 4, 98, 5, 91, 18, 18, 52, 6, 0, 8, 19, 16, 40, 63, 4, 12, 0, 33, 10, 23, 5, 17, 1, 21, 131, 26, 9, 0, 43, 4, 49, 102, 4, 1, 5, 12, 15, 0, 14, 54, 4, 20, 21, 0, 5, 1, 24, 87, 10, 6, 29, 26]
client base client  96, total_num is 3307,label is [0, 0, 0, 0, 0, 0, 0, 0, 17, 0, 52, 0, 52, 0, 0, 44, 1, 3, 16, 132, 8, 0, 15, 85, 55, 30, 9, 28, 63, 77, 17, 55, 88, 10, 0, 28, 102, 32, 62, 104, 34, 20, 26, 88, 33, 28, 0, 9, 1, 72, 76, 9, 0, 16, 5, 14, 3, 40, 47, 236, 120, 164, 0, 132, 8, 40, 5, 1, 93, 23, 15, 5, 35, 0, 111, 1, 9, 0, 117, 28, 6, 91, 9, 1, 38, 1, 0, 105, 7, 0, 0, 27, 1, 2, 10, 23, 89, 29, 16, 3]
client base client  97, total_num is 2799,label is [0, 0, 0, 0, 0, 0, 0, 0, 99, 0, 0, 0, 9, 28, 0, 0, 28, 35, 21, 21, 0, 0, 69, 18, 5, 134, 19, 42, 42, 21, 165, 1, 0, 72, 79, 126, 5, 2, 0, 18, 163, 0, 9, 0, 18, 32, 91, 55, 34, 1, 4, 14, 34, 35, 1, 0, 25, 1, 18, 9, 30, 6, 38, 11, 9, 13, 20, 57, 12, 84, 66, 30, 0, 77, 72, 24, 72, 8, 48, 47, 16, 21, 7, 27, 2, 1, 16, 16, 83, 82, 34, 8, 28, 89, 4, 8, 6, 20, 4, 0]
client base client  98, total_num is 2785,label is [0, 0, 0, 1, 0, 91, 0, 0, 0, 8, 8, 72, 38, 0, 80, 1, 0, 8, 54, 4, 57, 0, 3, 15, 66, 5, 38, 118, 33, 11, 0, 25, 52, 0, 14, 12, 33, 64, 13, 58, 45, 0, 55, 38, 1, 10, 23, 8, 28, 0, 1, 2, 61, 4, 1, 7, 34, 89, 16, 60, 21, 16, 0, 1, 33, 1, 14, 82, 8, 0, 90, 16, 7, 26, 24, 62, 9, 77, 0, 1, 0, 2, 17, 15, 0, 7, 0, 30, 0, 15, 85, 150, 6, 119, 48, 4, 19, 82, 217, 16]
client base client  99, total_num is 2505,label is [0, 0, 0, 0, 0, 0, 0, 0, 24, 0, 4, 0, 7, 0, 15, 0, 12, 2, 34, 18, 0, 62, 8, 7, 1, 41, 0, 44, 2, 1, 69, 204, 7, 0, 15, 16, 63, 50, 2, 105, 16, 13, 16, 6, 0, 69, 6, 2, 24, 23, 178, 80, 46, 22, 19, 157, 3, 25, 43, 7, 27, 22, 3, 15, 35, 12, 5, 4, 42, 44, 41, 25, 1, 3, 17, 116, 6, 41, 4, 59, 16, 12, 5, 57, 0, 22, 31, 46, 42, 6, 29, 13, 49, 4, 0, 33, 0, 13, 0, 37]
client id is 5,resource is 9.559999999999999
client id is 10,resource is 6.83
client id is 23,resource is 9.379999999999999
client id is 30,resource is 4.72
client id is 31,resource is 8.6
client id is 34,resource is 9.51
client id is 41,resource is 8.59
client id is 46,resource is 4.18
client id is 47,resource is 7.68
client id is 48,resource is 4.08
client id is 56,resource is 3.0700000000000003
client id is 59,resource is 5.75
client id is 62,resource is 9.59
client id is 69,resource is 7.65
client id is 78,resource is 9.68
client id is 79,resource is 8.22
client id is 86,resource is 9.030000000000001
client id is 87,resource is 3.55
client id is 97,resource is 6.5600000000000005
client id is 99,resource is 4.49

Join ratio / total clients: 0.1 / 100
Finished creating server and clients.
select mode is FedDIV,start training...
>> similarity:   0%|                                  | 0/10000 [00:00<?, ?it/s]>> similarity:   5%|█                     | 486/10000 [00:00<00:01, 4856.79it/s]>> similarity:  11%|██▍                  | 1148/10000 [00:00<00:01, 5890.75it/s]>> similarity:  18%|███▊                 | 1804/10000 [00:00<00:01, 6193.66it/s]>> similarity:  25%|█████▏               | 2466/10000 [00:00<00:01, 6359.51it/s]>> similarity:  31%|██████▌              | 3127/10000 [00:00<00:01, 6449.26it/s]>> similarity:  38%|███████▉             | 3796/10000 [00:00<00:00, 6529.06it/s]>> similarity:  45%|█████████▎           | 4457/10000 [00:00<00:00, 6552.82it/s]>> similarity:  51%|██████████▊          | 5127/10000 [00:00<00:00, 6598.16it/s]>> similarity:  58%|████████████▏        | 5787/10000 [00:00<00:00, 6594.96it/s]>> similarity:  64%|█████████████▌       | 6450/10000 [00:01<00:00, 6602.91it/s]>> similarity:  71%|██████████████▉      | 7111/10000 [00:01<00:00, 6601.68it/s]>> similarity:  78%|████████████████▎    | 7786/10000 [00:01<00:00, 6645.11it/s]>> similarity:  85%|█████████████████▋   | 8451/10000 [00:01<00:00, 6639.04it/s]>> similarity:  91%|███████████████████▏ | 9125/10000 [00:01<00:00, 6667.52it/s]>> similarity:  98%|████████████████████▌| 9800/10000 [00:01<00:00, 6690.85it/s]>> similarity: 100%|████████████████████| 10000/10000 [00:01<00:00, 6528.26it/s]
round is 0 select id is : [4, 39, 76, 78, 17, 50, 22, 87, 56, 30]
self.cost_time is : 23.86 ids is  [4, 39, 76, 78, 17, 50, 22, 87, 56, 30]
select client num is : 10 self.samples is : 60000
weight is : 0.01050328227571116
weight is : 0.0087527352297593
weight is : 0.0087527352297593
weight is : 0.05820568927789934
weight is : 0.01947483588621444
weight is : 0.023413566739606127
weight is : 0.0087527352297593
weight is : 0.060175054704595186
weight is : 0.04266958424507659
weight is : 0.7592997811816192

-------------Round number: 0-------------

Evaluate global model
Averaged Train Loss: 4.6467
Averaged Test Accurancy: 0.0507
Averaged Test AUC: 0.6007
Std Test Accurancy: 0.0343
Std Test AUC: 0.1765
------------------------- Round is  0 ------------------------- time cost ------------------------- 9.375771760940552
------------------------- Budget is : [9.375771760940552]
>> similarity:   0%|                                  | 0/10000 [00:00<?, ?it/s]>> similarity:   7%|█▍                    | 653/10000 [00:00<00:01, 6523.32it/s]>> similarity:  13%|██▊                  | 1320/10000 [00:00<00:01, 6607.57it/s]>> similarity:  20%|████▏                | 1981/10000 [00:00<00:01, 6602.09it/s]>> similarity:  26%|█████▌               | 2649/10000 [00:00<00:01, 6631.24it/s]>> similarity:  33%|██████▉              | 3313/10000 [00:00<00:01, 6600.15it/s]>> similarity:  40%|████████▎            | 3978/10000 [00:00<00:00, 6616.11it/s]>> similarity:  46%|█████████▋           | 4640/10000 [00:00<00:00, 6578.76it/s]>> similarity:  53%|███████████▏         | 5298/10000 [00:00<00:00, 6566.87it/s]>> similarity:  60%|████████████▌        | 5955/10000 [00:00<00:00, 6524.39it/s]>> similarity:  66%|█████████████▉       | 6608/10000 [00:01<00:00, 6522.55it/s]>> similarity:  73%|███████████████▏     | 7261/10000 [00:01<00:00, 6511.24it/s]>> similarity:  79%|████████████████▋    | 7924/10000 [00:01<00:00, 6544.74it/s]>> similarity:  86%|██████████████████   | 8593/10000 [00:01<00:00, 6586.97it/s]>> similarity:  93%|███████████████████▍ | 9252/10000 [00:01<00:00, 6564.22it/s]>> similarity:  99%|████████████████████▊| 9909/10000 [00:01<00:00, 6559.07it/s]>> similarity: 100%|████████████████████| 10000/10000 [00:01<00:00, 6566.36it/s]
round is 1 select id is : [1, 4, 39, 76, 78, 17, 50, 22, 87, 30]
self.cost_time is : 47.72 ids is  [1, 4, 39, 76, 78, 17, 50, 22, 87, 30]
select client num is : 20 self.samples is : 60000
weight is : 0.00525164113785558
weight is : 0.00437636761487965
weight is : 0.00437636761487965
weight is : 0.02910284463894967
weight is : 0.00973741794310722
weight is : 0.011706783369803063
weight is : 0.00437636761487965
weight is : 0.030087527352297593
weight is : 0.021334792122538294
weight is : 0.3796498905908096
weight is : 0.00437636761487965
weight is : 0.00525164113785558
weight is : 0.00437636761487965
weight is : 0.00437636761487965
weight is : 0.02910284463894967
weight is : 0.00973741794310722
weight is : 0.011706783369803063
weight is : 0.030087527352297593
weight is : 0.021334792122538294
weight is : 0.3796498905908096

-------------Round number: 1-------------

Evaluate global model
Averaged Train Loss: 4.8883
Averaged Test Accurancy: 0.0716
Averaged Test AUC: 0.6459
Std Test Accurancy: 0.0493
Std Test AUC: 0.2048
------------------------- Round is  1 ------------------------- time cost ------------------------- 10.550357341766357
------------------------- Budget is : [9.375771760940552, 10.550357341766357]
>> similarity:   0%|                                  | 0/10000 [00:00<?, ?it/s]>> similarity:   7%|█▍                    | 670/10000 [00:00<00:01, 6691.01it/s]>> similarity:  13%|██▊                  | 1340/10000 [00:00<00:01, 6634.68it/s]>> similarity:  20%|████▏                | 2004/10000 [00:00<00:01, 6502.41it/s]>> similarity:  27%|█████▌               | 2668/10000 [00:00<00:01, 6552.36it/s]>> similarity:  33%|██████▉              | 3324/10000 [00:00<00:01, 6470.77it/s]>> similarity:  40%|████████▎            | 3986/10000 [00:00<00:00, 6520.04it/s]>> similarity:  46%|█████████▋           | 4639/10000 [00:00<00:00, 6514.81it/s]>> similarity:  53%|███████████          | 5291/10000 [00:00<00:00, 6495.94it/s]>> similarity:  59%|████████████▍        | 5941/10000 [00:00<00:00, 6388.14it/s]>> similarity:  66%|█████████████▊       | 6604/10000 [00:01<00:00, 6459.15it/s]>> similarity:  73%|███████████████▏     | 7260/10000 [00:01<00:00, 6489.04it/s]>> similarity:  79%|████████████████▌    | 7910/10000 [00:01<00:00, 6469.78it/s]>> similarity:  86%|██████████████████   | 8572/10000 [00:01<00:00, 6513.68it/s]>> similarity:  92%|███████████████████▍ | 9234/10000 [00:01<00:00, 6544.93it/s]>> similarity:  99%|████████████████████▊| 9889/10000 [00:01<00:00, 6530.98it/s]>> similarity: 100%|████████████████████| 10000/10000 [00:01<00:00, 6504.55it/s]
round is 2 select id is : [4, 39, 76, 78, 17, 50, 22, 87, 30, 31]
self.cost_time is : 71.58 ids is  [4, 39, 76, 78, 17, 50, 22, 87, 30, 31]
select client num is : 30 self.samples is : 60000
weight is : 0.003491670910016731
weight is : 0.0029097257583472758
weight is : 0.0029097257583472758
weight is : 0.019349676293009384
weight is : 0.0064741398123226886
weight is : 0.007783516403578963
weight is : 0.0029097257583472758
weight is : 0.02000436458863752
weight is : 0.01418491307194297
weight is : 0.25241870953662615
weight is : 0.0029097257583472758
weight is : 0.003491670910016731
weight is : 0.0029097257583472758
weight is : 0.0029097257583472758
weight is : 0.019349676293009384
weight is : 0.0064741398123226886
weight is : 0.007783516403578963
weight is : 0.02000436458863752
weight is : 0.01418491307194297
weight is : 0.25241870953662615
weight is : 0.003491670910016731
weight is : 0.0029097257583472758
weight is : 0.0029097257583472758
weight is : 0.019349676293009384
weight is : 0.005601222084818506
weight is : 0.0064741398123226886
weight is : 0.007783516403578963
weight is : 0.02000436458863752
weight is : 0.01418491307194297
weight is : 0.25241870953662615

-------------Round number: 2-------------

Evaluate global model
Averaged Train Loss: 5.0944
Averaged Test Accurancy: 0.0888
Averaged Test AUC: 0.6736
Std Test Accurancy: 0.0658
Std Test AUC: 0.2200
------------------------- Round is  2 ------------------------- time cost ------------------------- 12.262812376022339
------------------------- Budget is : [9.375771760940552, 10.550357341766357, 12.262812376022339]
>> similarity:   0%|                                  | 0/10000 [00:00<?, ?it/s]>> similarity:   6%|█▎                    | 602/10000 [00:00<00:01, 6016.84it/s]>> similarity:  12%|██▌                  | 1214/10000 [00:00<00:01, 6073.45it/s]>> similarity:  19%|███▉                 | 1859/10000 [00:00<00:01, 6241.01it/s]>> similarity:  25%|█████▏               | 2484/10000 [00:00<00:01, 6137.89it/s]>> similarity:  31%|██████▌              | 3123/10000 [00:00<00:01, 6226.79it/s]>> similarity:  38%|███████▉             | 3775/10000 [00:00<00:00, 6324.33it/s]>> similarity:  44%|█████████▎           | 4425/10000 [00:00<00:00, 6380.52it/s]>> similarity:  51%|██████████▋          | 5071/10000 [00:00<00:00, 6403.60it/s]>> similarity:  57%|████████████         | 5729/10000 [00:00<00:00, 6456.13it/s]>> similarity:  64%|█████████████▍       | 6379/10000 [00:01<00:00, 6466.34it/s]>> similarity:  70%|██████████████▊      | 7036/10000 [00:01<00:00, 6497.84it/s]>> similarity:  77%|████████████████▏    | 7700/10000 [00:01<00:00, 6537.92it/s]>> similarity:  84%|█████████████████▌   | 8354/10000 [00:01<00:00, 6535.06it/s]>> similarity:  90%|██████████████████▉  | 9008/10000 [00:01<00:00, 6521.45it/s]>> similarity:  97%|████████████████████▎| 9665/10000 [00:01<00:00, 6535.56it/s]>> similarity: 100%|████████████████████| 10000/10000 [00:01<00:00, 6411.29it/s]
round is 3 select id is : [4, 76, 78, 17, 50, 22, 87, 60, 30, 31]
self.cost_time is : 98.27 ids is  [4, 76, 78, 17, 50, 22, 87, 60, 30, 31]
select client num is : 40 self.samples is : 60000
weight is : 0.0026172300981461287
weight is : 0.0021810250817884407
weight is : 0.0021810250817884407
weight is : 0.01450381679389313
weight is : 0.00485278080697928
weight is : 0.0058342420937840785
weight is : 0.0021810250817884407
weight is : 0.014994547437295528
weight is : 0.010632497273718648
weight is : 0.18920392584514723
weight is : 0.0021810250817884407
weight is : 0.0026172300981461287
weight is : 0.0021810250817884407
weight is : 0.0021810250817884407
weight is : 0.01450381679389313
weight is : 0.00485278080697928
weight is : 0.0058342420937840785
weight is : 0.014994547437295528
weight is : 0.010632497273718648
weight is : 0.18920392584514723
weight is : 0.0026172300981461287
weight is : 0.0021810250817884407
weight is : 0.0021810250817884407
weight is : 0.01450381679389313
weight is : 0.004198473282442748
weight is : 0.00485278080697928
weight is : 0.0058342420937840785
weight is : 0.014994547437295528
weight is : 0.010632497273718648
weight is : 0.18920392584514723
weight is : 0.0026172300981461287
weight is : 0.0021810250817884407
weight is : 0.0021810250817884407
weight is : 0.01450381679389313
weight is : 0.004198473282442748
weight is : 0.0058342420937840785
weight is : 0.004089422028353326
weight is : 0.014994547437295528
weight is : 0.010632497273718648
weight is : 0.18920392584514723

-------------Round number: 3-------------

Evaluate global model
Averaged Train Loss: 5.4386
Averaged Test Accurancy: 0.0949
Averaged Test AUC: 0.6870
Std Test Accurancy: 0.0696
Std Test AUC: 0.2251
------------------------- Round is  3 ------------------------- time cost ------------------------- 13.546142101287842
------------------------- Budget is : [9.375771760940552, 10.550357341766357, 12.262812376022339, 13.546142101287842]
>> similarity:   0%|                                  | 0/10000 [00:00<?, ?it/s]>> similarity:   6%|█▍                    | 646/10000 [00:00<00:01, 6458.42it/s]>> similarity:  13%|██▊                  | 1312/10000 [00:00<00:01, 6574.78it/s]>> similarity:  20%|████▏                | 1970/10000 [00:00<00:01, 6554.51it/s]>> similarity:  26%|█████▌               | 2630/10000 [00:00<00:01, 6568.75it/s]>> similarity:  33%|██████▉              | 3300/10000 [00:00<00:01, 6613.27it/s]>> similarity:  40%|████████▎            | 3962/10000 [00:00<00:00, 6577.56it/s]>> similarity:  46%|█████████▋           | 4622/10000 [00:00<00:00, 6581.92it/s]>> similarity:  53%|███████████          | 5287/10000 [00:00<00:00, 6602.03it/s]>> similarity:  59%|████████████▍        | 5948/10000 [00:00<00:00, 6570.14it/s]>> similarity:  66%|█████████████▊       | 6607/10000 [00:01<00:00, 6575.17it/s]>> similarity:  73%|███████████████▎     | 7275/10000 [00:01<00:00, 6604.17it/s]>> similarity:  79%|████████████████▋    | 7936/10000 [00:01<00:00, 6584.45it/s]>> similarity:  86%|██████████████████   | 8595/10000 [00:01<00:00, 6576.22it/s]>> similarity:  93%|███████████████████▍ | 9253/10000 [00:01<00:00, 6560.06it/s]>> similarity:  99%|████████████████████▊| 9910/10000 [00:01<00:00, 6552.48it/s]>> similarity: 100%|████████████████████| 10000/10000 [00:01<00:00, 6571.30it/s]
round is 4 select id is : [32, 39, 76, 78, 17, 50, 22, 87, 30, 31]
self.cost_time is : 122.13 ids is  [32, 39, 76, 78, 17, 50, 22, 87, 30, 31]
select client num is : 50 self.samples is : 60000
weight is : 0.002092506212127817
weight is : 0.001743755176773181
weight is : 0.001743755176773181
weight is : 0.011595971925541654
weight is : 0.003879855268320328
weight is : 0.0046645450978682595
weight is : 0.001743755176773181
weight is : 0.01198831684031562
weight is : 0.008500806486769258
weight is : 0.15127076158507347
weight is : 0.001743755176773181
weight is : 0.002092506212127817
weight is : 0.001743755176773181
weight is : 0.001743755176773181
weight is : 0.011595971925541654
weight is : 0.003879855268320328
weight is : 0.0046645450978682595
weight is : 0.01198831684031562
weight is : 0.008500806486769258
weight is : 0.15127076158507347
weight is : 0.002092506212127817
weight is : 0.001743755176773181
weight is : 0.001743755176773181
weight is : 0.011595971925541654
weight is : 0.0033567287152883735
weight is : 0.003879855268320328
weight is : 0.0046645450978682595
weight is : 0.01198831684031562
weight is : 0.008500806486769258
weight is : 0.15127076158507347
weight is : 0.002092506212127817
weight is : 0.001743755176773181
weight is : 0.001743755176773181
weight is : 0.011595971925541654
weight is : 0.0033567287152883735
weight is : 0.0046645450978682595
weight is : 0.0032695409564497146
weight is : 0.01198831684031562
weight is : 0.008500806486769258
weight is : 0.15127076158507347
weight is : 0.001743755176773181
weight is : 0.001743755176773181
weight is : 0.011595971925541654
weight is : 0.0033567287152883735
weight is : 0.001743755176773181
weight is : 0.003879855268320328
weight is : 0.0046645450978682595
weight is : 0.01198831684031562
weight is : 0.008500806486769258
weight is : 0.15127076158507347

-------------Round number: 4-------------

Evaluate global model
Averaged Train Loss: 5.9896
Averaged Test Accurancy: 0.0950
Averaged Test AUC: 0.6906
Std Test Accurancy: 0.0681
Std Test AUC: 0.2212
------------------------- Round is  4 ------------------------- time cost ------------------------- 15.182296514511108
------------------------- Budget is : [9.375771760940552, 10.550357341766357, 12.262812376022339, 13.546142101287842, 15.182296514511108]
>> similarity:   0%|                                  | 0/10000 [00:00<?, ?it/s]>> similarity:   7%|█▍                    | 666/10000 [00:00<00:01, 6650.41it/s]>> similarity:  13%|██▊                  | 1332/10000 [00:00<00:01, 6617.51it/s]>> similarity:  20%|████▏                | 2000/10000 [00:00<00:01, 6641.62it/s]>> similarity:  27%|█████▌               | 2670/10000 [00:00<00:01, 6662.45it/s]>> similarity:  33%|███████              | 3337/10000 [00:00<00:01, 6604.64it/s]>> similarity:  40%|████████▍            | 4004/10000 [00:00<00:00, 6623.78it/s]>> similarity:  47%|█████████▊           | 4669/10000 [00:00<00:00, 6631.68it/s]>> similarity:  53%|███████████▏         | 5336/10000 [00:00<00:00, 6641.32it/s]>> similarity:  60%|████████████▌        | 6003/10000 [00:00<00:00, 6649.59it/s]>> similarity:  67%|██████████████       | 6669/10000 [00:01<00:00, 6652.73it/s]>> similarity:  73%|███████████████▍     | 7335/10000 [00:01<00:00, 6635.80it/s]>> similarity:  80%|████████████████▊    | 7999/10000 [00:01<00:00, 6514.94it/s]>> similarity:  87%|██████████████████▏  | 8661/10000 [00:01<00:00, 6545.36it/s]>> similarity:  93%|███████████████████▌ | 9331/10000 [00:01<00:00, 6590.45it/s]>> similarity: 100%|████████████████████▉| 9991/10000 [00:01<00:00, 6574.86it/s]>> similarity: 100%|████████████████████| 10000/10000 [00:01<00:00, 6604.59it/s]
round is 5 select id is : [32, 76, 78, 17, 50, 22, 87, 88, 56, 30]
self.cost_time is : 144.85999999999999 ids is  [32, 76, 78, 17, 50, 22, 87, 88, 56, 30]
select client num is : 60 self.samples is : 60000
weight is : 0.0016297704739915795
weight is : 0.0013581420616596495
weight is : 0.0013581420616596495
weight is : 0.00903164471003667
weight is : 0.0030218660871927203
weight is : 0.003633030014939563
weight is : 0.0013581420616596495
weight is : 0.009337226673910091
weight is : 0.006620942550590792
weight is : 0.1178188238489746
weight is : 0.0013581420616596495
weight is : 0.0016297704739915795
weight is : 0.0013581420616596495
weight is : 0.0013581420616596495
weight is : 0.00903164471003667
weight is : 0.0030218660871927203
weight is : 0.003633030014939563
weight is : 0.009337226673910091
weight is : 0.006620942550590792
weight is : 0.1178188238489746
weight is : 0.0016297704739915795
weight is : 0.0013581420616596495
weight is : 0.0013581420616596495
weight is : 0.00903164471003667
weight is : 0.0026144234686948254
weight is : 0.0030218660871927203
weight is : 0.003633030014939563
weight is : 0.009337226673910091
weight is : 0.006620942550590792
weight is : 0.1178188238489746
weight is : 0.0016297704739915795
weight is : 0.0013581420616596495
weight is : 0.0013581420616596495
weight is : 0.00903164471003667
weight is : 0.0026144234686948254
weight is : 0.003633030014939563
weight is : 0.002546516365611843
weight is : 0.009337226673910091
weight is : 0.006620942550590792
weight is : 0.1178188238489746
weight is : 0.0013581420616596495
weight is : 0.0013581420616596495
weight is : 0.00903164471003667
weight is : 0.0026144234686948254
weight is : 0.0013581420616596495
weight is : 0.0030218660871927203
weight is : 0.003633030014939563
weight is : 0.009337226673910091
weight is : 0.006620942550590792
weight is : 0.1178188238489746
weight is : 0.0013581420616596495
weight is : 0.0013581420616596495
weight is : 0.00903164471003667
weight is : 0.0013581420616596495
weight is : 0.003633030014939563
weight is : 0.0013581420616596495
weight is : 0.009337226673910091
weight is : 0.006620942550590792
weight is : 0.1178188238489746
weight is : 0.06926524514464213

-------------Round number: 5-------------

Evaluate global model
Averaged Train Loss: 6.4120
Averaged Test Accurancy: 0.0984
Averaged Test AUC: 0.6942
Std Test Accurancy: 0.0648
Std Test AUC: 0.2134
------------------------- Round is  5 ------------------------- time cost ------------------------- 16.806487798690796
------------------------- Budget is : [9.375771760940552, 10.550357341766357, 12.262812376022339, 13.546142101287842, 15.182296514511108, 16.806487798690796]
>> similarity:   0%|                                  | 0/10000 [00:00<?, ?it/s]>> similarity:   7%|█▍                    | 653/10000 [00:00<00:01, 6522.91it/s]>> similarity:  13%|██▋                  | 1306/10000 [00:00<00:01, 6014.97it/s]>> similarity:  19%|████                 | 1911/10000 [00:00<00:01, 5961.15it/s]>> similarity:  25%|█████▎               | 2509/10000 [00:00<00:01, 5941.85it/s]>> similarity:  32%|██████▋              | 3155/10000 [00:00<00:01, 6122.51it/s]>> similarity:  38%|████████             | 3820/10000 [00:00<00:00, 6298.71it/s]>> similarity:  45%|█████████▎           | 4459/10000 [00:00<00:00, 6325.96it/s]>> similarity:  51%|██████████▊          | 5123/10000 [00:00<00:00, 6423.18it/s]>> similarity:  58%|████████████         | 5766/10000 [00:00<00:00, 6403.89it/s]>> similarity:  64%|█████████████▍       | 6423/10000 [00:01<00:00, 6452.38it/s]>> similarity:  71%|██████████████▊      | 7069/10000 [00:01<00:00, 6446.63it/s]>> similarity:  77%|████████████████▏    | 7714/10000 [00:01<00:00, 6441.95it/s]>> similarity:  84%|█████████████████▌   | 8363/10000 [00:01<00:00, 6454.46it/s]>> similarity:  90%|██████████████████▉  | 9029/10000 [00:01<00:00, 6513.89it/s]>> similarity:  97%|████████████████████▎| 9681/10000 [00:01<00:00, 6453.31it/s]>> similarity: 100%|████████████████████| 10000/10000 [00:01<00:00, 6361.36it/s]
round is 6 select id is : [32, 39, 76, 78, 50, 22, 87, 88, 29, 30]
self.cost_time is : 168.71999999999997 ids is  [32, 39, 76, 78, 50, 22, 87, 88, 29, 30]
select client num is : 70 self.samples is : 60000
weight is : 0.001332815016382518
weight is : 0.001110679180318765
weight is : 0.001110679180318765
weight is : 0.0073860165491197866
weight is : 0.002471261176209252
weight is : 0.002971066807352696
weight is : 0.001110679180318765
weight is : 0.0076359193646915085
weight is : 0.005414561004053979
weight is : 0.09635141889265286
weight is : 0.001110679180318765
weight is : 0.001332815016382518
weight is : 0.001110679180318765
weight is : 0.001110679180318765
weight is : 0.0073860165491197866
weight is : 0.002471261176209252
weight is : 0.002971066807352696
weight is : 0.0076359193646915085
weight is : 0.005414561004053979
weight is : 0.09635141889265286
weight is : 0.001332815016382518
weight is : 0.001110679180318765
weight is : 0.001110679180318765
weight is : 0.0073860165491197866
weight is : 0.0021380574221136223
weight is : 0.002471261176209252
weight is : 0.002971066807352696
weight is : 0.0076359193646915085
weight is : 0.005414561004053979
weight is : 0.09635141889265286
weight is : 0.001332815016382518
weight is : 0.001110679180318765
weight is : 0.001110679180318765
weight is : 0.0073860165491197866
weight is : 0.0021380574221136223
weight is : 0.002971066807352696
weight is : 0.002082523463097684
weight is : 0.0076359193646915085
weight is : 0.005414561004053979
weight is : 0.09635141889265286
weight is : 0.001110679180318765
weight is : 0.001110679180318765
weight is : 0.0073860165491197866
weight is : 0.0021380574221136223
weight is : 0.001110679180318765
weight is : 0.002471261176209252
weight is : 0.002971066807352696
weight is : 0.0076359193646915085
weight is : 0.005414561004053979
weight is : 0.09635141889265286
weight is : 0.001110679180318765
weight is : 0.001110679180318765
weight is : 0.0073860165491197866
weight is : 0.001110679180318765
weight is : 0.002971066807352696
weight is : 0.001110679180318765
weight is : 0.0076359193646915085
weight is : 0.005414561004053979
weight is : 0.09635141889265286
weight is : 0.05664463819625701
weight is : 0.001110679180318765
weight is : 0.001110679180318765
weight is : 0.0073860165491197866
weight is : 0.001110679180318765
weight is : 0.002471261176209252
weight is : 0.002971066807352696
weight is : 0.0076359193646915085
weight is : 0.005414561004053979
weight is : 0.09635141889265286
weight is : 0.05664463819625701

-------------Round number: 6-------------

Evaluate global model
Averaged Train Loss: 6.7059
Averaged Test Accurancy: 0.0971
Averaged Test AUC: 0.6989
Std Test Accurancy: 0.0590
Std Test AUC: 0.2044
------------------------- Round is  6 ------------------------- time cost ------------------------- 18.74679684638977
------------------------- Budget is : [9.375771760940552, 10.550357341766357, 12.262812376022339, 13.546142101287842, 15.182296514511108, 16.806487798690796, 18.74679684638977]
>> similarity:   0%|                                  | 0/10000 [00:00<?, ?it/s]>> similarity:   7%|█▍                    | 661/10000 [00:00<00:01, 6607.17it/s]>> similarity:  13%|██▊                  | 1322/10000 [00:00<00:01, 6565.42it/s]>> similarity:  20%|████▏                | 1984/10000 [00:00<00:01, 6588.08it/s]>> similarity:  26%|█████▌               | 2643/10000 [00:00<00:01, 6519.18it/s]>> similarity:  33%|██████▉              | 3296/10000 [00:00<00:01, 6506.54it/s]>> similarity:  39%|████████▎            | 3949/10000 [00:00<00:00, 6511.99it/s]>> similarity:  46%|█████████▋           | 4612/10000 [00:00<00:00, 6549.17it/s]>> similarity:  53%|███████████          | 5267/10000 [00:00<00:00, 6513.03it/s]>> similarity:  59%|████████████▍        | 5925/10000 [00:00<00:00, 6533.31it/s]>> similarity:  66%|█████████████▊       | 6598/10000 [00:01<00:00, 6591.93it/s]>> similarity:  73%|███████████████▎     | 7262/10000 [00:01<00:00, 6606.48it/s]>> similarity:  79%|████████████████▋    | 7923/10000 [00:01<00:00, 6592.45it/s]>> similarity:  86%|██████████████████   | 8594/10000 [00:01<00:00, 6625.35it/s]>> similarity:  93%|███████████████████▍ | 9257/10000 [00:01<00:00, 6601.34it/s]>> similarity:  99%|████████████████████▊| 9918/10000 [00:01<00:00, 6541.68it/s]>> similarity: 100%|████████████████████| 10000/10000 [00:01<00:00, 6551.27it/s]
round is 7 select id is : [32, 39, 76, 78, 50, 21, 22, 87, 88, 30]
self.cost_time is : 192.57999999999998 ids is  [32, 39, 76, 78, 50, 21, 22, 87, 88, 30]
select client num is : 80 self.samples is : 60000
weight is : 0.0011273957158962795
weight is : 0.0009394964299135663
weight is : 0.0009394964299135663
weight is : 0.006247651258925216
weight is : 0.002090379556557685
weight is : 0.00251315295001879
weight is : 0.0009394964299135663
weight is : 0.006459037955655769
weight is : 0.004580045095828635
weight is : 0.08150131529500187
weight is : 0.0009394964299135663
weight is : 0.0011273957158962795
weight is : 0.0009394964299135663
weight is : 0.0009394964299135663
weight is : 0.006247651258925216
weight is : 0.002090379556557685
weight is : 0.00251315295001879
weight is : 0.006459037955655769
weight is : 0.004580045095828635
weight is : 0.08150131529500187
weight is : 0.0011273957158962795
weight is : 0.0009394964299135663
weight is : 0.0009394964299135663
weight is : 0.006247651258925216
weight is : 0.001808530627583615
weight is : 0.002090379556557685
weight is : 0.00251315295001879
weight is : 0.006459037955655769
weight is : 0.004580045095828635
weight is : 0.08150131529500187
weight is : 0.0011273957158962795
weight is : 0.0009394964299135663
weight is : 0.0009394964299135663
weight is : 0.006247651258925216
weight is : 0.001808530627583615
weight is : 0.00251315295001879
weight is : 0.0017615558060879368
weight is : 0.006459037955655769
weight is : 0.004580045095828635
weight is : 0.08150131529500187
weight is : 0.0009394964299135663
weight is : 0.0009394964299135663
weight is : 0.006247651258925216
weight is : 0.001808530627583615
weight is : 0.0009394964299135663
weight is : 0.002090379556557685
weight is : 0.00251315295001879
weight is : 0.006459037955655769
weight is : 0.004580045095828635
weight is : 0.08150131529500187
weight is : 0.0009394964299135663
weight is : 0.0009394964299135663
weight is : 0.006247651258925216
weight is : 0.0009394964299135663
weight is : 0.00251315295001879
weight is : 0.0009394964299135663
weight is : 0.006459037955655769
weight is : 0.004580045095828635
weight is : 0.08150131529500187
weight is : 0.047914317925591886
weight is : 0.0009394964299135663
weight is : 0.0009394964299135663
weight is : 0.006247651258925216
weight is : 0.0009394964299135663
weight is : 0.002090379556557685
weight is : 0.00251315295001879
weight is : 0.006459037955655769
weight is : 0.004580045095828635
weight is : 0.08150131529500187
weight is : 0.047914317925591886
weight is : 0.0009394964299135663
weight is : 0.0009394964299135663
weight is : 0.006247651258925216
weight is : 0.0009394964299135663
weight is : 0.002090379556557685
weight is : 0.00251315295001879
weight is : 0.006459037955655769
weight is : 0.004580045095828635
weight is : 0.08150131529500187
weight is : 0.047914317925591886

-------------Round number: 7-------------

Evaluate global model
Averaged Train Loss: 6.8702
Averaged Test Accurancy: 0.0981
Averaged Test AUC: 0.7046
Std Test Accurancy: 0.0594
Std Test AUC: 0.1975
------------------------- Round is  7 ------------------------- time cost ------------------------- 20.908663749694824
------------------------- Budget is : [9.375771760940552, 10.550357341766357, 12.262812376022339, 13.546142101287842, 15.182296514511108, 16.806487798690796, 18.74679684638977, 20.908663749694824]
>> similarity:   0%|                                  | 0/10000 [00:00<?, ?it/s]>> similarity:   7%|█▍                    | 664/10000 [00:00<00:01, 6637.11it/s]>> similarity:  13%|██▊                  | 1333/10000 [00:00<00:01, 6667.68it/s]>> similarity:  20%|████▏                | 2000/10000 [00:00<00:01, 6635.21it/s]>> similarity:  27%|█████▌               | 2664/10000 [00:00<00:01, 6625.89it/s]>> similarity:  33%|██████▉              | 3327/10000 [00:00<00:01, 6596.35it/s]>> similarity:  40%|████████▎            | 3987/10000 [00:00<00:00, 6549.65it/s]>> similarity:  46%|█████████▊           | 4643/10000 [00:00<00:00, 6543.23it/s]>> similarity:  53%|███████████▏         | 5303/10000 [00:00<00:00, 6558.39it/s]>> similarity:  60%|████████████▌        | 5962/10000 [00:00<00:00, 6567.36it/s]>> similarity:  66%|█████████████▉       | 6628/10000 [00:01<00:00, 6595.37it/s]>> similarity:  73%|███████████████▎     | 7290/10000 [00:01<00:00, 6601.74it/s]>> similarity:  80%|████████████████▋    | 7953/10000 [00:01<00:00, 6608.40it/s]>> similarity:  86%|██████████████████   | 8619/10000 [00:01<00:00, 6622.36it/s]>> similarity:  93%|███████████████████▌ | 9289/10000 [00:01<00:00, 6644.28it/s]>> similarity: 100%|████████████████████▉| 9954/10000 [00:01<00:00, 6621.21it/s]>> similarity: 100%|████████████████████| 10000/10000 [00:01<00:00, 6603.09it/s]
round is 8 select id is : [32, 7, 76, 78, 50, 22, 87, 88, 56, 30]
self.cost_time is : 214.04 ids is  [32, 7, 76, 78, 50, 22, 87, 88, 56, 30]
select client num is : 90 self.samples is : 60000
weight is : 0.0009778158039479314
weight is : 0.0008148465032899427
weight is : 0.0008148465032899427
weight is : 0.005418729246878119
weight is : 0.0018130334698201226
weight is : 0.002179714396300597
weight is : 0.0008148465032899427
weight is : 0.005602069710118357
weight is : 0.003972376703538471
weight is : 0.07068793416040253
weight is : 0.0008148465032899427
weight is : 0.0009778158039479314
weight is : 0.0008148465032899427
weight is : 0.0008148465032899427
weight is : 0.005418729246878119
weight is : 0.0018130334698201226
weight is : 0.002179714396300597
weight is : 0.005602069710118357
weight is : 0.003972376703538471
weight is : 0.07068793416040253
weight is : 0.0009778158039479314
weight is : 0.0008148465032899427
weight is : 0.0008148465032899427
weight is : 0.005418729246878119
weight is : 0.0015685795188331397
weight is : 0.0018130334698201226
weight is : 0.002179714396300597
weight is : 0.005602069710118357
weight is : 0.003972376703538471
weight is : 0.07068793416040253
weight is : 0.0009778158039479314
weight is : 0.0008148465032899427
weight is : 0.0008148465032899427
weight is : 0.005418729246878119
weight is : 0.0015685795188331397
weight is : 0.002179714396300597
weight is : 0.0015278371936686427
weight is : 0.005602069710118357
weight is : 0.003972376703538471
weight is : 0.07068793416040253
weight is : 0.0008148465032899427
weight is : 0.0008148465032899427
weight is : 0.005418729246878119
weight is : 0.0015685795188331397
weight is : 0.0008148465032899427
weight is : 0.0018130334698201226
weight is : 0.002179714396300597
weight is : 0.005602069710118357
weight is : 0.003972376703538471
weight is : 0.07068793416040253
weight is : 0.0008148465032899427
weight is : 0.0008148465032899427
weight is : 0.005418729246878119
weight is : 0.0008148465032899427
weight is : 0.002179714396300597
weight is : 0.0008148465032899427
weight is : 0.005602069710118357
weight is : 0.003972376703538471
weight is : 0.07068793416040253
weight is : 0.04155717166778708
weight is : 0.0008148465032899427
weight is : 0.0008148465032899427
weight is : 0.005418729246878119
weight is : 0.0008148465032899427
weight is : 0.0018130334698201226
weight is : 0.002179714396300597
weight is : 0.005602069710118357
weight is : 0.003972376703538471
weight is : 0.07068793416040253
weight is : 0.04155717166778708
weight is : 0.0008148465032899427
weight is : 0.0008148465032899427
weight is : 0.005418729246878119
weight is : 0.0008148465032899427
weight is : 0.0018130334698201226
weight is : 0.002179714396300597
weight is : 0.005602069710118357
weight is : 0.003972376703538471
weight is : 0.07068793416040253
weight is : 0.04155717166778708
weight is : 0.0008148465032899427
weight is : 0.0008148465032899427
weight is : 0.005418729246878119
weight is : 0.0008148465032899427
weight is : 0.002179714396300597
weight is : 0.0008148465032899427
weight is : 0.005602069710118357
weight is : 0.003972376703538471
weight is : 0.07068793416040253
weight is : 0.04155717166778708

-------------Round number: 8-------------

Evaluate global model
Averaged Train Loss: 6.9502
Averaged Test Accurancy: 0.0993
Averaged Test AUC: 0.7107
Std Test Accurancy: 0.0555
Std Test AUC: 0.1938
------------------------- Round is  8 ------------------------- time cost ------------------------- 23.411128520965576
------------------------- Budget is : [9.375771760940552, 10.550357341766357, 12.262812376022339, 13.546142101287842, 15.182296514511108, 16.806487798690796, 18.74679684638977, 20.908663749694824, 23.411128520965576]
>> similarity:   0%|                                  | 0/10000 [00:00<?, ?it/s]>> similarity:   7%|█▍                    | 658/10000 [00:00<00:01, 6573.22it/s]>> similarity:  13%|██▊                  | 1325/10000 [00:00<00:01, 6627.89it/s]>> similarity:  20%|████▏                | 1994/10000 [00:00<00:01, 6651.86it/s]>> similarity:  27%|█████▌               | 2663/10000 [00:00<00:01, 6663.81it/s]>> similarity:  33%|██████▉              | 3330/10000 [00:00<00:01, 6606.60it/s]>> similarity:  40%|████████▍            | 3997/10000 [00:00<00:00, 6626.47it/s]>> similarity:  47%|█████████▊           | 4660/10000 [00:00<00:00, 6626.65it/s]>> similarity:  53%|███████████▏         | 5323/10000 [00:00<00:00, 6623.83it/s]>> similarity:  60%|████████████▌        | 5986/10000 [00:00<00:00, 6616.81it/s]>> similarity:  66%|█████████████▉       | 6648/10000 [00:01<00:00, 6613.91it/s]>> similarity:  73%|███████████████▎     | 7316/10000 [00:01<00:00, 6633.08it/s]>> similarity:  80%|████████████████▊    | 7980/10000 [00:01<00:00, 6618.73it/s]>> similarity:  86%|██████████████████▏  | 8642/10000 [00:01<00:00, 6605.90it/s]>> similarity:  93%|███████████████████▌ | 9303/10000 [00:01<00:00, 6425.90it/s]>> similarity:  99%|████████████████████▉| 9947/10000 [00:01<00:00, 6367.17it/s]>> similarity: 100%|████████████████████| 10000/10000 [00:01<00:00, 6551.63it/s]
round is 9 select id is : [64, 32, 39, 76, 78, 50, 22, 87, 88, 30]
self.cost_time is : 237.89999999999998 ids is  [64, 32, 39, 76, 78, 50, 22, 87, 88, 30]
select client num is : 100 self.samples is : 60000
weight is : 0.0008617130136617417
weight is : 0.0007180941780514515
weight is : 0.0007180941780514515
weight is : 0.0047753262840421525
weight is : 0.0015977595461644796
weight is : 0.0019209019262876326
weight is : 0.0007180941780514515
weight is : 0.0049368974741037285
weight is : 0.003500709118000826
weight is : 0.062294669945963416
weight is : 0.0007180941780514515
weight is : 0.0008617130136617417
weight is : 0.0007180941780514515
weight is : 0.0007180941780514515
weight is : 0.0047753262840421525
weight is : 0.0015977595461644796
weight is : 0.0019209019262876326
weight is : 0.0049368974741037285
weight is : 0.003500709118000826
weight is : 0.062294669945963416
weight is : 0.0008617130136617417
weight is : 0.0007180941780514515
weight is : 0.0007180941780514515
weight is : 0.0047753262840421525
weight is : 0.001382331292749044
weight is : 0.0015977595461644796
weight is : 0.0019209019262876326
weight is : 0.0049368974741037285
weight is : 0.003500709118000826
weight is : 0.062294669945963416
weight is : 0.0008617130136617417
weight is : 0.0007180941780514515
weight is : 0.0007180941780514515
weight is : 0.0047753262840421525
weight is : 0.001382331292749044
weight is : 0.0019209019262876326
weight is : 0.0013464265838464716
weight is : 0.0049368974741037285
weight is : 0.003500709118000826
weight is : 0.062294669945963416
weight is : 0.0007180941780514515
weight is : 0.0007180941780514515
weight is : 0.0047753262840421525
weight is : 0.001382331292749044
weight is : 0.0007180941780514515
weight is : 0.0015977595461644796
weight is : 0.0019209019262876326
weight is : 0.0049368974741037285
weight is : 0.003500709118000826
weight is : 0.062294669945963416
weight is : 0.0007180941780514515
weight is : 0.0007180941780514515
weight is : 0.0047753262840421525
weight is : 0.0007180941780514515
weight is : 0.0019209019262876326
weight is : 0.0007180941780514515
weight is : 0.0049368974741037285
weight is : 0.003500709118000826
weight is : 0.062294669945963416
weight is : 0.036622803080624024
weight is : 0.0007180941780514515
weight is : 0.0007180941780514515
weight is : 0.0047753262840421525
weight is : 0.0007180941780514515
weight is : 0.0015977595461644796
weight is : 0.0019209019262876326
weight is : 0.0049368974741037285
weight is : 0.003500709118000826
weight is : 0.062294669945963416
weight is : 0.036622803080624024
weight is : 0.0007180941780514515
weight is : 0.0007180941780514515
weight is : 0.0047753262840421525
weight is : 0.0007180941780514515
weight is : 0.0015977595461644796
weight is : 0.0019209019262876326
weight is : 0.0049368974741037285
weight is : 0.003500709118000826
weight is : 0.062294669945963416
weight is : 0.036622803080624024
weight is : 0.0007180941780514515
weight is : 0.0007180941780514515
weight is : 0.0047753262840421525
weight is : 0.0007180941780514515
weight is : 0.0019209019262876326
weight is : 0.0007180941780514515
weight is : 0.0049368974741037285
weight is : 0.003500709118000826
weight is : 0.062294669945963416
weight is : 0.036622803080624024
weight is : 0.0007180941780514515
weight is : 0.0047753262840421525
weight is : 0.0007180941780514515
weight is : 0.0015977595461644796
weight is : 0.0019209019262876326
weight is : 0.0016516166095183384
weight is : 0.0049368974741037285
weight is : 0.003500709118000826
weight is : 0.062294669945963416
weight is : 0.036622803080624024

-------------Round number: 9-------------

Evaluate global model
Averaged Train Loss: 6.9943
Averaged Test Accurancy: 0.0988
Averaged Test AUC: 0.7162
Std Test Accurancy: 0.0542
Std Test AUC: 0.1930
------------------------- Round is  9 ------------------------- time cost ------------------------- 24.75996470451355
------------------------- Budget is : [9.375771760940552, 10.550357341766357, 12.262812376022339, 13.546142101287842, 15.182296514511108, 16.806487798690796, 18.74679684638977, 20.908663749694824, 23.411128520965576, 24.75996470451355]
>> similarity:   0%|                                  | 0/10000 [00:00<?, ?it/s]>> similarity:   6%|█▍                    | 648/10000 [00:00<00:01, 6477.87it/s]>> similarity:  13%|██▊                  | 1317/10000 [00:00<00:01, 6600.32it/s]>> similarity:  20%|████▏                | 1981/10000 [00:00<00:01, 6614.99it/s]>> similarity:  27%|█████▌               | 2651/10000 [00:00<00:01, 6647.84it/s]>> similarity:  33%|██████▉              | 3325/10000 [00:00<00:00, 6678.42it/s]>> similarity:  40%|████████▍            | 3993/10000 [00:00<00:00, 6656.92it/s]>> similarity:  47%|█████████▊           | 4662/10000 [00:00<00:00, 6665.23it/s]>> similarity:  53%|███████████▏         | 5329/10000 [00:00<00:00, 6650.31it/s]>> similarity:  60%|████████████▌        | 5995/10000 [00:00<00:00, 6652.09it/s]>> similarity:  67%|██████████████       | 6668/10000 [00:01<00:00, 6675.04it/s]>> similarity:  73%|███████████████▍     | 7342/10000 [00:01<00:00, 6693.31it/s]>> similarity:  80%|████████████████▊    | 8017/10000 [00:01<00:00, 6708.07it/s]>> similarity:  87%|██████████████████▏  | 8688/10000 [00:01<00:00, 6501.94it/s]>> similarity:  94%|███████████████████▋ | 9360/10000 [00:01<00:00, 6566.15it/s]>> similarity: 100%|████████████████████| 10000/10000 [00:01<00:00, 6629.68it/s]
round is 10 select id is : [39, 7, 76, 78, 48, 50, 22, 87, 88, 30]
self.cost_time is : 261.76 ids is  [39, 7, 76, 78, 48, 50, 22, 87, 88, 30]
select client num is : 110 self.samples is : 60000
weight is : 0.0007708985786557456
weight is : 0.0006424154822131213
weight is : 0.0006424154822131213
weight is : 0.004272062956717257
weight is : 0.0014293744479241949
weight is : 0.0017184614149200995
weight is : 0.0006424154822131213
weight is : 0.004416606440215209
weight is : 0.0031317754757889667
weight is : 0.05572954308198828
weight is : 0.0006424154822131213
weight is : 0.0007708985786557456
weight is : 0.0006424154822131213
weight is : 0.0006424154822131213
weight is : 0.004272062956717257
weight is : 0.0014293744479241949
weight is : 0.0017184614149200995
weight is : 0.004416606440215209
weight is : 0.0031317754757889667
weight is : 0.05572954308198828
weight is : 0.0007708985786557456
weight is : 0.0006424154822131213
weight is : 0.0006424154822131213
weight is : 0.004272062956717257
weight is : 0.0012366498032602585
weight is : 0.0014293744479241949
weight is : 0.0017184614149200995
weight is : 0.004416606440215209
weight is : 0.0031317754757889667
weight is : 0.05572954308198828
weight is : 0.0007708985786557456
weight is : 0.0006424154822131213
weight is : 0.0006424154822131213
weight is : 0.004272062956717257
weight is : 0.0012366498032602585
weight is : 0.0017184614149200995
weight is : 0.0012045290291496024
weight is : 0.004416606440215209
weight is : 0.0031317754757889667
weight is : 0.05572954308198828
weight is : 0.0006424154822131213
weight is : 0.0006424154822131213
weight is : 0.004272062956717257
weight is : 0.0012366498032602585
weight is : 0.0006424154822131213
weight is : 0.0014293744479241949
weight is : 0.0017184614149200995
weight is : 0.004416606440215209
weight is : 0.0031317754757889667
weight is : 0.05572954308198828
weight is : 0.0006424154822131213
weight is : 0.0006424154822131213
weight is : 0.004272062956717257
weight is : 0.0006424154822131213
weight is : 0.0017184614149200995
weight is : 0.0006424154822131213
weight is : 0.004416606440215209
weight is : 0.0031317754757889667
weight is : 0.05572954308198828
weight is : 0.03276318959286919
weight is : 0.0006424154822131213
weight is : 0.0006424154822131213
weight is : 0.004272062956717257
weight is : 0.0006424154822131213
weight is : 0.0014293744479241949
weight is : 0.0017184614149200995
weight is : 0.004416606440215209
weight is : 0.0031317754757889667
weight is : 0.05572954308198828
weight is : 0.03276318959286919
weight is : 0.0006424154822131213
weight is : 0.0006424154822131213
weight is : 0.004272062956717257
weight is : 0.0006424154822131213
weight is : 0.0014293744479241949
weight is : 0.0017184614149200995
weight is : 0.004416606440215209
weight is : 0.0031317754757889667
weight is : 0.05572954308198828
weight is : 0.03276318959286919
weight is : 0.0006424154822131213
weight is : 0.0006424154822131213
weight is : 0.004272062956717257
weight is : 0.0006424154822131213
weight is : 0.0017184614149200995
weight is : 0.0006424154822131213
weight is : 0.004416606440215209
weight is : 0.0031317754757889667
weight is : 0.05572954308198828
weight is : 0.03276318959286919
weight is : 0.0006424154822131213
weight is : 0.004272062956717257
weight is : 0.0006424154822131213
weight is : 0.0014293744479241949
weight is : 0.0017184614149200995
weight is : 0.001477555609090179
weight is : 0.004416606440215209
weight is : 0.0031317754757889667
weight is : 0.05572954308198828
weight is : 0.03276318959286919
weight is : 0.0006424154822131213
weight is : 0.0006424154822131213
weight is : 0.004272062956717257
weight is : 0.0014293744479241949
weight is : 0.0006424154822131213
weight is : 0.0017184614149200995
weight is : 0.004416606440215209
weight is : 0.0031317754757889667
weight is : 0.05572954308198828
weight is : 0.03276318959286919

-------------Round number: 10-------------

Evaluate global model
Averaged Train Loss: 7.0482
Averaged Test Accurancy: 0.0985
Averaged Test AUC: 0.7203
Std Test Accurancy: 0.0557
Std Test AUC: 0.1934
------------------------- Round is  10 ------------------------- time cost ------------------------- 27.2163143157959
------------------------- Budget is : [9.375771760940552, 10.550357341766357, 12.262812376022339, 13.546142101287842, 15.182296514511108, 16.806487798690796, 18.74679684638977, 20.908663749694824, 23.411128520965576, 24.75996470451355, 27.2163143157959]
>> similarity:   0%|                                  | 0/10000 [00:00<?, ?it/s]>> similarity:   7%|█▍                    | 668/10000 [00:00<00:01, 6673.93it/s]>> similarity:  13%|██▊                  | 1336/10000 [00:00<00:01, 6576.63it/s]>> similarity:  20%|████▏                | 1994/10000 [00:00<00:01, 6522.93it/s]>> similarity:  27%|█████▌               | 2662/10000 [00:00<00:01, 6583.84it/s]>> similarity:  33%|██████▉              | 3327/10000 [00:00<00:01, 6605.29it/s]>> similarity:  40%|████████▍            | 3994/10000 [00:00<00:00, 6624.72it/s]>> similarity:  47%|█████████▊           | 4657/10000 [00:00<00:00, 6549.81it/s]>> similarity:  53%|███████████▏         | 5313/10000 [00:00<00:00, 6465.41it/s]>> similarity:  60%|████████████▌        | 5960/10000 [00:00<00:00, 6444.90it/s]>> similarity:  66%|█████████████▉       | 6621/10000 [00:01<00:00, 6491.90it/s]>> similarity:  73%|███████████████▎     | 7287/10000 [00:01<00:00, 6541.01it/s]>> similarity:  79%|████████████████▋    | 7948/10000 [00:01<00:00, 6561.12it/s]>> similarity:  86%|██████████████████   | 8617/10000 [00:01<00:00, 6597.32it/s]>> similarity:  93%|███████████████████▌ | 9289/10000 [00:01<00:00, 6633.64it/s]>> similarity: 100%|████████████████████▉| 9953/10000 [00:01<00:00, 6634.71it/s]>> similarity: 100%|████████████████████| 10000/10000 [00:01<00:00, 6568.21it/s]
round is 11 select id is : [39, 7, 74, 76, 78, 50, 22, 87, 88, 30]
self.cost_time is : 285.62 ids is  [39, 7, 74, 76, 78, 50, 22, 87, 88, 30]
select client num is : 120 self.samples is : 60000
weight is : 0.0006953397748837479
weight is : 0.0005794498124031232
weight is : 0.0005794498124031232
weight is : 0.0038533412524807695
weight is : 0.0012892758325969492
weight is : 0.0015500282481783546
weight is : 0.0005794498124031232
weight is : 0.003983717460271472
weight is : 0.002824817835465226
weight is : 0.05026727122597094
weight is : 0.0005794498124031232
weight is : 0.0006953397748837479
weight is : 0.0005794498124031232
weight is : 0.0005794498124031232
weight is : 0.0038533412524807695
weight is : 0.0012892758325969492
weight is : 0.0015500282481783546
weight is : 0.003983717460271472
weight is : 0.002824817835465226
weight is : 0.05026727122597094
weight is : 0.0006953397748837479
weight is : 0.0005794498124031232
weight is : 0.0005794498124031232
weight is : 0.0038533412524807695
weight is : 0.0011154408888760122
weight is : 0.0012892758325969492
weight is : 0.0015500282481783546
weight is : 0.003983717460271472
weight is : 0.002824817835465226
weight is : 0.05026727122597094
weight is : 0.0006953397748837479
weight is : 0.0005794498124031232
weight is : 0.0005794498124031232
weight is : 0.0038533412524807695
weight is : 0.0011154408888760122
weight is : 0.0015500282481783546
weight is : 0.001086468398255856
weight is : 0.003983717460271472
weight is : 0.002824817835465226
weight is : 0.05026727122597094
weight is : 0.0005794498124031232
weight is : 0.0005794498124031232
weight is : 0.0038533412524807695
weight is : 0.0011154408888760122
weight is : 0.0005794498124031232
weight is : 0.0012892758325969492
weight is : 0.0015500282481783546
weight is : 0.003983717460271472
weight is : 0.002824817835465226
weight is : 0.05026727122597094
weight is : 0.0005794498124031232
weight is : 0.0005794498124031232
weight is : 0.0038533412524807695
weight is : 0.0005794498124031232
weight is : 0.0015500282481783546
weight is : 0.0005794498124031232
weight is : 0.003983717460271472
weight is : 0.002824817835465226
weight is : 0.05026727122597094
weight is : 0.029551940432559286
weight is : 0.0005794498124031232
weight is : 0.0005794498124031232
weight is : 0.0038533412524807695
weight is : 0.0005794498124031232
weight is : 0.0012892758325969492
weight is : 0.0015500282481783546
weight is : 0.003983717460271472
weight is : 0.002824817835465226
weight is : 0.05026727122597094
weight is : 0.029551940432559286
weight is : 0.0005794498124031232
weight is : 0.0005794498124031232
weight is : 0.0038533412524807695
weight is : 0.0005794498124031232
weight is : 0.0012892758325969492
weight is : 0.0015500282481783546
weight is : 0.003983717460271472
weight is : 0.002824817835465226
weight is : 0.05026727122597094
weight is : 0.029551940432559286
weight is : 0.0005794498124031232
weight is : 0.0005794498124031232
weight is : 0.0038533412524807695
weight is : 0.0005794498124031232
weight is : 0.0015500282481783546
weight is : 0.0005794498124031232
weight is : 0.003983717460271472
weight is : 0.002824817835465226
weight is : 0.05026727122597094
weight is : 0.029551940432559286
weight is : 0.0005794498124031232
weight is : 0.0038533412524807695
weight is : 0.0005794498124031232
weight is : 0.0012892758325969492
weight is : 0.0015500282481783546
weight is : 0.0013327345685271834
weight is : 0.003983717460271472
weight is : 0.002824817835465226
weight is : 0.05026727122597094
weight is : 0.029551940432559286
weight is : 0.0005794498124031232
weight is : 0.0005794498124031232
weight is : 0.0038533412524807695
weight is : 0.0012892758325969492
weight is : 0.0005794498124031232
weight is : 0.0015500282481783546
weight is : 0.003983717460271472
weight is : 0.002824817835465226
weight is : 0.05026727122597094
weight is : 0.029551940432559286
weight is : 0.0005794498124031232
weight is : 0.0005794498124031232
weight is : 0.0038533412524807695
weight is : 0.0012892758325969492
weight is : 0.0015500282481783546
weight is : 0.003534643855659052
weight is : 0.003983717460271472
weight is : 0.002824817835465226
weight is : 0.05026727122597094
weight is : 0.029551940432559286

-------------Round number: 11-------------

Evaluate global model
Averaged Train Loss: 7.1272
Averaged Test Accurancy: 0.0983
Averaged Test AUC: 0.7231
Std Test Accurancy: 0.0574
Std Test AUC: 0.1931
------------------------- Round is  11 ------------------------- time cost ------------------------- 29.041458129882812
------------------------- Budget is : [9.375771760940552, 10.550357341766357, 12.262812376022339, 13.546142101287842, 15.182296514511108, 16.806487798690796, 18.74679684638977, 20.908663749694824, 23.411128520965576, 24.75996470451355, 27.2163143157959, 29.041458129882812]
>> similarity:   0%|                                  | 0/10000 [00:00<?, ?it/s]>> similarity:   7%|█▍                    | 662/10000 [00:00<00:01, 6617.10it/s]>> similarity:  13%|██▊                  | 1324/10000 [00:00<00:01, 6607.09it/s]>> similarity:  20%|████▏                | 1985/10000 [00:00<00:01, 6582.18it/s]>> similarity:  26%|█████▌               | 2644/10000 [00:00<00:01, 6572.04it/s]>> similarity:  33%|██████▉              | 3305/10000 [00:00<00:01, 6582.19it/s]>> similarity:  40%|████████▎            | 3964/10000 [00:00<00:00, 6579.05it/s]>> similarity:  46%|█████████▋           | 4626/10000 [00:00<00:00, 6592.08it/s]>> similarity:  53%|███████████          | 5291/10000 [00:00<00:00, 6608.39it/s]>> similarity:  60%|████████████▌        | 5956/10000 [00:00<00:00, 6618.77it/s]>> similarity:  66%|█████████████▉       | 6619/10000 [00:01<00:00, 6622.00it/s]>> similarity:  73%|███████████████▎     | 7282/10000 [00:01<00:00, 6575.70it/s]>> similarity:  79%|████████████████▋    | 7940/10000 [00:01<00:00, 6576.07it/s]>> similarity:  86%|██████████████████   | 8607/10000 [00:01<00:00, 6601.67it/s]>> similarity:  93%|███████████████████▍ | 9276/10000 [00:01<00:00, 6625.31it/s]>> similarity:  99%|████████████████████▊| 9939/10000 [00:01<00:00, 6614.58it/s]>> similarity: 100%|████████████████████| 10000/10000 [00:01<00:00, 6600.33it/s]
round is 12 select id is : [32, 2, 4, 74, 76, 78, 22, 87, 88, 30]
self.cost_time is : 312.28000000000003 ids is  [32, 2, 4, 74, 76, 78, 22, 87, 88, 30]
select client num is : 130 self.samples is : 60000
weight is : 0.0006341740543540013
weight is : 0.0005284783786283344
weight is : 0.0005284783786283344
weight is : 0.0035143812178784237
weight is : 0.0011758643924480439
weight is : 0.0014136796628307945
weight is : 0.0005284783786283344
weight is : 0.003633288853069799
weight is : 0.00257633209581313
weight is : 0.045845499346008005
weight is : 0.0005284783786283344
weight is : 0.0006341740543540013
weight is : 0.0005284783786283344
weight is : 0.0005284783786283344
weight is : 0.0035143812178784237
weight is : 0.0011758643924480439
weight is : 0.0014136796628307945
weight is : 0.003633288853069799
weight is : 0.00257633209581313
weight is : 0.045845499346008005
weight is : 0.0006341740543540013
weight is : 0.0005284783786283344
weight is : 0.0005284783786283344
weight is : 0.0035143812178784237
weight is : 0.0010173208788595437
weight is : 0.0011758643924480439
weight is : 0.0014136796628307945
weight is : 0.003633288853069799
weight is : 0.00257633209581313
weight is : 0.045845499346008005
weight is : 0.0006341740543540013
weight is : 0.0005284783786283344
weight is : 0.0005284783786283344
weight is : 0.0035143812178784237
weight is : 0.0010173208788595437
weight is : 0.0014136796628307945
weight is : 0.000990896959928127
weight is : 0.003633288853069799
weight is : 0.00257633209581313
weight is : 0.045845499346008005
weight is : 0.0005284783786283344
weight is : 0.0005284783786283344
weight is : 0.0035143812178784237
weight is : 0.0010173208788595437
weight is : 0.0005284783786283344
weight is : 0.0011758643924480439
weight is : 0.0014136796628307945
weight is : 0.003633288853069799
weight is : 0.00257633209581313
weight is : 0.045845499346008005
weight is : 0.0005284783786283344
weight is : 0.0005284783786283344
weight is : 0.0035143812178784237
weight is : 0.0005284783786283344
weight is : 0.0014136796628307945
weight is : 0.0005284783786283344
weight is : 0.003633288853069799
weight is : 0.00257633209581313
weight is : 0.045845499346008005
weight is : 0.02695239731004505
weight is : 0.0005284783786283344
weight is : 0.0005284783786283344
weight is : 0.0035143812178784237
weight is : 0.0005284783786283344
weight is : 0.0011758643924480439
weight is : 0.0014136796628307945
weight is : 0.003633288853069799
weight is : 0.00257633209581313
weight is : 0.045845499346008005
weight is : 0.02695239731004505
weight is : 0.0005284783786283344
weight is : 0.0005284783786283344
weight is : 0.0035143812178784237
weight is : 0.0005284783786283344
weight is : 0.0011758643924480439
weight is : 0.0014136796628307945
weight is : 0.003633288853069799
weight is : 0.00257633209581313
weight is : 0.045845499346008005
weight is : 0.02695239731004505
weight is : 0.0005284783786283344
weight is : 0.0005284783786283344
weight is : 0.0035143812178784237
weight is : 0.0005284783786283344
weight is : 0.0014136796628307945
weight is : 0.0005284783786283344
weight is : 0.003633288853069799
weight is : 0.00257633209581313
weight is : 0.045845499346008005
weight is : 0.02695239731004505
weight is : 0.0005284783786283344
weight is : 0.0035143812178784237
weight is : 0.0005284783786283344
weight is : 0.0011758643924480439
weight is : 0.0014136796628307945
weight is : 0.001215500270845169
weight is : 0.003633288853069799
weight is : 0.00257633209581313
weight is : 0.045845499346008005
weight is : 0.02695239731004505
weight is : 0.0005284783786283344
weight is : 0.0005284783786283344
weight is : 0.0035143812178784237
weight is : 0.0011758643924480439
weight is : 0.0005284783786283344
weight is : 0.0014136796628307945
weight is : 0.003633288853069799
weight is : 0.00257633209581313
weight is : 0.045845499346008005
weight is : 0.02695239731004505
weight is : 0.0005284783786283344
weight is : 0.0005284783786283344
weight is : 0.0035143812178784237
weight is : 0.0011758643924480439
weight is : 0.0014136796628307945
weight is : 0.0032237181096328397
weight is : 0.003633288853069799
weight is : 0.00257633209581313
weight is : 0.045845499346008005
weight is : 0.02695239731004505
weight is : 0.0005284783786283344
weight is : 0.0006341740543540013
weight is : 0.0005284783786283344
weight is : 0.0035143812178784237
weight is : 0.0005284783786283344
weight is : 0.0032237181096328397
weight is : 0.003633288853069799
weight is : 0.00257633209581313
weight is : 0.045845499346008005
weight is : 0.02695239731004505

-------------Round number: 12-------------

Evaluate global model
Averaged Train Loss: 7.2377
Averaged Test Accurancy: 0.0987
Averaged Test AUC: 0.7247
Std Test Accurancy: 0.0566
Std Test AUC: 0.1921
------------------------- Round is  12 ------------------------- time cost ------------------------- 31.15059542655945
------------------------- Budget is : [9.375771760940552, 10.550357341766357, 12.262812376022339, 13.546142101287842, 15.182296514511108, 16.806487798690796, 18.74679684638977, 20.908663749694824, 23.411128520965576, 24.75996470451355, 27.2163143157959, 29.041458129882812, 31.15059542655945]
>> similarity:   0%|                                  | 0/10000 [00:00<?, ?it/s]>> similarity:   6%|█▍                    | 645/10000 [00:00<00:01, 6444.46it/s]>> similarity:  13%|██▋                  | 1301/10000 [00:00<00:01, 6511.87it/s]>> similarity:  20%|████▏                | 1967/10000 [00:00<00:01, 6578.69it/s]>> similarity:  26%|█████▌               | 2629/10000 [00:00<00:01, 6592.39it/s]>> similarity:  33%|██████▉              | 3290/10000 [00:00<00:01, 6596.19it/s]>> similarity:  40%|████████▎            | 3954/10000 [00:00<00:00, 6607.87it/s]>> similarity:  46%|█████████▋           | 4615/10000 [00:00<00:00, 6561.19it/s]>> similarity:  53%|███████████          | 5281/10000 [00:00<00:00, 6589.89it/s]>> similarity:  59%|████████████▍        | 5942/10000 [00:00<00:00, 6592.65it/s]>> similarity:  66%|█████████████▊       | 6602/10000 [00:01<00:00, 6546.31it/s]>> similarity:  73%|███████████████▏     | 7257/10000 [00:01<00:00, 6467.89it/s]>> similarity:  79%|████████████████▌    | 7911/10000 [00:01<00:00, 6489.22it/s]>> similarity:  86%|██████████████████   | 8581/10000 [00:01<00:00, 6550.97it/s]>> similarity:  92%|███████████████████▍ | 9248/10000 [00:01<00:00, 6585.54it/s]>> similarity:  99%|████████████████████▊| 9909/10000 [00:01<00:00, 6592.16it/s]>> similarity: 100%|████████████████████| 10000/10000 [00:01<00:00, 6564.76it/s]
round is 13 select id is : [32, 4, 38, 74, 76, 78, 22, 87, 88, 30]
self.cost_time is : 333.74 ids is  [32, 4, 38, 74, 76, 78, 22, 87, 88, 30]
select client num is : 140 self.samples is : 60000
weight is : 0.0005820227716409405
weight is : 0.00048501897636745036
weight is : 0.00048501897636745036
weight is : 0.003225376192843545
weight is : 0.001079167222417577
weight is : 0.0012974257617829298
weight is : 0.00048501897636745036
weight is : 0.0033345054625262215
weight is : 0.0023644675097913206
weight is : 0.04207539619987632
weight is : 0.00048501897636745036
weight is : 0.0005820227716409405
weight is : 0.00048501897636745036
weight is : 0.00048501897636745036
weight is : 0.003225376192843545
weight is : 0.001079167222417577
weight is : 0.0012974257617829298
weight is : 0.0033345054625262215
weight is : 0.0023644675097913206
weight is : 0.04207539619987632
weight is : 0.0005820227716409405
weight is : 0.00048501897636745036
weight is : 0.00048501897636745036
weight is : 0.003225376192843545
weight is : 0.000933661529507342
weight is : 0.001079167222417577
weight is : 0.0012974257617829298
weight is : 0.0033345054625262215
weight is : 0.0023644675097913206
weight is : 0.04207539619987632
weight is : 0.0005820227716409405
weight is : 0.00048501897636745036
weight is : 0.00048501897636745036
weight is : 0.003225376192843545
weight is : 0.000933661529507342
weight is : 0.0012974257617829298
weight is : 0.0009094105806889695
weight is : 0.0033345054625262215
weight is : 0.0023644675097913206
weight is : 0.04207539619987632
weight is : 0.00048501897636745036
weight is : 0.00048501897636745036
weight is : 0.003225376192843545
weight is : 0.000933661529507342
weight is : 0.00048501897636745036
weight is : 0.001079167222417577
weight is : 0.0012974257617829298
weight is : 0.0033345054625262215
weight is : 0.0023644675097913206
weight is : 0.04207539619987632
weight is : 0.00048501897636745036
weight is : 0.00048501897636745036
weight is : 0.003225376192843545
weight is : 0.00048501897636745036
weight is : 0.0012974257617829298
weight is : 0.00048501897636745036
weight is : 0.0033345054625262215
weight is : 0.0023644675097913206
weight is : 0.04207539619987632
weight is : 0.02473596779473997
weight is : 0.00048501897636745036
weight is : 0.00048501897636745036
weight is : 0.003225376192843545
weight is : 0.00048501897636745036
weight is : 0.001079167222417577
weight is : 0.0012974257617829298
weight is : 0.0033345054625262215
weight is : 0.0023644675097913206
weight is : 0.04207539619987632
weight is : 0.02473596779473997
weight is : 0.00048501897636745036
weight is : 0.00048501897636745036
weight is : 0.003225376192843545
weight is : 0.00048501897636745036
weight is : 0.001079167222417577
weight is : 0.0012974257617829298
weight is : 0.0033345054625262215
weight is : 0.0023644675097913206
weight is : 0.04207539619987632
weight is : 0.02473596779473997
weight is : 0.00048501897636745036
weight is : 0.00048501897636745036
weight is : 0.003225376192843545
weight is : 0.00048501897636745036
weight is : 0.0012974257617829298
weight is : 0.00048501897636745036
weight is : 0.0033345054625262215
weight is : 0.0023644675097913206
weight is : 0.04207539619987632
weight is : 0.02473596779473997
weight is : 0.00048501897636745036
weight is : 0.003225376192843545
weight is : 0.00048501897636745036
weight is : 0.001079167222417577
weight is : 0.0012974257617829298
weight is : 0.001115543645645136
weight is : 0.0033345054625262215
weight is : 0.0023644675097913206
weight is : 0.04207539619987632
weight is : 0.02473596779473997
weight is : 0.00048501897636745036
weight is : 0.00048501897636745036
weight is : 0.003225376192843545
weight is : 0.001079167222417577
weight is : 0.00048501897636745036
weight is : 0.0012974257617829298
weight is : 0.0033345054625262215
weight is : 0.0023644675097913206
weight is : 0.04207539619987632
weight is : 0.02473596779473997
weight is : 0.00048501897636745036
weight is : 0.00048501897636745036
weight is : 0.003225376192843545
weight is : 0.001079167222417577
weight is : 0.0012974257617829298
weight is : 0.002958615755841447
weight is : 0.0033345054625262215
weight is : 0.0023644675097913206
weight is : 0.04207539619987632
weight is : 0.02473596779473997
weight is : 0.00048501897636745036
weight is : 0.0005820227716409405
weight is : 0.00048501897636745036
weight is : 0.003225376192843545
weight is : 0.00048501897636745036
weight is : 0.002958615755841447
weight is : 0.0033345054625262215
weight is : 0.0023644675097913206
weight is : 0.04207539619987632
weight is : 0.02473596779473997
weight is : 0.0005820227716409405
weight is : 0.00048501897636745036
weight is : 0.003225376192843545
weight is : 0.00048501897636745036
weight is : 0.0019885778031065466
weight is : 0.002958615755841447
weight is : 0.0033345054625262215
weight is : 0.0023644675097913206
weight is : 0.04207539619987632
weight is : 0.02473596779473997

-------------Round number: 13-------------

Evaluate global model
Averaged Train Loss: 7.3700
Averaged Test Accurancy: 0.0981
Averaged Test AUC: 0.7257
Std Test Accurancy: 0.0564
Std Test AUC: 0.1906
------------------------- Round is  13 ------------------------- time cost ------------------------- 33.15936589241028
------------------------- Budget is : [9.375771760940552, 10.550357341766357, 12.262812376022339, 13.546142101287842, 15.182296514511108, 16.806487798690796, 18.74679684638977, 20.908663749694824, 23.411128520965576, 24.75996470451355, 27.2163143157959, 29.041458129882812, 31.15059542655945, 33.15936589241028]
>> similarity:   0%|                                  | 0/10000 [00:00<?, ?it/s]>> similarity:   7%|█▍                    | 669/10000 [00:00<00:01, 6684.51it/s]>> similarity:  13%|██▊                  | 1338/10000 [00:00<00:01, 6653.66it/s]>> similarity:  20%|████▏                | 2004/10000 [00:00<00:01, 6518.99it/s]>> similarity:  27%|█████▌               | 2668/10000 [00:00<00:01, 6563.98it/s]>> similarity:  33%|██████▉              | 3325/10000 [00:00<00:01, 6540.89it/s]>> similarity:  40%|████████▎            | 3980/10000 [00:00<00:00, 6536.41it/s]>> similarity:  46%|█████████▊           | 4645/10000 [00:00<00:00, 6570.55it/s]>> similarity:  53%|███████████▏         | 5303/10000 [00:00<00:00, 6568.23it/s]>> similarity:  60%|████████████▌        | 5960/10000 [00:00<00:00, 6505.84it/s]>> similarity:  66%|█████████████▉       | 6615/10000 [00:01<00:00, 6516.40it/s]>> similarity:  73%|███████████████▎     | 7277/10000 [00:01<00:00, 6546.58it/s]>> similarity:  79%|████████████████▋    | 7932/10000 [00:01<00:00, 6496.44it/s]>> similarity:  86%|██████████████████   | 8582/10000 [00:01<00:00, 6487.14it/s]>> similarity:  92%|███████████████████▍ | 9231/10000 [00:01<00:00, 6484.09it/s]>> similarity:  99%|████████████████████▊| 9899/10000 [00:01<00:00, 6542.72it/s]>> similarity: 100%|████████████████████| 10000/10000 [00:01<00:00, 6534.67it/s]
round is 14 select id is : [4, 7, 74, 76, 78, 79, 22, 87, 88, 30]
self.cost_time is : 355.2 ids is  [4, 7, 74, 76, 78, 79, 22, 87, 88, 30]
select client num is : 150 self.samples is : 60000
weight is : 0.0005375019596425612
weight is : 0.0004479182997021343
weight is : 0.0004479182997021343
weight is : 0.0029786566930191933
weight is : 0.0009966182168372488
weight is : 0.0011981814517032093
weight is : 0.0004479182997021343
weight is : 0.0030794383104521734
weight is : 0.002183601711047905
weight is : 0.03885691249916015
weight is : 0.0004479182997021343
weight is : 0.0005375019596425612
weight is : 0.0004479182997021343
weight is : 0.0004479182997021343
weight is : 0.0029786566930191933
weight is : 0.0009966182168372488
weight is : 0.0011981814517032093
weight is : 0.0030794383104521734
weight is : 0.002183601711047905
weight is : 0.03885691249916015
weight is : 0.0005375019596425612
weight is : 0.0004479182997021343
weight is : 0.0004479182997021343
weight is : 0.0029786566930191933
weight is : 0.0008622427269266086
weight is : 0.0009966182168372488
weight is : 0.0011981814517032093
weight is : 0.0030794383104521734
weight is : 0.002183601711047905
weight is : 0.03885691249916015
weight is : 0.0005375019596425612
weight is : 0.0004479182997021343
weight is : 0.0004479182997021343
weight is : 0.0029786566930191933
weight is : 0.0008622427269266086
weight is : 0.0011981814517032093
weight is : 0.0008398468119415019
weight is : 0.0030794383104521734
weight is : 0.002183601711047905
weight is : 0.03885691249916015
weight is : 0.0004479182997021343
weight is : 0.0004479182997021343
weight is : 0.0029786566930191933
weight is : 0.0008622427269266086
weight is : 0.0004479182997021343
weight is : 0.0009966182168372488
weight is : 0.0011981814517032093
weight is : 0.0030794383104521734
weight is : 0.002183601711047905
weight is : 0.03885691249916015
weight is : 0.0004479182997021343
weight is : 0.0004479182997021343
weight is : 0.0029786566930191933
weight is : 0.0004479182997021343
weight is : 0.0011981814517032093
weight is : 0.0004479182997021343
weight is : 0.0030794383104521734
weight is : 0.002183601711047905
weight is : 0.03885691249916015
weight is : 0.02284383328480885
weight is : 0.0004479182997021343
weight is : 0.0004479182997021343
weight is : 0.0029786566930191933
weight is : 0.0004479182997021343
weight is : 0.0009966182168372488
weight is : 0.0011981814517032093
weight is : 0.0030794383104521734
weight is : 0.002183601711047905
weight is : 0.03885691249916015
weight is : 0.02284383328480885
weight is : 0.0004479182997021343
weight is : 0.0004479182997021343
weight is : 0.0029786566930191933
weight is : 0.0004479182997021343
weight is : 0.0009966182168372488
weight is : 0.0011981814517032093
weight is : 0.0030794383104521734
weight is : 0.002183601711047905
weight is : 0.03885691249916015
weight is : 0.02284383328480885
weight is : 0.0004479182997021343
weight is : 0.0004479182997021343
weight is : 0.0029786566930191933
weight is : 0.0004479182997021343
weight is : 0.0011981814517032093
weight is : 0.0004479182997021343
weight is : 0.0030794383104521734
weight is : 0.002183601711047905
weight is : 0.03885691249916015
weight is : 0.02284383328480885
weight is : 0.0004479182997021343
weight is : 0.0029786566930191933
weight is : 0.0004479182997021343
weight is : 0.0009966182168372488
weight is : 0.0011981814517032093
weight is : 0.001030212089314909
weight is : 0.0030794383104521734
weight is : 0.002183601711047905
weight is : 0.03885691249916015
weight is : 0.02284383328480885
weight is : 0.0004479182997021343
weight is : 0.0004479182997021343
weight is : 0.0029786566930191933
weight is : 0.0009966182168372488
weight is : 0.0004479182997021343
weight is : 0.0011981814517032093
weight is : 0.0030794383104521734
weight is : 0.002183601711047905
weight is : 0.03885691249916015
weight is : 0.02284383328480885
weight is : 0.0004479182997021343
weight is : 0.0004479182997021343
weight is : 0.0029786566930191933
weight is : 0.0009966182168372488
weight is : 0.0011981814517032093
weight is : 0.0027323016281830194
weight is : 0.0030794383104521734
weight is : 0.002183601711047905
weight is : 0.03885691249916015
weight is : 0.02284383328480885
weight is : 0.0004479182997021343
weight is : 0.0005375019596425612
weight is : 0.0004479182997021343
weight is : 0.0029786566930191933
weight is : 0.0004479182997021343
weight is : 0.0027323016281830194
weight is : 0.0030794383104521734
weight is : 0.002183601711047905
weight is : 0.03885691249916015
weight is : 0.02284383328480885
weight is : 0.0005375019596425612
weight is : 0.0004479182997021343
weight is : 0.0029786566930191933
weight is : 0.0004479182997021343
weight is : 0.0018364650287787507
weight is : 0.0027323016281830194
weight is : 0.0030794383104521734
weight is : 0.002183601711047905
weight is : 0.03885691249916015
weight is : 0.02284383328480885
weight is : 0.0005375019596425612
weight is : 0.0004479182997021343
weight is : 0.0004479182997021343
weight is : 0.0029786566930191933
weight is : 0.0027323016281830194
weight is : 0.0030794383104521734
weight is : 0.002183601711047905
weight is : 0.0023851649459138654
weight is : 0.03885691249916015
weight is : 0.02284383328480885

-------------Round number: 14-------------

Evaluate global model
Averaged Train Loss: 7.5152
Averaged Test Accurancy: 0.0967
Averaged Test AUC: 0.7263
Std Test Accurancy: 0.0560
Std Test AUC: 0.1886
------------------------- Round is  14 ------------------------- time cost ------------------------- 33.87404656410217
------------------------- Budget is : [9.375771760940552, 10.550357341766357, 12.262812376022339, 13.546142101287842, 15.182296514511108, 16.806487798690796, 18.74679684638977, 20.908663749694824, 23.411128520965576, 24.75996470451355, 27.2163143157959, 29.041458129882812, 31.15059542655945, 33.15936589241028, 33.87404656410217]
>> similarity:   0%|                                  | 0/10000 [00:00<?, ?it/s]>> similarity:   7%|█▍                    | 656/10000 [00:00<00:01, 6556.43it/s]>> similarity:  13%|██▊                  | 1312/10000 [00:00<00:01, 6421.27it/s]>> similarity:  20%|████▏                | 1968/10000 [00:00<00:01, 6481.10it/s]>> similarity:  26%|█████▍               | 2617/10000 [00:00<00:01, 6473.28it/s]>> similarity:  33%|██████▊              | 3268/10000 [00:00<00:01, 6484.94it/s]>> similarity:  39%|████████▏            | 3928/10000 [00:00<00:00, 6522.37it/s]>> similarity:  46%|█████████▋           | 4592/10000 [00:00<00:00, 6557.99it/s]>> similarity:  52%|███████████          | 5248/10000 [00:00<00:00, 6536.28it/s]>> similarity:  59%|████████████▍        | 5907/10000 [00:00<00:00, 6551.72it/s]>> similarity:  66%|█████████████▊       | 6578/10000 [00:01<00:00, 6599.93it/s]>> similarity:  72%|███████████████▏     | 7244/10000 [00:01<00:00, 6615.67it/s]>> similarity:  79%|████████████████▌    | 7916/10000 [00:01<00:00, 6645.63it/s]>> similarity:  86%|██████████████████   | 8581/10000 [00:01<00:00, 6618.27it/s]>> similarity:  92%|███████████████████▍ | 9244/10000 [00:01<00:00, 6619.29it/s]>> similarity:  99%|████████████████████▊| 9913/10000 [00:01<00:00, 6638.35it/s]>> similarity: 100%|████████████████████| 10000/10000 [00:01<00:00, 6576.17it/s]
round is 15 select id is : [32, 39, 74, 76, 78, 51, 22, 87, 88, 30]
self.cost_time is : 380.8 ids is  [32, 39, 74, 76, 78, 51, 22, 87, 88, 30]
select client num is : 160 self.samples is : 60000
weight is : 0.0004997761419364243
weight is : 0.0004164801182803536
weight is : 0.0004164801182803536
weight is : 0.0027695927865643514
weight is : 0.0009266682631737868
weight is : 0.001114084316399946
weight is : 0.0004164801182803536
weight is : 0.002863300813177431
weight is : 0.002030340576616724
weight is : 0.03612965026082068
weight is : 0.0004164801182803536
weight is : 0.0004997761419364243
weight is : 0.0004164801182803536
weight is : 0.0004164801182803536
weight is : 0.0027695927865643514
weight is : 0.0009266682631737868
weight is : 0.001114084316399946
weight is : 0.002863300813177431
weight is : 0.002030340576616724
weight is : 0.03612965026082068
weight is : 0.0004997761419364243
weight is : 0.0004164801182803536
weight is : 0.0004164801182803536
weight is : 0.0027695927865643514
weight is : 0.0008017242276896807
weight is : 0.0009266682631737868
weight is : 0.001114084316399946
weight is : 0.002863300813177431
weight is : 0.002030340576616724
weight is : 0.03612965026082068
weight is : 0.0004997761419364243
weight is : 0.0004164801182803536
weight is : 0.0004164801182803536
weight is : 0.0027695927865643514
weight is : 0.0008017242276896807
weight is : 0.001114084316399946
weight is : 0.000780900221775663
weight is : 0.002863300813177431
weight is : 0.002030340576616724
weight is : 0.03612965026082068
weight is : 0.0004164801182803536
weight is : 0.0004164801182803536
weight is : 0.0027695927865643514
weight is : 0.0008017242276896807
weight is : 0.0004164801182803536
weight is : 0.0009266682631737868
weight is : 0.001114084316399946
weight is : 0.002863300813177431
weight is : 0.002030340576616724
weight is : 0.03612965026082068
weight is : 0.0004164801182803536
weight is : 0.0004164801182803536
weight is : 0.0027695927865643514
weight is : 0.0004164801182803536
weight is : 0.001114084316399946
weight is : 0.0004164801182803536
weight is : 0.002863300813177431
weight is : 0.002030340576616724
weight is : 0.03612965026082068
weight is : 0.02124048603229803
weight is : 0.0004164801182803536
weight is : 0.0004164801182803536
weight is : 0.0027695927865643514
weight is : 0.0004164801182803536
weight is : 0.0009266682631737868
weight is : 0.001114084316399946
weight is : 0.002863300813177431
weight is : 0.002030340576616724
weight is : 0.03612965026082068
weight is : 0.02124048603229803
weight is : 0.0004164801182803536
weight is : 0.0004164801182803536
weight is : 0.0027695927865643514
weight is : 0.0004164801182803536
weight is : 0.0009266682631737868
weight is : 0.001114084316399946
weight is : 0.002863300813177431
weight is : 0.002030340576616724
weight is : 0.03612965026082068
weight is : 0.02124048603229803
weight is : 0.0004164801182803536
weight is : 0.0004164801182803536
weight is : 0.0027695927865643514
weight is : 0.0004164801182803536
weight is : 0.001114084316399946
weight is : 0.0004164801182803536
weight is : 0.002863300813177431
weight is : 0.002030340576616724
weight is : 0.03612965026082068
weight is : 0.02124048603229803
weight is : 0.0004164801182803536
weight is : 0.0027695927865643514
weight is : 0.0004164801182803536
weight is : 0.0009266682631737868
weight is : 0.001114084316399946
weight is : 0.0009579042720448133
weight is : 0.002863300813177431
weight is : 0.002030340576616724
weight is : 0.03612965026082068
weight is : 0.02124048603229803
weight is : 0.0004164801182803536
weight is : 0.0004164801182803536
weight is : 0.0027695927865643514
weight is : 0.0009266682631737868
weight is : 0.0004164801182803536
weight is : 0.001114084316399946
weight is : 0.002863300813177431
weight is : 0.002030340576616724
weight is : 0.03612965026082068
weight is : 0.02124048603229803
weight is : 0.0004164801182803536
weight is : 0.0004164801182803536
weight is : 0.0027695927865643514
weight is : 0.0009266682631737868
weight is : 0.001114084316399946
weight is : 0.002540528721510157
weight is : 0.002863300813177431
weight is : 0.002030340576616724
weight is : 0.03612965026082068
weight is : 0.02124048603229803
weight is : 0.0004164801182803536
weight is : 0.0004997761419364243
weight is : 0.0004164801182803536
weight is : 0.0027695927865643514
weight is : 0.0004164801182803536
weight is : 0.002540528721510157
weight is : 0.002863300813177431
weight is : 0.002030340576616724
weight is : 0.03612965026082068
weight is : 0.02124048603229803
weight is : 0.0004997761419364243
weight is : 0.0004164801182803536
weight is : 0.0027695927865643514
weight is : 0.0004164801182803536
weight is : 0.0017075684849494498
weight is : 0.002540528721510157
weight is : 0.002863300813177431
weight is : 0.002030340576616724
weight is : 0.03612965026082068
weight is : 0.02124048603229803
weight is : 0.0004997761419364243
weight is : 0.0004164801182803536
weight is : 0.0004164801182803536
weight is : 0.0027695927865643514
weight is : 0.002540528721510157
weight is : 0.002863300813177431
weight is : 0.002030340576616724
weight is : 0.0022177566298428827
weight is : 0.03612965026082068
weight is : 0.02124048603229803
weight is : 0.0004164801182803536
weight is : 0.0027695927865643514
weight is : 0.0004164801182803536
weight is : 0.0009266682631737868
weight is : 0.0008537842424747249
weight is : 0.002540528721510157
weight is : 0.002863300813177431
weight is : 0.002030340576616724
weight is : 0.03612965026082068
weight is : 0.02124048603229803

-------------Round number: 15-------------

Evaluate global model
Averaged Train Loss: 7.6668
Averaged Test Accurancy: 0.0978
Averaged Test AUC: 0.7266
Std Test Accurancy: 0.0561
Std Test AUC: 0.1862
------------------------- Round is  15 ------------------------- time cost ------------------------- 34.89423990249634
------------------------- Budget is : [9.375771760940552, 10.550357341766357, 12.262812376022339, 13.546142101287842, 15.182296514511108, 16.806487798690796, 18.74679684638977, 20.908663749694824, 23.411128520965576, 24.75996470451355, 27.2163143157959, 29.041458129882812, 31.15059542655945, 33.15936589241028, 33.87404656410217, 34.89423990249634]
>> similarity:   0%|                                  | 0/10000 [00:00<?, ?it/s]>> similarity:   7%|█▍                    | 654/10000 [00:00<00:01, 6533.78it/s]>> similarity:  13%|██▋                  | 1308/10000 [00:00<00:01, 6521.80it/s]>> similarity:  20%|████▏                | 1975/10000 [00:00<00:01, 6584.95it/s]>> similarity:  26%|█████▌               | 2634/10000 [00:00<00:01, 6545.42it/s]>> similarity:  33%|██████▉              | 3290/10000 [00:00<00:01, 6549.22it/s]>> similarity:  40%|████████▎            | 3958/10000 [00:00<00:00, 6590.90it/s]>> similarity:  46%|█████████▋           | 4618/10000 [00:00<00:00, 6582.45it/s]>> similarity:  53%|███████████          | 5277/10000 [00:00<00:00, 6579.51it/s]>> similarity:  59%|████████████▍        | 5935/10000 [00:00<00:00, 6576.30it/s]>> similarity:  66%|█████████████▊       | 6593/10000 [00:01<00:00, 6571.24it/s]>> similarity:  73%|███████████████▎     | 7265/10000 [00:01<00:00, 6614.66it/s]>> similarity:  79%|████████████████▋    | 7927/10000 [00:01<00:00, 6616.03it/s]>> similarity:  86%|██████████████████   | 8595/10000 [00:01<00:00, 6635.20it/s]>> similarity:  93%|███████████████████▍ | 9259/10000 [00:01<00:00, 6585.41it/s]>> similarity:  99%|████████████████████▊| 9918/10000 [00:01<00:00, 6584.05it/s]>> similarity: 100%|████████████████████| 10000/10000 [00:01<00:00, 6582.92it/s]
round is 16 select id is : [32, 4, 74, 76, 78, 80, 22, 87, 88, 30]
self.cost_time is : 402.26 ids is  [32, 4, 74, 76, 78, 80, 22, 87, 88, 30]
select client num is : 170 self.samples is : 60000
weight is : 0.00045565438614810665
weight is : 0.00037971198845675554
weight is : 0.00037971198845675554
weight is : 0.0025250847232374243
weight is : 0.0008448591743162811
weight is : 0.001015729569121821
weight is : 0.00037971198845675554
weight is : 0.0026105199206401942
weight is : 0.0018510959437266833
weight is : 0.03294001499862354
weight is : 0.00037971198845675554
weight is : 0.00045565438614810665
weight is : 0.00037971198845675554
weight is : 0.00037971198845675554
weight is : 0.0025250847232374243
weight is : 0.0008448591743162811
weight is : 0.001015729569121821
weight is : 0.0026105199206401942
weight is : 0.0018510959437266833
weight is : 0.03294001499862354
weight is : 0.00045565438614810665
weight is : 0.00037971198845675554
weight is : 0.00037971198845675554
weight is : 0.0025250847232374243
weight is : 0.0007309455777792544
weight is : 0.0008448591743162811
weight is : 0.001015729569121821
weight is : 0.0026105199206401942
weight is : 0.0018510959437266833
weight is : 0.03294001499862354
weight is : 0.00045565438614810665
weight is : 0.00037971198845675554
weight is : 0.00037971198845675554
weight is : 0.0025250847232374243
weight is : 0.0007309455777792544
weight is : 0.001015729569121821
weight is : 0.0007119599783564167
weight is : 0.0026105199206401942
weight is : 0.0018510959437266833
weight is : 0.03294001499862354
weight is : 0.00037971198845675554
weight is : 0.00037971198845675554
weight is : 0.0025250847232374243
weight is : 0.0007309455777792544
weight is : 0.00037971198845675554
weight is : 0.0008448591743162811
weight is : 0.001015729569121821
weight is : 0.0026105199206401942
weight is : 0.0018510959437266833
weight is : 0.03294001499862354
weight is : 0.00037971198845675554
weight is : 0.00037971198845675554
weight is : 0.0025250847232374243
weight is : 0.00037971198845675554
weight is : 0.001015729569121821
weight is : 0.00037971198845675554
weight is : 0.0026105199206401942
weight is : 0.0018510959437266833
weight is : 0.03294001499862354
weight is : 0.019365311411294533
weight is : 0.00037971198845675554
weight is : 0.00037971198845675554
weight is : 0.0025250847232374243
weight is : 0.00037971198845675554
weight is : 0.0008448591743162811
weight is : 0.001015729569121821
weight is : 0.0026105199206401942
weight is : 0.0018510959437266833
weight is : 0.03294001499862354
weight is : 0.019365311411294533
weight is : 0.00037971198845675554
weight is : 0.00037971198845675554
weight is : 0.0025250847232374243
weight is : 0.00037971198845675554
weight is : 0.0008448591743162811
weight is : 0.001015729569121821
weight is : 0.0026105199206401942
weight is : 0.0018510959437266833
weight is : 0.03294001499862354
weight is : 0.019365311411294533
weight is : 0.00037971198845675554
weight is : 0.00037971198845675554
weight is : 0.0025250847232374243
weight is : 0.00037971198845675554
weight is : 0.001015729569121821
weight is : 0.00037971198845675554
weight is : 0.0026105199206401942
weight is : 0.0018510959437266833
weight is : 0.03294001499862354
weight is : 0.019365311411294533
weight is : 0.00037971198845675554
weight is : 0.0025250847232374243
weight is : 0.00037971198845675554
weight is : 0.0008448591743162811
weight is : 0.001015729569121821
weight is : 0.0008733375734505378
weight is : 0.0026105199206401942
weight is : 0.0018510959437266833
weight is : 0.03294001499862354
weight is : 0.019365311411294533
weight is : 0.00037971198845675554
weight is : 0.00037971198845675554
weight is : 0.0025250847232374243
weight is : 0.0008448591743162811
weight is : 0.00037971198845675554
weight is : 0.001015729569121821
weight is : 0.0026105199206401942
weight is : 0.0018510959437266833
weight is : 0.03294001499862354
weight is : 0.019365311411294533
weight is : 0.00037971198845675554
weight is : 0.00037971198845675554
weight is : 0.0025250847232374243
weight is : 0.0008448591743162811
weight is : 0.001015729569121821
weight is : 0.002316243129586209
weight is : 0.0026105199206401942
weight is : 0.0018510959437266833
weight is : 0.03294001499862354
weight is : 0.019365311411294533
weight is : 0.00037971198845675554
weight is : 0.00045565438614810665
weight is : 0.00037971198845675554
weight is : 0.0025250847232374243
weight is : 0.00037971198845675554
weight is : 0.002316243129586209
weight is : 0.0026105199206401942
weight is : 0.0018510959437266833
weight is : 0.03294001499862354
weight is : 0.019365311411294533
weight is : 0.00045565438614810665
weight is : 0.00037971198845675554
weight is : 0.0025250847232374243
weight is : 0.00037971198845675554
weight is : 0.0015568191526726977
weight is : 0.002316243129586209
weight is : 0.0026105199206401942
weight is : 0.0018510959437266833
weight is : 0.03294001499862354
weight is : 0.019365311411294533
weight is : 0.00045565438614810665
weight is : 0.00037971198845675554
weight is : 0.00037971198845675554
weight is : 0.0025250847232374243
weight is : 0.002316243129586209
weight is : 0.0026105199206401942
weight is : 0.0018510959437266833
weight is : 0.002021966338532223
weight is : 0.03294001499862354
weight is : 0.019365311411294533
weight is : 0.00037971198845675554
weight is : 0.0025250847232374243
weight is : 0.00037971198845675554
weight is : 0.0008448591743162811
weight is : 0.0007784095763363489
weight is : 0.002316243129586209
weight is : 0.0026105199206401942
weight is : 0.0018510959437266833
weight is : 0.03294001499862354
weight is : 0.019365311411294533
weight is : 0.00045565438614810665
weight is : 0.00037971198845675554
weight is : 0.0025250847232374243
weight is : 0.00037971198845675554
weight is : 0.002316243129586209
weight is : 0.0026105199206401942
weight is : 0.0018510959437266833
weight is : 0.02545968882602546
weight is : 0.03294001499862354
weight is : 0.019365311411294533

-------------Round number: 16-------------

Evaluate global model
Averaged Train Loss: 7.7124
Averaged Test Accurancy: 0.0993
Averaged Test AUC: 0.7280
Std Test Accurancy: 0.0560
Std Test AUC: 0.1837
------------------------- Round is  16 ------------------------- time cost ------------------------- 37.679078578948975
------------------------- Budget is : [9.375771760940552, 10.550357341766357, 12.262812376022339, 13.546142101287842, 15.182296514511108, 16.806487798690796, 18.74679684638977, 20.908663749694824, 23.411128520965576, 24.75996470451355, 27.2163143157959, 29.041458129882812, 31.15059542655945, 33.15936589241028, 33.87404656410217, 34.89423990249634, 37.679078578948975]
>> similarity:   0%|                                  | 0/10000 [00:00<?, ?it/s]>> similarity:   6%|█▍                    | 645/10000 [00:00<00:01, 6445.38it/s]>> similarity:  13%|██▋                  | 1292/10000 [00:00<00:01, 6456.21it/s]>> similarity:  19%|████                 | 1943/10000 [00:00<00:01, 6477.79it/s]>> similarity:  26%|█████▍               | 2592/10000 [00:00<00:01, 6480.41it/s]>> similarity:  32%|██████▊              | 3241/10000 [00:00<00:01, 6473.20it/s]>> similarity:  39%|████████▏            | 3889/10000 [00:00<00:00, 6469.63it/s]>> similarity:  46%|█████████▌           | 4557/10000 [00:00<00:00, 6536.63it/s]>> similarity:  52%|██████████▉          | 5220/10000 [00:00<00:00, 6563.22it/s]>> similarity:  59%|████████████▎        | 5877/10000 [00:00<00:00, 6559.60it/s]>> similarity:  65%|█████████████▋       | 6540/10000 [00:01<00:00, 6578.50it/s]>> similarity:  72%|███████████████▏     | 7206/10000 [00:01<00:00, 6601.12it/s]>> similarity:  79%|████████████████▌    | 7867/10000 [00:01<00:00, 6578.84it/s]>> similarity:  85%|█████████████████▉   | 8537/10000 [00:01<00:00, 6614.86it/s]>> similarity:  92%|███████████████████▎ | 9199/10000 [00:01<00:00, 6589.27it/s]>> similarity:  99%|████████████████████▋| 9858/10000 [00:01<00:00, 6561.06it/s]>> similarity: 100%|████████████████████| 10000/10000 [00:01<00:00, 6547.58it/s]
round is 17 select id is : [32, 99, 4, 74, 76, 78, 80, 22, 87, 88]
self.cost_time is : 423.71999999999997 ids is  [32, 99, 4, 74, 76, 78, 80, 22, 87, 88]
select client num is : 180 self.samples is : 60000
weight is : 0.0004106705908523126
weight is : 0.00034222549237692714
weight is : 0.00034222549237692714
weight is : 0.0022757995243065654
weight is : 0.0007614517205386629
weight is : 0.0009154531921082801
weight is : 0.00034222549237692714
weight is : 0.002352800260091374
weight is : 0.0016683492753375199
weight is : 0.029688061463698432
weight is : 0.00034222549237692714
weight is : 0.0004106705908523126
weight is : 0.00034222549237692714
weight is : 0.00034222549237692714
weight is : 0.0022757995243065654
weight is : 0.0007614517205386629
weight is : 0.0009154531921082801
weight is : 0.002352800260091374
weight is : 0.0016683492753375199
weight is : 0.029688061463698432
weight is : 0.0004106705908523126
weight is : 0.00034222549237692714
weight is : 0.00034222549237692714
weight is : 0.0022757995243065654
weight is : 0.0006587840728255848
weight is : 0.0007614517205386629
weight is : 0.0009154531921082801
weight is : 0.002352800260091374
weight is : 0.0016683492753375199
weight is : 0.029688061463698432
weight is : 0.0004106705908523126
weight is : 0.00034222549237692714
weight is : 0.00034222549237692714
weight is : 0.0022757995243065654
weight is : 0.0006587840728255848
weight is : 0.0009154531921082801
weight is : 0.0006416727982067384
weight is : 0.002352800260091374
weight is : 0.0016683492753375199
weight is : 0.029688061463698432
weight is : 0.00034222549237692714
weight is : 0.00034222549237692714
weight is : 0.0022757995243065654
weight is : 0.0006587840728255848
weight is : 0.00034222549237692714
weight is : 0.0007614517205386629
weight is : 0.0009154531921082801
weight is : 0.002352800260091374
weight is : 0.0016683492753375199
weight is : 0.029688061463698432
weight is : 0.00034222549237692714
weight is : 0.00034222549237692714
weight is : 0.0022757995243065654
weight is : 0.00034222549237692714
weight is : 0.0009154531921082801
weight is : 0.00034222549237692714
weight is : 0.002352800260091374
weight is : 0.0016683492753375199
weight is : 0.029688061463698432
weight is : 0.017453500111223284
weight is : 0.00034222549237692714
weight is : 0.00034222549237692714
weight is : 0.0022757995243065654
weight is : 0.00034222549237692714
weight is : 0.0007614517205386629
weight is : 0.0009154531921082801
weight is : 0.002352800260091374
weight is : 0.0016683492753375199
weight is : 0.029688061463698432
weight is : 0.017453500111223284
weight is : 0.00034222549237692714
weight is : 0.00034222549237692714
weight is : 0.0022757995243065654
weight is : 0.00034222549237692714
weight is : 0.0007614517205386629
weight is : 0.0009154531921082801
weight is : 0.002352800260091374
weight is : 0.0016683492753375199
weight is : 0.029688061463698432
weight is : 0.017453500111223284
weight is : 0.00034222549237692714
weight is : 0.00034222549237692714
weight is : 0.0022757995243065654
weight is : 0.00034222549237692714
weight is : 0.0009154531921082801
weight is : 0.00034222549237692714
weight is : 0.002352800260091374
weight is : 0.0016683492753375199
weight is : 0.029688061463698432
weight is : 0.017453500111223284
weight is : 0.00034222549237692714
weight is : 0.0022757995243065654
weight is : 0.00034222549237692714
weight is : 0.0007614517205386629
weight is : 0.0009154531921082801
weight is : 0.0007871186324669325
weight is : 0.002352800260091374
weight is : 0.0016683492753375199
weight is : 0.029688061463698432
weight is : 0.017453500111223284
weight is : 0.00034222549237692714
weight is : 0.00034222549237692714
weight is : 0.0022757995243065654
weight is : 0.0007614517205386629
weight is : 0.00034222549237692714
weight is : 0.0009154531921082801
weight is : 0.002352800260091374
weight is : 0.0016683492753375199
weight is : 0.029688061463698432
weight is : 0.017453500111223284
weight is : 0.00034222549237692714
weight is : 0.00034222549237692714
weight is : 0.0022757995243065654
weight is : 0.0007614517205386629
weight is : 0.0009154531921082801
weight is : 0.0020875755034992557
weight is : 0.002352800260091374
weight is : 0.0016683492753375199
weight is : 0.029688061463698432
weight is : 0.017453500111223284
weight is : 0.00034222549237692714
weight is : 0.0004106705908523126
weight is : 0.00034222549237692714
weight is : 0.0022757995243065654
weight is : 0.00034222549237692714
weight is : 0.0020875755034992557
weight is : 0.002352800260091374
weight is : 0.0016683492753375199
weight is : 0.029688061463698432
weight is : 0.017453500111223284
weight is : 0.0004106705908523126
weight is : 0.00034222549237692714
weight is : 0.0022757995243065654
weight is : 0.00034222549237692714
weight is : 0.0014031245187454014
weight is : 0.0020875755034992557
weight is : 0.002352800260091374
weight is : 0.0016683492753375199
weight is : 0.029688061463698432
weight is : 0.017453500111223284
weight is : 0.0004106705908523126
weight is : 0.00034222549237692714
weight is : 0.00034222549237692714
weight is : 0.0022757995243065654
weight is : 0.0020875755034992557
weight is : 0.002352800260091374
weight is : 0.0016683492753375199
weight is : 0.0018223507469071372
weight is : 0.029688061463698432
weight is : 0.017453500111223284
weight is : 0.00034222549237692714
weight is : 0.0022757995243065654
weight is : 0.00034222549237692714
weight is : 0.0007614517205386629
weight is : 0.0007015622593727007
weight is : 0.0020875755034992557
weight is : 0.002352800260091374
weight is : 0.0016683492753375199
weight is : 0.029688061463698432
weight is : 0.017453500111223284
weight is : 0.0004106705908523126
weight is : 0.00034222549237692714
weight is : 0.0022757995243065654
weight is : 0.00034222549237692714
weight is : 0.0020875755034992557
weight is : 0.002352800260091374
weight is : 0.0016683492753375199
weight is : 0.022946219263872965
weight is : 0.029688061463698432
weight is : 0.017453500111223284
weight is : 0.0004106705908523126
weight is : 0.00034222549237692714
weight is : 0.00034222549237692714
weight is : 0.0020875755034992557
weight is : 0.002352800260091374
weight is : 0.0016683492753375199
weight is : 0.022946219263872965
weight is : 0.029688061463698432
weight is : 0.017453500111223284
weight is : 0.021431871460105063

-------------Round number: 17-------------

Evaluate global model
Averaged Train Loss: 7.6338
Averaged Test Accurancy: 0.1023
Averaged Test AUC: 0.7306
Std Test Accurancy: 0.0527
Std Test AUC: 0.1809
------------------------- Round is  17 ------------------------- time cost ------------------------- 40.343401193618774
------------------------- Budget is : [9.375771760940552, 10.550357341766357, 12.262812376022339, 13.546142101287842, 15.182296514511108, 16.806487798690796, 18.74679684638977, 20.908663749694824, 23.411128520965576, 24.75996470451355, 27.2163143157959, 29.041458129882812, 31.15059542655945, 33.15936589241028, 33.87404656410217, 34.89423990249634, 37.679078578948975, 40.343401193618774]
>> similarity:   0%|                                  | 0/10000 [00:00<?, ?it/s]>> similarity:   7%|█▍                    | 651/10000 [00:00<00:01, 6501.12it/s]>> similarity:  13%|██▋                  | 1302/10000 [00:00<00:01, 6483.94it/s]>> similarity:  20%|████▏                | 1971/10000 [00:00<00:01, 6577.55it/s]>> similarity:  26%|█████▌               | 2629/10000 [00:00<00:01, 6549.87it/s]>> similarity:  33%|██████▉              | 3290/10000 [00:00<00:01, 6571.05it/s]>> similarity:  40%|████████▎            | 3956/10000 [00:00<00:00, 6601.16it/s]>> similarity:  46%|█████████▋           | 4617/10000 [00:00<00:00, 6591.00it/s]>> similarity:  53%|███████████          | 5282/10000 [00:00<00:00, 6607.47it/s]>> similarity:  59%|████████████▍        | 5943/10000 [00:00<00:00, 6600.40it/s]>> similarity:  66%|█████████████▊       | 6604/10000 [00:01<00:00, 6545.62it/s]>> similarity:  73%|███████████████▏     | 7259/10000 [00:01<00:00, 6514.89it/s]>> similarity:  79%|████████████████▌    | 7915/10000 [00:01<00:00, 6526.17it/s]>> similarity:  86%|██████████████████   | 8577/10000 [00:01<00:00, 6551.79it/s]>> similarity:  92%|███████████████████▍ | 9237/10000 [00:01<00:00, 6565.11it/s]>> similarity:  99%|████████████████████▊| 9894/10000 [00:01<00:00, 6530.52it/s]>> similarity: 100%|████████████████████| 10000/10000 [00:01<00:00, 6554.38it/s]
round is 18 select id is : [32, 99, 4, 74, 76, 46, 78, 80, 22, 88]
self.cost_time is : 445.17999999999995 ids is  [32, 99, 4, 74, 76, 46, 78, 80, 22, 88]
select client num is : 190 self.samples is : 60000
weight is : 0.0003840153606144246
weight is : 0.0003200128005120205
weight is : 0.0003200128005120205
weight is : 0.002128085123404936
weight is : 0.0007120284811392456
weight is : 0.0008560342413696548
weight is : 0.0003200128005120205
weight is : 0.002200088003520141
weight is : 0.0015600624024961
weight is : 0.027761110444417775
weight is : 0.0003200128005120205
weight is : 0.0003840153606144246
weight is : 0.0003200128005120205
weight is : 0.0003200128005120205
weight is : 0.002128085123404936
weight is : 0.0007120284811392456
weight is : 0.0008560342413696548
weight is : 0.002200088003520141
weight is : 0.0015600624024961
weight is : 0.027761110444417775
weight is : 0.0003840153606144246
weight is : 0.0003200128005120205
weight is : 0.0003200128005120205
weight is : 0.002128085123404936
weight is : 0.0006160246409856394
weight is : 0.0007120284811392456
weight is : 0.0008560342413696548
weight is : 0.002200088003520141
weight is : 0.0015600624024961
weight is : 0.027761110444417775
weight is : 0.0003840153606144246
weight is : 0.0003200128005120205
weight is : 0.0003200128005120205
weight is : 0.002128085123404936
weight is : 0.0006160246409856394
weight is : 0.0008560342413696548
weight is : 0.0006000240009600384
weight is : 0.002200088003520141
weight is : 0.0015600624024961
weight is : 0.027761110444417775
weight is : 0.0003200128005120205
weight is : 0.0003200128005120205
weight is : 0.002128085123404936
weight is : 0.0006160246409856394
weight is : 0.0003200128005120205
weight is : 0.0007120284811392456
weight is : 0.0008560342413696548
weight is : 0.002200088003520141
weight is : 0.0015600624024961
weight is : 0.027761110444417775
weight is : 0.0003200128005120205
weight is : 0.0003200128005120205
weight is : 0.002128085123404936
weight is : 0.0003200128005120205
weight is : 0.0008560342413696548
weight is : 0.0003200128005120205
weight is : 0.002200088003520141
weight is : 0.0015600624024961
weight is : 0.027761110444417775
weight is : 0.016320652826113044
weight is : 0.0003200128005120205
weight is : 0.0003200128005120205
weight is : 0.002128085123404936
weight is : 0.0003200128005120205
weight is : 0.0007120284811392456
weight is : 0.0008560342413696548
weight is : 0.002200088003520141
weight is : 0.0015600624024961
weight is : 0.027761110444417775
weight is : 0.016320652826113044
weight is : 0.0003200128005120205
weight is : 0.0003200128005120205
weight is : 0.002128085123404936
weight is : 0.0003200128005120205
weight is : 0.0007120284811392456
weight is : 0.0008560342413696548
weight is : 0.002200088003520141
weight is : 0.0015600624024961
weight is : 0.027761110444417775
weight is : 0.016320652826113044
weight is : 0.0003200128005120205
weight is : 0.0003200128005120205
weight is : 0.002128085123404936
weight is : 0.0003200128005120205
weight is : 0.0008560342413696548
weight is : 0.0003200128005120205
weight is : 0.002200088003520141
weight is : 0.0015600624024961
weight is : 0.027761110444417775
weight is : 0.016320652826113044
weight is : 0.0003200128005120205
weight is : 0.002128085123404936
weight is : 0.0003200128005120205
weight is : 0.0007120284811392456
weight is : 0.0008560342413696548
weight is : 0.0007360294411776471
weight is : 0.002200088003520141
weight is : 0.0015600624024961
weight is : 0.027761110444417775
weight is : 0.016320652826113044
weight is : 0.0003200128005120205
weight is : 0.0003200128005120205
weight is : 0.002128085123404936
weight is : 0.0007120284811392456
weight is : 0.0003200128005120205
weight is : 0.0008560342413696548
weight is : 0.002200088003520141
weight is : 0.0015600624024961
weight is : 0.027761110444417775
weight is : 0.016320652826113044
weight is : 0.0003200128005120205
weight is : 0.0003200128005120205
weight is : 0.002128085123404936
weight is : 0.0007120284811392456
weight is : 0.0008560342413696548
weight is : 0.001952078083123325
weight is : 0.002200088003520141
weight is : 0.0015600624024961
weight is : 0.027761110444417775
weight is : 0.016320652826113044
weight is : 0.0003200128005120205
weight is : 0.0003840153606144246
weight is : 0.0003200128005120205
weight is : 0.002128085123404936
weight is : 0.0003200128005120205
weight is : 0.001952078083123325
weight is : 0.002200088003520141
weight is : 0.0015600624024961
weight is : 0.027761110444417775
weight is : 0.016320652826113044
weight is : 0.0003840153606144246
weight is : 0.0003200128005120205
weight is : 0.002128085123404936
weight is : 0.0003200128005120205
weight is : 0.001312052482099284
weight is : 0.001952078083123325
weight is : 0.002200088003520141
weight is : 0.0015600624024961
weight is : 0.027761110444417775
weight is : 0.016320652826113044
weight is : 0.0003840153606144246
weight is : 0.0003200128005120205
weight is : 0.0003200128005120205
weight is : 0.002128085123404936
weight is : 0.001952078083123325
weight is : 0.002200088003520141
weight is : 0.0015600624024961
weight is : 0.0017040681627265091
weight is : 0.027761110444417775
weight is : 0.016320652826113044
weight is : 0.0003200128005120205
weight is : 0.002128085123404936
weight is : 0.0003200128005120205
weight is : 0.0007120284811392456
weight is : 0.000656026241049642
weight is : 0.001952078083123325
weight is : 0.002200088003520141
weight is : 0.0015600624024961
weight is : 0.027761110444417775
weight is : 0.016320652826113044
weight is : 0.0003840153606144246
weight is : 0.0003200128005120205
weight is : 0.002128085123404936
weight is : 0.0003200128005120205
weight is : 0.001952078083123325
weight is : 0.002200088003520141
weight is : 0.0015600624024961
weight is : 0.021456858274330973
weight is : 0.027761110444417775
weight is : 0.016320652826113044
weight is : 0.0003840153606144246
weight is : 0.0003200128005120205
weight is : 0.0003200128005120205
weight is : 0.001952078083123325
weight is : 0.002200088003520141
weight is : 0.0015600624024961
weight is : 0.021456858274330973
weight is : 0.027761110444417775
weight is : 0.016320652826113044
weight is : 0.020040801632065283
weight is : 0.0003840153606144246
weight is : 0.0003200128005120205
weight is : 0.0003200128005120205
weight is : 0.00035201408056322254
weight is : 0.001952078083123325
weight is : 0.002200088003520141
weight is : 0.0015600624024961
weight is : 0.021456858274330973
weight is : 0.016320652826113044
weight is : 0.020040801632065283

-------------Round number: 18-------------

Evaluate global model
Averaged Train Loss: 7.4582
Averaged Test Accurancy: 0.1051
Averaged Test AUC: 0.7339
Std Test Accurancy: 0.0539
Std Test AUC: 0.1781
------------------------- Round is  18 ------------------------- time cost ------------------------- 43.663177728652954
------------------------- Budget is : [9.375771760940552, 10.550357341766357, 12.262812376022339, 13.546142101287842, 15.182296514511108, 16.806487798690796, 18.74679684638977, 20.908663749694824, 23.411128520965576, 24.75996470451355, 27.2163143157959, 29.041458129882812, 31.15059542655945, 33.15936589241028, 33.87404656410217, 34.89423990249634, 37.679078578948975, 40.343401193618774, 43.663177728652954]
>> similarity:   0%|                                  | 0/10000 [00:00<?, ?it/s]>> similarity:   6%|█▍                    | 634/10000 [00:00<00:01, 6332.89it/s]>> similarity:  13%|██▋                  | 1292/10000 [00:00<00:01, 6471.86it/s]>> similarity:  20%|████                 | 1950/10000 [00:00<00:01, 6517.41it/s]>> similarity:  26%|█████▍               | 2605/10000 [00:00<00:01, 6527.49it/s]>> similarity:  33%|██████▊              | 3258/10000 [00:00<00:01, 6492.69it/s]>> similarity:  39%|████████▏            | 3914/10000 [00:00<00:00, 6512.72it/s]>> similarity:  46%|█████████▌           | 4568/10000 [00:00<00:00, 6521.32it/s]>> similarity:  52%|██████████▉          | 5225/10000 [00:00<00:00, 6536.08it/s]>> similarity:  59%|████████████▎        | 5879/10000 [00:00<00:00, 6534.41it/s]>> similarity:  65%|█████████████▋       | 6541/10000 [00:01<00:00, 6560.42it/s]>> similarity:  72%|███████████████      | 7198/10000 [00:01<00:00, 6531.70it/s]>> similarity:  79%|████████████████▌    | 7861/10000 [00:01<00:00, 6560.23it/s]>> similarity:  85%|█████████████████▉   | 8518/10000 [00:01<00:00, 6524.43it/s]>> similarity:  92%|███████████████████▎ | 9171/10000 [00:01<00:00, 6393.64it/s]>> similarity:  98%|████████████████████▌| 9811/10000 [00:01<00:00, 6387.36it/s]>> similarity: 100%|████████████████████| 10000/10000 [00:01<00:00, 6478.24it/s]
round is 19 select id is : [99, 39, 7, 74, 11, 76, 78, 80, 22, 88]
self.cost_time is : 469.03999999999996 ids is  [99, 39, 7, 74, 11, 76, 78, 80, 22, 88]
select client num is : 200 self.samples is : 60000
weight is : 0.00036050921927222203
weight is : 0.00030042434939351833
weight is : 0.00030042434939351833
weight is : 0.001997821923466897
weight is : 0.0006684441774005783
weight is : 0.0008036351346276616
weight is : 0.00030042434939351833
weight is : 0.0020654174020804388
weight is : 0.0014645687032934019
weight is : 0.026061812309887716
weight is : 0.00030042434939351833
weight is : 0.00036050921927222203
weight is : 0.00030042434939351833
weight is : 0.00030042434939351833
weight is : 0.001997821923466897
weight is : 0.0006684441774005783
weight is : 0.0008036351346276616
weight is : 0.0020654174020804388
weight is : 0.0014645687032934019
weight is : 0.026061812309887716
weight is : 0.00036050921927222203
weight is : 0.00030042434939351833
weight is : 0.00030042434939351833
weight is : 0.001997821923466897
weight is : 0.0005783168725825228
weight is : 0.0006684441774005783
weight is : 0.0008036351346276616
weight is : 0.0020654174020804388
weight is : 0.0014645687032934019
weight is : 0.026061812309887716
weight is : 0.00036050921927222203
weight is : 0.00030042434939351833
weight is : 0.00030042434939351833
weight is : 0.001997821923466897
weight is : 0.0005783168725825228
weight is : 0.0008036351346276616
weight is : 0.0005632956551128469
weight is : 0.0020654174020804388
weight is : 0.0014645687032934019
weight is : 0.026061812309887716
weight is : 0.00030042434939351833
weight is : 0.00030042434939351833
weight is : 0.001997821923466897
weight is : 0.0005783168725825228
weight is : 0.00030042434939351833
weight is : 0.0006684441774005783
weight is : 0.0008036351346276616
weight is : 0.0020654174020804388
weight is : 0.0014645687032934019
weight is : 0.026061812309887716
weight is : 0.00030042434939351833
weight is : 0.00030042434939351833
weight is : 0.001997821923466897
weight is : 0.00030042434939351833
weight is : 0.0008036351346276616
weight is : 0.00030042434939351833
weight is : 0.0020654174020804388
weight is : 0.0014645687032934019
weight is : 0.026061812309887716
weight is : 0.015321641819069436
weight is : 0.00030042434939351833
weight is : 0.00030042434939351833
weight is : 0.001997821923466897
weight is : 0.00030042434939351833
weight is : 0.0006684441774005783
weight is : 0.0008036351346276616
weight is : 0.0020654174020804388
weight is : 0.0014645687032934019
weight is : 0.026061812309887716
weight is : 0.015321641819069436
weight is : 0.00030042434939351833
weight is : 0.00030042434939351833
weight is : 0.001997821923466897
weight is : 0.00030042434939351833
weight is : 0.0006684441774005783
weight is : 0.0008036351346276616
weight is : 0.0020654174020804388
weight is : 0.0014645687032934019
weight is : 0.026061812309887716
weight is : 0.015321641819069436
weight is : 0.00030042434939351833
weight is : 0.00030042434939351833
weight is : 0.001997821923466897
weight is : 0.00030042434939351833
weight is : 0.0008036351346276616
weight is : 0.00030042434939351833
weight is : 0.0020654174020804388
weight is : 0.0014645687032934019
weight is : 0.026061812309887716
weight is : 0.015321641819069436
weight is : 0.00030042434939351833
weight is : 0.001997821923466897
weight is : 0.00030042434939351833
weight is : 0.0006684441774005783
weight is : 0.0008036351346276616
weight is : 0.0006909760036050922
weight is : 0.0020654174020804388
weight is : 0.0014645687032934019
weight is : 0.026061812309887716
weight is : 0.015321641819069436
weight is : 0.00030042434939351833
weight is : 0.00030042434939351833
weight is : 0.001997821923466897
weight is : 0.0006684441774005783
weight is : 0.00030042434939351833
weight is : 0.0008036351346276616
weight is : 0.0020654174020804388
weight is : 0.0014645687032934019
weight is : 0.026061812309887716
weight is : 0.015321641819069436
weight is : 0.00030042434939351833
weight is : 0.00030042434939351833
weight is : 0.001997821923466897
weight is : 0.0006684441774005783
weight is : 0.0008036351346276616
weight is : 0.001832588531300462
weight is : 0.0020654174020804388
weight is : 0.0014645687032934019
weight is : 0.026061812309887716
weight is : 0.015321641819069436
weight is : 0.00030042434939351833
weight is : 0.00036050921927222203
weight is : 0.00030042434939351833
weight is : 0.001997821923466897
weight is : 0.00030042434939351833
weight is : 0.001832588531300462
weight is : 0.0020654174020804388
weight is : 0.0014645687032934019
weight is : 0.026061812309887716
weight is : 0.015321641819069436
weight is : 0.00036050921927222203
weight is : 0.00030042434939351833
weight is : 0.001997821923466897
weight is : 0.00030042434939351833
weight is : 0.0012317398325134253
weight is : 0.001832588531300462
weight is : 0.0020654174020804388
weight is : 0.0014645687032934019
weight is : 0.026061812309887716
weight is : 0.015321641819069436
weight is : 0.00036050921927222203
weight is : 0.00030042434939351833
weight is : 0.00030042434939351833
weight is : 0.001997821923466897
weight is : 0.001832588531300462
weight is : 0.0020654174020804388
weight is : 0.0014645687032934019
weight is : 0.0015997596605204852
weight is : 0.026061812309887716
weight is : 0.015321641819069436
weight is : 0.00030042434939351833
weight is : 0.001997821923466897
weight is : 0.00030042434939351833
weight is : 0.0006684441774005783
weight is : 0.0006158699162567127
weight is : 0.001832588531300462
weight is : 0.0020654174020804388
weight is : 0.0014645687032934019
weight is : 0.026061812309887716
weight is : 0.015321641819069436
weight is : 0.00036050921927222203
weight is : 0.00030042434939351833
weight is : 0.001997821923466897
weight is : 0.00030042434939351833
weight is : 0.001832588531300462
weight is : 0.0020654174020804388
weight is : 0.0014645687032934019
weight is : 0.020143452626835406
weight is : 0.026061812309887716
weight is : 0.015321641819069436
weight is : 0.00036050921927222203
weight is : 0.00030042434939351833
weight is : 0.00030042434939351833
weight is : 0.001832588531300462
weight is : 0.0020654174020804388
weight is : 0.0014645687032934019
weight is : 0.020143452626835406
weight is : 0.026061812309887716
weight is : 0.015321641819069436
weight is : 0.018814074880769086
weight is : 0.00036050921927222203
weight is : 0.00030042434939351833
weight is : 0.00030042434939351833
weight is : 0.00033046678433287015
weight is : 0.001832588531300462
weight is : 0.0020654174020804388
weight is : 0.0014645687032934019
weight is : 0.020143452626835406
weight is : 0.015321641819069436
weight is : 0.018814074880769086
weight is : 0.00030042434939351833
weight is : 0.00030042434939351833
weight is : 0.00030042434939351833
weight is : 0.0006684441774005783
weight is : 0.001832588531300462
weight is : 0.0020654174020804388
weight is : 0.0014645687032934019
weight is : 0.020143452626835406
weight is : 0.015321641819069436
weight is : 0.018814074880769086

-------------Round number: 19-------------

Evaluate global model
Averaged Train Loss: 7.2496
Averaged Test Accurancy: 0.1061
Averaged Test AUC: 0.7375
Std Test Accurancy: 0.0542
Std Test AUC: 0.1749
------------------------- Round is  19 ------------------------- time cost ------------------------- 46.94964599609375
------------------------- Budget is : [9.375771760940552, 10.550357341766357, 12.262812376022339, 13.546142101287842, 15.182296514511108, 16.806487798690796, 18.74679684638977, 20.908663749694824, 23.411128520965576, 24.75996470451355, 27.2163143157959, 29.041458129882812, 31.15059542655945, 33.15936589241028, 33.87404656410217, 34.89423990249634, 37.679078578948975, 40.343401193618774, 43.663177728652954, 46.94964599609375]
>> similarity:   0%|                                  | 0/10000 [00:00<?, ?it/s]>> similarity:   6%|█▎                    | 618/10000 [00:00<00:01, 6170.80it/s]>> similarity:  13%|██▋                  | 1259/10000 [00:00<00:01, 6308.47it/s]>> similarity:  19%|███▉                 | 1894/10000 [00:00<00:01, 6323.87it/s]>> similarity:  25%|█████▎               | 2527/10000 [00:00<00:01, 6308.65it/s]>> similarity:  32%|██████▋              | 3174/10000 [00:00<00:01, 6365.81it/s]>> similarity:  38%|████████             | 3811/10000 [00:00<00:00, 6349.70it/s]>> similarity:  44%|█████████▎           | 4448/10000 [00:00<00:00, 6356.02it/s]>> similarity:  51%|██████████▋          | 5084/10000 [00:00<00:00, 6343.65it/s]>> similarity:  57%|████████████         | 5719/10000 [00:00<00:00, 6340.64it/s]>> similarity:  64%|█████████████▎       | 6354/10000 [00:01<00:00, 6301.64it/s]>> similarity:  70%|██████████████▋      | 7001/10000 [00:01<00:00, 6352.02it/s]>> similarity:  76%|████████████████     | 7645/10000 [00:01<00:00, 6377.16it/s]>> similarity:  83%|█████████████████▍   | 8307/10000 [00:01<00:00, 6447.54it/s]>> similarity:  90%|██████████████████▊  | 8952/10000 [00:01<00:00, 6406.57it/s]>> similarity:  96%|████████████████████▏| 9593/10000 [00:01<00:00, 6356.03it/s]>> similarity: 100%|████████████████████| 10000/10000 [00:01<00:00, 6340.24it/s]
round is 20 select id is : [99, 67, 4, 7, 74, 76, 78, 80, 22, 88]
self.cost_time is : 490.49999999999994 ids is  [99, 67, 4, 7, 74, 76, 78, 80, 22, 88]
select client num is : 210 self.samples is : 60000
weight is : 0.00033968352817957936
weight is : 0.00028306960681631616
weight is : 0.00028306960681631616
weight is : 0.0018824128853285023
weight is : 0.0006298298751663034
weight is : 0.0007572111982336457
weight is : 0.00028306960681631616
weight is : 0.0019461035468621734
weight is : 0.0013799643332295412
weight is : 0.024556288391315424
weight is : 0.00028306960681631616
weight is : 0.00033968352817957936
weight is : 0.00028306960681631616
weight is : 0.00028306960681631616
weight is : 0.0018824128853285023
weight is : 0.0006298298751663034
weight is : 0.0007572111982336457
weight is : 0.0019461035468621734
weight is : 0.0013799643332295412
weight is : 0.024556288391315424
weight is : 0.00033968352817957936
weight is : 0.00028306960681631616
weight is : 0.00028306960681631616
weight is : 0.0018824128853285023
weight is : 0.0005449089931214086
weight is : 0.0006298298751663034
weight is : 0.0007572111982336457
weight is : 0.0019461035468621734
weight is : 0.0013799643332295412
weight is : 0.024556288391315424
weight is : 0.00033968352817957936
weight is : 0.00028306960681631616
weight is : 0.00028306960681631616
weight is : 0.0018824128853285023
weight is : 0.0005449089931214086
weight is : 0.0007572111982336457
weight is : 0.0005307555127805928
weight is : 0.0019461035468621734
weight is : 0.0013799643332295412
weight is : 0.024556288391315424
weight is : 0.00028306960681631616
weight is : 0.00028306960681631616
weight is : 0.0018824128853285023
weight is : 0.0005449089931214086
weight is : 0.00028306960681631616
weight is : 0.0006298298751663034
weight is : 0.0007572111982336457
weight is : 0.0019461035468621734
weight is : 0.0013799643332295412
weight is : 0.024556288391315424
weight is : 0.00028306960681631616
weight is : 0.00028306960681631616
weight is : 0.0018824128853285023
weight is : 0.00028306960681631616
weight is : 0.0007572111982336457
weight is : 0.00028306960681631616
weight is : 0.0019461035468621734
weight is : 0.0013799643332295412
weight is : 0.024556288391315424
weight is : 0.014436549947632122
weight is : 0.00028306960681631616
weight is : 0.00028306960681631616
weight is : 0.0018824128853285023
weight is : 0.00028306960681631616
weight is : 0.0006298298751663034
weight is : 0.0007572111982336457
weight is : 0.0019461035468621734
weight is : 0.0013799643332295412
weight is : 0.024556288391315424
weight is : 0.014436549947632122
weight is : 0.00028306960681631616
weight is : 0.00028306960681631616
weight is : 0.0018824128853285023
weight is : 0.00028306960681631616
weight is : 0.0006298298751663034
weight is : 0.0007572111982336457
weight is : 0.0019461035468621734
weight is : 0.0013799643332295412
weight is : 0.024556288391315424
weight is : 0.014436549947632122
weight is : 0.00028306960681631616
weight is : 0.00028306960681631616
weight is : 0.0018824128853285023
weight is : 0.00028306960681631616
weight is : 0.0007572111982336457
weight is : 0.00028306960681631616
weight is : 0.0019461035468621734
weight is : 0.0013799643332295412
weight is : 0.024556288391315424
weight is : 0.014436549947632122
weight is : 0.00028306960681631616
weight is : 0.0018824128853285023
weight is : 0.00028306960681631616
weight is : 0.0006298298751663034
weight is : 0.0007572111982336457
weight is : 0.0006510600956775271
weight is : 0.0019461035468621734
weight is : 0.0013799643332295412
weight is : 0.024556288391315424
weight is : 0.014436549947632122
weight is : 0.00028306960681631616
weight is : 0.00028306960681631616
weight is : 0.0018824128853285023
weight is : 0.0006298298751663034
weight is : 0.00028306960681631616
weight is : 0.0007572111982336457
weight is : 0.0019461035468621734
weight is : 0.0013799643332295412
weight is : 0.024556288391315424
weight is : 0.014436549947632122
weight is : 0.00028306960681631616
weight is : 0.00028306960681631616
weight is : 0.0018824128853285023
weight is : 0.0006298298751663034
weight is : 0.0007572111982336457
weight is : 0.0017267246015795284
weight is : 0.0019461035468621734
weight is : 0.0013799643332295412
weight is : 0.024556288391315424
weight is : 0.014436549947632122
weight is : 0.00028306960681631616
weight is : 0.00033968352817957936
weight is : 0.00028306960681631616
weight is : 0.0018824128853285023
weight is : 0.00028306960681631616
weight is : 0.0017267246015795284
weight is : 0.0019461035468621734
weight is : 0.0013799643332295412
weight is : 0.024556288391315424
weight is : 0.014436549947632122
weight is : 0.00033968352817957936
weight is : 0.00028306960681631616
weight is : 0.0018824128853285023
weight is : 0.00028306960681631616
weight is : 0.0011605853879468962
weight is : 0.0017267246015795284
weight is : 0.0019461035468621734
weight is : 0.0013799643332295412
weight is : 0.024556288391315424
weight is : 0.014436549947632122
weight is : 0.00033968352817957936
weight is : 0.00028306960681631616
weight is : 0.00028306960681631616
weight is : 0.0018824128853285023
weight is : 0.0017267246015795284
weight is : 0.0019461035468621734
weight is : 0.0013799643332295412
weight is : 0.0015073456562968834
weight is : 0.024556288391315424
weight is : 0.014436549947632122
weight is : 0.00028306960681631616
weight is : 0.0018824128853285023
weight is : 0.00028306960681631616
weight is : 0.0006298298751663034
weight is : 0.0005802926939734481
weight is : 0.0017267246015795284
weight is : 0.0019461035468621734
weight is : 0.0013799643332295412
weight is : 0.024556288391315424
weight is : 0.014436549947632122
weight is : 0.00033968352817957936
weight is : 0.00028306960681631616
weight is : 0.0018824128853285023
weight is : 0.00028306960681631616
weight is : 0.0017267246015795284
weight is : 0.0019461035468621734
weight is : 0.0013799643332295412
weight is : 0.018979817137033998
weight is : 0.024556288391315424
weight is : 0.014436549947632122
weight is : 0.00033968352817957936
weight is : 0.00028306960681631616
weight is : 0.00028306960681631616
weight is : 0.0017267246015795284
weight is : 0.0019461035468621734
weight is : 0.0013799643332295412
weight is : 0.018979817137033998
weight is : 0.024556288391315424
weight is : 0.014436549947632122
weight is : 0.0177272341268718
weight is : 0.00033968352817957936
weight is : 0.00028306960681631616
weight is : 0.00028306960681631616
weight is : 0.00031137656749794776
weight is : 0.0017267246015795284
weight is : 0.0019461035468621734
weight is : 0.0013799643332295412
weight is : 0.018979817137033998
weight is : 0.014436549947632122
weight is : 0.0177272341268718
weight is : 0.00028306960681631616
weight is : 0.00028306960681631616
weight is : 0.00028306960681631616
weight is : 0.0006298298751663034
weight is : 0.0017267246015795284
weight is : 0.0019461035468621734
weight is : 0.0013799643332295412
weight is : 0.018979817137033998
weight is : 0.014436549947632122
weight is : 0.0177272341268718
weight is : 0.00033968352817957936
weight is : 0.00028306960681631616
weight is : 0.00028306960681631616
weight is : 0.0006652135760183429
weight is : 0.0017267246015795284
weight is : 0.0019461035468621734
weight is : 0.0013799643332295412
weight is : 0.018979817137033998
weight is : 0.014436549947632122
weight is : 0.0177272341268718

-------------Round number: 20-------------

Evaluate global model
Averaged Train Loss: 7.0438
Averaged Test Accurancy: 0.1081
Averaged Test AUC: 0.7412
Std Test Accurancy: 0.0554
Std Test AUC: 0.1716
------------------------- Round is  20 ------------------------- time cost ------------------------- 49.394606590270996
------------------------- Budget is : [9.375771760940552, 10.550357341766357, 12.262812376022339, 13.546142101287842, 15.182296514511108, 16.806487798690796, 18.74679684638977, 20.908663749694824, 23.411128520965576, 24.75996470451355, 27.2163143157959, 29.041458129882812, 31.15059542655945, 33.15936589241028, 33.87404656410217, 34.89423990249634, 37.679078578948975, 40.343401193618774, 43.663177728652954, 46.94964599609375, 49.394606590270996]
>> similarity:   0%|                                  | 0/10000 [00:00<?, ?it/s]>> similarity:   6%|█▍                    | 644/10000 [00:00<00:01, 6439.04it/s]>> similarity:  13%|██▋                  | 1303/10000 [00:00<00:01, 6523.51it/s]>> similarity:  20%|████                 | 1956/10000 [00:00<00:01, 6355.73it/s]>> similarity:  26%|█████▍               | 2593/10000 [00:00<00:01, 6266.47it/s]>> similarity:  32%|██████▊              | 3238/10000 [00:00<00:01, 6327.97it/s]>> similarity:  39%|████████▏            | 3889/10000 [00:00<00:00, 6386.22it/s]>> similarity:  45%|█████████▌           | 4528/10000 [00:00<00:00, 6330.34it/s]>> similarity:  52%|██████████▉          | 5193/10000 [00:00<00:00, 6428.36it/s]>> similarity:  58%|████████████▎        | 5837/10000 [00:00<00:00, 6425.50it/s]>> similarity:  65%|█████████████▌       | 6480/10000 [00:01<00:00, 6329.98it/s]>> similarity:  71%|██████████████▉      | 7131/10000 [00:01<00:00, 6382.54it/s]>> similarity:  78%|████████████████▎    | 7770/10000 [00:01<00:00, 6369.67it/s]>> similarity:  84%|█████████████████▋   | 8408/10000 [00:01<00:00, 6342.63it/s]>> similarity:  91%|███████████████████  | 9062/10000 [00:01<00:00, 6400.86it/s]>> similarity:  97%|████████████████████▍| 9703/10000 [00:01<00:00, 6344.37it/s]>> similarity: 100%|████████████████████| 10000/10000 [00:01<00:00, 6361.78it/s]
round is 21 select id is : [99, 4, 7, 74, 76, 78, 80, 54, 22, 88]
self.cost_time is : 519.31 ids is  [99, 4, 7, 74, 76, 78, 80, 54, 22, 88]
select client num is : 220 self.samples is : 60000
weight is : 0.00032120989058788104
weight is : 0.0002676749088232342
weight is : 0.0002676749088232342
weight is : 0.0017800381436745073
weight is : 0.000595576672131696
weight is : 0.0007160303811021515
weight is : 0.0002676749088232342
weight is : 0.001840264998159735
weight is : 0.0013049151805132667
weight is : 0.023220798340415565
weight is : 0.0002676749088232342
weight is : 0.00032120989058788104
weight is : 0.0002676749088232342
weight is : 0.0002676749088232342
weight is : 0.0017800381436745073
weight is : 0.000595576672131696
weight is : 0.0007160303811021515
weight is : 0.001840264998159735
weight is : 0.0013049151805132667
weight is : 0.023220798340415565
weight is : 0.00032120989058788104
weight is : 0.0002676749088232342
weight is : 0.0002676749088232342
weight is : 0.0017800381436745073
weight is : 0.0005152741994847257
weight is : 0.000595576672131696
weight is : 0.0007160303811021515
weight is : 0.001840264998159735
weight is : 0.0013049151805132667
weight is : 0.023220798340415565
weight is : 0.00032120989058788104
weight is : 0.0002676749088232342
weight is : 0.0002676749088232342
weight is : 0.0017800381436745073
weight is : 0.0005152741994847257
weight is : 0.0007160303811021515
weight is : 0.0005018904540435641
weight is : 0.001840264998159735
weight is : 0.0013049151805132667
weight is : 0.023220798340415565
weight is : 0.0002676749088232342
weight is : 0.0002676749088232342
weight is : 0.0017800381436745073
weight is : 0.0005152741994847257
weight is : 0.0002676749088232342
weight is : 0.000595576672131696
weight is : 0.0007160303811021515
weight is : 0.001840264998159735
weight is : 0.0013049151805132667
weight is : 0.023220798340415565
weight is : 0.0002676749088232342
weight is : 0.0002676749088232342
weight is : 0.0017800381436745073
weight is : 0.0002676749088232342
weight is : 0.0007160303811021515
weight is : 0.0002676749088232342
weight is : 0.001840264998159735
weight is : 0.0013049151805132667
weight is : 0.023220798340415565
weight is : 0.013651420349984943
weight is : 0.0002676749088232342
weight is : 0.0002676749088232342
weight is : 0.0017800381436745073
weight is : 0.0002676749088232342
weight is : 0.000595576672131696
weight is : 0.0007160303811021515
weight is : 0.001840264998159735
weight is : 0.0013049151805132667
weight is : 0.023220798340415565
weight is : 0.013651420349984943
weight is : 0.0002676749088232342
weight is : 0.0002676749088232342
weight is : 0.0017800381436745073
weight is : 0.0002676749088232342
weight is : 0.000595576672131696
weight is : 0.0007160303811021515
weight is : 0.001840264998159735
weight is : 0.0013049151805132667
weight is : 0.023220798340415565
weight is : 0.013651420349984943
weight is : 0.0002676749088232342
weight is : 0.0002676749088232342
weight is : 0.0017800381436745073
weight is : 0.0002676749088232342
weight is : 0.0007160303811021515
weight is : 0.0002676749088232342
weight is : 0.001840264998159735
weight is : 0.0013049151805132667
weight is : 0.023220798340415565
weight is : 0.013651420349984943
weight is : 0.0002676749088232342
weight is : 0.0017800381436745073
weight is : 0.0002676749088232342
weight is : 0.000595576672131696
weight is : 0.0007160303811021515
weight is : 0.0006156522902934387
weight is : 0.001840264998159735
weight is : 0.0013049151805132667
weight is : 0.023220798340415565
weight is : 0.013651420349984943
weight is : 0.0002676749088232342
weight is : 0.0002676749088232342
weight is : 0.0017800381436745073
weight is : 0.000595576672131696
weight is : 0.0002676749088232342
weight is : 0.0007160303811021515
weight is : 0.001840264998159735
weight is : 0.0013049151805132667
weight is : 0.023220798340415565
weight is : 0.013651420349984943
weight is : 0.0002676749088232342
weight is : 0.0002676749088232342
weight is : 0.0017800381436745073
weight is : 0.000595576672131696
weight is : 0.0007160303811021515
weight is : 0.0016328169438217285
weight is : 0.001840264998159735
weight is : 0.0013049151805132667
weight is : 0.023220798340415565
weight is : 0.013651420349984943
weight is : 0.0002676749088232342
weight is : 0.00032120989058788104
weight is : 0.0002676749088232342
weight is : 0.0017800381436745073
weight is : 0.0002676749088232342
weight is : 0.0016328169438217285
weight is : 0.001840264998159735
weight is : 0.0013049151805132667
weight is : 0.023220798340415565
weight is : 0.013651420349984943
weight is : 0.00032120989058788104
weight is : 0.0002676749088232342
weight is : 0.0017800381436745073
weight is : 0.0002676749088232342
weight is : 0.00109746712617526
weight is : 0.0016328169438217285
weight is : 0.001840264998159735
weight is : 0.0013049151805132667
weight is : 0.023220798340415565
weight is : 0.013651420349984943
weight is : 0.00032120989058788104
weight is : 0.0002676749088232342
weight is : 0.0002676749088232342
weight is : 0.0017800381436745073
weight is : 0.0016328169438217285
weight is : 0.001840264998159735
weight is : 0.0013049151805132667
weight is : 0.001425368889483722
weight is : 0.023220798340415565
weight is : 0.013651420349984943
weight is : 0.0002676749088232342
weight is : 0.0017800381436745073
weight is : 0.0002676749088232342
weight is : 0.000595576672131696
weight is : 0.00054873356308763
weight is : 0.0016328169438217285
weight is : 0.001840264998159735
weight is : 0.0013049151805132667
weight is : 0.023220798340415565
weight is : 0.013651420349984943
weight is : 0.00032120989058788104
weight is : 0.0002676749088232342
weight is : 0.0017800381436745073
weight is : 0.0002676749088232342
weight is : 0.0016328169438217285
weight is : 0.001840264998159735
weight is : 0.0013049151805132667
weight is : 0.01794760263659785
weight is : 0.023220798340415565
weight is : 0.013651420349984943
weight is : 0.00032120989058788104
weight is : 0.0002676749088232342
weight is : 0.0002676749088232342
weight is : 0.0016328169438217285
weight is : 0.001840264998159735
weight is : 0.0013049151805132667
weight is : 0.01794760263659785
weight is : 0.023220798340415565
weight is : 0.013651420349984943
weight is : 0.01676314116505504
weight is : 0.00032120989058788104
weight is : 0.0002676749088232342
weight is : 0.0002676749088232342
weight is : 0.0002944423997055576
weight is : 0.0016328169438217285
weight is : 0.001840264998159735
weight is : 0.0013049151805132667
weight is : 0.01794760263659785
weight is : 0.013651420349984943
weight is : 0.01676314116505504
weight is : 0.0002676749088232342
weight is : 0.0002676749088232342
weight is : 0.0002676749088232342
weight is : 0.000595576672131696
weight is : 0.0016328169438217285
weight is : 0.001840264998159735
weight is : 0.0013049151805132667
weight is : 0.01794760263659785
weight is : 0.013651420349984943
weight is : 0.01676314116505504
weight is : 0.00032120989058788104
weight is : 0.0002676749088232342
weight is : 0.0002676749088232342
weight is : 0.0006290360357346003
weight is : 0.0016328169438217285
weight is : 0.001840264998159735
weight is : 0.0013049151805132667
weight is : 0.01794760263659785
weight is : 0.013651420349984943
weight is : 0.01676314116505504
weight is : 0.00032120989058788104
weight is : 0.0002676749088232342
weight is : 0.0002676749088232342
weight is : 0.0003881286177936896
weight is : 0.0016328169438217285
weight is : 0.001840264998159735
weight is : 0.0013049151805132667
weight is : 0.01794760263659785
weight is : 0.013651420349984943
weight is : 0.01676314116505504

-------------Round number: 21-------------

Evaluate global model
Averaged Train Loss: 6.8731
Averaged Test Accurancy: 0.1112
Averaged Test AUC: 0.7446
Std Test Accurancy: 0.0567
Std Test AUC: 0.1679
------------------------- Round is  21 ------------------------- time cost ------------------------- 53.60710167884827
------------------------- Budget is : [9.375771760940552, 10.550357341766357, 12.262812376022339, 13.546142101287842, 15.182296514511108, 16.806487798690796, 18.74679684638977, 20.908663749694824, 23.411128520965576, 24.75996470451355, 27.2163143157959, 29.041458129882812, 31.15059542655945, 33.15936589241028, 33.87404656410217, 34.89423990249634, 37.679078578948975, 40.343401193618774, 43.663177728652954, 46.94964599609375, 49.394606590270996, 53.60710167884827]
>> similarity:   0%|                                  | 0/10000 [00:00<?, ?it/s]>> similarity:   6%|█▍                    | 649/10000 [00:00<00:01, 6486.28it/s]>> similarity:  13%|██▋                  | 1301/10000 [00:00<00:01, 6504.73it/s]>> similarity:  20%|████                 | 1952/10000 [00:00<00:01, 6505.06it/s]>> similarity:  26%|█████▍               | 2603/10000 [00:00<00:01, 6478.01it/s]>> similarity:  33%|██████▊              | 3251/10000 [00:00<00:01, 6472.02it/s]>> similarity:  39%|████████▏            | 3904/10000 [00:00<00:00, 6489.21it/s]>> similarity:  46%|█████████▌           | 4555/10000 [00:00<00:00, 6494.16it/s]>> similarity:  52%|██████████▉          | 5205/10000 [00:00<00:00, 6487.07it/s]>> similarity:  59%|████████████▎        | 5854/10000 [00:00<00:00, 6457.22it/s]>> similarity:  65%|█████████████▋       | 6524/10000 [00:01<00:00, 6530.80it/s]>> similarity:  72%|███████████████      | 7178/10000 [00:01<00:00, 6495.96it/s]>> similarity:  78%|████████████████▍    | 7844/10000 [00:01<00:00, 6544.96it/s]>> similarity:  85%|█████████████████▊   | 8499/10000 [00:01<00:00, 6511.17it/s]>> similarity:  92%|███████████████████▏ | 9151/10000 [00:01<00:00, 6451.07it/s]>> similarity:  98%|████████████████████▌| 9797/10000 [00:01<00:00, 6415.70it/s]>> similarity: 100%|████████████████████| 10000/10000 [00:01<00:00, 6471.53it/s]
round is 22 select id is : [32, 99, 4, 74, 76, 78, 47, 80, 87, 88]
self.cost_time is : 540.77 ids is  [32, 99, 4, 74, 76, 78, 47, 80, 87, 88]
select client num is : 230 self.samples is : 60000
weight is : 0.0002981848000298185
weight is : 0.0002484873333581821
weight is : 0.0002484873333581821
weight is : 0.0016524407668319107
weight is : 0.0005528843167219551
weight is : 0.000664703616733137
weight is : 0.0002484873333581821
weight is : 0.0017083504168375018
weight is : 0.0012113757501211375
weight is : 0.021556276168822296
weight is : 0.0002484873333581821
weight is : 0.0002981848000298185
weight is : 0.0002484873333581821
weight is : 0.0002484873333581821
weight is : 0.0016524407668319107
weight is : 0.0005528843167219551
weight is : 0.000664703616733137
weight is : 0.0017083504168375018
weight is : 0.0012113757501211375
weight is : 0.021556276168822296
weight is : 0.0002981848000298185
weight is : 0.0002484873333581821
weight is : 0.0002484873333581821
weight is : 0.0016524407668319107
weight is : 0.0004783381167145005
weight is : 0.0005528843167219551
weight is : 0.000664703616733137
weight is : 0.0017083504168375018
weight is : 0.0012113757501211375
weight is : 0.021556276168822296
weight is : 0.0002981848000298185
weight is : 0.0002484873333581821
weight is : 0.0002484873333581821
weight is : 0.0016524407668319107
weight is : 0.0004783381167145005
weight is : 0.000664703616733137
weight is : 0.0004659137500465914
weight is : 0.0017083504168375018
weight is : 0.0012113757501211375
weight is : 0.021556276168822296
weight is : 0.0002484873333581821
weight is : 0.0002484873333581821
weight is : 0.0016524407668319107
weight is : 0.0004783381167145005
weight is : 0.0002484873333581821
weight is : 0.0005528843167219551
weight is : 0.000664703616733137
weight is : 0.0017083504168375018
weight is : 0.0012113757501211375
weight is : 0.021556276168822296
weight is : 0.0002484873333581821
weight is : 0.0002484873333581821
weight is : 0.0016524407668319107
weight is : 0.0002484873333581821
weight is : 0.000664703616733137
weight is : 0.0002484873333581821
weight is : 0.0017083504168375018
weight is : 0.0012113757501211375
weight is : 0.021556276168822296
weight is : 0.012672854001267286
weight is : 0.0002484873333581821
weight is : 0.0002484873333581821
weight is : 0.0016524407668319107
weight is : 0.0002484873333581821
weight is : 0.0005528843167219551
weight is : 0.000664703616733137
weight is : 0.0017083504168375018
weight is : 0.0012113757501211375
weight is : 0.021556276168822296
weight is : 0.012672854001267286
weight is : 0.0002484873333581821
weight is : 0.0002484873333581821
weight is : 0.0016524407668319107
weight is : 0.0002484873333581821
weight is : 0.0005528843167219551
weight is : 0.000664703616733137
weight is : 0.0017083504168375018
weight is : 0.0012113757501211375
weight is : 0.021556276168822296
weight is : 0.012672854001267286
weight is : 0.0002484873333581821
weight is : 0.0002484873333581821
weight is : 0.0016524407668319107
weight is : 0.0002484873333581821
weight is : 0.000664703616733137
weight is : 0.0002484873333581821
weight is : 0.0017083504168375018
weight is : 0.0012113757501211375
weight is : 0.021556276168822296
weight is : 0.012672854001267286
weight is : 0.0002484873333581821
weight is : 0.0016524407668319107
weight is : 0.0002484873333581821
weight is : 0.0005528843167219551
weight is : 0.000664703616733137
weight is : 0.0005715208667238187
weight is : 0.0017083504168375018
weight is : 0.0012113757501211375
weight is : 0.021556276168822296
weight is : 0.012672854001267286
weight is : 0.0002484873333581821
weight is : 0.0002484873333581821
weight is : 0.0016524407668319107
weight is : 0.0005528843167219551
weight is : 0.0002484873333581821
weight is : 0.000664703616733137
weight is : 0.0017083504168375018
weight is : 0.0012113757501211375
weight is : 0.021556276168822296
weight is : 0.012672854001267286
weight is : 0.0002484873333581821
weight is : 0.0002484873333581821
weight is : 0.0016524407668319107
weight is : 0.0005528843167219551
weight is : 0.000664703616733137
weight is : 0.0015157727334849107
weight is : 0.0017083504168375018
weight is : 0.0012113757501211375
weight is : 0.021556276168822296
weight is : 0.012672854001267286
weight is : 0.0002484873333581821
weight is : 0.0002981848000298185
weight is : 0.0002484873333581821
weight is : 0.0016524407668319107
weight is : 0.0002484873333581821
weight is : 0.0015157727334849107
weight is : 0.0017083504168375018
weight is : 0.0012113757501211375
weight is : 0.021556276168822296
weight is : 0.012672854001267286
weight is : 0.0002981848000298185
weight is : 0.0002484873333581821
weight is : 0.0016524407668319107
weight is : 0.0002484873333581821
weight is : 0.0010187980667685464
weight is : 0.0015157727334849107
weight is : 0.0017083504168375018
weight is : 0.0012113757501211375
weight is : 0.021556276168822296
weight is : 0.012672854001267286
weight is : 0.0002981848000298185
weight is : 0.0002484873333581821
weight is : 0.0002484873333581821
weight is : 0.0016524407668319107
weight is : 0.0015157727334849107
weight is : 0.0017083504168375018
weight is : 0.0012113757501211375
weight is : 0.0013231950501323194
weight is : 0.021556276168822296
weight is : 0.012672854001267286
weight is : 0.0002484873333581821
weight is : 0.0016524407668319107
weight is : 0.0002484873333581821
weight is : 0.0005528843167219551
weight is : 0.0005093990333842732
weight is : 0.0015157727334849107
weight is : 0.0017083504168375018
weight is : 0.0012113757501211375
weight is : 0.021556276168822296
weight is : 0.012672854001267286
weight is : 0.0002981848000298185
weight is : 0.0002484873333581821
weight is : 0.0016524407668319107
weight is : 0.0002484873333581821
weight is : 0.0015157727334849107
weight is : 0.0017083504168375018
weight is : 0.0012113757501211375
weight is : 0.016661075701666108
weight is : 0.021556276168822296
weight is : 0.012672854001267286
weight is : 0.0002981848000298185
weight is : 0.0002484873333581821
weight is : 0.0002484873333581821
weight is : 0.0015157727334849107
weight is : 0.0017083504168375018
weight is : 0.0012113757501211375
weight is : 0.016661075701666108
weight is : 0.021556276168822296
weight is : 0.012672854001267286
weight is : 0.015561519251556152
weight is : 0.0002981848000298185
weight is : 0.0002484873333581821
weight is : 0.0002484873333581821
weight is : 0.00027333606669400026
weight is : 0.0015157727334849107
weight is : 0.0017083504168375018
weight is : 0.0012113757501211375
weight is : 0.016661075701666108
weight is : 0.012672854001267286
weight is : 0.015561519251556152
weight is : 0.0002484873333581821
weight is : 0.0002484873333581821
weight is : 0.0002484873333581821
weight is : 0.0005528843167219551
weight is : 0.0015157727334849107
weight is : 0.0017083504168375018
weight is : 0.0012113757501211375
weight is : 0.016661075701666108
weight is : 0.012672854001267286
weight is : 0.015561519251556152
weight is : 0.0002981848000298185
weight is : 0.0002484873333581821
weight is : 0.0002484873333581821
weight is : 0.0005839452333917278
weight is : 0.0015157727334849107
weight is : 0.0017083504168375018
weight is : 0.0012113757501211375
weight is : 0.016661075701666108
weight is : 0.012672854001267286
weight is : 0.015561519251556152
weight is : 0.0002981848000298185
weight is : 0.0002484873333581821
weight is : 0.0002484873333581821
weight is : 0.00036030663336936397
weight is : 0.0015157727334849107
weight is : 0.0017083504168375018
weight is : 0.0012113757501211375
weight is : 0.016661075701666108
weight is : 0.012672854001267286
weight is : 0.015561519251556152
weight is : 0.0002981848000298185
weight is : 0.0002484873333581821
weight is : 0.0002484873333581821
weight is : 0.0015157727334849107
weight is : 0.0017083504168375018
weight is : 0.0012113757501211375
weight is : 0.016661075701666108
weight is : 0.021556276168822296
weight is : 0.012672854001267286
weight is : 0.015561519251556152

-------------Round number: 22-------------

Evaluate global model
Averaged Train Loss: 6.7733
Averaged Test Accurancy: 0.1135
Averaged Test AUC: 0.7473
Std Test Accurancy: 0.0577
Std Test AUC: 0.1644
------------------------- Round is  22 ------------------------- time cost ------------------------- 58.57841348648071
------------------------- Budget is : [9.375771760940552, 10.550357341766357, 12.262812376022339, 13.546142101287842, 15.182296514511108, 16.806487798690796, 18.74679684638977, 20.908663749694824, 23.411128520965576, 24.75996470451355, 27.2163143157959, 29.041458129882812, 31.15059542655945, 33.15936589241028, 33.87404656410217, 34.89423990249634, 37.679078578948975, 40.343401193618774, 43.663177728652954, 46.94964599609375, 49.394606590270996, 53.60710167884827, 58.57841348648071]
>> similarity:   0%|                                  | 0/10000 [00:00<?, ?it/s]>> similarity:   7%|█▍                    | 656/10000 [00:00<00:01, 6557.91it/s]>> similarity:  13%|██▊                  | 1312/10000 [00:00<00:01, 6509.61it/s]>> similarity:  20%|████                 | 1963/10000 [00:00<00:01, 6458.05it/s]>> similarity:  26%|█████▍               | 2609/10000 [00:00<00:01, 6386.76it/s]>> similarity:  32%|██████▊              | 3248/10000 [00:00<00:01, 6270.36it/s]>> similarity:  39%|████████▏            | 3903/10000 [00:00<00:00, 6360.56it/s]>> similarity:  46%|█████████▌           | 4562/10000 [00:00<00:00, 6432.31it/s]>> similarity:  52%|██████████▉          | 5225/10000 [00:00<00:00, 6492.59it/s]>> similarity:  59%|████████████▎        | 5882/10000 [00:00<00:00, 6515.86it/s]>> similarity:  65%|█████████████▋       | 6542/10000 [00:01<00:00, 6539.94it/s]>> similarity:  72%|███████████████      | 7197/10000 [00:01<00:00, 6535.90it/s]>> similarity:  79%|████████████████▍    | 7851/10000 [00:01<00:00, 6513.05it/s]>> similarity:  85%|█████████████████▊   | 8509/10000 [00:01<00:00, 6531.01it/s]>> similarity:  92%|███████████████████▎ | 9182/10000 [00:01<00:00, 6589.76it/s]>> similarity:  99%|████████████████████▋| 9856/10000 [00:01<00:00, 6632.93it/s]>> similarity: 100%|████████████████████| 10000/10000 [00:01<00:00, 6511.68it/s]
round is 23 select id is : [32, 99, 4, 74, 12, 76, 78, 80, 87, 88]
self.cost_time is : 562.23 ids is  [32, 99, 4, 74, 12, 76, 78, 80, 87, 88]
select client num is : 240 self.samples is : 60000
weight is : 0.00027823990076110205
weight is : 0.00023186658396758504
weight is : 0.00023186658396758504
weight is : 0.0015419127833844405
weight is : 0.0005159031493278767
weight is : 0.00062024311211329
weight is : 0.00023186658396758504
weight is : 0.0015940827647771471
weight is : 0.0011303495968419772
weight is : 0.020114426159188004
weight is : 0.00023186658396758504
weight is : 0.00027823990076110205
weight is : 0.00023186658396758504
weight is : 0.00023186658396758504
weight is : 0.0015419127833844405
weight is : 0.0005159031493278767
weight is : 0.00062024311211329
weight is : 0.0015940827647771471
weight is : 0.0011303495968419772
weight is : 0.020114426159188004
weight is : 0.00027823990076110205
weight is : 0.00023186658396758504
weight is : 0.00023186658396758504
weight is : 0.0015419127833844405
weight is : 0.00044634317413760124
weight is : 0.0005159031493278767
weight is : 0.00062024311211329
weight is : 0.0015940827647771471
weight is : 0.0011303495968419772
weight is : 0.020114426159188004
weight is : 0.00027823990076110205
weight is : 0.00023186658396758504
weight is : 0.00023186658396758504
weight is : 0.0015419127833844405
weight is : 0.00044634317413760124
weight is : 0.00062024311211329
weight is : 0.00043474984493922195
weight is : 0.0015940827647771471
weight is : 0.0011303495968419772
weight is : 0.020114426159188004
weight is : 0.00023186658396758504
weight is : 0.00023186658396758504
weight is : 0.0015419127833844405
weight is : 0.00044634317413760124
weight is : 0.00023186658396758504
weight is : 0.0005159031493278767
weight is : 0.00062024311211329
weight is : 0.0015940827647771471
weight is : 0.0011303495968419772
weight is : 0.020114426159188004
weight is : 0.00023186658396758504
weight is : 0.00023186658396758504
weight is : 0.0015419127833844405
weight is : 0.00023186658396758504
weight is : 0.00062024311211329
weight is : 0.00023186658396758504
weight is : 0.0015940827647771471
weight is : 0.0011303495968419772
weight is : 0.020114426159188004
weight is : 0.011825195782346837
weight is : 0.00023186658396758504
weight is : 0.00023186658396758504
weight is : 0.0015419127833844405
weight is : 0.00023186658396758504
weight is : 0.0005159031493278767
weight is : 0.00062024311211329
weight is : 0.0015940827647771471
weight is : 0.0011303495968419772
weight is : 0.020114426159188004
weight is : 0.011825195782346837
weight is : 0.00023186658396758504
weight is : 0.00023186658396758504
weight is : 0.0015419127833844405
weight is : 0.00023186658396758504
weight is : 0.0005159031493278767
weight is : 0.00062024311211329
weight is : 0.0015940827647771471
weight is : 0.0011303495968419772
weight is : 0.020114426159188004
weight is : 0.011825195782346837
weight is : 0.00023186658396758504
weight is : 0.00023186658396758504
weight is : 0.0015419127833844405
weight is : 0.00023186658396758504
weight is : 0.00062024311211329
weight is : 0.00023186658396758504
weight is : 0.0015940827647771471
weight is : 0.0011303495968419772
weight is : 0.020114426159188004
weight is : 0.011825195782346837
weight is : 0.00023186658396758504
weight is : 0.0015419127833844405
weight is : 0.00023186658396758504
weight is : 0.0005159031493278767
weight is : 0.00062024311211329
weight is : 0.0005332931431254456
weight is : 0.0015940827647771471
weight is : 0.0011303495968419772
weight is : 0.020114426159188004
weight is : 0.011825195782346837
weight is : 0.00023186658396758504
weight is : 0.00023186658396758504
weight is : 0.0015419127833844405
weight is : 0.0005159031493278767
weight is : 0.00023186658396758504
weight is : 0.00062024311211329
weight is : 0.0015940827647771471
weight is : 0.0011303495968419772
weight is : 0.020114426159188004
weight is : 0.011825195782346837
weight is : 0.00023186658396758504
weight is : 0.00023186658396758504
weight is : 0.0015419127833844405
weight is : 0.0005159031493278767
weight is : 0.00062024311211329
weight is : 0.0014143861622022689
weight is : 0.0015940827647771471
weight is : 0.0011303495968419772
weight is : 0.020114426159188004
weight is : 0.011825195782346837
weight is : 0.00023186658396758504
weight is : 0.00027823990076110205
weight is : 0.00023186658396758504
weight is : 0.0015419127833844405
weight is : 0.00023186658396758504
weight is : 0.0014143861622022689
weight is : 0.0015940827647771471
weight is : 0.0011303495968419772
weight is : 0.020114426159188004
weight is : 0.011825195782346837
weight is : 0.00027823990076110205
weight is : 0.00023186658396758504
weight is : 0.0015419127833844405
weight is : 0.00023186658396758504
weight is : 0.0009506529942670987
weight is : 0.0014143861622022689
weight is : 0.0015940827647771471
weight is : 0.0011303495968419772
weight is : 0.020114426159188004
weight is : 0.011825195782346837
weight is : 0.00027823990076110205
weight is : 0.00023186658396758504
weight is : 0.00023186658396758504
weight is : 0.0015419127833844405
weight is : 0.0014143861622022689
weight is : 0.0015940827647771471
weight is : 0.0011303495968419772
weight is : 0.0012346895596273904
weight is : 0.020114426159188004
weight is : 0.011825195782346837
weight is : 0.00023186658396758504
weight is : 0.0015419127833844405
weight is : 0.00023186658396758504
weight is : 0.0005159031493278767
weight is : 0.00047532649713354937
weight is : 0.0014143861622022689
weight is : 0.0015940827647771471
weight is : 0.0011303495968419772
weight is : 0.020114426159188004
weight is : 0.011825195782346837
weight is : 0.00027823990076110205
weight is : 0.00023186658396758504
weight is : 0.0015419127833844405
weight is : 0.00023186658396758504
weight is : 0.0014143861622022689
weight is : 0.0015940827647771471
weight is : 0.0011303495968419772
weight is : 0.015546654455026577
weight is : 0.020114426159188004
weight is : 0.011825195782346837
weight is : 0.00027823990076110205
weight is : 0.00023186658396758504
weight is : 0.00023186658396758504
weight is : 0.0014143861622022689
weight is : 0.0015940827647771471
weight is : 0.0011303495968419772
weight is : 0.015546654455026577
weight is : 0.020114426159188004
weight is : 0.011825195782346837
weight is : 0.014520644820970013
weight is : 0.00027823990076110205
weight is : 0.00023186658396758504
weight is : 0.00023186658396758504
weight is : 0.00025505324236434353
weight is : 0.0014143861622022689
weight is : 0.0015940827647771471
weight is : 0.0011303495968419772
weight is : 0.015546654455026577
weight is : 0.011825195782346837
weight is : 0.014520644820970013
weight is : 0.00023186658396758504
weight is : 0.00023186658396758504
weight is : 0.00023186658396758504
weight is : 0.0005159031493278767
weight is : 0.0014143861622022689
weight is : 0.0015940827647771471
weight is : 0.0011303495968419772
weight is : 0.015546654455026577
weight is : 0.011825195782346837
weight is : 0.014520644820970013
weight is : 0.00027823990076110205
weight is : 0.00023186658396758504
weight is : 0.00023186658396758504
weight is : 0.0005448864723238249
weight is : 0.0014143861622022689
weight is : 0.0015940827647771471
weight is : 0.0011303495968419772
weight is : 0.015546654455026577
weight is : 0.011825195782346837
weight is : 0.014520644820970013
weight is : 0.00027823990076110205
weight is : 0.00023186658396758504
weight is : 0.00023186658396758504
weight is : 0.0003362065467529983
weight is : 0.0014143861622022689
weight is : 0.0015940827647771471
weight is : 0.0011303495968419772
weight is : 0.015546654455026577
weight is : 0.011825195782346837
weight is : 0.014520644820970013
weight is : 0.00027823990076110205
weight is : 0.00023186658396758504
weight is : 0.00023186658396758504
weight is : 0.0014143861622022689
weight is : 0.0015940827647771471
weight is : 0.0011303495968419772
weight is : 0.015546654455026577
weight is : 0.020114426159188004
weight is : 0.011825195782346837
weight is : 0.014520644820970013
weight is : 0.00027823990076110205
weight is : 0.00023186658396758504
weight is : 0.00023186658396758504
weight is : 0.0014143861622022689
weight is : 0.0015940827647771471
weight is : 0.0011303495968419772
weight is : 0.015546654455026577
weight is : 0.020114426159188004
weight is : 0.011825195782346837
weight is : 0.014520644820970013

-------------Round number: 23-------------

Evaluate global model
Averaged Train Loss: 6.7285
Averaged Test Accurancy: 0.1155
Averaged Test AUC: 0.7492
Std Test Accurancy: 0.0592
Std Test AUC: 0.1611
------------------------- Round is  23 ------------------------- time cost ------------------------- 60.06299114227295
------------------------- Budget is : [9.375771760940552, 10.550357341766357, 12.262812376022339, 13.546142101287842, 15.182296514511108, 16.806487798690796, 18.74679684638977, 20.908663749694824, 23.411128520965576, 24.75996470451355, 27.2163143157959, 29.041458129882812, 31.15059542655945, 33.15936589241028, 33.87404656410217, 34.89423990249634, 37.679078578948975, 40.343401193618774, 43.663177728652954, 46.94964599609375, 49.394606590270996, 53.60710167884827, 58.57841348648071, 60.06299114227295]
>> similarity:   0%|                                  | 0/10000 [00:00<?, ?it/s]>> similarity:   7%|█▍                    | 669/10000 [00:00<00:01, 6680.23it/s]>> similarity:  13%|██▊                  | 1338/10000 [00:00<00:01, 6672.31it/s]>> similarity:  20%|████▏                | 2006/10000 [00:00<00:01, 6624.06it/s]>> similarity:  27%|█████▌               | 2669/10000 [00:00<00:01, 6614.07it/s]>> similarity:  33%|██████▉              | 3331/10000 [00:00<00:01, 6512.74it/s]>> similarity:  40%|████████▍            | 3999/10000 [00:00<00:00, 6566.27it/s]>> similarity:  47%|█████████▊           | 4664/10000 [00:00<00:00, 6590.92it/s]>> similarity:  53%|███████████▏         | 5327/10000 [00:00<00:00, 6602.41it/s]>> similarity:  60%|████████████▌        | 5992/10000 [00:00<00:00, 6615.26it/s]>> similarity:  67%|█████████████▉       | 6656/10000 [00:01<00:00, 6621.76it/s]>> similarity:  73%|███████████████▎     | 7319/10000 [00:01<00:00, 6612.80it/s]>> similarity:  80%|████████████████▊    | 7989/10000 [00:01<00:00, 6638.29it/s]>> similarity:  87%|██████████████████▏  | 8653/10000 [00:01<00:00, 6585.18it/s]>> similarity:  93%|███████████████████▌ | 9313/10000 [00:01<00:00, 6587.97it/s]>> similarity: 100%|████████████████████▉| 9979/10000 [00:01<00:00, 6608.46it/s]>> similarity: 100%|████████████████████| 10000/10000 [00:01<00:00, 6603.06it/s]
round is 24 select id is : [99, 4, 69, 74, 76, 78, 80, 17, 87, 88]
self.cost_time is : 584.96 ids is  [99, 4, 69, 74, 76, 78, 80, 17, 87, 88]
select client num is : 250 self.samples is : 60000
weight is : 0.0002607179520604866
weight is : 0.00021726496005040547
weight is : 0.00021726496005040547
weight is : 0.0014448119843351963
weight is : 0.00048341453611215217
weight is : 0.0005811837681348346
weight is : 0.00021726496005040547
weight is : 0.0014936966003465375
weight is : 0.0010591666802457268
weight is : 0.018847735284372676
weight is : 0.00021726496005040547
weight is : 0.0002607179520604866
weight is : 0.00021726496005040547
weight is : 0.00021726496005040547
weight is : 0.0014448119843351963
weight is : 0.00048341453611215217
weight is : 0.0005811837681348346
weight is : 0.0014936966003465375
weight is : 0.0010591666802457268
weight is : 0.018847735284372676
weight is : 0.0002607179520604866
weight is : 0.00021726496005040547
weight is : 0.00021726496005040547
weight is : 0.0014448119843351963
weight is : 0.0004182350480970305
weight is : 0.00048341453611215217
weight is : 0.0005811837681348346
weight is : 0.0014936966003465375
weight is : 0.0010591666802457268
weight is : 0.018847735284372676
weight is : 0.0002607179520604866
weight is : 0.00021726496005040547
weight is : 0.00021726496005040547
weight is : 0.0014448119843351963
weight is : 0.0004182350480970305
weight is : 0.0005811837681348346
weight is : 0.00040737180009451024
weight is : 0.0014936966003465375
weight is : 0.0010591666802457268
weight is : 0.018847735284372676
weight is : 0.00021726496005040547
weight is : 0.00021726496005040547
weight is : 0.0014448119843351963
weight is : 0.0004182350480970305
weight is : 0.00021726496005040547
weight is : 0.00048341453611215217
weight is : 0.0005811837681348346
weight is : 0.0014936966003465375
weight is : 0.0010591666802457268
weight is : 0.018847735284372676
weight is : 0.00021726496005040547
weight is : 0.00021726496005040547
weight is : 0.0014448119843351963
weight is : 0.00021726496005040547
weight is : 0.0005811837681348346
weight is : 0.00021726496005040547
weight is : 0.0014936966003465375
weight is : 0.0010591666802457268
weight is : 0.018847735284372676
weight is : 0.011080512962570678
weight is : 0.00021726496005040547
weight is : 0.00021726496005040547
weight is : 0.0014448119843351963
weight is : 0.00021726496005040547
weight is : 0.00048341453611215217
weight is : 0.0005811837681348346
weight is : 0.0014936966003465375
weight is : 0.0010591666802457268
weight is : 0.018847735284372676
weight is : 0.011080512962570678
weight is : 0.00021726496005040547
weight is : 0.00021726496005040547
weight is : 0.0014448119843351963
weight is : 0.00021726496005040547
weight is : 0.00048341453611215217
weight is : 0.0005811837681348346
weight is : 0.0014936966003465375
weight is : 0.0010591666802457268
weight is : 0.018847735284372676
weight is : 0.011080512962570678
weight is : 0.00021726496005040547
weight is : 0.00021726496005040547
weight is : 0.0014448119843351963
weight is : 0.00021726496005040547
weight is : 0.0005811837681348346
weight is : 0.00021726496005040547
weight is : 0.0014936966003465375
weight is : 0.0010591666802457268
weight is : 0.018847735284372676
weight is : 0.011080512962570678
weight is : 0.00021726496005040547
weight is : 0.0014448119843351963
weight is : 0.00021726496005040547
weight is : 0.00048341453611215217
weight is : 0.0005811837681348346
weight is : 0.0004997094081159326
weight is : 0.0014936966003465375
weight is : 0.0010591666802457268
weight is : 0.018847735284372676
weight is : 0.011080512962570678
weight is : 0.00021726496005040547
weight is : 0.00021726496005040547
weight is : 0.0014448119843351963
weight is : 0.00048341453611215217
weight is : 0.00021726496005040547
weight is : 0.0005811837681348346
weight is : 0.0014936966003465375
weight is : 0.0010591666802457268
weight is : 0.018847735284372676
weight is : 0.011080512962570678
weight is : 0.00021726496005040547
weight is : 0.00021726496005040547
weight is : 0.0014448119843351963
weight is : 0.00048341453611215217
weight is : 0.0005811837681348346
weight is : 0.0013253162563074733
weight is : 0.0014936966003465375
weight is : 0.0010591666802457268
weight is : 0.018847735284372676
weight is : 0.011080512962570678
weight is : 0.00021726496005040547
weight is : 0.0002607179520604866
weight is : 0.00021726496005040547
weight is : 0.0014448119843351963
weight is : 0.00021726496005040547
weight is : 0.0013253162563074733
weight is : 0.0014936966003465375
weight is : 0.0010591666802457268
weight is : 0.018847735284372676
weight is : 0.011080512962570678
weight is : 0.0002607179520604866
weight is : 0.00021726496005040547
weight is : 0.0014448119843351963
weight is : 0.00021726496005040547
weight is : 0.0008907863362066624
weight is : 0.0013253162563074733
weight is : 0.0014936966003465375
weight is : 0.0010591666802457268
weight is : 0.018847735284372676
weight is : 0.011080512962570678
weight is : 0.0002607179520604866
weight is : 0.00021726496005040547
weight is : 0.00021726496005040547
weight is : 0.0014448119843351963
weight is : 0.0013253162563074733
weight is : 0.0014936966003465375
weight is : 0.0010591666802457268
weight is : 0.001156935912268409
weight is : 0.018847735284372676
weight is : 0.011080512962570678
weight is : 0.00021726496005040547
weight is : 0.0014448119843351963
weight is : 0.00021726496005040547
weight is : 0.00048341453611215217
weight is : 0.0004453931681033312
weight is : 0.0013253162563074733
weight is : 0.0014936966003465375
weight is : 0.0010591666802457268
weight is : 0.018847735284372676
weight is : 0.011080512962570678
weight is : 0.0002607179520604866
weight is : 0.00021726496005040547
weight is : 0.0014448119843351963
weight is : 0.00021726496005040547
weight is : 0.0013253162563074733
weight is : 0.0014936966003465375
weight is : 0.0010591666802457268
weight is : 0.014567615571379687
weight is : 0.018847735284372676
weight is : 0.011080512962570678
weight is : 0.0002607179520604866
weight is : 0.00021726496005040547
weight is : 0.00021726496005040547
weight is : 0.0013253162563074733
weight is : 0.0014936966003465375
weight is : 0.0010591666802457268
weight is : 0.014567615571379687
weight is : 0.018847735284372676
weight is : 0.011080512962570678
weight is : 0.013606218123156643
weight is : 0.0002607179520604866
weight is : 0.00021726496005040547
weight is : 0.00021726496005040547
weight is : 0.00023899145605544601
weight is : 0.0013253162563074733
weight is : 0.0014936966003465375
weight is : 0.0010591666802457268
weight is : 0.014567615571379687
weight is : 0.011080512962570678
weight is : 0.013606218123156643
weight is : 0.00021726496005040547
weight is : 0.00021726496005040547
weight is : 0.00021726496005040547
weight is : 0.00048341453611215217
weight is : 0.0013253162563074733
weight is : 0.0014936966003465375
weight is : 0.0010591666802457268
weight is : 0.014567615571379687
weight is : 0.011080512962570678
weight is : 0.013606218123156643
weight is : 0.0002607179520604866
weight is : 0.00021726496005040547
weight is : 0.00021726496005040547
weight is : 0.0005105726561184529
weight is : 0.0013253162563074733
weight is : 0.0014936966003465375
weight is : 0.0010591666802457268
weight is : 0.014567615571379687
weight is : 0.011080512962570678
weight is : 0.013606218123156643
weight is : 0.0002607179520604866
weight is : 0.00021726496005040547
weight is : 0.00021726496005040547
weight is : 0.0003150341920730879
weight is : 0.0013253162563074733
weight is : 0.0014936966003465375
weight is : 0.0010591666802457268
weight is : 0.014567615571379687
weight is : 0.011080512962570678
weight is : 0.013606218123156643
weight is : 0.0002607179520604866
weight is : 0.00021726496005040547
weight is : 0.00021726496005040547
weight is : 0.0013253162563074733
weight is : 0.0014936966003465375
weight is : 0.0010591666802457268
weight is : 0.014567615571379687
weight is : 0.018847735284372676
weight is : 0.011080512962570678
weight is : 0.013606218123156643
weight is : 0.0002607179520604866
weight is : 0.00021726496005040547
weight is : 0.00021726496005040547
weight is : 0.0013253162563074733
weight is : 0.0014936966003465375
weight is : 0.0010591666802457268
weight is : 0.014567615571379687
weight is : 0.018847735284372676
weight is : 0.011080512962570678
weight is : 0.013606218123156643
weight is : 0.0002607179520604866
weight is : 0.00021726496005040547
weight is : 0.000516004280119713
weight is : 0.0013253162563074733
weight is : 0.0014936966003465375
weight is : 0.0010591666802457268
weight is : 0.014567615571379687
weight is : 0.018847735284372676
weight is : 0.011080512962570678
weight is : 0.013606218123156643

-------------Round number: 24-------------

Evaluate global model
Averaged Train Loss: 6.7289
Averaged Test Accurancy: 0.1170
Averaged Test AUC: 0.7506
Std Test Accurancy: 0.0580
Std Test AUC: 0.1586
------------------------- Round is  24 ------------------------- time cost ------------------------- 64.37637853622437
------------------------- Budget is : [9.375771760940552, 10.550357341766357, 12.262812376022339, 13.546142101287842, 15.182296514511108, 16.806487798690796, 18.74679684638977, 20.908663749694824, 23.411128520965576, 24.75996470451355, 27.2163143157959, 29.041458129882812, 31.15059542655945, 33.15936589241028, 33.87404656410217, 34.89423990249634, 37.679078578948975, 40.343401193618774, 43.663177728652954, 46.94964599609375, 49.394606590270996, 53.60710167884827, 58.57841348648071, 60.06299114227295, 64.37637853622437]
>> similarity:   0%|                                  | 0/10000 [00:00<?, ?it/s]>> similarity:   7%|█▍                    | 664/10000 [00:00<00:01, 6633.66it/s]>> similarity:  13%|██▊                  | 1334/10000 [00:00<00:01, 6669.18it/s]>> similarity:  20%|████▏                | 2001/10000 [00:00<00:01, 6641.48it/s]>> similarity:  27%|█████▌               | 2666/10000 [00:00<00:01, 6614.57it/s]>> similarity:  33%|██████▉              | 3328/10000 [00:00<00:01, 6610.61it/s]>> similarity:  40%|████████▍            | 3990/10000 [00:00<00:00, 6584.09it/s]>> similarity:  47%|█████████▊           | 4655/10000 [00:00<00:00, 6603.49it/s]>> similarity:  53%|███████████▏         | 5316/10000 [00:00<00:00, 6580.57it/s]>> similarity:  60%|████████████▌        | 5979/10000 [00:00<00:00, 6595.60it/s]>> similarity:  66%|█████████████▉       | 6645/10000 [00:01<00:00, 6613.53it/s]>> similarity:  73%|███████████████▎     | 7310/10000 [00:01<00:00, 6624.37it/s]>> similarity:  80%|████████████████▋    | 7973/10000 [00:01<00:00, 6572.94it/s]>> similarity:  86%|██████████████████▏  | 8631/10000 [00:01<00:00, 6551.58it/s]>> similarity:  93%|███████████████████▌ | 9295/10000 [00:01<00:00, 6577.77it/s]>> similarity: 100%|████████████████████▉| 9967/10000 [00:01<00:00, 6619.53it/s]>> similarity: 100%|████████████████████| 10000/10000 [00:01<00:00, 6603.61it/s]
round is 25 select id is : [65, 99, 4, 74, 76, 78, 80, 17, 87, 88]
self.cost_time is : 607.69 ids is  [65, 99, 4, 74, 76, 78, 80, 17, 87, 88]
select client num is : 260 self.samples is : 60000
weight is : 0.0002452871648380849
weight is : 0.0002044059706984041
weight is : 0.0002044059706984041
weight is : 0.0013592997051443873
weight is : 0.00045480328480394913
weight is : 0.000546785971618231
weight is : 0.0002044059706984041
weight is : 0.0014052910485515282
weight is : 0.00099647910715472
weight is : 0.017732217958086556
weight is : 0.0002044059706984041
weight is : 0.0002452871648380849
weight is : 0.0002044059706984041
weight is : 0.0002044059706984041
weight is : 0.0013592997051443873
weight is : 0.00045480328480394913
weight is : 0.000546785971618231
weight is : 0.0014052910485515282
weight is : 0.00099647910715472
weight is : 0.017732217958086556
weight is : 0.0002452871648380849
weight is : 0.0002044059706984041
weight is : 0.0002044059706984041
weight is : 0.0013592997051443873
weight is : 0.0003934814935944279
weight is : 0.00045480328480394913
weight is : 0.000546785971618231
weight is : 0.0014052910485515282
weight is : 0.00099647910715472
weight is : 0.017732217958086556
weight is : 0.0002452871648380849
weight is : 0.0002044059706984041
weight is : 0.0002044059706984041
weight is : 0.0013592997051443873
weight is : 0.0003934814935944279
weight is : 0.000546785971618231
weight is : 0.0003832611950595077
weight is : 0.0014052910485515282
weight is : 0.00099647910715472
weight is : 0.017732217958086556
weight is : 0.0002044059706984041
weight is : 0.0002044059706984041
weight is : 0.0013592997051443873
weight is : 0.0003934814935944279
weight is : 0.0002044059706984041
weight is : 0.00045480328480394913
weight is : 0.000546785971618231
weight is : 0.0014052910485515282
weight is : 0.00099647910715472
weight is : 0.017732217958086556
weight is : 0.0002044059706984041
weight is : 0.0002044059706984041
weight is : 0.0013592997051443873
weight is : 0.0002044059706984041
weight is : 0.000546785971618231
weight is : 0.0002044059706984041
weight is : 0.0014052910485515282
weight is : 0.00099647910715472
weight is : 0.017732217958086556
weight is : 0.01042470450561861
weight is : 0.0002044059706984041
weight is : 0.0002044059706984041
weight is : 0.0013592997051443873
weight is : 0.0002044059706984041
weight is : 0.00045480328480394913
weight is : 0.000546785971618231
weight is : 0.0014052910485515282
weight is : 0.00099647910715472
weight is : 0.017732217958086556
weight is : 0.01042470450561861
weight is : 0.0002044059706984041
weight is : 0.0002044059706984041
weight is : 0.0013592997051443873
weight is : 0.0002044059706984041
weight is : 0.00045480328480394913
weight is : 0.000546785971618231
weight is : 0.0014052910485515282
weight is : 0.00099647910715472
weight is : 0.017732217958086556
weight is : 0.01042470450561861
weight is : 0.0002044059706984041
weight is : 0.0002044059706984041
weight is : 0.0013592997051443873
weight is : 0.0002044059706984041
weight is : 0.000546785971618231
weight is : 0.0002044059706984041
weight is : 0.0014052910485515282
weight is : 0.00099647910715472
weight is : 0.017732217958086556
weight is : 0.01042470450561861
weight is : 0.0002044059706984041
weight is : 0.0013592997051443873
weight is : 0.0002044059706984041
weight is : 0.00045480328480394913
weight is : 0.000546785971618231
weight is : 0.0004701337326063294
weight is : 0.0014052910485515282
weight is : 0.00099647910715472
weight is : 0.017732217958086556
weight is : 0.01042470450561861
weight is : 0.0002044059706984041
weight is : 0.0002044059706984041
weight is : 0.0013592997051443873
weight is : 0.00045480328480394913
weight is : 0.0002044059706984041
weight is : 0.000546785971618231
weight is : 0.0014052910485515282
weight is : 0.00099647910715472
weight is : 0.017732217958086556
weight is : 0.01042470450561861
weight is : 0.0002044059706984041
weight is : 0.0002044059706984041
weight is : 0.0013592997051443873
weight is : 0.00045480328480394913
weight is : 0.000546785971618231
weight is : 0.001246876421260265
weight is : 0.0014052910485515282
weight is : 0.00099647910715472
weight is : 0.017732217958086556
weight is : 0.01042470450561861
weight is : 0.0002044059706984041
weight is : 0.0002452871648380849
weight is : 0.0002044059706984041
weight is : 0.0013592997051443873
weight is : 0.0002044059706984041
weight is : 0.001246876421260265
weight is : 0.0014052910485515282
weight is : 0.00099647910715472
weight is : 0.017732217958086556
weight is : 0.01042470450561861
weight is : 0.0002452871648380849
weight is : 0.0002044059706984041
weight is : 0.0013592997051443873
weight is : 0.0002044059706984041
weight is : 0.0008380644798634568
weight is : 0.001246876421260265
weight is : 0.0014052910485515282
weight is : 0.00099647910715472
weight is : 0.017732217958086556
weight is : 0.01042470450561861
weight is : 0.0002452871648380849
weight is : 0.0002044059706984041
weight is : 0.0002044059706984041
weight is : 0.0013592997051443873
weight is : 0.001246876421260265
weight is : 0.0014052910485515282
weight is : 0.00099647910715472
weight is : 0.0010884617939690019
weight is : 0.017732217958086556
weight is : 0.01042470450561861
weight is : 0.0002044059706984041
weight is : 0.0013592997051443873
weight is : 0.0002044059706984041
weight is : 0.00045480328480394913
weight is : 0.0004190322399317284
weight is : 0.001246876421260265
weight is : 0.0014052910485515282
weight is : 0.00099647910715472
weight is : 0.017732217958086556
weight is : 0.01042470450561861
weight is : 0.0002452871648380849
weight is : 0.0002044059706984041
weight is : 0.0013592997051443873
weight is : 0.0002044059706984041
weight is : 0.001246876421260265
weight is : 0.0014052910485515282
weight is : 0.00099647910715472
weight is : 0.013705420335327996
weight is : 0.017732217958086556
weight is : 0.01042470450561861
weight is : 0.0002452871648380849
weight is : 0.0002044059706984041
weight is : 0.0002044059706984041
weight is : 0.001246876421260265
weight is : 0.0014052910485515282
weight is : 0.00099647910715472
weight is : 0.013705420335327996
weight is : 0.017732217958086556
weight is : 0.01042470450561861
weight is : 0.012800923914987557
weight is : 0.0002452871648380849
weight is : 0.0002044059706984041
weight is : 0.0002044059706984041
weight is : 0.0002248465677682445
weight is : 0.001246876421260265
weight is : 0.0014052910485515282
weight is : 0.00099647910715472
weight is : 0.013705420335327996
weight is : 0.01042470450561861
weight is : 0.012800923914987557
weight is : 0.0002044059706984041
weight is : 0.0002044059706984041
weight is : 0.0002044059706984041
weight is : 0.00045480328480394913
weight is : 0.001246876421260265
weight is : 0.0014052910485515282
weight is : 0.00099647910715472
weight is : 0.013705420335327996
weight is : 0.01042470450561861
weight is : 0.012800923914987557
weight is : 0.0002452871648380849
weight is : 0.0002044059706984041
weight is : 0.0002044059706984041
weight is : 0.00048035403114124963
weight is : 0.001246876421260265
weight is : 0.0014052910485515282
weight is : 0.00099647910715472
weight is : 0.013705420335327996
weight is : 0.01042470450561861
weight is : 0.012800923914987557
weight is : 0.0002452871648380849
weight is : 0.0002044059706984041
weight is : 0.0002044059706984041
weight is : 0.0002963886575126859
weight is : 0.001246876421260265
weight is : 0.0014052910485515282
weight is : 0.00099647910715472
weight is : 0.013705420335327996
weight is : 0.01042470450561861
weight is : 0.012800923914987557
weight is : 0.0002452871648380849
weight is : 0.0002044059706984041
weight is : 0.0002044059706984041
weight is : 0.001246876421260265
weight is : 0.0014052910485515282
weight is : 0.00099647910715472
weight is : 0.013705420335327996
weight is : 0.017732217958086556
weight is : 0.01042470450561861
weight is : 0.012800923914987557
weight is : 0.0002452871648380849
weight is : 0.0002044059706984041
weight is : 0.0002044059706984041
weight is : 0.001246876421260265
weight is : 0.0014052910485515282
weight is : 0.00099647910715472
weight is : 0.013705420335327996
weight is : 0.017732217958086556
weight is : 0.01042470450561861
weight is : 0.012800923914987557
weight is : 0.0002452871648380849
weight is : 0.0002044059706984041
weight is : 0.00048546418040870974
weight is : 0.001246876421260265
weight is : 0.0014052910485515282
weight is : 0.00099647910715472
weight is : 0.013705420335327996
weight is : 0.017732217958086556
weight is : 0.01042470450561861
weight is : 0.012800923914987557
weight is : 0.0002452871648380849
weight is : 0.0002044059706984041
weight is : 0.0004241423891991885
weight is : 0.001246876421260265
weight is : 0.0014052910485515282
weight is : 0.00099647910715472
weight is : 0.013705420335327996
weight is : 0.017732217958086556
weight is : 0.01042470450561861
weight is : 0.012800923914987557

-------------Round number: 25-------------

Evaluate global model
Averaged Train Loss: 6.7658
Averaged Test Accurancy: 0.1173
Averaged Test AUC: 0.7515
Std Test Accurancy: 0.0578
Std Test AUC: 0.1567
------------------------- Round is  25 ------------------------- time cost ------------------------- 67.99968600273132
------------------------- Budget is : [9.375771760940552, 10.550357341766357, 12.262812376022339, 13.546142101287842, 15.182296514511108, 16.806487798690796, 18.74679684638977, 20.908663749694824, 23.411128520965576, 24.75996470451355, 27.2163143157959, 29.041458129882812, 31.15059542655945, 33.15936589241028, 33.87404656410217, 34.89423990249634, 37.679078578948975, 40.343401193618774, 43.663177728652954, 46.94964599609375, 49.394606590270996, 53.60710167884827, 58.57841348648071, 60.06299114227295, 64.37637853622437, 67.99968600273132]
>> similarity:   0%|                                  | 0/10000 [00:00<?, ?it/s]>> similarity:   7%|█▍                    | 662/10000 [00:00<00:01, 6613.87it/s]>> similarity:  13%|██▊                  | 1324/10000 [00:00<00:01, 6608.83it/s]>> similarity:  20%|████▏                | 1990/10000 [00:00<00:01, 6630.24it/s]>> similarity:  27%|█████▌               | 2654/10000 [00:00<00:01, 6632.30it/s]>> similarity:  33%|██████▉              | 3318/10000 [00:00<00:01, 6610.93it/s]>> similarity:  40%|████████▎            | 3980/10000 [00:00<00:00, 6605.67it/s]>> similarity:  46%|█████████▊           | 4647/10000 [00:00<00:00, 6626.06it/s]>> similarity:  53%|███████████▏         | 5311/10000 [00:00<00:00, 6630.27it/s]>> similarity:  60%|████████████▌        | 5979/10000 [00:00<00:00, 6643.10it/s]>> similarity:  66%|█████████████▉       | 6644/10000 [00:01<00:00, 6629.25it/s]>> similarity:  73%|███████████████▎     | 7310/10000 [00:01<00:00, 6636.09it/s]>> similarity:  80%|████████████████▋    | 7974/10000 [00:01<00:00, 6635.70it/s]>> similarity:  86%|██████████████████▏  | 8638/10000 [00:01<00:00, 6630.69it/s]>> similarity:  93%|███████████████████▌ | 9305/10000 [00:01<00:00, 6639.25it/s]>> similarity: 100%|████████████████████▉| 9969/10000 [00:01<00:00, 6620.91it/s]>> similarity: 100%|████████████████████| 10000/10000 [00:01<00:00, 6625.54it/s]
round is 26 select id is : [99, 4, 70, 74, 76, 78, 80, 54, 87, 88]
self.cost_time is : 636.5 ids is  [99, 4, 70, 74, 76, 78, 80, 54, 87, 88]
select client num is : 270 self.samples is : 60000
weight is : 0.00023141005862388153
weight is : 0.00019284171551990127
weight is : 0.00019284171551990127
weight is : 0.0012823974082073434
weight is : 0.0004290728170317803
weight is : 0.0005158515890157359
weight is : 0.00019284171551990127
weight is : 0.0013257867941993211
weight is : 0.0009401033631595187
weight is : 0.016729018821351433
weight is : 0.00019284171551990127
weight is : 0.00023141005862388153
weight is : 0.00019284171551990127
weight is : 0.00019284171551990127
weight is : 0.0012823974082073434
weight is : 0.0004290728170317803
weight is : 0.0005158515890157359
weight is : 0.0013257867941993211
weight is : 0.0009401033631595187
weight is : 0.016729018821351433
weight is : 0.00023141005862388153
weight is : 0.00019284171551990127
weight is : 0.00019284171551990127
weight is : 0.0012823974082073434
weight is : 0.00037122030237580995
weight is : 0.0004290728170317803
weight is : 0.0005158515890157359
weight is : 0.0013257867941993211
weight is : 0.0009401033631595187
weight is : 0.016729018821351433
weight is : 0.00023141005862388153
weight is : 0.00019284171551990127
weight is : 0.00019284171551990127
weight is : 0.0012823974082073434
weight is : 0.00037122030237580995
weight is : 0.0005158515890157359
weight is : 0.0003615782165998149
weight is : 0.0013257867941993211
weight is : 0.0009401033631595187
weight is : 0.016729018821351433
weight is : 0.00019284171551990127
weight is : 0.00019284171551990127
weight is : 0.0012823974082073434
weight is : 0.00037122030237580995
weight is : 0.00019284171551990127
weight is : 0.0004290728170317803
weight is : 0.0005158515890157359
weight is : 0.0013257867941993211
weight is : 0.0009401033631595187
weight is : 0.016729018821351433
weight is : 0.00019284171551990127
weight is : 0.00019284171551990127
weight is : 0.0012823974082073434
weight is : 0.00019284171551990127
weight is : 0.0005158515890157359
weight is : 0.00019284171551990127
weight is : 0.0013257867941993211
weight is : 0.0009401033631595187
weight is : 0.016729018821351433
weight is : 0.009834927491514964
weight is : 0.00019284171551990127
weight is : 0.00019284171551990127
weight is : 0.0012823974082073434
weight is : 0.00019284171551990127
weight is : 0.0004290728170317803
weight is : 0.0005158515890157359
weight is : 0.0013257867941993211
weight is : 0.0009401033631595187
weight is : 0.016729018821351433
weight is : 0.009834927491514964
weight is : 0.00019284171551990127
weight is : 0.00019284171551990127
weight is : 0.0012823974082073434
weight is : 0.00019284171551990127
weight is : 0.0004290728170317803
weight is : 0.0005158515890157359
weight is : 0.0013257867941993211
weight is : 0.0009401033631595187
weight is : 0.016729018821351433
weight is : 0.009834927491514964
weight is : 0.00019284171551990127
weight is : 0.00019284171551990127
weight is : 0.0012823974082073434
weight is : 0.00019284171551990127
weight is : 0.0005158515890157359
weight is : 0.00019284171551990127
weight is : 0.0013257867941993211
weight is : 0.0009401033631595187
weight is : 0.016729018821351433
weight is : 0.009834927491514964
weight is : 0.00019284171551990127
weight is : 0.0012823974082073434
weight is : 0.00019284171551990127
weight is : 0.0004290728170317803
weight is : 0.0005158515890157359
weight is : 0.0004435359456957729
weight is : 0.0013257867941993211
weight is : 0.0009401033631595187
weight is : 0.016729018821351433
weight is : 0.009834927491514964
weight is : 0.00019284171551990127
weight is : 0.00019284171551990127
weight is : 0.0012823974082073434
weight is : 0.0004290728170317803
weight is : 0.00019284171551990127
weight is : 0.0005158515890157359
weight is : 0.0013257867941993211
weight is : 0.0009401033631595187
weight is : 0.016729018821351433
weight is : 0.009834927491514964
weight is : 0.00019284171551990127
weight is : 0.00019284171551990127
weight is : 0.0012823974082073434
weight is : 0.0004290728170317803
weight is : 0.0005158515890157359
weight is : 0.0011763344646713977
weight is : 0.0013257867941993211
weight is : 0.0009401033631595187
weight is : 0.016729018821351433
weight is : 0.009834927491514964
weight is : 0.00019284171551990127
weight is : 0.00023141005862388153
weight is : 0.00019284171551990127
weight is : 0.0012823974082073434
weight is : 0.00019284171551990127
weight is : 0.0011763344646713977
weight is : 0.0013257867941993211
weight is : 0.0009401033631595187
weight is : 0.016729018821351433
weight is : 0.009834927491514964
weight is : 0.00023141005862388153
weight is : 0.00019284171551990127
weight is : 0.0012823974082073434
weight is : 0.00019284171551990127
weight is : 0.0007906510336315952
weight is : 0.0011763344646713977
weight is : 0.0013257867941993211
weight is : 0.0009401033631595187
weight is : 0.016729018821351433
weight is : 0.009834927491514964
weight is : 0.00023141005862388153
weight is : 0.00019284171551990127
weight is : 0.00019284171551990127
weight is : 0.0012823974082073434
weight is : 0.0011763344646713977
weight is : 0.0013257867941993211
weight is : 0.0009401033631595187
weight is : 0.0010268821351434743
weight is : 0.016729018821351433
weight is : 0.009834927491514964
weight is : 0.00019284171551990127
weight is : 0.0012823974082073434
weight is : 0.00019284171551990127
weight is : 0.0004290728170317803
weight is : 0.0003953255168157976
weight is : 0.0011763344646713977
weight is : 0.0013257867941993211
weight is : 0.0009401033631595187
weight is : 0.016729018821351433
weight is : 0.009834927491514964
weight is : 0.00023141005862388153
weight is : 0.00019284171551990127
weight is : 0.0012823974082073434
weight is : 0.00019284171551990127
weight is : 0.0011763344646713977
weight is : 0.0013257867941993211
weight is : 0.0009401033631595187
weight is : 0.01293003702560938
weight is : 0.016729018821351433
weight is : 0.009834927491514964
weight is : 0.00023141005862388153
weight is : 0.00019284171551990127
weight is : 0.00019284171551990127
weight is : 0.0011763344646713977
weight is : 0.0013257867941993211
weight is : 0.0009401033631595187
weight is : 0.01293003702560938
weight is : 0.016729018821351433
weight is : 0.009834927491514964
weight is : 0.012076712434433817
weight is : 0.00023141005862388153
weight is : 0.00019284171551990127
weight is : 0.00019284171551990127
weight is : 0.00021212588707189139
weight is : 0.0011763344646713977
weight is : 0.0013257867941993211
weight is : 0.0009401033631595187
weight is : 0.01293003702560938
weight is : 0.009834927491514964
weight is : 0.012076712434433817
weight is : 0.00019284171551990127
weight is : 0.00019284171551990127
weight is : 0.00019284171551990127
weight is : 0.0004290728170317803
weight is : 0.0011763344646713977
weight is : 0.0013257867941993211
weight is : 0.0009401033631595187
weight is : 0.01293003702560938
weight is : 0.009834927491514964
weight is : 0.012076712434433817
weight is : 0.00023141005862388153
weight is : 0.00019284171551990127
weight is : 0.00019284171551990127
weight is : 0.000453178031471768
weight is : 0.0011763344646713977
weight is : 0.0013257867941993211
weight is : 0.0009401033631595187
weight is : 0.01293003702560938
weight is : 0.009834927491514964
weight is : 0.012076712434433817
weight is : 0.00023141005862388153
weight is : 0.00019284171551990127
weight is : 0.00019284171551990127
weight is : 0.00027962048750385685
weight is : 0.0011763344646713977
weight is : 0.0013257867941993211
weight is : 0.0009401033631595187
weight is : 0.01293003702560938
weight is : 0.009834927491514964
weight is : 0.012076712434433817
weight is : 0.00023141005862388153
weight is : 0.00019284171551990127
weight is : 0.00019284171551990127
weight is : 0.0011763344646713977
weight is : 0.0013257867941993211
weight is : 0.0009401033631595187
weight is : 0.01293003702560938
weight is : 0.016729018821351433
weight is : 0.009834927491514964
weight is : 0.012076712434433817
weight is : 0.00023141005862388153
weight is : 0.00019284171551990127
weight is : 0.00019284171551990127
weight is : 0.0011763344646713977
weight is : 0.0013257867941993211
weight is : 0.0009401033631595187
weight is : 0.01293003702560938
weight is : 0.016729018821351433
weight is : 0.009834927491514964
weight is : 0.012076712434433817
weight is : 0.00023141005862388153
weight is : 0.00019284171551990127
weight is : 0.00045799907435976553
weight is : 0.0011763344646713977
weight is : 0.0013257867941993211
weight is : 0.0009401033631595187
weight is : 0.01293003702560938
weight is : 0.016729018821351433
weight is : 0.009834927491514964
weight is : 0.012076712434433817
weight is : 0.00023141005862388153
weight is : 0.00019284171551990127
weight is : 0.0004001465597037951
weight is : 0.0011763344646713977
weight is : 0.0013257867941993211
weight is : 0.0009401033631595187
weight is : 0.01293003702560938
weight is : 0.016729018821351433
weight is : 0.009834927491514964
weight is : 0.012076712434433817
weight is : 0.00023141005862388153
weight is : 0.00027962048750385685
weight is : 0.001050987349583462
weight is : 0.0011763344646713977
weight is : 0.0013257867941993211
weight is : 0.0009401033631595187
weight is : 0.01293003702560938
weight is : 0.016729018821351433
weight is : 0.009834927491514964
weight is : 0.012076712434433817

-------------Round number: 26-------------

Evaluate global model
Averaged Train Loss: 6.8268
Averaged Test Accurancy: 0.1181
Averaged Test AUC: 0.7521
Std Test Accurancy: 0.0585
Std Test AUC: 0.1548
------------------------- Round is  26 ------------------------- time cost ------------------------- 70.97006058692932
------------------------- Budget is : [9.375771760940552, 10.550357341766357, 12.262812376022339, 13.546142101287842, 15.182296514511108, 16.806487798690796, 18.74679684638977, 20.908663749694824, 23.411128520965576, 24.75996470451355, 27.2163143157959, 29.041458129882812, 31.15059542655945, 33.15936589241028, 33.87404656410217, 34.89423990249634, 37.679078578948975, 40.343401193618774, 43.663177728652954, 46.94964599609375, 49.394606590270996, 53.60710167884827, 58.57841348648071, 60.06299114227295, 64.37637853622437, 67.99968600273132, 70.97006058692932]
>> similarity:   0%|                                  | 0/10000 [00:00<?, ?it/s]>> similarity:   6%|█▍                    | 639/10000 [00:00<00:01, 6382.15it/s]>> similarity:  13%|██▋                  | 1278/10000 [00:00<00:01, 6263.82it/s]>> similarity:  19%|████                 | 1938/10000 [00:00<00:01, 6415.27it/s]>> similarity:  26%|█████▍               | 2580/10000 [00:00<00:01, 6409.87it/s]>> similarity:  32%|██████▊              | 3222/10000 [00:00<00:01, 6413.08it/s]>> similarity:  39%|████████▏            | 3885/10000 [00:00<00:00, 6483.68it/s]>> similarity:  45%|█████████▌           | 4534/10000 [00:00<00:00, 6468.87it/s]>> similarity:  52%|██████████▉          | 5194/10000 [00:00<00:00, 6509.80it/s]>> similarity:  59%|████████████▎        | 5855/10000 [00:00<00:00, 6539.96it/s]>> similarity:  65%|█████████████▋       | 6522/10000 [00:01<00:00, 6577.91it/s]>> similarity:  72%|███████████████      | 7181/10000 [00:01<00:00, 6579.14it/s]>> similarity:  78%|████████████████▍    | 7847/10000 [00:01<00:00, 6601.12it/s]>> similarity:  85%|█████████████████▊   | 8508/10000 [00:01<00:00, 6590.50it/s]>> similarity:  92%|███████████████████▎ | 9169/10000 [00:01<00:00, 6594.46it/s]>> similarity:  98%|████████████████████▋| 9829/10000 [00:01<00:00, 6564.71it/s]>> similarity: 100%|████████████████████| 10000/10000 [00:01<00:00, 6521.93it/s]
round is 27 select id is : [99, 4, 74, 76, 78, 80, 17, 85, 87, 88]
self.cost_time is : 659.23 ids is  [99, 4, 74, 76, 78, 80, 17, 85, 87, 88]
select client num is : 280 self.samples is : 60000
weight is : 0.0002172397874670746
weight is : 0.00018103315622256216
weight is : 0.00018103315622256216
weight is : 0.0012038704888800383
weight is : 0.0004027987725952008
weight is : 0.0004842636928953538
weight is : 0.00018103315622256216
weight is : 0.001244602949030115
weight is : 0.0008825366365849905
weight is : 0.01570462630230727
weight is : 0.00018103315622256216
weight is : 0.0002172397874670746
weight is : 0.00018103315622256216
weight is : 0.00018103315622256216
weight is : 0.0012038704888800383
weight is : 0.0004027987725952008
weight is : 0.0004842636928953538
weight is : 0.001244602949030115
weight is : 0.0008825366365849905
weight is : 0.01570462630230727
weight is : 0.0002172397874670746
weight is : 0.00018103315622256216
weight is : 0.00018103315622256216
weight is : 0.0012038704888800383
weight is : 0.0003484888257284322
weight is : 0.0004027987725952008
weight is : 0.0004842636928953538
weight is : 0.001244602949030115
weight is : 0.0008825366365849905
weight is : 0.01570462630230727
weight is : 0.0002172397874670746
weight is : 0.00018103315622256216
weight is : 0.00018103315622256216
weight is : 0.0012038704888800383
weight is : 0.0003484888257284322
weight is : 0.0004842636928953538
weight is : 0.0003394371679173041
weight is : 0.001244602949030115
weight is : 0.0008825366365849905
weight is : 0.01570462630230727
weight is : 0.00018103315622256216
weight is : 0.00018103315622256216
weight is : 0.0012038704888800383
weight is : 0.0003484888257284322
weight is : 0.00018103315622256216
weight is : 0.0004027987725952008
weight is : 0.0004842636928953538
weight is : 0.001244602949030115
weight is : 0.0008825366365849905
weight is : 0.01570462630230727
weight is : 0.00018103315622256216
weight is : 0.00018103315622256216
weight is : 0.0012038704888800383
weight is : 0.00018103315622256216
weight is : 0.0004842636928953538
weight is : 0.00018103315622256216
weight is : 0.001244602949030115
weight is : 0.0008825366365849905
weight is : 0.01570462630230727
weight is : 0.00923269096735067
weight is : 0.00018103315622256216
weight is : 0.00018103315622256216
weight is : 0.0012038704888800383
weight is : 0.00018103315622256216
weight is : 0.0004027987725952008
weight is : 0.0004842636928953538
weight is : 0.001244602949030115
weight is : 0.0008825366365849905
weight is : 0.01570462630230727
weight is : 0.00923269096735067
weight is : 0.00018103315622256216
weight is : 0.00018103315622256216
weight is : 0.0012038704888800383
weight is : 0.00018103315622256216
weight is : 0.0004027987725952008
weight is : 0.0004842636928953538
weight is : 0.001244602949030115
weight is : 0.0008825366365849905
weight is : 0.01570462630230727
weight is : 0.00923269096735067
weight is : 0.00018103315622256216
weight is : 0.00018103315622256216
weight is : 0.0012038704888800383
weight is : 0.00018103315622256216
weight is : 0.0004842636928953538
weight is : 0.00018103315622256216
weight is : 0.001244602949030115
weight is : 0.0008825366365849905
weight is : 0.01570462630230727
weight is : 0.00923269096735067
weight is : 0.00018103315622256216
weight is : 0.0012038704888800383
weight is : 0.00018103315622256216
weight is : 0.0004027987725952008
weight is : 0.0004842636928953538
weight is : 0.00041637625931189296
weight is : 0.001244602949030115
weight is : 0.0008825366365849905
weight is : 0.01570462630230727
weight is : 0.00923269096735067
weight is : 0.00018103315622256216
weight is : 0.00018103315622256216
weight is : 0.0012038704888800383
weight is : 0.0004027987725952008
weight is : 0.00018103315622256216
weight is : 0.0004842636928953538
weight is : 0.001244602949030115
weight is : 0.0008825366365849905
weight is : 0.01570462630230727
weight is : 0.00923269096735067
weight is : 0.00018103315622256216
weight is : 0.00018103315622256216
weight is : 0.0012038704888800383
weight is : 0.0004027987725952008
weight is : 0.0004842636928953538
weight is : 0.0011043022529576292
weight is : 0.001244602949030115
weight is : 0.0008825366365849905
weight is : 0.01570462630230727
weight is : 0.00923269096735067
weight is : 0.00018103315622256216
weight is : 0.0002172397874670746
weight is : 0.00018103315622256216
weight is : 0.0012038704888800383
weight is : 0.00018103315622256216
weight is : 0.0011043022529576292
weight is : 0.001244602949030115
weight is : 0.0008825366365849905
weight is : 0.01570462630230727
weight is : 0.00923269096735067
weight is : 0.0002172397874670746
weight is : 0.00018103315622256216
weight is : 0.0012038704888800383
weight is : 0.00018103315622256216
weight is : 0.0007422359405125048
weight is : 0.0011043022529576292
weight is : 0.001244602949030115
weight is : 0.0008825366365849905
weight is : 0.01570462630230727
weight is : 0.00923269096735067
weight is : 0.0002172397874670746
weight is : 0.00018103315622256216
weight is : 0.00018103315622256216
weight is : 0.0012038704888800383
weight is : 0.0011043022529576292
weight is : 0.001244602949030115
weight is : 0.0008825366365849905
weight is : 0.0009640015568851435
weight is : 0.01570462630230727
weight is : 0.00923269096735067
weight is : 0.00018103315622256216
weight is : 0.0012038704888800383
weight is : 0.00018103315622256216
weight is : 0.0004027987725952008
weight is : 0.0003711179702562524
weight is : 0.0011043022529576292
weight is : 0.001244602949030115
weight is : 0.0008825366365849905
weight is : 0.01570462630230727
weight is : 0.00923269096735067
weight is : 0.0002172397874670746
weight is : 0.00018103315622256216
weight is : 0.0012038704888800383
weight is : 0.00018103315622256216
weight is : 0.0011043022529576292
weight is : 0.001244602949030115
weight is : 0.0008825366365849905
weight is : 0.012138273124722793
weight is : 0.01570462630230727
weight is : 0.00923269096735067
weight is : 0.0002172397874670746
weight is : 0.00018103315622256216
weight is : 0.00018103315622256216
weight is : 0.0011043022529576292
weight is : 0.001244602949030115
weight is : 0.0008825366365849905
weight is : 0.012138273124722793
weight is : 0.01570462630230727
weight is : 0.00923269096735067
weight is : 0.011337201408437955
weight is : 0.0002172397874670746
weight is : 0.00018103315622256216
weight is : 0.00018103315622256216
weight is : 0.00019913647184481838
weight is : 0.0011043022529576292
weight is : 0.001244602949030115
weight is : 0.0008825366365849905
weight is : 0.012138273124722793
weight is : 0.00923269096735067
weight is : 0.011337201408437955
weight is : 0.00018103315622256216
weight is : 0.00018103315622256216
weight is : 0.00018103315622256216
weight is : 0.0004027987725952008
weight is : 0.0011043022529576292
weight is : 0.001244602949030115
weight is : 0.0008825366365849905
weight is : 0.012138273124722793
weight is : 0.00923269096735067
weight is : 0.011337201408437955
weight is : 0.0002172397874670746
weight is : 0.00018103315622256216
weight is : 0.00018103315622256216
weight is : 0.00042542791712302106
weight is : 0.0011043022529576292
weight is : 0.001244602949030115
weight is : 0.0008825366365849905
weight is : 0.012138273124722793
weight is : 0.00923269096735067
weight is : 0.011337201408437955
weight is : 0.0002172397874670746
weight is : 0.00018103315622256216
weight is : 0.00018103315622256216
weight is : 0.00026249807652271515
weight is : 0.0011043022529576292
weight is : 0.001244602949030115
weight is : 0.0008825366365849905
weight is : 0.012138273124722793
weight is : 0.00923269096735067
weight is : 0.011337201408437955
weight is : 0.0002172397874670746
weight is : 0.00018103315622256216
weight is : 0.00018103315622256216
weight is : 0.0011043022529576292
weight is : 0.001244602949030115
weight is : 0.0008825366365849905
weight is : 0.012138273124722793
weight is : 0.01570462630230727
weight is : 0.00923269096735067
weight is : 0.011337201408437955
weight is : 0.0002172397874670746
weight is : 0.00018103315622256216
weight is : 0.00018103315622256216
weight is : 0.0011043022529576292
weight is : 0.001244602949030115
weight is : 0.0008825366365849905
weight is : 0.012138273124722793
weight is : 0.01570462630230727
weight is : 0.00923269096735067
weight is : 0.011337201408437955
weight is : 0.0002172397874670746
weight is : 0.00018103315622256216
weight is : 0.00042995374602858516
weight is : 0.0011043022529576292
weight is : 0.001244602949030115
weight is : 0.0008825366365849905
weight is : 0.012138273124722793
weight is : 0.01570462630230727
weight is : 0.00923269096735067
weight is : 0.011337201408437955
weight is : 0.0002172397874670746
weight is : 0.00018103315622256216
weight is : 0.00037564379916181647
weight is : 0.0011043022529576292
weight is : 0.001244602949030115
weight is : 0.0008825366365849905
weight is : 0.012138273124722793
weight is : 0.01570462630230727
weight is : 0.00923269096735067
weight is : 0.011337201408437955
weight is : 0.0002172397874670746
weight is : 0.00026249807652271515
weight is : 0.0009866307014129638
weight is : 0.0011043022529576292
weight is : 0.001244602949030115
weight is : 0.0008825366365849905
weight is : 0.012138273124722793
weight is : 0.01570462630230727
weight is : 0.00923269096735067
weight is : 0.011337201408437955
weight is : 0.0002172397874670746
weight is : 0.00018103315622256216
weight is : 0.0011043022529576292
weight is : 0.001244602949030115
weight is : 0.0008825366365849905
weight is : 0.012138273124722793
weight is : 0.009191958507200594
weight is : 0.01570462630230727
weight is : 0.00923269096735067
weight is : 0.011337201408437955

-------------Round number: 27-------------

Evaluate global model
Averaged Train Loss: 6.8834
Averaged Test Accurancy: 0.1184
Averaged Test AUC: 0.7528
Std Test Accurancy: 0.0575
Std Test AUC: 0.1530
------------------------- Round is  27 ------------------------- time cost ------------------------- 75.8372049331665
------------------------- Budget is : [9.375771760940552, 10.550357341766357, 12.262812376022339, 13.546142101287842, 15.182296514511108, 16.806487798690796, 18.74679684638977, 20.908663749694824, 23.411128520965576, 24.75996470451355, 27.2163143157959, 29.041458129882812, 31.15059542655945, 33.15936589241028, 33.87404656410217, 34.89423990249634, 37.679078578948975, 40.343401193618774, 43.663177728652954, 46.94964599609375, 49.394606590270996, 53.60710167884827, 58.57841348648071, 60.06299114227295, 64.37637853622437, 67.99968600273132, 70.97006058692932, 75.8372049331665]
>> similarity:   0%|                                  | 0/10000 [00:00<?, ?it/s]>> similarity:   7%|█▍                    | 657/10000 [00:00<00:01, 6567.31it/s]>> similarity:  13%|██▊                  | 1324/10000 [00:00<00:01, 6623.69it/s]>> similarity:  20%|████▏                | 1990/10000 [00:00<00:01, 6635.76it/s]>> similarity:  27%|█████▌               | 2654/10000 [00:00<00:01, 6629.87it/s]>> similarity:  33%|██████▉              | 3320/10000 [00:00<00:01, 6640.58it/s]>> similarity:  40%|████████▎            | 3985/10000 [00:00<00:00, 6612.76it/s]>> similarity:  46%|█████████▊           | 4647/10000 [00:00<00:00, 6605.98it/s]>> similarity:  53%|███████████▏         | 5314/10000 [00:00<00:00, 6623.47it/s]>> similarity:  60%|████████████▌        | 5977/10000 [00:00<00:00, 6618.18it/s]>> similarity:  66%|█████████████▉       | 6639/10000 [00:01<00:00, 6614.03it/s]>> similarity:  73%|███████████████▎     | 7301/10000 [00:01<00:00, 6607.95it/s]>> similarity:  80%|████████████████▋    | 7971/10000 [00:01<00:00, 6633.08it/s]>> similarity:  86%|██████████████████▏  | 8642/10000 [00:01<00:00, 6655.13it/s]>> similarity:  93%|███████████████████▌ | 9308/10000 [00:01<00:00, 6644.64it/s]>> similarity: 100%|████████████████████▉| 9975/10000 [00:01<00:00, 6649.81it/s]>> similarity: 100%|████████████████████| 10000/10000 [00:01<00:00, 6629.65it/s]
round is 28 select id is : [99, 4, 74, 76, 78, 80, 20, 85, 87, 88]
self.cost_time is : 681.82 ids is  [99, 4, 74, 76, 78, 80, 20, 85, 87, 88]
select client num is : 290 self.samples is : 60000
weight is : 0.00020470479862165435
weight is : 0.00017058733218471196
weight is : 0.00017058733218471196
weight is : 0.0011344057590283345
weight is : 0.0003795568141109841
weight is : 0.0004563211135941045
weight is : 0.00017058733218471196
weight is : 0.0011727879087698948
weight is : 0.0008316132444004708
weight is : 0.014798451067023762
weight is : 0.00017058733218471196
weight is : 0.00020470479862165435
weight is : 0.00017058733218471196
weight is : 0.00017058733218471196
weight is : 0.0011344057590283345
weight is : 0.0003795568141109841
weight is : 0.0004563211135941045
weight is : 0.0011727879087698948
weight is : 0.0008316132444004708
weight is : 0.014798451067023762
weight is : 0.00020470479862165435
weight is : 0.00017058733218471196
weight is : 0.00017058733218471196
weight is : 0.0011344057590283345
weight is : 0.00032838061445557054
weight is : 0.0003795568141109841
weight is : 0.0004563211135941045
weight is : 0.0011727879087698948
weight is : 0.0008316132444004708
weight is : 0.014798451067023762
weight is : 0.00020470479862165435
weight is : 0.00017058733218471196
weight is : 0.00017058733218471196
weight is : 0.0011344057590283345
weight is : 0.00032838061445557054
weight is : 0.0004563211135941045
weight is : 0.00031985124784633494
weight is : 0.0011727879087698948
weight is : 0.0008316132444004708
weight is : 0.014798451067023762
weight is : 0.00017058733218471196
weight is : 0.00017058733218471196
weight is : 0.0011344057590283345
weight is : 0.00032838061445557054
weight is : 0.00017058733218471196
weight is : 0.0003795568141109841
weight is : 0.0004563211135941045
weight is : 0.0011727879087698948
weight is : 0.0008316132444004708
weight is : 0.014798451067023762
weight is : 0.00017058733218471196
weight is : 0.00017058733218471196
weight is : 0.0011344057590283345
weight is : 0.00017058733218471196
weight is : 0.0004563211135941045
weight is : 0.00017058733218471196
weight is : 0.0011727879087698948
weight is : 0.0008316132444004708
weight is : 0.014798451067023762
weight is : 0.00869995394142031
weight is : 0.00017058733218471196
weight is : 0.00017058733218471196
weight is : 0.0011344057590283345
weight is : 0.00017058733218471196
weight is : 0.0003795568141109841
weight is : 0.0004563211135941045
weight is : 0.0011727879087698948
weight is : 0.0008316132444004708
weight is : 0.014798451067023762
weight is : 0.00869995394142031
weight is : 0.00017058733218471196
weight is : 0.00017058733218471196
weight is : 0.0011344057590283345
weight is : 0.00017058733218471196
weight is : 0.0003795568141109841
weight is : 0.0004563211135941045
weight is : 0.0011727879087698948
weight is : 0.0008316132444004708
weight is : 0.014798451067023762
weight is : 0.00869995394142031
weight is : 0.00017058733218471196
weight is : 0.00017058733218471196
weight is : 0.0011344057590283345
weight is : 0.00017058733218471196
weight is : 0.0004563211135941045
weight is : 0.00017058733218471196
weight is : 0.0011727879087698948
weight is : 0.0008316132444004708
weight is : 0.014798451067023762
weight is : 0.00869995394142031
weight is : 0.00017058733218471196
weight is : 0.0011344057590283345
weight is : 0.00017058733218471196
weight is : 0.0003795568141109841
weight is : 0.0004563211135941045
weight is : 0.00039235086402483754
weight is : 0.0011727879087698948
weight is : 0.0008316132444004708
weight is : 0.014798451067023762
weight is : 0.00869995394142031
weight is : 0.00017058733218471196
weight is : 0.00017058733218471196
weight is : 0.0011344057590283345
weight is : 0.0003795568141109841
weight is : 0.00017058733218471196
weight is : 0.0004563211135941045
weight is : 0.0011727879087698948
weight is : 0.0008316132444004708
weight is : 0.014798451067023762
weight is : 0.00869995394142031
weight is : 0.00017058733218471196
weight is : 0.00017058733218471196
weight is : 0.0011344057590283345
weight is : 0.0003795568141109841
weight is : 0.0004563211135941045
weight is : 0.001040582726326743
weight is : 0.0011727879087698948
weight is : 0.0008316132444004708
weight is : 0.014798451067023762
weight is : 0.00869995394142031
weight is : 0.00017058733218471196
weight is : 0.00020470479862165435
weight is : 0.00017058733218471196
weight is : 0.0011344057590283345
weight is : 0.00017058733218471196
weight is : 0.001040582726326743
weight is : 0.0011727879087698948
weight is : 0.0008316132444004708
weight is : 0.014798451067023762
weight is : 0.00869995394142031
weight is : 0.00020470479862165435
weight is : 0.00017058733218471196
weight is : 0.0011344057590283345
weight is : 0.00017058733218471196
weight is : 0.000699408061957319
weight is : 0.001040582726326743
weight is : 0.0011727879087698948
weight is : 0.0008316132444004708
weight is : 0.014798451067023762
weight is : 0.00869995394142031
weight is : 0.00020470479862165435
weight is : 0.00017058733218471196
weight is : 0.00017058733218471196
weight is : 0.0011344057590283345
weight is : 0.001040582726326743
weight is : 0.0011727879087698948
weight is : 0.0008316132444004708
weight is : 0.0009083775438835912
weight is : 0.014798451067023762
weight is : 0.00869995394142031
weight is : 0.00017058733218471196
weight is : 0.0011344057590283345
weight is : 0.00017058733218471196
weight is : 0.0003795568141109841
weight is : 0.0003497040309786595
weight is : 0.001040582726326743
weight is : 0.0011727879087698948
weight is : 0.0008316132444004708
weight is : 0.014798451067023762
weight is : 0.00869995394142031
weight is : 0.00020470479862165435
weight is : 0.00017058733218471196
weight is : 0.0011344057590283345
weight is : 0.00017058733218471196
weight is : 0.001040582726326743
weight is : 0.0011727879087698948
weight is : 0.0008316132444004708
weight is : 0.011437880622984937
weight is : 0.014798451067023762
weight is : 0.00869995394142031
weight is : 0.00020470479862165435
weight is : 0.00017058733218471196
weight is : 0.00017058733218471196
weight is : 0.001040582726326743
weight is : 0.0011727879087698948
weight is : 0.0008316132444004708
weight is : 0.011437880622984937
weight is : 0.014798451067023762
weight is : 0.00869995394142031
weight is : 0.010683031678067587
weight is : 0.00020470479862165435
weight is : 0.00017058733218471196
weight is : 0.00017058733218471196
weight is : 0.00018764606540318317
weight is : 0.001040582726326743
weight is : 0.0011727879087698948
weight is : 0.0008316132444004708
weight is : 0.011437880622984937
weight is : 0.00869995394142031
weight is : 0.010683031678067587
weight is : 0.00017058733218471196
weight is : 0.00017058733218471196
weight is : 0.00017058733218471196
weight is : 0.0003795568141109841
weight is : 0.001040582726326743
weight is : 0.0011727879087698948
weight is : 0.0008316132444004708
weight is : 0.011437880622984937
weight is : 0.00869995394142031
weight is : 0.010683031678067587
weight is : 0.00020470479862165435
weight is : 0.00017058733218471196
weight is : 0.00017058733218471196
weight is : 0.0004008802306340731
weight is : 0.001040582726326743
weight is : 0.0011727879087698948
weight is : 0.0008316132444004708
weight is : 0.011437880622984937
weight is : 0.00869995394142031
weight is : 0.010683031678067587
weight is : 0.00020470479862165435
weight is : 0.00017058733218471196
weight is : 0.00017058733218471196
weight is : 0.00024735163166783234
weight is : 0.001040582726326743
weight is : 0.0011727879087698948
weight is : 0.0008316132444004708
weight is : 0.011437880622984937
weight is : 0.00869995394142031
weight is : 0.010683031678067587
weight is : 0.00020470479862165435
weight is : 0.00017058733218471196
weight is : 0.00017058733218471196
weight is : 0.001040582726326743
weight is : 0.0011727879087698948
weight is : 0.0008316132444004708
weight is : 0.011437880622984937
weight is : 0.014798451067023762
weight is : 0.00869995394142031
weight is : 0.010683031678067587
weight is : 0.00020470479862165435
weight is : 0.00017058733218471196
weight is : 0.00017058733218471196
weight is : 0.001040582726326743
weight is : 0.0011727879087698948
weight is : 0.0008316132444004708
weight is : 0.011437880622984937
weight is : 0.014798451067023762
weight is : 0.00869995394142031
weight is : 0.010683031678067587
weight is : 0.00020470479862165435
weight is : 0.00017058733218471196
weight is : 0.0004051449139386909
weight is : 0.001040582726326743
weight is : 0.0011727879087698948
weight is : 0.0008316132444004708
weight is : 0.011437880622984937
weight is : 0.014798451067023762
weight is : 0.00869995394142031
weight is : 0.010683031678067587
weight is : 0.00020470479862165435
weight is : 0.00017058733218471196
weight is : 0.0003539687142832773
weight is : 0.001040582726326743
weight is : 0.0011727879087698948
weight is : 0.0008316132444004708
weight is : 0.011437880622984937
weight is : 0.014798451067023762
weight is : 0.00869995394142031
weight is : 0.010683031678067587
weight is : 0.00020470479862165435
weight is : 0.00024735163166783234
weight is : 0.0009297009604066802
weight is : 0.001040582726326743
weight is : 0.0011727879087698948
weight is : 0.0008316132444004708
weight is : 0.011437880622984937
weight is : 0.014798451067023762
weight is : 0.00869995394142031
weight is : 0.010683031678067587
weight is : 0.00020470479862165435
weight is : 0.00017058733218471196
weight is : 0.001040582726326743
weight is : 0.0011727879087698948
weight is : 0.0008316132444004708
weight is : 0.011437880622984937
weight is : 0.00866157179167875
weight is : 0.014798451067023762
weight is : 0.00869995394142031
weight is : 0.010683031678067587
weight is : 0.00020470479862165435
weight is : 0.00017058733218471196
weight is : 0.001040582726326743
weight is : 0.0011727879087698948
weight is : 0.0008316132444004708
weight is : 0.011437880622984937
weight is : 0.00866157179167875
weight is : 0.014798451067023762
weight is : 0.00869995394142031
weight is : 0.010683031678067587

-------------Round number: 28-------------

Evaluate global model
Averaged Train Loss: 6.9366
Averaged Test Accurancy: 0.1190
Averaged Test AUC: 0.7534
Std Test Accurancy: 0.0572
Std Test AUC: 0.1510
------------------------- Round is  28 ------------------------- time cost ------------------------- 82.43517541885376
------------------------- Budget is : [9.375771760940552, 10.550357341766357, 12.262812376022339, 13.546142101287842, 15.182296514511108, 16.806487798690796, 18.74679684638977, 20.908663749694824, 23.411128520965576, 24.75996470451355, 27.2163143157959, 29.041458129882812, 31.15059542655945, 33.15936589241028, 33.87404656410217, 34.89423990249634, 37.679078578948975, 40.343401193618774, 43.663177728652954, 46.94964599609375, 49.394606590270996, 53.60710167884827, 58.57841348648071, 60.06299114227295, 64.37637853622437, 67.99968600273132, 70.97006058692932, 75.8372049331665, 82.43517541885376]
>> similarity:   0%|                                  | 0/10000 [00:00<?, ?it/s]>> similarity:   7%|█▍                    | 651/10000 [00:00<00:01, 6502.69it/s]>> similarity:  13%|██▊                  | 1319/10000 [00:00<00:01, 6605.84it/s]>> similarity:  20%|████▏                | 1989/10000 [00:00<00:01, 6647.89it/s]>> similarity:  27%|█████▌               | 2654/10000 [00:00<00:01, 6628.80it/s]>> similarity:  33%|██████▉              | 3317/10000 [00:00<00:01, 6618.23it/s]>> similarity:  40%|████████▎            | 3979/10000 [00:00<00:00, 6605.31it/s]>> similarity:  46%|█████████▊           | 4648/10000 [00:00<00:00, 6630.57it/s]>> similarity:  53%|███████████▏         | 5315/10000 [00:00<00:00, 6640.74it/s]>> similarity:  60%|████████████▌        | 5982/10000 [00:00<00:00, 6649.37it/s]>> similarity:  66%|█████████████▉       | 6649/10000 [00:01<00:00, 6653.35it/s]>> similarity:  73%|███████████████▎     | 7315/10000 [00:01<00:00, 6599.54it/s]>> similarity:  80%|████████████████▋    | 7976/10000 [00:01<00:00, 6599.11it/s]>> similarity:  86%|██████████████████▏  | 8636/10000 [00:01<00:00, 6594.32it/s]>> similarity:  93%|███████████████████▌ | 9296/10000 [00:01<00:00, 6588.55it/s]>> similarity: 100%|████████████████████▉| 9966/10000 [00:01<00:00, 6619.75it/s]>> similarity: 100%|████████████████████| 10000/10000 [00:01<00:00, 6616.52it/s]
round is 29 select id is : [99, 6, 74, 76, 78, 80, 17, 85, 87, 88]
self.cost_time is : 705.5500000000001 ids is  [99, 6, 74, 76, 78, 80, 17, 85, 87, 88]
select client num is : 300 self.samples is : 60000
weight is : 0.00019354370458779223
weight is : 0.00016128642048982686
weight is : 0.00016128642048982686
weight is : 0.0010725546962573485
weight is : 0.00035886228558986474
weight is : 0.00043144117481028687
weight is : 0.00016128642048982686
weight is : 0.0011088441408675597
weight is : 0.0007862712998879059
weight is : 0.01399159697749248
weight is : 0.00016128642048982686
weight is : 0.00019354370458779223
weight is : 0.00016128642048982686
weight is : 0.00016128642048982686
weight is : 0.0010725546962573485
weight is : 0.00035886228558986474
weight is : 0.00043144117481028687
weight is : 0.0011088441408675597
weight is : 0.0007862712998879059
weight is : 0.01399159697749248
weight is : 0.00019354370458779223
weight is : 0.00016128642048982686
weight is : 0.00016128642048982686
weight is : 0.0010725546962573485
weight is : 0.0003104763594429167
weight is : 0.00035886228558986474
weight is : 0.00043144117481028687
weight is : 0.0011088441408675597
weight is : 0.0007862712998879059
weight is : 0.01399159697749248
weight is : 0.00019354370458779223
weight is : 0.00016128642048982686
weight is : 0.00016128642048982686
weight is : 0.0010725546962573485
weight is : 0.0003104763594429167
weight is : 0.00043144117481028687
weight is : 0.00030241203841842535
weight is : 0.0011088441408675597
weight is : 0.0007862712998879059
weight is : 0.01399159697749248
weight is : 0.00016128642048982686
weight is : 0.00016128642048982686
weight is : 0.0010725546962573485
weight is : 0.0003104763594429167
weight is : 0.00016128642048982686
weight is : 0.00035886228558986474
weight is : 0.00043144117481028687
weight is : 0.0011088441408675597
weight is : 0.0007862712998879059
weight is : 0.01399159697749248
weight is : 0.00016128642048982686
weight is : 0.00016128642048982686
weight is : 0.0010725546962573485
weight is : 0.00016128642048982686
weight is : 0.00043144117481028687
weight is : 0.00016128642048982686
weight is : 0.0011088441408675597
weight is : 0.0007862712998879059
weight is : 0.01399159697749248
weight is : 0.00822560744498117
weight is : 0.00016128642048982686
weight is : 0.00016128642048982686
weight is : 0.0010725546962573485
weight is : 0.00016128642048982686
weight is : 0.00035886228558986474
weight is : 0.00043144117481028687
weight is : 0.0011088441408675597
weight is : 0.0007862712998879059
weight is : 0.01399159697749248
weight is : 0.00822560744498117
weight is : 0.00016128642048982686
weight is : 0.00016128642048982686
weight is : 0.0010725546962573485
weight is : 0.00016128642048982686
weight is : 0.00035886228558986474
weight is : 0.00043144117481028687
weight is : 0.0011088441408675597
weight is : 0.0007862712998879059
weight is : 0.01399159697749248
weight is : 0.00822560744498117
weight is : 0.00016128642048982686
weight is : 0.00016128642048982686
weight is : 0.0010725546962573485
weight is : 0.00016128642048982686
weight is : 0.00043144117481028687
weight is : 0.00016128642048982686
weight is : 0.0011088441408675597
weight is : 0.0007862712998879059
weight is : 0.01399159697749248
weight is : 0.00822560744498117
weight is : 0.00016128642048982686
weight is : 0.0010725546962573485
weight is : 0.00016128642048982686
weight is : 0.00035886228558986474
weight is : 0.00043144117481028687
weight is : 0.0003709587671266018
weight is : 0.0011088441408675597
weight is : 0.0007862712998879059
weight is : 0.01399159697749248
weight is : 0.00822560744498117
weight is : 0.00016128642048982686
weight is : 0.00016128642048982686
weight is : 0.0010725546962573485
weight is : 0.00035886228558986474
weight is : 0.00016128642048982686
weight is : 0.00043144117481028687
weight is : 0.0011088441408675597
weight is : 0.0007862712998879059
weight is : 0.01399159697749248
weight is : 0.00822560744498117
weight is : 0.00016128642048982686
weight is : 0.00016128642048982686
weight is : 0.0010725546962573485
weight is : 0.00035886228558986474
weight is : 0.00043144117481028687
weight is : 0.0009838471649879438
weight is : 0.0011088441408675597
weight is : 0.0007862712998879059
weight is : 0.01399159697749248
weight is : 0.00822560744498117
weight is : 0.00016128642048982686
weight is : 0.00019354370458779223
weight is : 0.00016128642048982686
weight is : 0.0010725546962573485
weight is : 0.00016128642048982686
weight is : 0.0009838471649879438
weight is : 0.0011088441408675597
weight is : 0.0007862712998879059
weight is : 0.01399159697749248
weight is : 0.00822560744498117
weight is : 0.00019354370458779223
weight is : 0.00016128642048982686
weight is : 0.0010725546962573485
weight is : 0.00016128642048982686
weight is : 0.0006612743240082901
weight is : 0.0009838471649879438
weight is : 0.0011088441408675597
weight is : 0.0007862712998879059
weight is : 0.01399159697749248
weight is : 0.00822560744498117
weight is : 0.00019354370458779223
weight is : 0.00016128642048982686
weight is : 0.00016128642048982686
weight is : 0.0010725546962573485
weight is : 0.0009838471649879438
weight is : 0.0011088441408675597
weight is : 0.0007862712998879059
weight is : 0.000858850189108328
weight is : 0.01399159697749248
weight is : 0.00822560744498117
weight is : 0.00016128642048982686
weight is : 0.0010725546962573485
weight is : 0.00016128642048982686
weight is : 0.00035886228558986474
weight is : 0.00033063716200414507
weight is : 0.0009838471649879438
weight is : 0.0011088441408675597
weight is : 0.0007862712998879059
weight is : 0.01399159697749248
weight is : 0.00822560744498117
weight is : 0.00019354370458779223
weight is : 0.00016128642048982686
weight is : 0.0010725546962573485
weight is : 0.00016128642048982686
weight is : 0.0009838471649879438
weight is : 0.0011088441408675597
weight is : 0.0007862712998879059
weight is : 0.01081425449384289
weight is : 0.01399159697749248
weight is : 0.00822560744498117
weight is : 0.00019354370458779223
weight is : 0.00016128642048982686
weight is : 0.00016128642048982686
weight is : 0.0009838471649879438
weight is : 0.0011088441408675597
weight is : 0.0007862712998879059
weight is : 0.01081425449384289
weight is : 0.01399159697749248
weight is : 0.00822560744498117
weight is : 0.010100562083175406
weight is : 0.00019354370458779223
weight is : 0.00016128642048982686
weight is : 0.00016128642048982686
weight is : 0.00017741506253880955
weight is : 0.0009838471649879438
weight is : 0.0011088441408675597
weight is : 0.0007862712998879059
weight is : 0.01081425449384289
weight is : 0.00822560744498117
weight is : 0.010100562083175406
weight is : 0.00016128642048982686
weight is : 0.00016128642048982686
weight is : 0.00016128642048982686
weight is : 0.00035886228558986474
weight is : 0.0009838471649879438
weight is : 0.0011088441408675597
weight is : 0.0007862712998879059
weight is : 0.01081425449384289
weight is : 0.00822560744498117
weight is : 0.010100562083175406
weight is : 0.00019354370458779223
weight is : 0.00016128642048982686
weight is : 0.00016128642048982686
weight is : 0.0003790230881510931
weight is : 0.0009838471649879438
weight is : 0.0011088441408675597
weight is : 0.0007862712998879059
weight is : 0.01081425449384289
weight is : 0.00822560744498117
weight is : 0.010100562083175406
weight is : 0.00019354370458779223
weight is : 0.00016128642048982686
weight is : 0.00016128642048982686
weight is : 0.00023386530971024894
weight is : 0.0009838471649879438
weight is : 0.0011088441408675597
weight is : 0.0007862712998879059
weight is : 0.01081425449384289
weight is : 0.00822560744498117
weight is : 0.010100562083175406
weight is : 0.00019354370458779223
weight is : 0.00016128642048982686
weight is : 0.00016128642048982686
weight is : 0.0009838471649879438
weight is : 0.0011088441408675597
weight is : 0.0007862712998879059
weight is : 0.01081425449384289
weight is : 0.01399159697749248
weight is : 0.00822560744498117
weight is : 0.010100562083175406
weight is : 0.00019354370458779223
weight is : 0.00016128642048982686
weight is : 0.00016128642048982686
weight is : 0.0009838471649879438
weight is : 0.0011088441408675597
weight is : 0.0007862712998879059
weight is : 0.01081425449384289
weight is : 0.01399159697749248
weight is : 0.00822560744498117
weight is : 0.010100562083175406
weight is : 0.00019354370458779223
weight is : 0.00016128642048982686
weight is : 0.00038305524866333876
weight is : 0.0009838471649879438
weight is : 0.0011088441408675597
weight is : 0.0007862712998879059
weight is : 0.01081425449384289
weight is : 0.01399159697749248
weight is : 0.00822560744498117
weight is : 0.010100562083175406
weight is : 0.00019354370458779223
weight is : 0.00016128642048982686
weight is : 0.0003346693225163907
weight is : 0.0009838471649879438
weight is : 0.0011088441408675597
weight is : 0.0007862712998879059
weight is : 0.01081425449384289
weight is : 0.01399159697749248
weight is : 0.00822560744498117
weight is : 0.010100562083175406
weight is : 0.00019354370458779223
weight is : 0.00023386530971024894
weight is : 0.0008790109916695564
weight is : 0.0009838471649879438
weight is : 0.0011088441408675597
weight is : 0.0007862712998879059
weight is : 0.01081425449384289
weight is : 0.01399159697749248
weight is : 0.00822560744498117
weight is : 0.010100562083175406
weight is : 0.00019354370458779223
weight is : 0.00016128642048982686
weight is : 0.0009838471649879438
weight is : 0.0011088441408675597
weight is : 0.0007862712998879059
weight is : 0.01081425449384289
weight is : 0.00818931800037096
weight is : 0.01399159697749248
weight is : 0.00822560744498117
weight is : 0.010100562083175406
weight is : 0.00019354370458779223
weight is : 0.00016128642048982686
weight is : 0.0009838471649879438
weight is : 0.0011088441408675597
weight is : 0.0007862712998879059
weight is : 0.01081425449384289
weight is : 0.00818931800037096
weight is : 0.01399159697749248
weight is : 0.00822560744498117
weight is : 0.010100562083175406
weight is : 0.00016128642048982686
weight is : 0.00016128642048982686
weight is : 0.0009838471649879438
weight is : 0.0011088441408675597
weight is : 0.0007862712998879059
weight is : 0.01081425449384289
weight is : 0.00818931800037096
weight is : 0.01399159697749248
weight is : 0.00822560744498117
weight is : 0.010100562083175406

-------------Round number: 29-------------

Evaluate global model
Averaged Train Loss: 6.9869
Averaged Test Accurancy: 0.1188
Averaged Test AUC: 0.7539
Std Test Accurancy: 0.0567
Std Test AUC: 0.1488
------------------------- Round is  29 ------------------------- time cost ------------------------- 79.31160235404968
------------------------- Budget is : [9.375771760940552, 10.550357341766357, 12.262812376022339, 13.546142101287842, 15.182296514511108, 16.806487798690796, 18.74679684638977, 20.908663749694824, 23.411128520965576, 24.75996470451355, 27.2163143157959, 29.041458129882812, 31.15059542655945, 33.15936589241028, 33.87404656410217, 34.89423990249634, 37.679078578948975, 40.343401193618774, 43.663177728652954, 46.94964599609375, 49.394606590270996, 53.60710167884827, 58.57841348648071, 60.06299114227295, 64.37637853622437, 67.99968600273132, 70.97006058692932, 75.8372049331665, 82.43517541885376, 79.31160235404968]
>> similarity:   0%|                                  | 0/10000 [00:00<?, ?it/s]>> similarity:   7%|█▍                    | 651/10000 [00:00<00:01, 6505.45it/s]>> similarity:  13%|██▊                  | 1313/10000 [00:00<00:01, 6569.43it/s]>> similarity:  20%|████▏                | 1975/10000 [00:00<00:01, 6590.89it/s]>> similarity:  26%|█████▌               | 2635/10000 [00:00<00:01, 6590.96it/s]>> similarity:  33%|██████▉              | 3295/10000 [00:00<00:01, 6587.24it/s]>> similarity:  40%|████████▎            | 3957/10000 [00:00<00:00, 6596.54it/s]>> similarity:  46%|█████████▋           | 4617/10000 [00:00<00:00, 6585.21it/s]>> similarity:  53%|███████████          | 5277/10000 [00:00<00:00, 6587.53it/s]>> similarity:  59%|████████████▍        | 5936/10000 [00:00<00:00, 6553.72it/s]>> similarity:  66%|█████████████▊       | 6592/10000 [00:01<00:00, 6527.15it/s]>> similarity:  72%|███████████████▏     | 7245/10000 [00:01<00:00, 6504.21it/s]>> similarity:  79%|████████████████▌    | 7896/10000 [00:01<00:00, 6468.07it/s]>> similarity:  86%|█████████████████▉   | 8555/10000 [00:01<00:00, 6503.63it/s]>> similarity:  92%|███████████████████▎ | 9221/10000 [00:01<00:00, 6549.41it/s]>> similarity:  99%|████████████████████▋| 9880/10000 [00:01<00:00, 6558.85it/s]>> similarity: 100%|████████████████████| 10000/10000 [00:01<00:00, 6549.32it/s]
round is 30 select id is : [99, 6, 74, 76, 78, 80, 85, 87, 88, 28]
self.cost_time is : 738.1500000000001 ids is  [99, 6, 74, 76, 78, 80, 85, 87, 88, 28]
select client num is : 310 self.samples is : 60000
weight is : 0.0001835206135705847
weight is : 0.00015293384464215392
weight is : 0.00015293384464215392
weight is : 0.0010170100668703236
weight is : 0.0003402778043287925
weight is : 0.0004090980344177617
weight is : 0.00015293384464215392
weight is : 0.0010514201819148083
weight is : 0.0007455524926305003
weight is : 0.013267011022706852
weight is : 0.00015293384464215392
weight is : 0.0001835206135705847
weight is : 0.00015293384464215392
weight is : 0.00015293384464215392
weight is : 0.0010170100668703236
weight is : 0.0003402778043287925
weight is : 0.0004090980344177617
weight is : 0.0010514201819148083
weight is : 0.0007455524926305003
weight is : 0.013267011022706852
weight is : 0.0001835206135705847
weight is : 0.00015293384464215392
weight is : 0.00015293384464215392
weight is : 0.0010170100668703236
weight is : 0.0002943976509361463
weight is : 0.0003402778043287925
weight is : 0.0004090980344177617
weight is : 0.0010514201819148083
weight is : 0.0007455524926305003
weight is : 0.013267011022706852
weight is : 0.0001835206135705847
weight is : 0.00015293384464215392
weight is : 0.00015293384464215392
weight is : 0.0010170100668703236
weight is : 0.0002943976509361463
weight is : 0.0004090980344177617
weight is : 0.0002867509587040386
weight is : 0.0010514201819148083
weight is : 0.0007455524926305003
weight is : 0.013267011022706852
weight is : 0.00015293384464215392
weight is : 0.00015293384464215392
weight is : 0.0010170100668703236
weight is : 0.0002943976509361463
weight is : 0.00015293384464215392
weight is : 0.0003402778043287925
weight is : 0.0004090980344177617
weight is : 0.0010514201819148083
weight is : 0.0007455524926305003
weight is : 0.013267011022706852
weight is : 0.00015293384464215392
weight is : 0.00015293384464215392
weight is : 0.0010170100668703236
weight is : 0.00015293384464215392
weight is : 0.0004090980344177617
weight is : 0.00015293384464215392
weight is : 0.0010514201819148083
weight is : 0.0007455524926305003
weight is : 0.013267011022706852
weight is : 0.00779962607674985
weight is : 0.00015293384464215392
weight is : 0.00015293384464215392
weight is : 0.0010170100668703236
weight is : 0.00015293384464215392
weight is : 0.0003402778043287925
weight is : 0.0004090980344177617
weight is : 0.0010514201819148083
weight is : 0.0007455524926305003
weight is : 0.013267011022706852
weight is : 0.00779962607674985
weight is : 0.00015293384464215392
weight is : 0.00015293384464215392
weight is : 0.0010170100668703236
weight is : 0.00015293384464215392
weight is : 0.0003402778043287925
weight is : 0.0004090980344177617
weight is : 0.0010514201819148083
weight is : 0.0007455524926305003
weight is : 0.013267011022706852
weight is : 0.00779962607674985
weight is : 0.00015293384464215392
weight is : 0.00015293384464215392
weight is : 0.0010170100668703236
weight is : 0.00015293384464215392
weight is : 0.0004090980344177617
weight is : 0.00015293384464215392
weight is : 0.0010514201819148083
weight is : 0.0007455524926305003
weight is : 0.013267011022706852
weight is : 0.00779962607674985
weight is : 0.00015293384464215392
weight is : 0.0010170100668703236
weight is : 0.00015293384464215392
weight is : 0.0003402778043287925
weight is : 0.0004090980344177617
weight is : 0.000351747842676954
weight is : 0.0010514201819148083
weight is : 0.0007455524926305003
weight is : 0.013267011022706852
weight is : 0.00779962607674985
weight is : 0.00015293384464215392
weight is : 0.00015293384464215392
weight is : 0.0010170100668703236
weight is : 0.0003402778043287925
weight is : 0.00015293384464215392
weight is : 0.0004090980344177617
weight is : 0.0010514201819148083
weight is : 0.0007455524926305003
weight is : 0.013267011022706852
weight is : 0.00779962607674985
weight is : 0.00015293384464215392
weight is : 0.00015293384464215392
weight is : 0.0010170100668703236
weight is : 0.0003402778043287925
weight is : 0.0004090980344177617
weight is : 0.0009328964523171389
weight is : 0.0010514201819148083
weight is : 0.0007455524926305003
weight is : 0.013267011022706852
weight is : 0.00779962607674985
weight is : 0.00015293384464215392
weight is : 0.0001835206135705847
weight is : 0.00015293384464215392
weight is : 0.0010170100668703236
weight is : 0.00015293384464215392
weight is : 0.0009328964523171389
weight is : 0.0010514201819148083
weight is : 0.0007455524926305003
weight is : 0.013267011022706852
weight is : 0.00779962607674985
weight is : 0.0001835206135705847
weight is : 0.00015293384464215392
weight is : 0.0010170100668703236
weight is : 0.00015293384464215392
weight is : 0.0006270287630328311
weight is : 0.0009328964523171389
weight is : 0.0010514201819148083
weight is : 0.0007455524926305003
weight is : 0.013267011022706852
weight is : 0.00779962607674985
weight is : 0.0001835206135705847
weight is : 0.00015293384464215392
weight is : 0.00015293384464215392
weight is : 0.0010170100668703236
weight is : 0.0009328964523171389
weight is : 0.0010514201819148083
weight is : 0.0007455524926305003
weight is : 0.0008143727227194696
weight is : 0.013267011022706852
weight is : 0.00779962607674985
weight is : 0.00015293384464215392
weight is : 0.0010170100668703236
weight is : 0.00015293384464215392
weight is : 0.0003402778043287925
weight is : 0.00031351438151641555
weight is : 0.0009328964523171389
weight is : 0.0010514201819148083
weight is : 0.0007455524926305003
weight is : 0.013267011022706852
weight is : 0.00779962607674985
weight is : 0.0001835206135705847
weight is : 0.00015293384464215392
weight is : 0.0010170100668703236
weight is : 0.00015293384464215392
weight is : 0.0009328964523171389
weight is : 0.0010514201819148083
weight is : 0.0007455524926305003
weight is : 0.010254214283256421
weight is : 0.013267011022706852
weight is : 0.00779962607674985
weight is : 0.0001835206135705847
weight is : 0.00015293384464215392
weight is : 0.00015293384464215392
weight is : 0.0009328964523171389
weight is : 0.0010514201819148083
weight is : 0.0007455524926305003
weight is : 0.010254214283256421
weight is : 0.013267011022706852
weight is : 0.00779962607674985
weight is : 0.00957748202071489
weight is : 0.0001835206135705847
weight is : 0.00015293384464215392
weight is : 0.00015293384464215392
weight is : 0.0001682272291063693
weight is : 0.0009328964523171389
weight is : 0.0010514201819148083
weight is : 0.0007455524926305003
weight is : 0.010254214283256421
weight is : 0.00779962607674985
weight is : 0.00957748202071489
weight is : 0.00015293384464215392
weight is : 0.00015293384464215392
weight is : 0.00015293384464215392
weight is : 0.0003402778043287925
weight is : 0.0009328964523171389
weight is : 0.0010514201819148083
weight is : 0.0007455524926305003
weight is : 0.010254214283256421
weight is : 0.00779962607674985
weight is : 0.00957748202071489
weight is : 0.0001835206135705847
weight is : 0.00015293384464215392
weight is : 0.00015293384464215392
weight is : 0.00035939453490906173
weight is : 0.0009328964523171389
weight is : 0.0010514201819148083
weight is : 0.0007455524926305003
weight is : 0.010254214283256421
weight is : 0.00779962607674985
weight is : 0.00957748202071489
weight is : 0.0001835206135705847
weight is : 0.00015293384464215392
weight is : 0.00015293384464215392
weight is : 0.00022175407473112318
weight is : 0.0009328964523171389
weight is : 0.0010514201819148083
weight is : 0.0007455524926305003
weight is : 0.010254214283256421
weight is : 0.00779962607674985
weight is : 0.00957748202071489
weight is : 0.0001835206135705847
weight is : 0.00015293384464215392
weight is : 0.00015293384464215392
weight is : 0.0009328964523171389
weight is : 0.0010514201819148083
weight is : 0.0007455524926305003
weight is : 0.010254214283256421
weight is : 0.013267011022706852
weight is : 0.00779962607674985
weight is : 0.00957748202071489
weight is : 0.0001835206135705847
weight is : 0.00015293384464215392
weight is : 0.00015293384464215392
weight is : 0.0009328964523171389
weight is : 0.0010514201819148083
weight is : 0.0007455524926305003
weight is : 0.010254214283256421
weight is : 0.013267011022706852
weight is : 0.00779962607674985
weight is : 0.00957748202071489
weight is : 0.0001835206135705847
weight is : 0.00015293384464215392
weight is : 0.00036321788102511554
weight is : 0.0009328964523171389
weight is : 0.0010514201819148083
weight is : 0.0007455524926305003
weight is : 0.010254214283256421
weight is : 0.013267011022706852
weight is : 0.00779962607674985
weight is : 0.00957748202071489
weight is : 0.0001835206135705847
weight is : 0.00015293384464215392
weight is : 0.00031733772763246936
weight is : 0.0009328964523171389
weight is : 0.0010514201819148083
weight is : 0.0007455524926305003
weight is : 0.010254214283256421
weight is : 0.013267011022706852
weight is : 0.00779962607674985
weight is : 0.00957748202071489
weight is : 0.0001835206135705847
weight is : 0.00022175407473112318
weight is : 0.0008334894532997389
weight is : 0.0009328964523171389
weight is : 0.0010514201819148083
weight is : 0.0007455524926305003
weight is : 0.010254214283256421
weight is : 0.013267011022706852
weight is : 0.00779962607674985
weight is : 0.00957748202071489
weight is : 0.0001835206135705847
weight is : 0.00015293384464215392
weight is : 0.0009328964523171389
weight is : 0.0010514201819148083
weight is : 0.0007455524926305003
weight is : 0.010254214283256421
weight is : 0.007765215961705365
weight is : 0.013267011022706852
weight is : 0.00779962607674985
weight is : 0.00957748202071489
weight is : 0.0001835206135705847
weight is : 0.00015293384464215392
weight is : 0.0009328964523171389
weight is : 0.0010514201819148083
weight is : 0.0007455524926305003
weight is : 0.010254214283256421
weight is : 0.007765215961705365
weight is : 0.013267011022706852
weight is : 0.00779962607674985
weight is : 0.00957748202071489
weight is : 0.00015293384464215392
weight is : 0.00015293384464215392
weight is : 0.0009328964523171389
weight is : 0.0010514201819148083
weight is : 0.0007455524926305003
weight is : 0.010254214283256421
weight is : 0.007765215961705365
weight is : 0.013267011022706852
weight is : 0.00779962607674985
weight is : 0.00957748202071489
weight is : 0.00015293384464215392
weight is : 0.00024087080531139243
weight is : 0.0009328964523171389
weight is : 0.0010514201819148083
weight is : 0.0007455524926305003
weight is : 0.010254214283256421
weight is : 0.007765215961705365
weight is : 0.013267011022706852
weight is : 0.00779962607674985
weight is : 0.00957748202071489

-------------Round number: 30-------------

Evaluate global model
Averaged Train Loss: 7.0330
Averaged Test Accurancy: 0.1199
Averaged Test AUC: 0.7545
Std Test Accurancy: 0.0580
Std Test AUC: 0.1464
------------------------- Round is  30 ------------------------- time cost ------------------------- 81.72225975990295
------------------------- Budget is : [9.375771760940552, 10.550357341766357, 12.262812376022339, 13.546142101287842, 15.182296514511108, 16.806487798690796, 18.74679684638977, 20.908663749694824, 23.411128520965576, 24.75996470451355, 27.2163143157959, 29.041458129882812, 31.15059542655945, 33.15936589241028, 33.87404656410217, 34.89423990249634, 37.679078578948975, 40.343401193618774, 43.663177728652954, 46.94964599609375, 49.394606590270996, 53.60710167884827, 58.57841348648071, 60.06299114227295, 64.37637853622437, 67.99968600273132, 70.97006058692932, 75.8372049331665, 82.43517541885376, 79.31160235404968, 81.72225975990295]
>> similarity:   0%|                                  | 0/10000 [00:00<?, ?it/s]>> similarity:   7%|█▍                    | 654/10000 [00:00<00:01, 6535.18it/s]>> similarity:  13%|██▋                  | 1308/10000 [00:00<00:01, 6434.25it/s]>> similarity:  20%|████                 | 1960/10000 [00:00<00:01, 6470.39it/s]>> similarity:  26%|█████▌               | 2625/10000 [00:00<00:01, 6539.12it/s]>> similarity:  33%|██████▉              | 3280/10000 [00:00<00:01, 6524.92it/s]>> similarity:  39%|████████▎            | 3933/10000 [00:00<00:00, 6350.12it/s]>> similarity:  46%|█████████▌           | 4570/10000 [00:00<00:00, 6355.99it/s]>> similarity:  52%|██████████▉          | 5207/10000 [00:00<00:00, 6342.95it/s]>> similarity:  59%|████████████▎        | 5873/10000 [00:00<00:00, 6439.19it/s]>> similarity:  65%|█████████████▋       | 6540/10000 [00:01<00:00, 6509.35it/s]>> similarity:  72%|███████████████      | 7194/10000 [00:01<00:00, 6518.44it/s]>> similarity:  79%|████████████████▍    | 7852/10000 [00:01<00:00, 6534.91it/s]>> similarity:  85%|█████████████████▉   | 8526/10000 [00:01<00:00, 6596.30it/s]>> similarity:  92%|███████████████████▎ | 9198/10000 [00:01<00:00, 6632.75it/s]>> similarity:  99%|████████████████████▋| 9871/10000 [00:01<00:00, 6659.62it/s]>> similarity: 100%|████████████████████| 10000/10000 [00:01<00:00, 6522.58it/s]
round is 31 select id is : [99, 6, 10, 74, 76, 78, 80, 85, 87, 88]
self.cost_time is : 761.8800000000001 ids is  [99, 6, 10, 74, 76, 78, 80, 85, 87, 88]
select client num is : 320 self.samples is : 60000
weight is : 0.00017449913295743312
weight is : 0.00014541594413119426
weight is : 0.00014541594413119426
weight is : 0.0009670160284724419
weight is : 0.00032355047569190723
weight is : 0.00038898765055094464
weight is : 0.00014541594413119426
weight is : 0.0009997346159019607
weight is : 0.000708902727639572
weight is : 0.012614833153381102
weight is : 0.00014541594413119426
weight is : 0.00017449913295743312
weight is : 0.00014541594413119426
weight is : 0.00014541594413119426
weight is : 0.0009670160284724419
weight is : 0.00032355047569190723
weight is : 0.00038898765055094464
weight is : 0.0009997346159019607
weight is : 0.000708902727639572
weight is : 0.012614833153381102
weight is : 0.00017449913295743312
weight is : 0.00014541594413119426
weight is : 0.00014541594413119426
weight is : 0.0009670160284724419
weight is : 0.00027992569245254896
weight is : 0.00032355047569190723
weight is : 0.00038898765055094464
weight is : 0.0009997346159019607
weight is : 0.000708902727639572
weight is : 0.012614833153381102
weight is : 0.00017449913295743312
weight is : 0.00014541594413119426
weight is : 0.00014541594413119426
weight is : 0.0009670160284724419
weight is : 0.00027992569245254896
weight is : 0.00038898765055094464
weight is : 0.00027265489524598926
weight is : 0.0009997346159019607
weight is : 0.000708902727639572
weight is : 0.012614833153381102
weight is : 0.00014541594413119426
weight is : 0.00014541594413119426
weight is : 0.0009670160284724419
weight is : 0.00027992569245254896
weight is : 0.00014541594413119426
weight is : 0.00032355047569190723
weight is : 0.00038898765055094464
weight is : 0.0009997346159019607
weight is : 0.000708902727639572
weight is : 0.012614833153381102
weight is : 0.00014541594413119426
weight is : 0.00014541594413119426
weight is : 0.0009670160284724419
weight is : 0.00014541594413119426
weight is : 0.00038898765055094464
weight is : 0.00014541594413119426
weight is : 0.0009997346159019607
weight is : 0.000708902727639572
weight is : 0.012614833153381102
weight is : 0.007416213150690907
weight is : 0.00014541594413119426
weight is : 0.00014541594413119426
weight is : 0.0009670160284724419
weight is : 0.00014541594413119426
weight is : 0.00032355047569190723
weight is : 0.00038898765055094464
weight is : 0.0009997346159019607
weight is : 0.000708902727639572
weight is : 0.012614833153381102
weight is : 0.007416213150690907
weight is : 0.00014541594413119426
weight is : 0.00014541594413119426
weight is : 0.0009670160284724419
weight is : 0.00014541594413119426
weight is : 0.00032355047569190723
weight is : 0.00038898765055094464
weight is : 0.0009997346159019607
weight is : 0.000708902727639572
weight is : 0.012614833153381102
weight is : 0.007416213150690907
weight is : 0.00014541594413119426
weight is : 0.00014541594413119426
weight is : 0.0009670160284724419
weight is : 0.00014541594413119426
weight is : 0.00038898765055094464
weight is : 0.00014541594413119426
weight is : 0.0009997346159019607
weight is : 0.000708902727639572
weight is : 0.012614833153381102
weight is : 0.007416213150690907
weight is : 0.00014541594413119426
weight is : 0.0009670160284724419
weight is : 0.00014541594413119426
weight is : 0.00032355047569190723
weight is : 0.00038898765055094464
weight is : 0.0003344566715017468
weight is : 0.0009997346159019607
weight is : 0.000708902727639572
weight is : 0.012614833153381102
weight is : 0.007416213150690907
weight is : 0.00014541594413119426
weight is : 0.00014541594413119426
weight is : 0.0009670160284724419
weight is : 0.00032355047569190723
weight is : 0.00014541594413119426
weight is : 0.00038898765055094464
weight is : 0.0009997346159019607
weight is : 0.000708902727639572
weight is : 0.012614833153381102
weight is : 0.007416213150690907
weight is : 0.00014541594413119426
weight is : 0.00014541594413119426
weight is : 0.0009670160284724419
weight is : 0.00032355047569190723
weight is : 0.00038898765055094464
weight is : 0.0008870372592002851
weight is : 0.0009997346159019607
weight is : 0.000708902727639572
weight is : 0.012614833153381102
weight is : 0.007416213150690907
weight is : 0.00014541594413119426
weight is : 0.00017449913295743312
weight is : 0.00014541594413119426
weight is : 0.0009670160284724419
weight is : 0.00014541594413119426
weight is : 0.0008870372592002851
weight is : 0.0009997346159019607
weight is : 0.000708902727639572
weight is : 0.012614833153381102
weight is : 0.007416213150690907
weight is : 0.00017449913295743312
weight is : 0.00014541594413119426
weight is : 0.0009670160284724419
weight is : 0.00014541594413119426
weight is : 0.0005962053709378964
weight is : 0.0008870372592002851
weight is : 0.0009997346159019607
weight is : 0.000708902727639572
weight is : 0.012614833153381102
weight is : 0.007416213150690907
weight is : 0.00017449913295743312
weight is : 0.00014541594413119426
weight is : 0.00014541594413119426
weight is : 0.0009670160284724419
weight is : 0.0008870372592002851
weight is : 0.0009997346159019607
weight is : 0.000708902727639572
weight is : 0.0007743399024986095
weight is : 0.012614833153381102
weight is : 0.007416213150690907
weight is : 0.00014541594413119426
weight is : 0.0009670160284724419
weight is : 0.00014541594413119426
weight is : 0.00032355047569190723
weight is : 0.0002981026854689482
weight is : 0.0008870372592002851
weight is : 0.0009997346159019607
weight is : 0.000708902727639572
weight is : 0.012614833153381102
weight is : 0.007416213150690907
weight is : 0.00017449913295743312
weight is : 0.00014541594413119426
weight is : 0.0009670160284724419
weight is : 0.00014541594413119426
weight is : 0.0008870372592002851
weight is : 0.0009997346159019607
weight is : 0.000708902727639572
weight is : 0.009750139053996576
weight is : 0.012614833153381102
weight is : 0.007416213150690907
weight is : 0.00017449913295743312
weight is : 0.00014541594413119426
weight is : 0.00014541594413119426
weight is : 0.0008870372592002851
weight is : 0.0009997346159019607
weight is : 0.000708902727639572
weight is : 0.009750139053996576
weight is : 0.012614833153381102
weight is : 0.007416213150690907
weight is : 0.00910667350121604
weight is : 0.00017449913295743312
weight is : 0.00014541594413119426
weight is : 0.00014541594413119426
weight is : 0.0001599575385443137
weight is : 0.0008870372592002851
weight is : 0.0009997346159019607
weight is : 0.000708902727639572
weight is : 0.009750139053996576
weight is : 0.007416213150690907
weight is : 0.00910667350121604
weight is : 0.00014541594413119426
weight is : 0.00014541594413119426
weight is : 0.00014541594413119426
weight is : 0.00032355047569190723
weight is : 0.0008870372592002851
weight is : 0.0009997346159019607
weight is : 0.000708902727639572
weight is : 0.009750139053996576
weight is : 0.007416213150690907
weight is : 0.00910667350121604
weight is : 0.00017449913295743312
weight is : 0.00014541594413119426
weight is : 0.00014541594413119426
weight is : 0.00034172746870830654
weight is : 0.0008870372592002851
weight is : 0.0009997346159019607
weight is : 0.000708902727639572
weight is : 0.009750139053996576
weight is : 0.007416213150690907
weight is : 0.00910667350121604
weight is : 0.00017449913295743312
weight is : 0.00014541594413119426
weight is : 0.00014541594413119426
weight is : 0.00021085311899023167
weight is : 0.0008870372592002851
weight is : 0.0009997346159019607
weight is : 0.000708902727639572
weight is : 0.009750139053996576
weight is : 0.007416213150690907
weight is : 0.00910667350121604
weight is : 0.00017449913295743312
weight is : 0.00014541594413119426
weight is : 0.00014541594413119426
weight is : 0.0008870372592002851
weight is : 0.0009997346159019607
weight is : 0.000708902727639572
weight is : 0.009750139053996576
weight is : 0.012614833153381102
weight is : 0.007416213150690907
weight is : 0.00910667350121604
weight is : 0.00017449913295743312
weight is : 0.00014541594413119426
weight is : 0.00014541594413119426
weight is : 0.0008870372592002851
weight is : 0.0009997346159019607
weight is : 0.000708902727639572
weight is : 0.009750139053996576
weight is : 0.012614833153381102
weight is : 0.007416213150690907
weight is : 0.00910667350121604
weight is : 0.00017449913295743312
weight is : 0.00014541594413119426
weight is : 0.00034536286731158636
weight is : 0.0008870372592002851
weight is : 0.0009997346159019607
weight is : 0.000708902727639572
weight is : 0.009750139053996576
weight is : 0.012614833153381102
weight is : 0.007416213150690907
weight is : 0.00910667350121604
weight is : 0.00017449913295743312
weight is : 0.00014541594413119426
weight is : 0.0003017380840722281
weight is : 0.0008870372592002851
weight is : 0.0009997346159019607
weight is : 0.000708902727639572
weight is : 0.009750139053996576
weight is : 0.012614833153381102
weight is : 0.007416213150690907
weight is : 0.00910667350121604
weight is : 0.00017449913295743312
weight is : 0.00021085311899023167
weight is : 0.0007925168955150088
weight is : 0.0008870372592002851
weight is : 0.0009997346159019607
weight is : 0.000708902727639572
weight is : 0.009750139053996576
weight is : 0.012614833153381102
weight is : 0.007416213150690907
weight is : 0.00910667350121604
weight is : 0.00017449913295743312
weight is : 0.00014541594413119426
weight is : 0.0008870372592002851
weight is : 0.0009997346159019607
weight is : 0.000708902727639572
weight is : 0.009750139053996576
weight is : 0.007383494563261389
weight is : 0.012614833153381102
weight is : 0.007416213150690907
weight is : 0.00910667350121604
weight is : 0.00017449913295743312
weight is : 0.00014541594413119426
weight is : 0.0008870372592002851
weight is : 0.0009997346159019607
weight is : 0.000708902727639572
weight is : 0.009750139053996576
weight is : 0.007383494563261389
weight is : 0.012614833153381102
weight is : 0.007416213150690907
weight is : 0.00910667350121604
weight is : 0.00014541594413119426
weight is : 0.00014541594413119426
weight is : 0.0008870372592002851
weight is : 0.0009997346159019607
weight is : 0.000708902727639572
weight is : 0.009750139053996576
weight is : 0.007383494563261389
weight is : 0.012614833153381102
weight is : 0.007416213150690907
weight is : 0.00910667350121604
weight is : 0.00014541594413119426
weight is : 0.00022903011200663096
weight is : 0.0008870372592002851
weight is : 0.0009997346159019607
weight is : 0.000708902727639572
weight is : 0.009750139053996576
weight is : 0.007383494563261389
weight is : 0.012614833153381102
weight is : 0.007416213150690907
weight is : 0.00910667350121604
weight is : 0.00014541594413119426
weight is : 0.00014541594413119426
weight is : 0.0008870372592002851
weight is : 0.0009997346159019607
weight is : 0.000708902727639572
weight is : 0.009750139053996576
weight is : 0.007383494563261389
weight is : 0.012614833153381102
weight is : 0.007416213150690907
weight is : 0.00910667350121604

-------------Round number: 31-------------

Evaluate global model
Averaged Train Loss: 7.0760
Averaged Test Accurancy: 0.1194
Averaged Test AUC: 0.7551
Std Test Accurancy: 0.0577
Std Test AUC: 0.1439
------------------------- Round is  31 ------------------------- time cost ------------------------- 91.65545845031738
------------------------- Budget is : [9.375771760940552, 10.550357341766357, 12.262812376022339, 13.546142101287842, 15.182296514511108, 16.806487798690796, 18.74679684638977, 20.908663749694824, 23.411128520965576, 24.75996470451355, 27.2163143157959, 29.041458129882812, 31.15059542655945, 33.15936589241028, 33.87404656410217, 34.89423990249634, 37.679078578948975, 40.343401193618774, 43.663177728652954, 46.94964599609375, 49.394606590270996, 53.60710167884827, 58.57841348648071, 60.06299114227295, 64.37637853622437, 67.99968600273132, 70.97006058692932, 75.8372049331665, 82.43517541885376, 79.31160235404968, 81.72225975990295, 91.65545845031738]
>> similarity:   0%|                                  | 0/10000 [00:00<?, ?it/s]>> similarity:   7%|█▍                    | 660/10000 [00:00<00:01, 6595.87it/s]>> similarity:  13%|██▊                  | 1330/10000 [00:00<00:01, 6653.44it/s]>> similarity:  20%|████▏                | 1996/10000 [00:00<00:01, 6594.99it/s]>> similarity:  27%|█████▌               | 2663/10000 [00:00<00:01, 6622.03it/s]>> similarity:  33%|██████▉              | 3330/10000 [00:00<00:01, 6638.12it/s]>> similarity:  40%|████████▍            | 3994/10000 [00:00<00:00, 6610.18it/s]>> similarity:  47%|█████████▊           | 4661/10000 [00:00<00:00, 6629.08it/s]>> similarity:  53%|███████████▏         | 5324/10000 [00:00<00:00, 6587.35it/s]>> similarity:  60%|████████████▌        | 5983/10000 [00:00<00:00, 6569.78it/s]>> similarity:  66%|█████████████▉       | 6647/10000 [00:01<00:00, 6590.76it/s]>> similarity:  73%|███████████████▎     | 7307/10000 [00:01<00:00, 6577.37it/s]>> similarity:  80%|████████████████▊    | 7977/10000 [00:01<00:00, 6611.65it/s]>> similarity:  86%|██████████████████▏  | 8639/10000 [00:01<00:00, 6578.14it/s]>> similarity:  93%|███████████████████▌ | 9300/10000 [00:01<00:00, 6587.04it/s]>> similarity: 100%|████████████████████▉| 9959/10000 [00:01<00:00, 6578.81it/s]>> similarity: 100%|████████████████████| 10000/10000 [00:01<00:00, 6595.65it/s]
round is 32 select id is : [99, 6, 9, 74, 76, 78, 80, 85, 87, 88]
self.cost_time is : 785.6100000000001 ids is  [99, 6, 9, 74, 76, 78, 80, 85, 87, 88]
select client num is : 330 self.samples is : 60000
weight is : 0.00016632304786985222
weight is : 0.0001386025398915435
weight is : 0.0001386025398915435
weight is : 0.0009217068902787643
weight is : 0.0003083906512586843
weight is : 0.0003707617942098789
weight is : 0.0001386025398915435
weight is : 0.0009528924617543616
weight is : 0.0006756873819712746
weight is : 0.0120237703355914
weight is : 0.0001386025398915435
weight is : 0.00016632304786985222
weight is : 0.0001386025398915435
weight is : 0.0001386025398915435
weight is : 0.0009217068902787643
weight is : 0.0003083906512586843
weight is : 0.0003707617942098789
weight is : 0.0009528924617543616
weight is : 0.0006756873819712746
weight is : 0.0120237703355914
weight is : 0.00016632304786985222
weight is : 0.0001386025398915435
weight is : 0.0001386025398915435
weight is : 0.0009217068902787643
weight is : 0.00026680988929122124
weight is : 0.0003083906512586843
weight is : 0.0003707617942098789
weight is : 0.0009528924617543616
weight is : 0.0006756873819712746
weight is : 0.0120237703355914
weight is : 0.00016632304786985222
weight is : 0.0001386025398915435
weight is : 0.0001386025398915435
weight is : 0.0009217068902787643
weight is : 0.00026680988929122124
weight is : 0.0003707617942098789
weight is : 0.00025987976229664407
weight is : 0.0009528924617543616
weight is : 0.0006756873819712746
weight is : 0.0120237703355914
weight is : 0.0001386025398915435
weight is : 0.0001386025398915435
weight is : 0.0009217068902787643
weight is : 0.00026680988929122124
weight is : 0.0001386025398915435
weight is : 0.0003083906512586843
weight is : 0.0003707617942098789
weight is : 0.0009528924617543616
weight is : 0.0006756873819712746
weight is : 0.0120237703355914
weight is : 0.0001386025398915435
weight is : 0.0001386025398915435
weight is : 0.0009217068902787643
weight is : 0.0001386025398915435
weight is : 0.0003707617942098789
weight is : 0.0001386025398915435
weight is : 0.0009528924617543616
weight is : 0.0006756873819712746
weight is : 0.0120237703355914
weight is : 0.0070687295344687194
weight is : 0.0001386025398915435
weight is : 0.0001386025398915435
weight is : 0.0009217068902787643
weight is : 0.0001386025398915435
weight is : 0.0003083906512586843
weight is : 0.0003707617942098789
weight is : 0.0009528924617543616
weight is : 0.0006756873819712746
weight is : 0.0120237703355914
weight is : 0.0070687295344687194
weight is : 0.0001386025398915435
weight is : 0.0001386025398915435
weight is : 0.0009217068902787643
weight is : 0.0001386025398915435
weight is : 0.0003083906512586843
weight is : 0.0003707617942098789
weight is : 0.0009528924617543616
weight is : 0.0006756873819712746
weight is : 0.0120237703355914
weight is : 0.0070687295344687194
weight is : 0.0001386025398915435
weight is : 0.0001386025398915435
weight is : 0.0009217068902787643
weight is : 0.0001386025398915435
weight is : 0.0003707617942098789
weight is : 0.0001386025398915435
weight is : 0.0009528924617543616
weight is : 0.0006756873819712746
weight is : 0.0120237703355914
weight is : 0.0070687295344687194
weight is : 0.0001386025398915435
weight is : 0.0009217068902787643
weight is : 0.0001386025398915435
weight is : 0.0003083906512586843
weight is : 0.0003707617942098789
weight is : 0.0003187858417505501
weight is : 0.0009528924617543616
weight is : 0.0006756873819712746
weight is : 0.0120237703355914
weight is : 0.0070687295344687194
weight is : 0.0001386025398915435
weight is : 0.0001386025398915435
weight is : 0.0009217068902787643
weight is : 0.0003083906512586843
weight is : 0.0001386025398915435
weight is : 0.0003707617942098789
weight is : 0.0009528924617543616
weight is : 0.0006756873819712746
weight is : 0.0120237703355914
weight is : 0.0070687295344687194
weight is : 0.0001386025398915435
weight is : 0.0001386025398915435
weight is : 0.0009217068902787643
weight is : 0.0003083906512586843
weight is : 0.0003707617942098789
weight is : 0.0008454754933384154
weight is : 0.0009528924617543616
weight is : 0.0006756873819712746
weight is : 0.0120237703355914
weight is : 0.0070687295344687194
weight is : 0.0001386025398915435
weight is : 0.00016632304786985222
weight is : 0.0001386025398915435
weight is : 0.0009217068902787643
weight is : 0.0001386025398915435
weight is : 0.0008454754933384154
weight is : 0.0009528924617543616
weight is : 0.0006756873819712746
weight is : 0.0120237703355914
weight is : 0.0070687295344687194
weight is : 0.00016632304786985222
weight is : 0.0001386025398915435
weight is : 0.0009217068902787643
weight is : 0.0001386025398915435
weight is : 0.0005682704135553284
weight is : 0.0008454754933384154
weight is : 0.0009528924617543616
weight is : 0.0006756873819712746
weight is : 0.0120237703355914
weight is : 0.0070687295344687194
weight is : 0.00016632304786985222
weight is : 0.0001386025398915435
weight is : 0.0001386025398915435
weight is : 0.0009217068902787643
weight is : 0.0008454754933384154
weight is : 0.0009528924617543616
weight is : 0.0006756873819712746
weight is : 0.0007380585249224692
weight is : 0.0120237703355914
weight is : 0.0070687295344687194
weight is : 0.0001386025398915435
weight is : 0.0009217068902787643
weight is : 0.0001386025398915435
weight is : 0.0003083906512586843
weight is : 0.0002841352067776642
weight is : 0.0008454754933384154
weight is : 0.0009528924617543616
weight is : 0.0006756873819712746
weight is : 0.0120237703355914
weight is : 0.0070687295344687194
weight is : 0.00016632304786985222
weight is : 0.0001386025398915435
weight is : 0.0009217068902787643
weight is : 0.0001386025398915435
weight is : 0.0008454754933384154
weight is : 0.0009528924617543616
weight is : 0.0006756873819712746
weight is : 0.009293300299727993
weight is : 0.0120237703355914
weight is : 0.0070687295344687194
weight is : 0.00016632304786985222
weight is : 0.0001386025398915435
weight is : 0.0001386025398915435
weight is : 0.0008454754933384154
weight is : 0.0009528924617543616
weight is : 0.0006756873819712746
weight is : 0.009293300299727993
weight is : 0.0120237703355914
weight is : 0.0070687295344687194
weight is : 0.008679984060707913
weight is : 0.00016632304786985222
weight is : 0.0001386025398915435
weight is : 0.0001386025398915435
weight is : 0.00015246279388069785
weight is : 0.0008454754933384154
weight is : 0.0009528924617543616
weight is : 0.0006756873819712746
weight is : 0.009293300299727993
weight is : 0.0070687295344687194
weight is : 0.008679984060707913
weight is : 0.0001386025398915435
weight is : 0.0001386025398915435
weight is : 0.0001386025398915435
weight is : 0.0003083906512586843
weight is : 0.0008454754933384154
weight is : 0.0009528924617543616
weight is : 0.0006756873819712746
weight is : 0.009293300299727993
weight is : 0.0070687295344687194
weight is : 0.008679984060707913
weight is : 0.00016632304786985222
weight is : 0.0001386025398915435
weight is : 0.0001386025398915435
weight is : 0.00032571596874512727
weight is : 0.0008454754933384154
weight is : 0.0009528924617543616
weight is : 0.0006756873819712746
weight is : 0.009293300299727993
weight is : 0.0070687295344687194
weight is : 0.008679984060707913
weight is : 0.00016632304786985222
weight is : 0.0001386025398915435
weight is : 0.0001386025398915435
weight is : 0.0002009736828427381
weight is : 0.0008454754933384154
weight is : 0.0009528924617543616
weight is : 0.0006756873819712746
weight is : 0.009293300299727993
weight is : 0.0070687295344687194
weight is : 0.008679984060707913
weight is : 0.00016632304786985222
weight is : 0.0001386025398915435
weight is : 0.0001386025398915435
weight is : 0.0008454754933384154
weight is : 0.0009528924617543616
weight is : 0.0006756873819712746
weight is : 0.009293300299727993
weight is : 0.0120237703355914
weight is : 0.0070687295344687194
weight is : 0.008679984060707913
weight is : 0.00016632304786985222
weight is : 0.0001386025398915435
weight is : 0.0001386025398915435
weight is : 0.0008454754933384154
weight is : 0.0009528924617543616
weight is : 0.0006756873819712746
weight is : 0.009293300299727993
weight is : 0.0120237703355914
weight is : 0.0070687295344687194
weight is : 0.008679984060707913
weight is : 0.00016632304786985222
weight is : 0.0001386025398915435
weight is : 0.00032918103224241583
weight is : 0.0008454754933384154
weight is : 0.0009528924617543616
weight is : 0.0006756873819712746
weight is : 0.009293300299727993
weight is : 0.0120237703355914
weight is : 0.0070687295344687194
weight is : 0.008679984060707913
weight is : 0.00016632304786985222
weight is : 0.0001386025398915435
weight is : 0.0002876002702749528
weight is : 0.0008454754933384154
weight is : 0.0009528924617543616
weight is : 0.0006756873819712746
weight is : 0.009293300299727993
weight is : 0.0120237703355914
weight is : 0.0070687295344687194
weight is : 0.008679984060707913
weight is : 0.00016632304786985222
weight is : 0.0002009736828427381
weight is : 0.0007553838424089121
weight is : 0.0008454754933384154
weight is : 0.0009528924617543616
weight is : 0.0006756873819712746
weight is : 0.009293300299727993
weight is : 0.0120237703355914
weight is : 0.0070687295344687194
weight is : 0.008679984060707913
weight is : 0.00016632304786985222
weight is : 0.0001386025398915435
weight is : 0.0008454754933384154
weight is : 0.0009528924617543616
weight is : 0.0006756873819712746
weight is : 0.009293300299727993
weight is : 0.007037543962993122
weight is : 0.0120237703355914
weight is : 0.0070687295344687194
weight is : 0.008679984060707913
weight is : 0.00016632304786985222
weight is : 0.0001386025398915435
weight is : 0.0008454754933384154
weight is : 0.0009528924617543616
weight is : 0.0006756873819712746
weight is : 0.009293300299727993
weight is : 0.007037543962993122
weight is : 0.0120237703355914
weight is : 0.0070687295344687194
weight is : 0.008679984060707913
weight is : 0.0001386025398915435
weight is : 0.0001386025398915435
weight is : 0.0008454754933384154
weight is : 0.0009528924617543616
weight is : 0.0006756873819712746
weight is : 0.009293300299727993
weight is : 0.007037543962993122
weight is : 0.0120237703355914
weight is : 0.0070687295344687194
weight is : 0.008679984060707913
weight is : 0.0001386025398915435
weight is : 0.00021829900032918102
weight is : 0.0008454754933384154
weight is : 0.0009528924617543616
weight is : 0.0006756873819712746
weight is : 0.009293300299727993
weight is : 0.007037543962993122
weight is : 0.0120237703355914
weight is : 0.0070687295344687194
weight is : 0.008679984060707913
weight is : 0.0001386025398915435
weight is : 0.0001386025398915435
weight is : 0.0008454754933384154
weight is : 0.0009528924617543616
weight is : 0.0006756873819712746
weight is : 0.009293300299727993
weight is : 0.007037543962993122
weight is : 0.0120237703355914
weight is : 0.0070687295344687194
weight is : 0.008679984060707913
weight is : 0.0001386025398915435
weight is : 0.0001386025398915435
weight is : 0.0008454754933384154
weight is : 0.0009528924617543616
weight is : 0.0006756873819712746
weight is : 0.009293300299727993
weight is : 0.007037543962993122
weight is : 0.0120237703355914
weight is : 0.0070687295344687194
weight is : 0.008679984060707913

-------------Round number: 32-------------

Evaluate global model
Averaged Train Loss: 7.1183
Averaged Test Accurancy: 0.1194
Averaged Test AUC: 0.7556
Std Test Accurancy: 0.0574
Std Test AUC: 0.1414
------------------------- Round is  32 ------------------------- time cost ------------------------- 95.54098796844482
------------------------- Budget is : [9.375771760940552, 10.550357341766357, 12.262812376022339, 13.546142101287842, 15.182296514511108, 16.806487798690796, 18.74679684638977, 20.908663749694824, 23.411128520965576, 24.75996470451355, 27.2163143157959, 29.041458129882812, 31.15059542655945, 33.15936589241028, 33.87404656410217, 34.89423990249634, 37.679078578948975, 40.343401193618774, 43.663177728652954, 46.94964599609375, 49.394606590270996, 53.60710167884827, 58.57841348648071, 60.06299114227295, 64.37637853622437, 67.99968600273132, 70.97006058692932, 75.8372049331665, 82.43517541885376, 79.31160235404968, 81.72225975990295, 91.65545845031738, 95.54098796844482]
>> similarity:   0%|                                  | 0/10000 [00:00<?, ?it/s]>> similarity:   6%|█▎                    | 597/10000 [00:00<00:01, 5965.88it/s]>> similarity:  12%|██▌                  | 1194/10000 [00:00<00:01, 5804.13it/s]>> similarity:  18%|███▊                 | 1838/10000 [00:00<00:01, 6087.26it/s]>> similarity:  25%|█████▏               | 2459/10000 [00:00<00:01, 6133.20it/s]>> similarity:  31%|██████▍              | 3073/10000 [00:00<00:01, 6073.79it/s]>> similarity:  37%|███████▋             | 3681/10000 [00:00<00:01, 6048.79it/s]>> similarity:  43%|█████████            | 4310/10000 [00:00<00:00, 6125.94it/s]>> similarity:  49%|██████████▎          | 4927/10000 [00:00<00:00, 6136.91it/s]>> similarity:  56%|███████████▋         | 5583/10000 [00:00<00:00, 6267.74it/s]>> similarity:  62%|█████████████        | 6241/10000 [00:01<00:00, 6361.44it/s]>> similarity:  69%|██████████████▍      | 6901/10000 [00:01<00:00, 6433.85it/s]>> similarity:  76%|███████████████▉     | 7565/10000 [00:01<00:00, 6494.24it/s]>> similarity:  82%|█████████████████▎   | 8223/10000 [00:01<00:00, 6518.49it/s]>> similarity:  89%|██████████████████▋  | 8884/10000 [00:01<00:00, 6545.92it/s]>> similarity:  95%|████████████████████ | 9547/10000 [00:01<00:00, 6570.85it/s]>> similarity: 100%|████████████████████| 10000/10000 [00:01<00:00, 6335.89it/s]
round is 33 select id is : [66, 99, 6, 74, 76, 78, 80, 85, 87, 88]
self.cost_time is : 809.3400000000001 ids is  [66, 99, 6, 74, 76, 78, 80, 85, 87, 88]
select client num is : 340 self.samples is : 60000
weight is : 0.00015884256716062293
weight is : 0.00013236880596718576
weight is : 0.00013236880596718576
weight is : 0.0008802525596817854
weight is : 0.00029452059327698835
weight is : 0.00035408655596222194
weight is : 0.00013236880596718576
weight is : 0.0009100355410244022
weight is : 0.0006452979290900307
weight is : 0.011482993917653365
weight is : 0.00013236880596718576
weight is : 0.00015884256716062293
weight is : 0.00013236880596718576
weight is : 0.00013236880596718576
weight is : 0.0008802525596817854
weight is : 0.00029452059327698835
weight is : 0.00035408655596222194
weight is : 0.0009100355410244022
weight is : 0.0006452979290900307
weight is : 0.011482993917653365
weight is : 0.00015884256716062293
weight is : 0.00013236880596718576
weight is : 0.00013236880596718576
weight is : 0.0008802525596817854
weight is : 0.0002548099514868326
weight is : 0.00029452059327698835
weight is : 0.00035408655596222194
weight is : 0.0009100355410244022
weight is : 0.0006452979290900307
weight is : 0.011482993917653365
weight is : 0.00015884256716062293
weight is : 0.00013236880596718576
weight is : 0.00013236880596718576
weight is : 0.0008802525596817854
weight is : 0.0002548099514868326
weight is : 0.00035408655596222194
weight is : 0.0002481915111884733
weight is : 0.0009100355410244022
weight is : 0.0006452979290900307
weight is : 0.011482993917653365
weight is : 0.00013236880596718576
weight is : 0.00013236880596718576
weight is : 0.0008802525596817854
weight is : 0.0002548099514868326
weight is : 0.00013236880596718576
weight is : 0.00029452059327698835
weight is : 0.00035408655596222194
weight is : 0.0009100355410244022
weight is : 0.0006452979290900307
weight is : 0.011482993917653365
weight is : 0.00013236880596718576
weight is : 0.00013236880596718576
weight is : 0.0008802525596817854
weight is : 0.00013236880596718576
weight is : 0.00035408655596222194
weight is : 0.00013236880596718576
weight is : 0.0009100355410244022
weight is : 0.0006452979290900307
weight is : 0.011482993917653365
weight is : 0.0067508091043264745
weight is : 0.00013236880596718576
weight is : 0.00013236880596718576
weight is : 0.0008802525596817854
weight is : 0.00013236880596718576
weight is : 0.00029452059327698835
weight is : 0.00035408655596222194
weight is : 0.0009100355410244022
weight is : 0.0006452979290900307
weight is : 0.011482993917653365
weight is : 0.0067508091043264745
weight is : 0.00013236880596718576
weight is : 0.00013236880596718576
weight is : 0.0008802525596817854
weight is : 0.00013236880596718576
weight is : 0.00029452059327698835
weight is : 0.00035408655596222194
weight is : 0.0009100355410244022
weight is : 0.0006452979290900307
weight is : 0.011482993917653365
weight is : 0.0067508091043264745
weight is : 0.00013236880596718576
weight is : 0.00013236880596718576
weight is : 0.0008802525596817854
weight is : 0.00013236880596718576
weight is : 0.00035408655596222194
weight is : 0.00013236880596718576
weight is : 0.0009100355410244022
weight is : 0.0006452979290900307
weight is : 0.011482993917653365
weight is : 0.0067508091043264745
weight is : 0.00013236880596718576
weight is : 0.0008802525596817854
weight is : 0.00013236880596718576
weight is : 0.00029452059327698835
weight is : 0.00035408655596222194
weight is : 0.00030444825372452725
weight is : 0.0009100355410244022
weight is : 0.0006452979290900307
weight is : 0.011482993917653365
weight is : 0.0067508091043264745
weight is : 0.00013236880596718576
weight is : 0.00013236880596718576
weight is : 0.0008802525596817854
weight is : 0.00029452059327698835
weight is : 0.00013236880596718576
weight is : 0.00035408655596222194
weight is : 0.0009100355410244022
weight is : 0.0006452979290900307
weight is : 0.011482993917653365
weight is : 0.0067508091043264745
weight is : 0.00013236880596718576
weight is : 0.00013236880596718576
weight is : 0.0008802525596817854
weight is : 0.00029452059327698835
weight is : 0.00035408655596222194
weight is : 0.0008074497163998332
weight is : 0.0009100355410244022
weight is : 0.0006452979290900307
weight is : 0.011482993917653365
weight is : 0.0067508091043264745
weight is : 0.00013236880596718576
weight is : 0.00015884256716062293
weight is : 0.00013236880596718576
weight is : 0.0008802525596817854
weight is : 0.00013236880596718576
weight is : 0.0008074497163998332
weight is : 0.0009100355410244022
weight is : 0.0006452979290900307
weight is : 0.011482993917653365
weight is : 0.0067508091043264745
weight is : 0.00015884256716062293
weight is : 0.00013236880596718576
weight is : 0.0008802525596817854
weight is : 0.00013236880596718576
weight is : 0.0005427121044654617
weight is : 0.0008074497163998332
weight is : 0.0009100355410244022
weight is : 0.0006452979290900307
weight is : 0.011482993917653365
weight is : 0.0067508091043264745
weight is : 0.00015884256716062293
weight is : 0.00013236880596718576
weight is : 0.00013236880596718576
weight is : 0.0008802525596817854
weight is : 0.0008074497163998332
weight is : 0.0009100355410244022
weight is : 0.0006452979290900307
weight is : 0.0007048638917752642
weight is : 0.011482993917653365
weight is : 0.0067508091043264745
weight is : 0.00013236880596718576
weight is : 0.0008802525596817854
weight is : 0.00013236880596718576
weight is : 0.00029452059327698835
weight is : 0.00027135605223273083
weight is : 0.0008074497163998332
weight is : 0.0009100355410244022
weight is : 0.0006452979290900307
weight is : 0.011482993917653365
weight is : 0.0067508091043264745
weight is : 0.00015884256716062293
weight is : 0.00013236880596718576
weight is : 0.0008802525596817854
weight is : 0.00013236880596718576
weight is : 0.0008074497163998332
weight is : 0.0009100355410244022
weight is : 0.0006452979290900307
weight is : 0.008875328440099806
weight is : 0.011482993917653365
weight is : 0.0067508091043264745
weight is : 0.00015884256716062293
weight is : 0.00013236880596718576
weight is : 0.00013236880596718576
weight is : 0.0008074497163998332
weight is : 0.0009100355410244022
weight is : 0.0006452979290900307
weight is : 0.008875328440099806
weight is : 0.011482993917653365
weight is : 0.0067508091043264745
weight is : 0.008289596473695008
weight is : 0.00015884256716062293
weight is : 0.00013236880596718576
weight is : 0.00013236880596718576
weight is : 0.00014560568656390435
weight is : 0.0008074497163998332
weight is : 0.0009100355410244022
weight is : 0.0006452979290900307
weight is : 0.008875328440099806
weight is : 0.0067508091043264745
weight is : 0.008289596473695008
weight is : 0.00013236880596718576
weight is : 0.00013236880596718576
weight is : 0.00013236880596718576
weight is : 0.00029452059327698835
weight is : 0.0008074497163998332
weight is : 0.0009100355410244022
weight is : 0.0006452979290900307
weight is : 0.008875328440099806
weight is : 0.0067508091043264745
weight is : 0.008289596473695008
weight is : 0.00015884256716062293
weight is : 0.00013236880596718576
weight is : 0.00013236880596718576
weight is : 0.00031106669402288656
weight is : 0.0008074497163998332
weight is : 0.0009100355410244022
weight is : 0.0006452979290900307
weight is : 0.008875328440099806
weight is : 0.0067508091043264745
weight is : 0.008289596473695008
weight is : 0.00015884256716062293
weight is : 0.00013236880596718576
weight is : 0.00013236880596718576
weight is : 0.00019193476865241938
weight is : 0.0008074497163998332
weight is : 0.0009100355410244022
weight is : 0.0006452979290900307
weight is : 0.008875328440099806
weight is : 0.0067508091043264745
weight is : 0.008289596473695008
weight is : 0.00015884256716062293
weight is : 0.00013236880596718576
weight is : 0.00013236880596718576
weight is : 0.0008074497163998332
weight is : 0.0009100355410244022
weight is : 0.0006452979290900307
weight is : 0.008875328440099806
weight is : 0.011482993917653365
weight is : 0.0067508091043264745
weight is : 0.008289596473695008
weight is : 0.00015884256716062293
weight is : 0.00013236880596718576
weight is : 0.00013236880596718576
weight is : 0.0008074497163998332
weight is : 0.0009100355410244022
weight is : 0.0006452979290900307
weight is : 0.008875328440099806
weight is : 0.011482993917653365
weight is : 0.0067508091043264745
weight is : 0.008289596473695008
weight is : 0.00015884256716062293
weight is : 0.00013236880596718576
weight is : 0.0003143759141720662
weight is : 0.0008074497163998332
weight is : 0.0009100355410244022
weight is : 0.0006452979290900307
weight is : 0.008875328440099806
weight is : 0.011482993917653365
weight is : 0.0067508091043264745
weight is : 0.008289596473695008
weight is : 0.00015884256716062293
weight is : 0.00013236880596718576
weight is : 0.0002746652723819105
weight is : 0.0008074497163998332
weight is : 0.0009100355410244022
weight is : 0.0006452979290900307
weight is : 0.008875328440099806
weight is : 0.011482993917653365
weight is : 0.0067508091043264745
weight is : 0.008289596473695008
weight is : 0.00015884256716062293
weight is : 0.00019193476865241938
weight is : 0.0007214099925211625
weight is : 0.0008074497163998332
weight is : 0.0009100355410244022
weight is : 0.0006452979290900307
weight is : 0.008875328440099806
weight is : 0.011482993917653365
weight is : 0.0067508091043264745
weight is : 0.008289596473695008
weight is : 0.00015884256716062293
weight is : 0.00013236880596718576
weight is : 0.0008074497163998332
weight is : 0.0009100355410244022
weight is : 0.0006452979290900307
weight is : 0.008875328440099806
weight is : 0.006721026122983857
weight is : 0.011482993917653365
weight is : 0.0067508091043264745
weight is : 0.008289596473695008
weight is : 0.00015884256716062293
weight is : 0.00013236880596718576
weight is : 0.0008074497163998332
weight is : 0.0009100355410244022
weight is : 0.0006452979290900307
weight is : 0.008875328440099806
weight is : 0.006721026122983857
weight is : 0.011482993917653365
weight is : 0.0067508091043264745
weight is : 0.008289596473695008
weight is : 0.00013236880596718576
weight is : 0.00013236880596718576
weight is : 0.0008074497163998332
weight is : 0.0009100355410244022
weight is : 0.0006452979290900307
weight is : 0.008875328440099806
weight is : 0.006721026122983857
weight is : 0.011482993917653365
weight is : 0.0067508091043264745
weight is : 0.008289596473695008
weight is : 0.00013236880596718576
weight is : 0.0002084808693983176
weight is : 0.0008074497163998332
weight is : 0.0009100355410244022
weight is : 0.0006452979290900307
weight is : 0.008875328440099806
weight is : 0.006721026122983857
weight is : 0.011482993917653365
weight is : 0.0067508091043264745
weight is : 0.008289596473695008
weight is : 0.00013236880596718576
weight is : 0.00013236880596718576
weight is : 0.0008074497163998332
weight is : 0.0009100355410244022
weight is : 0.0006452979290900307
weight is : 0.008875328440099806
weight is : 0.006721026122983857
weight is : 0.011482993917653365
weight is : 0.0067508091043264745
weight is : 0.008289596473695008
weight is : 0.00013236880596718576
weight is : 0.00013236880596718576
weight is : 0.0008074497163998332
weight is : 0.0009100355410244022
weight is : 0.0006452979290900307
weight is : 0.008875328440099806
weight is : 0.006721026122983857
weight is : 0.011482993917653365
weight is : 0.0067508091043264745
weight is : 0.008289596473695008
weight is : 0.00013236880596718576
weight is : 0.00036070499626058124
weight is : 0.0008074497163998332
weight is : 0.0009100355410244022
weight is : 0.0006452979290900307
weight is : 0.008875328440099806
weight is : 0.006721026122983857
weight is : 0.011482993917653365
weight is : 0.0067508091043264745
weight is : 0.008289596473695008

-------------Round number: 33-------------

Evaluate global model
Averaged Train Loss: 7.1585
Averaged Test Accurancy: 0.1198
Averaged Test AUC: 0.7562
Std Test Accurancy: 0.0577
Std Test AUC: 0.1388
------------------------- Round is  33 ------------------------- time cost ------------------------- 101.05298399925232
------------------------- Budget is : [9.375771760940552, 10.550357341766357, 12.262812376022339, 13.546142101287842, 15.182296514511108, 16.806487798690796, 18.74679684638977, 20.908663749694824, 23.411128520965576, 24.75996470451355, 27.2163143157959, 29.041458129882812, 31.15059542655945, 33.15936589241028, 33.87404656410217, 34.89423990249634, 37.679078578948975, 40.343401193618774, 43.663177728652954, 46.94964599609375, 49.394606590270996, 53.60710167884827, 58.57841348648071, 60.06299114227295, 64.37637853622437, 67.99968600273132, 70.97006058692932, 75.8372049331665, 82.43517541885376, 79.31160235404968, 81.72225975990295, 91.65545845031738, 95.54098796844482, 101.05298399925232]
>> similarity:   0%|                                  | 0/10000 [00:00<?, ?it/s]>> similarity:   7%|█▍                    | 665/10000 [00:00<00:01, 6648.77it/s]>> similarity:  13%|██▊                  | 1337/10000 [00:00<00:01, 6687.36it/s]>> similarity:  20%|████▏                | 2006/10000 [00:00<00:01, 6629.78it/s]>> similarity:  27%|█████▋               | 2679/10000 [00:00<00:01, 6667.09it/s]>> similarity:  33%|███████              | 3346/10000 [00:00<00:00, 6654.24it/s]>> similarity:  40%|████████▍            | 4012/10000 [00:00<00:00, 6654.97it/s]>> similarity:  47%|█████████▊           | 4682/10000 [00:00<00:00, 6668.68it/s]>> similarity:  53%|███████████▏         | 5349/10000 [00:00<00:00, 6666.50it/s]>> similarity:  60%|████████████▋        | 6021/10000 [00:00<00:00, 6679.76it/s]>> similarity:  67%|██████████████       | 6694/10000 [00:01<00:00, 6694.86it/s]>> similarity:  74%|███████████████▍     | 7367/10000 [00:01<00:00, 6704.76it/s]>> similarity:  80%|████████████████▉    | 8044/10000 [00:01<00:00, 6722.61it/s]>> similarity:  87%|██████████████████▎  | 8717/10000 [00:01<00:00, 6711.69it/s]>> similarity:  94%|███████████████████▋ | 9394/10000 [00:01<00:00, 6728.40it/s]>> similarity: 100%|████████████████████| 10000/10000 [00:01<00:00, 6695.50it/s]
round is 34 select id is : [99, 6, 74, 76, 78, 80, 85, 87, 88, 63]
self.cost_time is : 833.0700000000002 ids is  [99, 6, 74, 76, 78, 80, 85, 87, 88, 63]
select client num is : 350 self.samples is : 60000
weight is : 0.00015200600423716736
weight is : 0.00012667167019763949
weight is : 0.00012667167019763949
weight is : 0.0008423666068143025
weight is : 0.00028184446618974784
weight is : 0.00033884671777868557
weight is : 0.00012667167019763949
weight is : 0.0008708677326087714
weight is : 0.0006175243922134924
weight is : 0.010988767389645224
weight is : 0.00012667167019763949
weight is : 0.00015200600423716736
weight is : 0.00012667167019763949
weight is : 0.00012667167019763949
weight is : 0.0008423666068143025
weight is : 0.00028184446618974784
weight is : 0.00033884671777868557
weight is : 0.0008708677326087714
weight is : 0.0006175243922134924
weight is : 0.010988767389645224
weight is : 0.00015200600423716736
weight is : 0.00012667167019763949
weight is : 0.00012667167019763949
weight is : 0.0008423666068143025
weight is : 0.000243842965130456
weight is : 0.00028184446618974784
weight is : 0.00033884671777868557
weight is : 0.0008708677326087714
weight is : 0.0006175243922134924
weight is : 0.010988767389645224
weight is : 0.00015200600423716736
weight is : 0.00012667167019763949
weight is : 0.00012667167019763949
weight is : 0.0008423666068143025
weight is : 0.000243842965130456
weight is : 0.00033884671777868557
weight is : 0.00023750938162057401
weight is : 0.0008708677326087714
weight is : 0.0006175243922134924
weight is : 0.010988767389645224
weight is : 0.00012667167019763949
weight is : 0.00012667167019763949
weight is : 0.0008423666068143025
weight is : 0.000243842965130456
weight is : 0.00012667167019763949
weight is : 0.00028184446618974784
weight is : 0.00033884671777868557
weight is : 0.0008708677326087714
weight is : 0.0006175243922134924
weight is : 0.010988767389645224
weight is : 0.00012667167019763949
weight is : 0.00012667167019763949
weight is : 0.0008423666068143025
weight is : 0.00012667167019763949
weight is : 0.00033884671777868557
weight is : 0.00012667167019763949
weight is : 0.0008708677326087714
weight is : 0.0006175243922134924
weight is : 0.010988767389645224
weight is : 0.006460255180079613
weight is : 0.00012667167019763949
weight is : 0.00012667167019763949
weight is : 0.0008423666068143025
weight is : 0.00012667167019763949
weight is : 0.00028184446618974784
weight is : 0.00033884671777868557
weight is : 0.0008708677326087714
weight is : 0.0006175243922134924
weight is : 0.010988767389645224
weight is : 0.006460255180079613
weight is : 0.00012667167019763949
weight is : 0.00012667167019763949
weight is : 0.0008423666068143025
weight is : 0.00012667167019763949
weight is : 0.00028184446618974784
weight is : 0.00033884671777868557
weight is : 0.0008708677326087714
weight is : 0.0006175243922134924
weight is : 0.010988767389645224
weight is : 0.006460255180079613
weight is : 0.00012667167019763949
weight is : 0.00012667167019763949
weight is : 0.0008423666068143025
weight is : 0.00012667167019763949
weight is : 0.00033884671777868557
weight is : 0.00012667167019763949
weight is : 0.0008708677326087714
weight is : 0.0006175243922134924
weight is : 0.010988767389645224
weight is : 0.006460255180079613
weight is : 0.00012667167019763949
weight is : 0.0008423666068143025
weight is : 0.00012667167019763949
weight is : 0.00028184446618974784
weight is : 0.00033884671777868557
weight is : 0.0002913448414545708
weight is : 0.0008708677326087714
weight is : 0.0006175243922134924
weight is : 0.010988767389645224
weight is : 0.006460255180079613
weight is : 0.00012667167019763949
weight is : 0.00012667167019763949
weight is : 0.0008423666068143025
weight is : 0.00028184446618974784
weight is : 0.00012667167019763949
weight is : 0.00033884671777868557
weight is : 0.0008708677326087714
weight is : 0.0006175243922134924
weight is : 0.010988767389645224
weight is : 0.006460255180079613
weight is : 0.00012667167019763949
weight is : 0.00012667167019763949
weight is : 0.0008423666068143025
weight is : 0.00028184446618974784
weight is : 0.00033884671777868557
weight is : 0.0007726971882056008
weight is : 0.0008708677326087714
weight is : 0.0006175243922134924
weight is : 0.010988767389645224
weight is : 0.006460255180079613
weight is : 0.00012667167019763949
weight is : 0.00015200600423716736
weight is : 0.00012667167019763949
weight is : 0.0008423666068143025
weight is : 0.00012667167019763949
weight is : 0.0007726971882056008
weight is : 0.0008708677326087714
weight is : 0.0006175243922134924
weight is : 0.010988767389645224
weight is : 0.006460255180079613
weight is : 0.00015200600423716736
weight is : 0.00012667167019763949
weight is : 0.0008423666068143025
weight is : 0.00012667167019763949
weight is : 0.0005193538478103218
weight is : 0.0007726971882056008
weight is : 0.0008708677326087714
weight is : 0.0006175243922134924
weight is : 0.010988767389645224
weight is : 0.006460255180079613
weight is : 0.00015200600423716736
weight is : 0.00012667167019763949
weight is : 0.00012667167019763949
weight is : 0.0008423666068143025
weight is : 0.0007726971882056008
weight is : 0.0008708677326087714
weight is : 0.0006175243922134924
weight is : 0.0006745266438024301
weight is : 0.010988767389645224
weight is : 0.006460255180079613
weight is : 0.00012667167019763949
weight is : 0.0008423666068143025
weight is : 0.00012667167019763949
weight is : 0.00028184446618974784
weight is : 0.0002596769239051609
weight is : 0.0007726971882056008
weight is : 0.0008708677326087714
weight is : 0.0006175243922134924
weight is : 0.010988767389645224
weight is : 0.006460255180079613
weight is : 0.00015200600423716736
weight is : 0.00012667167019763949
weight is : 0.0008423666068143025
weight is : 0.00012667167019763949
weight is : 0.0007726971882056008
weight is : 0.0008708677326087714
weight is : 0.0006175243922134924
weight is : 0.008493335486751727
weight is : 0.010988767389645224
weight is : 0.006460255180079613
weight is : 0.00015200600423716736
weight is : 0.00012667167019763949
weight is : 0.00012667167019763949
weight is : 0.0007726971882056008
weight is : 0.0008708677326087714
weight is : 0.0006175243922134924
weight is : 0.008493335486751727
weight is : 0.010988767389645224
weight is : 0.006460255180079613
weight is : 0.007932813346127172
weight is : 0.00015200600423716736
weight is : 0.00012667167019763949
weight is : 0.00012667167019763949
weight is : 0.00013933883721740342
weight is : 0.0007726971882056008
weight is : 0.0008708677326087714
weight is : 0.0006175243922134924
weight is : 0.008493335486751727
weight is : 0.006460255180079613
weight is : 0.007932813346127172
weight is : 0.00012667167019763949
weight is : 0.00012667167019763949
weight is : 0.00012667167019763949
weight is : 0.00028184446618974784
weight is : 0.0007726971882056008
weight is : 0.0008708677326087714
weight is : 0.0006175243922134924
weight is : 0.008493335486751727
weight is : 0.006460255180079613
weight is : 0.007932813346127172
weight is : 0.00015200600423716736
weight is : 0.00012667167019763949
weight is : 0.00012667167019763949
weight is : 0.00029767842496445274
weight is : 0.0007726971882056008
weight is : 0.0008708677326087714
weight is : 0.0006175243922134924
weight is : 0.008493335486751727
weight is : 0.006460255180079613
weight is : 0.007932813346127172
weight is : 0.00015200600423716736
weight is : 0.00012667167019763949
weight is : 0.00012667167019763949
weight is : 0.00018367392178657725
weight is : 0.0007726971882056008
weight is : 0.0008708677326087714
weight is : 0.0006175243922134924
weight is : 0.008493335486751727
weight is : 0.006460255180079613
weight is : 0.007932813346127172
weight is : 0.00015200600423716736
weight is : 0.00012667167019763949
weight is : 0.00012667167019763949
weight is : 0.0007726971882056008
weight is : 0.0008708677326087714
weight is : 0.0006175243922134924
weight is : 0.008493335486751727
weight is : 0.010988767389645224
weight is : 0.006460255180079613
weight is : 0.007932813346127172
weight is : 0.00015200600423716736
weight is : 0.00012667167019763949
weight is : 0.00012667167019763949
weight is : 0.0007726971882056008
weight is : 0.0008708677326087714
weight is : 0.0006175243922134924
weight is : 0.008493335486751727
weight is : 0.010988767389645224
weight is : 0.006460255180079613
weight is : 0.007932813346127172
weight is : 0.00015200600423716736
weight is : 0.00012667167019763949
weight is : 0.00030084521671939373
weight is : 0.0007726971882056008
weight is : 0.0008708677326087714
weight is : 0.0006175243922134924
weight is : 0.008493335486751727
weight is : 0.010988767389645224
weight is : 0.006460255180079613
weight is : 0.007932813346127172
weight is : 0.00015200600423716736
weight is : 0.00012667167019763949
weight is : 0.0002628437156601019
weight is : 0.0007726971882056008
weight is : 0.0008708677326087714
weight is : 0.0006175243922134924
weight is : 0.008493335486751727
weight is : 0.010988767389645224
weight is : 0.006460255180079613
weight is : 0.007932813346127172
weight is : 0.00015200600423716736
weight is : 0.00018367392178657725
weight is : 0.0006903606025771351
weight is : 0.0007726971882056008
weight is : 0.0008708677326087714
weight is : 0.0006175243922134924
weight is : 0.008493335486751727
weight is : 0.010988767389645224
weight is : 0.006460255180079613
weight is : 0.007932813346127172
weight is : 0.00015200600423716736
weight is : 0.00012667167019763949
weight is : 0.0007726971882056008
weight is : 0.0008708677326087714
weight is : 0.0006175243922134924
weight is : 0.008493335486751727
weight is : 0.0064317540542851446
weight is : 0.010988767389645224
weight is : 0.006460255180079613
weight is : 0.007932813346127172
weight is : 0.00015200600423716736
weight is : 0.00012667167019763949
weight is : 0.0007726971882056008
weight is : 0.0008708677326087714
weight is : 0.0006175243922134924
weight is : 0.008493335486751727
weight is : 0.0064317540542851446
weight is : 0.010988767389645224
weight is : 0.006460255180079613
weight is : 0.007932813346127172
weight is : 0.00012667167019763949
weight is : 0.00012667167019763949
weight is : 0.0007726971882056008
weight is : 0.0008708677326087714
weight is : 0.0006175243922134924
weight is : 0.008493335486751727
weight is : 0.0064317540542851446
weight is : 0.010988767389645224
weight is : 0.006460255180079613
weight is : 0.007932813346127172
weight is : 0.00012667167019763949
weight is : 0.00019950788056128217
weight is : 0.0007726971882056008
weight is : 0.0008708677326087714
weight is : 0.0006175243922134924
weight is : 0.008493335486751727
weight is : 0.0064317540542851446
weight is : 0.010988767389645224
weight is : 0.006460255180079613
weight is : 0.007932813346127172
weight is : 0.00012667167019763949
weight is : 0.00012667167019763949
weight is : 0.0007726971882056008
weight is : 0.0008708677326087714
weight is : 0.0006175243922134924
weight is : 0.008493335486751727
weight is : 0.0064317540542851446
weight is : 0.010988767389645224
weight is : 0.006460255180079613
weight is : 0.007932813346127172
weight is : 0.00012667167019763949
weight is : 0.00012667167019763949
weight is : 0.0007726971882056008
weight is : 0.0008708677326087714
weight is : 0.0006175243922134924
weight is : 0.008493335486751727
weight is : 0.0064317540542851446
weight is : 0.010988767389645224
weight is : 0.006460255180079613
weight is : 0.007932813346127172
weight is : 0.00012667167019763949
weight is : 0.00034518030128856755
weight is : 0.0007726971882056008
weight is : 0.0008708677326087714
weight is : 0.0006175243922134924
weight is : 0.008493335486751727
weight is : 0.0064317540542851446
weight is : 0.010988767389645224
weight is : 0.006460255180079613
weight is : 0.007932813346127172
weight is : 0.00012667167019763949
weight is : 0.00034518030128856755
weight is : 0.0007726971882056008
weight is : 0.0008708677326087714
weight is : 0.0006175243922134924
weight is : 0.008493335486751727
weight is : 0.0064317540542851446
weight is : 0.010988767389645224
weight is : 0.006460255180079613
weight is : 0.007932813346127172

-------------Round number: 34-------------

Evaluate global model
Averaged Train Loss: 7.1987
Averaged Test Accurancy: 0.1195
Averaged Test AUC: 0.7567
Std Test Accurancy: 0.0577
Std Test AUC: 0.1362
------------------------- Round is  34 ------------------------- time cost ------------------------- 104.40005421638489
------------------------- Budget is : [9.375771760940552, 10.550357341766357, 12.262812376022339, 13.546142101287842, 15.182296514511108, 16.806487798690796, 18.74679684638977, 20.908663749694824, 23.411128520965576, 24.75996470451355, 27.2163143157959, 29.041458129882812, 31.15059542655945, 33.15936589241028, 33.87404656410217, 34.89423990249634, 37.679078578948975, 40.343401193618774, 43.663177728652954, 46.94964599609375, 49.394606590270996, 53.60710167884827, 58.57841348648071, 60.06299114227295, 64.37637853622437, 67.99968600273132, 70.97006058692932, 75.8372049331665, 82.43517541885376, 79.31160235404968, 81.72225975990295, 91.65545845031738, 95.54098796844482, 101.05298399925232, 104.40005421638489]
>> similarity:   0%|                                  | 0/10000 [00:00<?, ?it/s]>> similarity:   7%|█▍                    | 667/10000 [00:00<00:01, 6666.10it/s]>> similarity:  13%|██▊                  | 1337/10000 [00:00<00:01, 6683.76it/s]>> similarity:  20%|████▏                | 2006/10000 [00:00<00:01, 6673.53it/s]>> similarity:  27%|█████▌               | 2674/10000 [00:00<00:01, 6590.66it/s]>> similarity:  33%|███████              | 3339/10000 [00:00<00:01, 6609.77it/s]>> similarity:  40%|████████▍            | 4001/10000 [00:00<00:00, 6610.75it/s]>> similarity:  47%|█████████▊           | 4672/10000 [00:00<00:00, 6640.32it/s]>> similarity:  53%|███████████▏         | 5337/10000 [00:00<00:00, 6640.97it/s]>> similarity:  60%|████████████▌        | 6007/10000 [00:00<00:00, 6656.62it/s]>> similarity:  67%|██████████████       | 6676/10000 [00:01<00:00, 6665.85it/s]>> similarity:  73%|███████████████▍     | 7349/10000 [00:01<00:00, 6682.46it/s]>> similarity:  80%|████████████████▊    | 8018/10000 [00:01<00:00, 6660.43it/s]>> similarity:  87%|██████████████████▎  | 8691/10000 [00:01<00:00, 6678.89it/s]>> similarity:  94%|███████████████████▋ | 9359/10000 [00:01<00:00, 6670.67it/s]>> similarity: 100%|████████████████████| 10000/10000 [00:01<00:00, 6659.32it/s]
round is 35 select id is : [32, 99, 74, 76, 78, 80, 85, 86, 87, 88]
self.cost_time is : 854.5300000000002 ids is  [32, 99, 74, 76, 78, 80, 85, 86, 87, 88]
select client num is : 360 self.samples is : 60000
weight is : 0.00014457308771972097
weight is : 0.00012047757309976748
weight is : 0.00012047757309976748
weight is : 0.0008011758611134538
weight is : 0.00026806260014698263
weight is : 0.000322277508041878
weight is : 0.00012047757309976748
weight is : 0.0008282833150609014
weight is : 0.0005873281688613664
weight is : 0.010451429466404828
weight is : 0.00012047757309976748
weight is : 0.00014457308771972097
weight is : 0.00012047757309976748
weight is : 0.00012047757309976748
weight is : 0.0008011758611134538
weight is : 0.00026806260014698263
weight is : 0.000322277508041878
weight is : 0.0008282833150609014
weight is : 0.0005873281688613664
weight is : 0.010451429466404828
weight is : 0.00014457308771972097
weight is : 0.00012047757309976748
weight is : 0.00012047757309976748
weight is : 0.0008011758611134538
weight is : 0.00023191932821705239
weight is : 0.00026806260014698263
weight is : 0.000322277508041878
weight is : 0.0008282833150609014
weight is : 0.0005873281688613664
weight is : 0.010451429466404828
weight is : 0.00014457308771972097
weight is : 0.00012047757309976748
weight is : 0.00012047757309976748
weight is : 0.0008011758611134538
weight is : 0.00023191932821705239
weight is : 0.000322277508041878
weight is : 0.00022589544956206403
weight is : 0.0008282833150609014
weight is : 0.0005873281688613664
weight is : 0.010451429466404828
weight is : 0.00012047757309976748
weight is : 0.00012047757309976748
weight is : 0.0008011758611134538
weight is : 0.00023191932821705239
weight is : 0.00012047757309976748
weight is : 0.00026806260014698263
weight is : 0.000322277508041878
weight is : 0.0008282833150609014
weight is : 0.0005873281688613664
weight is : 0.010451429466404828
weight is : 0.00012047757309976748
weight is : 0.00012047757309976748
weight is : 0.0008011758611134538
weight is : 0.00012047757309976748
weight is : 0.000322277508041878
weight is : 0.00012047757309976748
weight is : 0.0008282833150609014
weight is : 0.0005873281688613664
weight is : 0.010451429466404828
weight is : 0.006144356228088141
weight is : 0.00012047757309976748
weight is : 0.00012047757309976748
weight is : 0.0008011758611134538
weight is : 0.00012047757309976748
weight is : 0.00026806260014698263
weight is : 0.000322277508041878
weight is : 0.0008282833150609014
weight is : 0.0005873281688613664
weight is : 0.010451429466404828
weight is : 0.006144356228088141
weight is : 0.00012047757309976748
weight is : 0.00012047757309976748
weight is : 0.0008011758611134538
weight is : 0.00012047757309976748
weight is : 0.00026806260014698263
weight is : 0.000322277508041878
weight is : 0.0008282833150609014
weight is : 0.0005873281688613664
weight is : 0.010451429466404828
weight is : 0.006144356228088141
weight is : 0.00012047757309976748
weight is : 0.00012047757309976748
weight is : 0.0008011758611134538
weight is : 0.00012047757309976748
weight is : 0.000322277508041878
weight is : 0.00012047757309976748
weight is : 0.0008282833150609014
weight is : 0.0005873281688613664
weight is : 0.010451429466404828
weight is : 0.006144356228088141
weight is : 0.00012047757309976748
weight is : 0.0008011758611134538
weight is : 0.00012047757309976748
weight is : 0.00026806260014698263
weight is : 0.000322277508041878
weight is : 0.0002770984181294652
weight is : 0.0008282833150609014
weight is : 0.0005873281688613664
weight is : 0.010451429466404828
weight is : 0.006144356228088141
weight is : 0.00012047757309976748
weight is : 0.00012047757309976748
weight is : 0.0008011758611134538
weight is : 0.00026806260014698263
weight is : 0.00012047757309976748
weight is : 0.000322277508041878
weight is : 0.0008282833150609014
weight is : 0.0005873281688613664
weight is : 0.010451429466404828
weight is : 0.006144356228088141
weight is : 0.00012047757309976748
weight is : 0.00012047757309976748
weight is : 0.0008011758611134538
weight is : 0.00026806260014698263
weight is : 0.000322277508041878
weight is : 0.0007349131959085816
weight is : 0.0008282833150609014
weight is : 0.0005873281688613664
weight is : 0.010451429466404828
weight is : 0.006144356228088141
weight is : 0.00012047757309976748
weight is : 0.00014457308771972097
weight is : 0.00012047757309976748
weight is : 0.0008011758611134538
weight is : 0.00012047757309976748
weight is : 0.0007349131959085816
weight is : 0.0008282833150609014
weight is : 0.0005873281688613664
weight is : 0.010451429466404828
weight is : 0.006144356228088141
weight is : 0.00014457308771972097
weight is : 0.00012047757309976748
weight is : 0.0008011758611134538
weight is : 0.00012047757309976748
weight is : 0.0004939580497090466
weight is : 0.0007349131959085816
weight is : 0.0008282833150609014
weight is : 0.0005873281688613664
weight is : 0.010451429466404828
weight is : 0.006144356228088141
weight is : 0.00014457308771972097
weight is : 0.00012047757309976748
weight is : 0.00012047757309976748
weight is : 0.0008011758611134538
weight is : 0.0007349131959085816
weight is : 0.0008282833150609014
weight is : 0.0005873281688613664
weight is : 0.0006415430767562618
weight is : 0.010451429466404828
weight is : 0.006144356228088141
weight is : 0.00012047757309976748
weight is : 0.0008011758611134538
weight is : 0.00012047757309976748
weight is : 0.00026806260014698263
weight is : 0.0002469790248545233
weight is : 0.0007349131959085816
weight is : 0.0008282833150609014
weight is : 0.0005873281688613664
weight is : 0.010451429466404828
weight is : 0.006144356228088141
weight is : 0.00014457308771972097
weight is : 0.00012047757309976748
weight is : 0.0008011758611134538
weight is : 0.00012047757309976748
weight is : 0.0007349131959085816
weight is : 0.0008282833150609014
weight is : 0.0005873281688613664
weight is : 0.00807802127633941
weight is : 0.010451429466404828
weight is : 0.006144356228088141
weight is : 0.00014457308771972097
weight is : 0.00012047757309976748
weight is : 0.00012047757309976748
weight is : 0.0007349131959085816
weight is : 0.0008282833150609014
weight is : 0.0005873281688613664
weight is : 0.00807802127633941
weight is : 0.010451429466404828
weight is : 0.006144356228088141
weight is : 0.0075449080153729385
weight is : 0.00014457308771972097
weight is : 0.00012047757309976748
weight is : 0.00012047757309976748
weight is : 0.00013252533040974422
weight is : 0.0007349131959085816
weight is : 0.0008282833150609014
weight is : 0.0005873281688613664
weight is : 0.00807802127633941
weight is : 0.006144356228088141
weight is : 0.0075449080153729385
weight is : 0.00012047757309976748
weight is : 0.00012047757309976748
weight is : 0.00012047757309976748
weight is : 0.00026806260014698263
weight is : 0.0007349131959085816
weight is : 0.0008282833150609014
weight is : 0.0005873281688613664
weight is : 0.00807802127633941
weight is : 0.006144356228088141
weight is : 0.0075449080153729385
weight is : 0.00014457308771972097
weight is : 0.00012047757309976748
weight is : 0.00012047757309976748
weight is : 0.0002831222967844536
weight is : 0.0007349131959085816
weight is : 0.0008282833150609014
weight is : 0.0005873281688613664
weight is : 0.00807802127633941
weight is : 0.006144356228088141
weight is : 0.0075449080153729385
weight is : 0.00014457308771972097
weight is : 0.00012047757309976748
weight is : 0.00012047757309976748
weight is : 0.00017469248099466286
weight is : 0.0007349131959085816
weight is : 0.0008282833150609014
weight is : 0.0005873281688613664
weight is : 0.00807802127633941
weight is : 0.006144356228088141
weight is : 0.0075449080153729385
weight is : 0.00014457308771972097
weight is : 0.00012047757309976748
weight is : 0.00012047757309976748
weight is : 0.0007349131959085816
weight is : 0.0008282833150609014
weight is : 0.0005873281688613664
weight is : 0.00807802127633941
weight is : 0.010451429466404828
weight is : 0.006144356228088141
weight is : 0.0075449080153729385
weight is : 0.00014457308771972097
weight is : 0.00012047757309976748
weight is : 0.00012047757309976748
weight is : 0.0007349131959085816
weight is : 0.0008282833150609014
weight is : 0.0005873281688613664
weight is : 0.00807802127633941
weight is : 0.010451429466404828
weight is : 0.006144356228088141
weight is : 0.0075449080153729385
weight is : 0.00014457308771972097
weight is : 0.00012047757309976748
weight is : 0.00028613423611194776
weight is : 0.0007349131959085816
weight is : 0.0008282833150609014
weight is : 0.0005873281688613664
weight is : 0.00807802127633941
weight is : 0.010451429466404828
weight is : 0.006144356228088141
weight is : 0.0075449080153729385
weight is : 0.00014457308771972097
weight is : 0.00012047757309976748
weight is : 0.0002499909641820175
weight is : 0.0007349131959085816
weight is : 0.0008282833150609014
weight is : 0.0005873281688613664
weight is : 0.00807802127633941
weight is : 0.010451429466404828
weight is : 0.006144356228088141
weight is : 0.0075449080153729385
weight is : 0.00014457308771972097
weight is : 0.00017469248099466286
weight is : 0.0006566027733937328
weight is : 0.0007349131959085816
weight is : 0.0008282833150609014
weight is : 0.0005873281688613664
weight is : 0.00807802127633941
weight is : 0.010451429466404828
weight is : 0.006144356228088141
weight is : 0.0075449080153729385
weight is : 0.00014457308771972097
weight is : 0.00012047757309976748
weight is : 0.0007349131959085816
weight is : 0.0008282833150609014
weight is : 0.0005873281688613664
weight is : 0.00807802127633941
weight is : 0.006117248774140694
weight is : 0.010451429466404828
weight is : 0.006144356228088141
weight is : 0.0075449080153729385
weight is : 0.00014457308771972097
weight is : 0.00012047757309976748
weight is : 0.0007349131959085816
weight is : 0.0008282833150609014
weight is : 0.0005873281688613664
weight is : 0.00807802127633941
weight is : 0.006117248774140694
weight is : 0.010451429466404828
weight is : 0.006144356228088141
weight is : 0.0075449080153729385
weight is : 0.00012047757309976748
weight is : 0.00012047757309976748
weight is : 0.0007349131959085816
weight is : 0.0008282833150609014
weight is : 0.0005873281688613664
weight is : 0.00807802127633941
weight is : 0.006117248774140694
weight is : 0.010451429466404828
weight is : 0.006144356228088141
weight is : 0.0075449080153729385
weight is : 0.00012047757309976748
weight is : 0.00018975217763213378
weight is : 0.0007349131959085816
weight is : 0.0008282833150609014
weight is : 0.0005873281688613664
weight is : 0.00807802127633941
weight is : 0.006117248774140694
weight is : 0.010451429466404828
weight is : 0.006144356228088141
weight is : 0.0075449080153729385
weight is : 0.00012047757309976748
weight is : 0.00012047757309976748
weight is : 0.0007349131959085816
weight is : 0.0008282833150609014
weight is : 0.0005873281688613664
weight is : 0.00807802127633941
weight is : 0.006117248774140694
weight is : 0.010451429466404828
weight is : 0.006144356228088141
weight is : 0.0075449080153729385
weight is : 0.00012047757309976748
weight is : 0.00012047757309976748
weight is : 0.0007349131959085816
weight is : 0.0008282833150609014
weight is : 0.0005873281688613664
weight is : 0.00807802127633941
weight is : 0.006117248774140694
weight is : 0.010451429466404828
weight is : 0.006144356228088141
weight is : 0.0075449080153729385
weight is : 0.00012047757309976748
weight is : 0.0003283013866968664
weight is : 0.0007349131959085816
weight is : 0.0008282833150609014
weight is : 0.0005873281688613664
weight is : 0.00807802127633941
weight is : 0.006117248774140694
weight is : 0.010451429466404828
weight is : 0.006144356228088141
weight is : 0.0075449080153729385
weight is : 0.00012047757309976748
weight is : 0.0003283013866968664
weight is : 0.0007349131959085816
weight is : 0.0008282833150609014
weight is : 0.0005873281688613664
weight is : 0.00807802127633941
weight is : 0.006117248774140694
weight is : 0.010451429466404828
weight is : 0.006144356228088141
weight is : 0.0075449080153729385
weight is : 0.00012047757309976748
weight is : 0.0007349131959085816
weight is : 0.0008282833150609014
weight is : 0.0005873281688613664
weight is : 0.00807802127633941
weight is : 0.006117248774140694
weight is : 0.008291868968591496
weight is : 0.010451429466404828
weight is : 0.006144356228088141
weight is : 0.0075449080153729385

-------------Round number: 35-------------

Evaluate global model
Averaged Train Loss: 7.2196
Averaged Test Accurancy: 0.1199
Averaged Test AUC: 0.7573
Std Test Accurancy: 0.0598
Std Test AUC: 0.1336
------------------------- Round is  35 ------------------------- time cost ------------------------- 111.55186080932617
------------------------- Budget is : [9.375771760940552, 10.550357341766357, 12.262812376022339, 13.546142101287842, 15.182296514511108, 16.806487798690796, 18.74679684638977, 20.908663749694824, 23.411128520965576, 24.75996470451355, 27.2163143157959, 29.041458129882812, 31.15059542655945, 33.15936589241028, 33.87404656410217, 34.89423990249634, 37.679078578948975, 40.343401193618774, 43.663177728652954, 46.94964599609375, 49.394606590270996, 53.60710167884827, 58.57841348648071, 60.06299114227295, 64.37637853622437, 67.99968600273132, 70.97006058692932, 75.8372049331665, 82.43517541885376, 79.31160235404968, 81.72225975990295, 91.65545845031738, 95.54098796844482, 101.05298399925232, 104.40005421638489, 111.55186080932617]
>> similarity:   0%|                                  | 0/10000 [00:00<?, ?it/s]>> similarity:   6%|█▍                    | 648/10000 [00:00<00:01, 6476.72it/s]>> similarity:  13%|██▊                  | 1318/10000 [00:00<00:01, 6605.02it/s]>> similarity:  20%|████▏                | 1980/10000 [00:00<00:01, 6608.77it/s]>> similarity:  26%|█████▌               | 2641/10000 [00:00<00:01, 6548.03it/s]>> similarity:  33%|██████▉              | 3296/10000 [00:00<00:01, 6240.31it/s]>> similarity:  40%|████████▎            | 3963/10000 [00:00<00:00, 6379.25it/s]>> similarity:  46%|█████████▋           | 4622/10000 [00:00<00:00, 6443.72it/s]>> similarity:  53%|███████████          | 5275/10000 [00:00<00:00, 6469.91it/s]>> similarity:  59%|████████████▍        | 5924/10000 [00:00<00:00, 6409.78it/s]>> similarity:  66%|█████████████▊       | 6574/10000 [00:01<00:00, 6434.28it/s]>> similarity:  72%|███████████████▏     | 7240/10000 [00:01<00:00, 6502.06it/s]>> similarity:  79%|████████████████▌    | 7903/10000 [00:01<00:00, 6540.14it/s]>> similarity:  86%|█████████████████▉   | 8558/10000 [00:01<00:00, 6534.87it/s]>> similarity:  92%|███████████████████▎ | 9221/10000 [00:01<00:00, 6561.70it/s]>> similarity:  99%|████████████████████▊| 9886/10000 [00:01<00:00, 6587.29it/s]>> similarity: 100%|████████████████████| 10000/10000 [00:01<00:00, 6501.91it/s]
round is 36 select id is : [99, 40, 74, 76, 78, 80, 85, 86, 87, 88]
self.cost_time is : 875.9900000000002 ids is  [99, 40, 74, 76, 78, 80, 85, 86, 87, 88]
select client num is : 370 self.samples is : 60000
weight is : 0.00013778453942647184
weight is : 0.00011482044952205988
weight is : 0.00011482044952205988
weight is : 0.0007635559893216982
weight is : 0.00025547550018658325
weight is : 0.0003071447024715102
weight is : 0.00011482044952205988
weight is : 0.0007893905904641617
weight is : 0.0005597496914200419
weight is : 0.009960673996038694
weight is : 0.00011482044952205988
weight is : 0.00013778453942647184
weight is : 0.00011482044952205988
weight is : 0.00011482044952205988
weight is : 0.0007635559893216982
weight is : 0.00025547550018658325
weight is : 0.0003071447024715102
weight is : 0.0007893905904641617
weight is : 0.0005597496914200419
weight is : 0.009960673996038694
weight is : 0.00013778453942647184
weight is : 0.00011482044952205988
weight is : 0.00011482044952205988
weight is : 0.0007635559893216982
weight is : 0.00022102936532996525
weight is : 0.00025547550018658325
weight is : 0.0003071447024715102
weight is : 0.0007893905904641617
weight is : 0.0005597496914200419
weight is : 0.009960673996038694
weight is : 0.00013778453942647184
weight is : 0.00011482044952205988
weight is : 0.00011482044952205988
weight is : 0.0007635559893216982
weight is : 0.00022102936532996525
weight is : 0.0003071447024715102
weight is : 0.00021528834285386227
weight is : 0.0007893905904641617
weight is : 0.0005597496914200419
weight is : 0.009960673996038694
weight is : 0.00011482044952205988
weight is : 0.00011482044952205988
weight is : 0.0007635559893216982
weight is : 0.00022102936532996525
weight is : 0.00011482044952205988
weight is : 0.00025547550018658325
weight is : 0.0003071447024715102
weight is : 0.0007893905904641617
weight is : 0.0005597496914200419
weight is : 0.009960673996038694
weight is : 0.00011482044952205988
weight is : 0.00011482044952205988
weight is : 0.0007635559893216982
weight is : 0.00011482044952205988
weight is : 0.0003071447024715102
weight is : 0.00011482044952205988
weight is : 0.0007893905904641617
weight is : 0.0005597496914200419
weight is : 0.009960673996038694
weight is : 0.005855842925625054
weight is : 0.00011482044952205988
weight is : 0.00011482044952205988
weight is : 0.0007635559893216982
weight is : 0.00011482044952205988
weight is : 0.00025547550018658325
weight is : 0.0003071447024715102
weight is : 0.0007893905904641617
weight is : 0.0005597496914200419
weight is : 0.009960673996038694
weight is : 0.005855842925625054
weight is : 0.00011482044952205988
weight is : 0.00011482044952205988
weight is : 0.0007635559893216982
weight is : 0.00011482044952205988
weight is : 0.00025547550018658325
weight is : 0.0003071447024715102
weight is : 0.0007893905904641617
weight is : 0.0005597496914200419
weight is : 0.009960673996038694
weight is : 0.005855842925625054
weight is : 0.00011482044952205988
weight is : 0.00011482044952205988
weight is : 0.0007635559893216982
weight is : 0.00011482044952205988
weight is : 0.0003071447024715102
weight is : 0.00011482044952205988
weight is : 0.0007893905904641617
weight is : 0.0005597496914200419
weight is : 0.009960673996038694
weight is : 0.005855842925625054
weight is : 0.00011482044952205988
weight is : 0.0007635559893216982
weight is : 0.00011482044952205988
weight is : 0.00025547550018658325
weight is : 0.0003071447024715102
weight is : 0.0002640870339007377
weight is : 0.0007893905904641617
weight is : 0.0005597496914200419
weight is : 0.009960673996038694
weight is : 0.005855842925625054
weight is : 0.00011482044952205988
weight is : 0.00011482044952205988
weight is : 0.0007635559893216982
weight is : 0.00025547550018658325
weight is : 0.00011482044952205988
weight is : 0.0003071447024715102
weight is : 0.0007893905904641617
weight is : 0.0005597496914200419
weight is : 0.009960673996038694
weight is : 0.005855842925625054
weight is : 0.00011482044952205988
weight is : 0.00011482044952205988
weight is : 0.0007635559893216982
weight is : 0.00025547550018658325
weight is : 0.0003071447024715102
weight is : 0.0007004047420845653
weight is : 0.0007893905904641617
weight is : 0.0005597496914200419
weight is : 0.009960673996038694
weight is : 0.005855842925625054
weight is : 0.00011482044952205988
weight is : 0.00013778453942647184
weight is : 0.00011482044952205988
weight is : 0.0007635559893216982
weight is : 0.00011482044952205988
weight is : 0.0007004047420845653
weight is : 0.0007893905904641617
weight is : 0.0005597496914200419
weight is : 0.009960673996038694
weight is : 0.005855842925625054
weight is : 0.00013778453942647184
weight is : 0.00011482044952205988
weight is : 0.0007635559893216982
weight is : 0.00011482044952205988
weight is : 0.0004707638430404455
weight is : 0.0007004047420845653
weight is : 0.0007893905904641617
weight is : 0.0005597496914200419
weight is : 0.009960673996038694
weight is : 0.005855842925625054
weight is : 0.00013778453942647184
weight is : 0.00011482044952205988
weight is : 0.00011482044952205988
weight is : 0.0007635559893216982
weight is : 0.0007004047420845653
weight is : 0.0007893905904641617
weight is : 0.0005597496914200419
weight is : 0.0006114188937049688
weight is : 0.009960673996038694
weight is : 0.005855842925625054
weight is : 0.00011482044952205988
weight is : 0.0007635559893216982
weight is : 0.00011482044952205988
weight is : 0.00025547550018658325
weight is : 0.00023538192152022276
weight is : 0.0007004047420845653
weight is : 0.0007893905904641617
weight is : 0.0005597496914200419
weight is : 0.009960673996038694
weight is : 0.005855842925625054
weight is : 0.00013778453942647184
weight is : 0.00011482044952205988
weight is : 0.0007635559893216982
weight is : 0.00011482044952205988
weight is : 0.0007004047420845653
weight is : 0.0007893905904641617
weight is : 0.0005597496914200419
weight is : 0.007698711140454115
weight is : 0.009960673996038694
weight is : 0.005855842925625054
weight is : 0.00013778453942647184
weight is : 0.00011482044952205988
weight is : 0.00011482044952205988
weight is : 0.0007004047420845653
weight is : 0.0007893905904641617
weight is : 0.0005597496914200419
weight is : 0.007698711140454115
weight is : 0.009960673996038694
weight is : 0.005855842925625054
weight is : 0.0071906306513189995
weight is : 0.00013778453942647184
weight is : 0.00011482044952205988
weight is : 0.00011482044952205988
weight is : 0.00012630249447426588
weight is : 0.0007004047420845653
weight is : 0.0007893905904641617
weight is : 0.0005597496914200419
weight is : 0.007698711140454115
weight is : 0.005855842925625054
weight is : 0.0071906306513189995
weight is : 0.00011482044952205988
weight is : 0.00011482044952205988
weight is : 0.00011482044952205988
weight is : 0.00025547550018658325
weight is : 0.0007004047420845653
weight is : 0.0007893905904641617
weight is : 0.0005597496914200419
weight is : 0.007698711140454115
weight is : 0.005855842925625054
weight is : 0.0071906306513189995
weight is : 0.00013778453942647184
weight is : 0.00011482044952205988
weight is : 0.00011482044952205988
weight is : 0.0002698280563768407
weight is : 0.0007004047420845653
weight is : 0.0007893905904641617
weight is : 0.0005597496914200419
weight is : 0.007698711140454115
weight is : 0.005855842925625054
weight is : 0.0071906306513189995
weight is : 0.00013778453942647184
weight is : 0.00011482044952205988
weight is : 0.00011482044952205988
weight is : 0.00016648965180698683
weight is : 0.0007004047420845653
weight is : 0.0007893905904641617
weight is : 0.0005597496914200419
weight is : 0.007698711140454115
weight is : 0.005855842925625054
weight is : 0.0071906306513189995
weight is : 0.00013778453942647184
weight is : 0.00011482044952205988
weight is : 0.00011482044952205988
weight is : 0.0007004047420845653
weight is : 0.0007893905904641617
weight is : 0.0005597496914200419
weight is : 0.007698711140454115
weight is : 0.009960673996038694
weight is : 0.005855842925625054
weight is : 0.0071906306513189995
weight is : 0.00013778453942647184
weight is : 0.00011482044952205988
weight is : 0.00011482044952205988
weight is : 0.0007004047420845653
weight is : 0.0007893905904641617
weight is : 0.0005597496914200419
weight is : 0.007698711140454115
weight is : 0.009960673996038694
weight is : 0.005855842925625054
weight is : 0.0071906306513189995
weight is : 0.00013778453942647184
weight is : 0.00011482044952205988
weight is : 0.0002726985676148922
weight is : 0.0007004047420845653
weight is : 0.0007893905904641617
weight is : 0.0005597496914200419
weight is : 0.007698711140454115
weight is : 0.009960673996038694
weight is : 0.005855842925625054
weight is : 0.0071906306513189995
weight is : 0.00013778453942647184
weight is : 0.00011482044952205988
weight is : 0.00023825243275827425
weight is : 0.0007004047420845653
weight is : 0.0007893905904641617
weight is : 0.0005597496914200419
weight is : 0.007698711140454115
weight is : 0.009960673996038694
weight is : 0.005855842925625054
weight is : 0.0071906306513189995
weight is : 0.00013778453942647184
weight is : 0.00016648965180698683
weight is : 0.0006257714498952263
weight is : 0.0007004047420845653
weight is : 0.0007893905904641617
weight is : 0.0005597496914200419
weight is : 0.007698711140454115
weight is : 0.009960673996038694
weight is : 0.005855842925625054
weight is : 0.0071906306513189995
weight is : 0.00013778453942647184
weight is : 0.00011482044952205988
weight is : 0.0007004047420845653
weight is : 0.0007893905904641617
weight is : 0.0005597496914200419
weight is : 0.007698711140454115
weight is : 0.00583000832448259
weight is : 0.009960673996038694
weight is : 0.005855842925625054
weight is : 0.0071906306513189995
weight is : 0.00013778453942647184
weight is : 0.00011482044952205988
weight is : 0.0007004047420845653
weight is : 0.0007893905904641617
weight is : 0.0005597496914200419
weight is : 0.007698711140454115
weight is : 0.00583000832448259
weight is : 0.009960673996038694
weight is : 0.005855842925625054
weight is : 0.0071906306513189995
weight is : 0.00011482044952205988
weight is : 0.00011482044952205988
weight is : 0.0007004047420845653
weight is : 0.0007893905904641617
weight is : 0.0005597496914200419
weight is : 0.007698711140454115
weight is : 0.00583000832448259
weight is : 0.009960673996038694
weight is : 0.005855842925625054
weight is : 0.0071906306513189995
weight is : 0.00011482044952205988
weight is : 0.0001808422079972443
weight is : 0.0007004047420845653
weight is : 0.0007893905904641617
weight is : 0.0005597496914200419
weight is : 0.007698711140454115
weight is : 0.00583000832448259
weight is : 0.009960673996038694
weight is : 0.005855842925625054
weight is : 0.0071906306513189995
weight is : 0.00011482044952205988
weight is : 0.00011482044952205988
weight is : 0.0007004047420845653
weight is : 0.0007893905904641617
weight is : 0.0005597496914200419
weight is : 0.007698711140454115
weight is : 0.00583000832448259
weight is : 0.009960673996038694
weight is : 0.005855842925625054
weight is : 0.0071906306513189995
weight is : 0.00011482044952205988
weight is : 0.00011482044952205988
weight is : 0.0007004047420845653
weight is : 0.0007893905904641617
weight is : 0.0005597496914200419
weight is : 0.007698711140454115
weight is : 0.00583000832448259
weight is : 0.009960673996038694
weight is : 0.005855842925625054
weight is : 0.0071906306513189995
weight is : 0.00011482044952205988
weight is : 0.00031288572494761317
weight is : 0.0007004047420845653
weight is : 0.0007893905904641617
weight is : 0.0005597496914200419
weight is : 0.007698711140454115
weight is : 0.00583000832448259
weight is : 0.009960673996038694
weight is : 0.005855842925625054
weight is : 0.0071906306513189995
weight is : 0.00011482044952205988
weight is : 0.00031288572494761317
weight is : 0.0007004047420845653
weight is : 0.0007893905904641617
weight is : 0.0005597496914200419
weight is : 0.007698711140454115
weight is : 0.00583000832448259
weight is : 0.009960673996038694
weight is : 0.005855842925625054
weight is : 0.0071906306513189995
weight is : 0.00011482044952205988
weight is : 0.0007004047420845653
weight is : 0.0007893905904641617
weight is : 0.0005597496914200419
weight is : 0.007698711140454115
weight is : 0.00583000832448259
weight is : 0.007902517438355771
weight is : 0.009960673996038694
weight is : 0.005855842925625054
weight is : 0.0071906306513189995
weight is : 0.00046789333180239403
weight is : 0.0007004047420845653
weight is : 0.0007893905904641617
weight is : 0.0005597496914200419
weight is : 0.007698711140454115
weight is : 0.00583000832448259
weight is : 0.007902517438355771
weight is : 0.009960673996038694
weight is : 0.005855842925625054
weight is : 0.0071906306513189995

-------------Round number: 36-------------

Evaluate global model
Averaged Train Loss: 7.2260
Averaged Test Accurancy: 0.1204
Averaged Test AUC: 0.7580
Std Test Accurancy: 0.0599
Std Test AUC: 0.1311
------------------------- Round is  36 ------------------------- time cost ------------------------- 114.69361567497253
------------------------- Budget is : [9.375771760940552, 10.550357341766357, 12.262812376022339, 13.546142101287842, 15.182296514511108, 16.806487798690796, 18.74679684638977, 20.908663749694824, 23.411128520965576, 24.75996470451355, 27.2163143157959, 29.041458129882812, 31.15059542655945, 33.15936589241028, 33.87404656410217, 34.89423990249634, 37.679078578948975, 40.343401193618774, 43.663177728652954, 46.94964599609375, 49.394606590270996, 53.60710167884827, 58.57841348648071, 60.06299114227295, 64.37637853622437, 67.99968600273132, 70.97006058692932, 75.8372049331665, 82.43517541885376, 79.31160235404968, 81.72225975990295, 91.65545845031738, 95.54098796844482, 101.05298399925232, 104.40005421638489, 111.55186080932617, 114.69361567497253]
>> similarity:   0%|                                  | 0/10000 [00:00<?, ?it/s]>> similarity:   7%|█▍                    | 664/10000 [00:00<00:01, 6632.62it/s]>> similarity:  13%|██▊                  | 1328/10000 [00:00<00:01, 6622.39it/s]>> similarity:  20%|████▏                | 1991/10000 [00:00<00:01, 6616.60it/s]>> similarity:  27%|█████▌               | 2653/10000 [00:00<00:01, 6589.43it/s]>> similarity:  33%|██████▉              | 3323/10000 [00:00<00:01, 6628.27it/s]>> similarity:  40%|████████▍            | 3993/10000 [00:00<00:00, 6651.96it/s]>> similarity:  47%|█████████▊           | 4659/10000 [00:00<00:00, 6626.71it/s]>> similarity:  53%|███████████▏         | 5322/10000 [00:00<00:00, 6615.79it/s]>> similarity:  60%|████████████▌        | 5992/10000 [00:00<00:00, 6641.34it/s]>> similarity:  67%|█████████████▉       | 6661/10000 [00:01<00:00, 6654.49it/s]>> similarity:  73%|███████████████▍     | 7329/10000 [00:01<00:00, 6659.34it/s]>> similarity:  80%|████████████████▊    | 7999/10000 [00:01<00:00, 6670.72it/s]>> similarity:  87%|██████████████████▏  | 8667/10000 [00:01<00:00, 6635.87it/s]>> similarity:  93%|███████████████████▌ | 9334/10000 [00:01<00:00, 6645.69it/s]>> similarity: 100%|████████████████████▉| 9999/10000 [00:01<00:00, 6638.31it/s]>> similarity: 100%|████████████████████| 10000/10000 [00:01<00:00, 6636.55it/s]
round is 37 select id is : [34, 99, 74, 76, 78, 80, 85, 86, 87, 88]
self.cost_time is : 897.4500000000003 ids is  [34, 99, 74, 76, 78, 80, 85, 86, 87, 88]
select client num is : 380 self.samples is : 60000
weight is : 0.00013161141729044995
weight is : 0.00010967618107537496
weight is : 0.00010967618107537496
weight is : 0.0007293466041512434
weight is : 0.00024402950289270926
weight is : 0.00029338378437662803
weight is : 0.00010967618107537496
weight is : 0.0007540237448932028
weight is : 0.0005346713827424529
weight is : 0.009514408708288777
weight is : 0.00010967618107537496
weight is : 0.00013161141729044995
weight is : 0.00010967618107537496
weight is : 0.00010967618107537496
weight is : 0.0007293466041512434
weight is : 0.00024402950289270926
weight is : 0.00029338378437662803
weight is : 0.0007540237448932028
weight is : 0.0005346713827424529
weight is : 0.009514408708288777
weight is : 0.00013161141729044995
weight is : 0.00010967618107537496
weight is : 0.00010967618107537496
weight is : 0.0007293466041512434
weight is : 0.00021112664857009678
weight is : 0.00024402950289270926
weight is : 0.00029338378437662803
weight is : 0.0007540237448932028
weight is : 0.0005346713827424529
weight is : 0.009514408708288777
weight is : 0.00013161141729044995
weight is : 0.00010967618107537496
weight is : 0.00010967618107537496
weight is : 0.0007293466041512434
weight is : 0.00021112664857009678
weight is : 0.00029338378437662803
weight is : 0.00020564283951632803
weight is : 0.0007540237448932028
weight is : 0.0005346713827424529
weight is : 0.009514408708288777
weight is : 0.00010967618107537496
weight is : 0.00010967618107537496
weight is : 0.0007293466041512434
weight is : 0.00021112664857009678
weight is : 0.00010967618107537496
weight is : 0.00024402950289270926
weight is : 0.00029338378437662803
weight is : 0.0007540237448932028
weight is : 0.0005346713827424529
weight is : 0.009514408708288777
weight is : 0.00010967618107537496
weight is : 0.00010967618107537496
weight is : 0.0007293466041512434
weight is : 0.00010967618107537496
weight is : 0.00029338378437662803
weight is : 0.00010967618107537496
weight is : 0.0007540237448932028
weight is : 0.0005346713827424529
weight is : 0.009514408708288777
weight is : 0.005593485234844123
weight is : 0.00010967618107537496
weight is : 0.00010967618107537496
weight is : 0.0007293466041512434
weight is : 0.00010967618107537496
weight is : 0.00024402950289270926
weight is : 0.00029338378437662803
weight is : 0.0007540237448932028
weight is : 0.0005346713827424529
weight is : 0.009514408708288777
weight is : 0.005593485234844123
weight is : 0.00010967618107537496
weight is : 0.00010967618107537496
weight is : 0.0007293466041512434
weight is : 0.00010967618107537496
weight is : 0.00024402950289270926
weight is : 0.00029338378437662803
weight is : 0.0007540237448932028
weight is : 0.0005346713827424529
weight is : 0.009514408708288777
weight is : 0.005593485234844123
weight is : 0.00010967618107537496
weight is : 0.00010967618107537496
weight is : 0.0007293466041512434
weight is : 0.00010967618107537496
weight is : 0.00029338378437662803
weight is : 0.00010967618107537496
weight is : 0.0007540237448932028
weight is : 0.0005346713827424529
weight is : 0.009514408708288777
weight is : 0.005593485234844123
weight is : 0.00010967618107537496
weight is : 0.0007293466041512434
weight is : 0.00010967618107537496
weight is : 0.00024402950289270926
weight is : 0.00029338378437662803
weight is : 0.0002522552164733624
weight is : 0.0007540237448932028
weight is : 0.0005346713827424529
weight is : 0.009514408708288777
weight is : 0.005593485234844123
weight is : 0.00010967618107537496
weight is : 0.00010967618107537496
weight is : 0.0007293466041512434
weight is : 0.00024402950289270926
weight is : 0.00010967618107537496
weight is : 0.00029338378437662803
weight is : 0.0007540237448932028
weight is : 0.0005346713827424529
weight is : 0.009514408708288777
weight is : 0.005593485234844123
weight is : 0.00010967618107537496
weight is : 0.00010967618107537496
weight is : 0.0007293466041512434
weight is : 0.00024402950289270926
weight is : 0.00029338378437662803
weight is : 0.0006690247045597872
weight is : 0.0007540237448932028
weight is : 0.0005346713827424529
weight is : 0.009514408708288777
weight is : 0.005593485234844123
weight is : 0.00010967618107537496
weight is : 0.00013161141729044995
weight is : 0.00010967618107537496
weight is : 0.0007293466041512434
weight is : 0.00010967618107537496
weight is : 0.0006690247045597872
weight is : 0.0007540237448932028
weight is : 0.0005346713827424529
weight is : 0.009514408708288777
weight is : 0.005593485234844123
weight is : 0.00013161141729044995
weight is : 0.00010967618107537496
weight is : 0.0007293466041512434
weight is : 0.00010967618107537496
weight is : 0.0004496723424090373
weight is : 0.0006690247045597872
weight is : 0.0007540237448932028
weight is : 0.0005346713827424529
weight is : 0.009514408708288777
weight is : 0.005593485234844123
weight is : 0.00013161141729044995
weight is : 0.00010967618107537496
weight is : 0.00010967618107537496
weight is : 0.0007293466041512434
weight is : 0.0006690247045597872
weight is : 0.0007540237448932028
weight is : 0.0005346713827424529
weight is : 0.0005840256642263717
weight is : 0.009514408708288777
weight is : 0.005593485234844123
weight is : 0.00010967618107537496
weight is : 0.0007293466041512434
weight is : 0.00010967618107537496
weight is : 0.00024402950289270926
weight is : 0.00022483617120451865
weight is : 0.0006690247045597872
weight is : 0.0007540237448932028
weight is : 0.0005346713827424529
weight is : 0.009514408708288777
weight is : 0.005593485234844123
weight is : 0.00013161141729044995
weight is : 0.00010967618107537496
weight is : 0.0007293466041512434
weight is : 0.00010967618107537496
weight is : 0.0006690247045597872
weight is : 0.0007540237448932028
weight is : 0.0005346713827424529
weight is : 0.007353787941103891
weight is : 0.009514408708288777
weight is : 0.005593485234844123
weight is : 0.00013161141729044995
weight is : 0.00010967618107537496
weight is : 0.00010967618107537496
weight is : 0.0006690247045597872
weight is : 0.0007540237448932028
weight is : 0.0005346713827424529
weight is : 0.007353787941103891
weight is : 0.009514408708288777
weight is : 0.005593485234844123
weight is : 0.006868470839845356
weight is : 0.00013161141729044995
weight is : 0.00010967618107537496
weight is : 0.00010967618107537496
weight is : 0.00012064379918291245
weight is : 0.0006690247045597872
weight is : 0.0007540237448932028
weight is : 0.0005346713827424529
weight is : 0.007353787941103891
weight is : 0.005593485234844123
weight is : 0.006868470839845356
weight is : 0.00010967618107537496
weight is : 0.00010967618107537496
weight is : 0.00010967618107537496
weight is : 0.00024402950289270926
weight is : 0.0006690247045597872
weight is : 0.0007540237448932028
weight is : 0.0005346713827424529
weight is : 0.007353787941103891
weight is : 0.005593485234844123
weight is : 0.006868470839845356
weight is : 0.00013161141729044995
weight is : 0.00010967618107537496
weight is : 0.00010967618107537496
weight is : 0.00025773902552713113
weight is : 0.0006690247045597872
weight is : 0.0007540237448932028
weight is : 0.0005346713827424529
weight is : 0.007353787941103891
weight is : 0.005593485234844123
weight is : 0.006868470839845356
weight is : 0.00013161141729044995
weight is : 0.00010967618107537496
weight is : 0.00010967618107537496
weight is : 0.00015903046255929368
weight is : 0.0006690247045597872
weight is : 0.0007540237448932028
weight is : 0.0005346713827424529
weight is : 0.007353787941103891
weight is : 0.005593485234844123
weight is : 0.006868470839845356
weight is : 0.00013161141729044995
weight is : 0.00010967618107537496
weight is : 0.00010967618107537496
weight is : 0.0006690247045597872
weight is : 0.0007540237448932028
weight is : 0.0005346713827424529
weight is : 0.007353787941103891
weight is : 0.009514408708288777
weight is : 0.005593485234844123
weight is : 0.006868470839845356
weight is : 0.00013161141729044995
weight is : 0.00010967618107537496
weight is : 0.00010967618107537496
weight is : 0.0006690247045597872
weight is : 0.0007540237448932028
weight is : 0.0005346713827424529
weight is : 0.007353787941103891
weight is : 0.009514408708288777
weight is : 0.005593485234844123
weight is : 0.006868470839845356
weight is : 0.00013161141729044995
weight is : 0.00010967618107537496
weight is : 0.0002604809300540155
weight is : 0.0006690247045597872
weight is : 0.0007540237448932028
weight is : 0.0005346713827424529
weight is : 0.007353787941103891
weight is : 0.009514408708288777
weight is : 0.005593485234844123
weight is : 0.006868470839845356
weight is : 0.00013161141729044995
weight is : 0.00010967618107537496
weight is : 0.00022757807573140304
weight is : 0.0006690247045597872
weight is : 0.0007540237448932028
weight is : 0.0005346713827424529
weight is : 0.007353787941103891
weight is : 0.009514408708288777
weight is : 0.005593485234844123
weight is : 0.006868470839845356
weight is : 0.00013161141729044995
weight is : 0.00015903046255929368
weight is : 0.0005977351868607935
weight is : 0.0006690247045597872
weight is : 0.0007540237448932028
weight is : 0.0005346713827424529
weight is : 0.007353787941103891
weight is : 0.009514408708288777
weight is : 0.005593485234844123
weight is : 0.006868470839845356
weight is : 0.00013161141729044995
weight is : 0.00010967618107537496
weight is : 0.0006690247045597872
weight is : 0.0007540237448932028
weight is : 0.0005346713827424529
weight is : 0.007353787941103891
weight is : 0.005568808094102163
weight is : 0.009514408708288777
weight is : 0.005593485234844123
weight is : 0.006868470839845356
weight is : 0.00013161141729044995
weight is : 0.00010967618107537496
weight is : 0.0006690247045597872
weight is : 0.0007540237448932028
weight is : 0.0005346713827424529
weight is : 0.007353787941103891
weight is : 0.005568808094102163
weight is : 0.009514408708288777
weight is : 0.005593485234844123
weight is : 0.006868470839845356
weight is : 0.00010967618107537496
weight is : 0.00010967618107537496
weight is : 0.0006690247045597872
weight is : 0.0007540237448932028
weight is : 0.0005346713827424529
weight is : 0.007353787941103891
weight is : 0.005568808094102163
weight is : 0.009514408708288777
weight is : 0.005593485234844123
weight is : 0.006868470839845356
weight is : 0.00010967618107537496
weight is : 0.00017273998519371555
weight is : 0.0006690247045597872
weight is : 0.0007540237448932028
weight is : 0.0005346713827424529
weight is : 0.007353787941103891
weight is : 0.005568808094102163
weight is : 0.009514408708288777
weight is : 0.005593485234844123
weight is : 0.006868470839845356
weight is : 0.00010967618107537496
weight is : 0.00010967618107537496
weight is : 0.0006690247045597872
weight is : 0.0007540237448932028
weight is : 0.0005346713827424529
weight is : 0.007353787941103891
weight is : 0.005568808094102163
weight is : 0.009514408708288777
weight is : 0.005593485234844123
weight is : 0.006868470839845356
weight is : 0.00010967618107537496
weight is : 0.00010967618107537496
weight is : 0.0006690247045597872
weight is : 0.0007540237448932028
weight is : 0.0005346713827424529
weight is : 0.007353787941103891
weight is : 0.005568808094102163
weight is : 0.009514408708288777
weight is : 0.005593485234844123
weight is : 0.006868470839845356
weight is : 0.00010967618107537496
weight is : 0.00029886759343039675
weight is : 0.0006690247045597872
weight is : 0.0007540237448932028
weight is : 0.0005346713827424529
weight is : 0.007353787941103891
weight is : 0.005568808094102163
weight is : 0.009514408708288777
weight is : 0.005593485234844123
weight is : 0.006868470839845356
weight is : 0.00010967618107537496
weight is : 0.00029886759343039675
weight is : 0.0006690247045597872
weight is : 0.0007540237448932028
weight is : 0.0005346713827424529
weight is : 0.007353787941103891
weight is : 0.005568808094102163
weight is : 0.009514408708288777
weight is : 0.005593485234844123
weight is : 0.006868470839845356
weight is : 0.00010967618107537496
weight is : 0.0006690247045597872
weight is : 0.0007540237448932028
weight is : 0.0005346713827424529
weight is : 0.007353787941103891
weight is : 0.005568808094102163
weight is : 0.007548463162512681
weight is : 0.009514408708288777
weight is : 0.005593485234844123
weight is : 0.006868470839845356
weight is : 0.00044693043788215296
weight is : 0.0006690247045597872
weight is : 0.0007540237448932028
weight is : 0.0005346713827424529
weight is : 0.007353787941103891
weight is : 0.005568808094102163
weight is : 0.007548463162512681
weight is : 0.009514408708288777
weight is : 0.005593485234844123
weight is : 0.006868470839845356
weight is : 0.0003975761563982342
weight is : 0.0006690247045597872
weight is : 0.0007540237448932028
weight is : 0.0005346713827424529
weight is : 0.007353787941103891
weight is : 0.005568808094102163
weight is : 0.007548463162512681
weight is : 0.009514408708288777
weight is : 0.005593485234844123
weight is : 0.006868470839845356

-------------Round number: 37-------------

Evaluate global model
Averaged Train Loss: 7.2233
Averaged Test Accurancy: 0.1208
Averaged Test AUC: 0.7587
Std Test Accurancy: 0.0600
Std Test AUC: 0.1287
------------------------- Round is  37 ------------------------- time cost ------------------------- 119.85203003883362
------------------------- Budget is : [9.375771760940552, 10.550357341766357, 12.262812376022339, 13.546142101287842, 15.182296514511108, 16.806487798690796, 18.74679684638977, 20.908663749694824, 23.411128520965576, 24.75996470451355, 27.2163143157959, 29.041458129882812, 31.15059542655945, 33.15936589241028, 33.87404656410217, 34.89423990249634, 37.679078578948975, 40.343401193618774, 43.663177728652954, 46.94964599609375, 49.394606590270996, 53.60710167884827, 58.57841348648071, 60.06299114227295, 64.37637853622437, 67.99968600273132, 70.97006058692932, 75.8372049331665, 82.43517541885376, 79.31160235404968, 81.72225975990295, 91.65545845031738, 95.54098796844482, 101.05298399925232, 104.40005421638489, 111.55186080932617, 114.69361567497253, 119.85203003883362]
>> similarity:   0%|                                  | 0/10000 [00:00<?, ?it/s]>> similarity:   7%|█▍                    | 667/10000 [00:00<00:01, 6669.24it/s]>> similarity:  13%|██▊                  | 1334/10000 [00:00<00:01, 6636.51it/s]>> similarity:  20%|████▏                | 1998/10000 [00:00<00:01, 6569.03it/s]>> similarity:  27%|█████▌               | 2660/10000 [00:00<00:01, 6588.11it/s]>> similarity:  33%|██████▉              | 3328/10000 [00:00<00:01, 6617.52it/s]>> similarity:  40%|████████▍            | 3995/10000 [00:00<00:00, 6631.96it/s]>> similarity:  47%|█████████▊           | 4659/10000 [00:00<00:00, 6555.22it/s]>> similarity:  53%|███████████▏         | 5327/10000 [00:00<00:00, 6594.48it/s]>> similarity:  60%|████████████▌        | 5987/10000 [00:00<00:00, 6571.95it/s]>> similarity:  67%|█████████████▉       | 6657/10000 [00:01<00:00, 6609.75it/s]>> similarity:  73%|███████████████▎     | 7321/10000 [00:01<00:00, 6617.74it/s]>> similarity:  80%|████████████████▊    | 7983/10000 [00:01<00:00, 6592.46it/s]>> similarity:  86%|██████████████████▏  | 8649/10000 [00:01<00:00, 6610.16it/s]>> similarity:  93%|███████████████████▌ | 9311/10000 [00:01<00:00, 6595.41it/s]>> similarity: 100%|████████████████████▉| 9979/10000 [00:01<00:00, 6619.63it/s]>> similarity: 100%|████████████████████| 10000/10000 [00:01<00:00, 6603.77it/s]
round is 38 select id is : [99, 74, 76, 78, 80, 85, 86, 87, 88, 27]
self.cost_time is : 921.2100000000003 ids is  [99, 74, 76, 78, 80, 85, 86, 87, 88, 27]
select client num is : 390 self.samples is : 60000
weight is : 0.00012596044841919638
weight is : 0.00010496704034933031
weight is : 0.00010496704034933031
weight is : 0.0006980308183230466
weight is : 0.00023355166477725993
weight is : 0.0002807868329344586
weight is : 0.00010496704034933031
weight is : 0.0007216484024016458
weight is : 0.0005117143217029852
weight is : 0.009105890750304404
weight is : 0.00010496704034933031
weight is : 0.00012596044841919638
weight is : 0.00010496704034933031
weight is : 0.00010496704034933031
weight is : 0.0006980308183230466
weight is : 0.00023355166477725993
weight is : 0.0002807868329344586
weight is : 0.0007216484024016458
weight is : 0.0005117143217029852
weight is : 0.009105890750304404
weight is : 0.00012596044841919638
weight is : 0.00010496704034933031
weight is : 0.00010496704034933031
weight is : 0.0006980308183230466
weight is : 0.00020206155267246084
weight is : 0.00023355166477725993
weight is : 0.0002807868329344586
weight is : 0.0007216484024016458
weight is : 0.0005117143217029852
weight is : 0.009105890750304404
weight is : 0.00012596044841919638
weight is : 0.00010496704034933031
weight is : 0.00010496704034933031
weight is : 0.0006980308183230466
weight is : 0.00020206155267246084
weight is : 0.0002807868329344586
weight is : 0.00019681320065499433
weight is : 0.0007216484024016458
weight is : 0.0005117143217029852
weight is : 0.009105890750304404
weight is : 0.00010496704034933031
weight is : 0.00010496704034933031
weight is : 0.0006980308183230466
weight is : 0.00020206155267246084
weight is : 0.00010496704034933031
weight is : 0.00023355166477725993
weight is : 0.0002807868329344586
weight is : 0.0007216484024016458
weight is : 0.0005117143217029852
weight is : 0.009105890750304404
weight is : 0.00010496704034933031
weight is : 0.00010496704034933031
weight is : 0.0006980308183230466
weight is : 0.00010496704034933031
weight is : 0.0002807868329344586
weight is : 0.00010496704034933031
weight is : 0.0007216484024016458
weight is : 0.0005117143217029852
weight is : 0.009105890750304404
weight is : 0.0053533190578158455
weight is : 0.00010496704034933031
weight is : 0.00010496704034933031
weight is : 0.0006980308183230466
weight is : 0.00010496704034933031
weight is : 0.00023355166477725993
weight is : 0.0002807868329344586
weight is : 0.0007216484024016458
weight is : 0.0005117143217029852
weight is : 0.009105890750304404
weight is : 0.0053533190578158455
weight is : 0.00010496704034933031
weight is : 0.00010496704034933031
weight is : 0.0006980308183230466
weight is : 0.00010496704034933031
weight is : 0.00023355166477725993
weight is : 0.0002807868329344586
weight is : 0.0007216484024016458
weight is : 0.0005117143217029852
weight is : 0.009105890750304404
weight is : 0.0053533190578158455
weight is : 0.00010496704034933031
weight is : 0.00010496704034933031
weight is : 0.0006980308183230466
weight is : 0.00010496704034933031
weight is : 0.0002807868329344586
weight is : 0.00010496704034933031
weight is : 0.0007216484024016458
weight is : 0.0005117143217029852
weight is : 0.009105890750304404
weight is : 0.0053533190578158455
weight is : 0.00010496704034933031
weight is : 0.0006980308183230466
weight is : 0.00010496704034933031
weight is : 0.00023355166477725993
weight is : 0.0002807868329344586
weight is : 0.0002414241928034597
weight is : 0.0007216484024016458
weight is : 0.0005117143217029852
weight is : 0.009105890750304404
weight is : 0.0053533190578158455
weight is : 0.00010496704034933031
weight is : 0.00010496704034933031
weight is : 0.0006980308183230466
weight is : 0.00023355166477725993
weight is : 0.00010496704034933031
weight is : 0.0002807868329344586
weight is : 0.0007216484024016458
weight is : 0.0005117143217029852
weight is : 0.009105890750304404
weight is : 0.0053533190578158455
weight is : 0.00010496704034933031
weight is : 0.00010496704034933031
weight is : 0.0006980308183230466
weight is : 0.00023355166477725993
weight is : 0.0002807868329344586
weight is : 0.0006402989461309149
weight is : 0.0007216484024016458
weight is : 0.0005117143217029852
weight is : 0.009105890750304404
weight is : 0.0053533190578158455
weight is : 0.00010496704034933031
weight is : 0.00012596044841919638
weight is : 0.00010496704034933031
weight is : 0.0006980308183230466
weight is : 0.00010496704034933031
weight is : 0.0006402989461309149
weight is : 0.0007216484024016458
weight is : 0.0005117143217029852
weight is : 0.009105890750304404
weight is : 0.0053533190578158455
weight is : 0.00012596044841919638
weight is : 0.00010496704034933031
weight is : 0.0006980308183230466
weight is : 0.00010496704034933031
weight is : 0.00043036486543225426
weight is : 0.0006402989461309149
weight is : 0.0007216484024016458
weight is : 0.0005117143217029852
weight is : 0.009105890750304404
weight is : 0.0053533190578158455
weight is : 0.00012596044841919638
weight is : 0.00010496704034933031
weight is : 0.00010496704034933031
weight is : 0.0006980308183230466
weight is : 0.0006402989461309149
weight is : 0.0007216484024016458
weight is : 0.0005117143217029852
weight is : 0.0005589494898601839
weight is : 0.009105890750304404
weight is : 0.0053533190578158455
weight is : 0.00010496704034933031
weight is : 0.0006980308183230466
weight is : 0.00010496704034933031
weight is : 0.00023355166477725993
weight is : 0.00021518243271612713
weight is : 0.0006402989461309149
weight is : 0.0007216484024016458
weight is : 0.0005117143217029852
weight is : 0.009105890750304404
weight is : 0.0053533190578158455
weight is : 0.00012596044841919638
weight is : 0.00010496704034933031
weight is : 0.0006980308183230466
weight is : 0.00010496704034933031
weight is : 0.0006402989461309149
weight is : 0.0007216484024016458
weight is : 0.0005117143217029852
weight is : 0.007038040055422598
weight is : 0.009105890750304404
weight is : 0.0053533190578158455
weight is : 0.00012596044841919638
weight is : 0.00010496704034933031
weight is : 0.00010496704034933031
weight is : 0.0006402989461309149
weight is : 0.0007216484024016458
weight is : 0.0005117143217029852
weight is : 0.007038040055422598
weight is : 0.009105890750304404
weight is : 0.0053533190578158455
weight is : 0.006573560901876811
weight is : 0.00012596044841919638
weight is : 0.00010496704034933031
weight is : 0.00010496704034933031
weight is : 0.00011546374438426334
weight is : 0.0006402989461309149
weight is : 0.0007216484024016458
weight is : 0.0005117143217029852
weight is : 0.007038040055422598
weight is : 0.0053533190578158455
weight is : 0.006573560901876811
weight is : 0.00010496704034933031
weight is : 0.00010496704034933031
weight is : 0.00010496704034933031
weight is : 0.00023355166477725993
weight is : 0.0006402989461309149
weight is : 0.0007216484024016458
weight is : 0.0005117143217029852
weight is : 0.007038040055422598
weight is : 0.0053533190578158455
weight is : 0.006573560901876811
weight is : 0.00012596044841919638
weight is : 0.00010496704034933031
weight is : 0.00010496704034933031
weight is : 0.00024667254482092625
weight is : 0.0006402989461309149
weight is : 0.0007216484024016458
weight is : 0.0005117143217029852
weight is : 0.007038040055422598
weight is : 0.0053533190578158455
weight is : 0.006573560901876811
weight is : 0.00012596044841919638
weight is : 0.00010496704034933031
weight is : 0.00010496704034933031
weight is : 0.00015220220850652895
weight is : 0.0006402989461309149
weight is : 0.0007216484024016458
weight is : 0.0005117143217029852
weight is : 0.007038040055422598
weight is : 0.0053533190578158455
weight is : 0.006573560901876811
weight is : 0.00012596044841919638
weight is : 0.00010496704034933031
weight is : 0.00010496704034933031
weight is : 0.0006402989461309149
weight is : 0.0007216484024016458
weight is : 0.0005117143217029852
weight is : 0.007038040055422598
weight is : 0.009105890750304404
weight is : 0.0053533190578158455
weight is : 0.006573560901876811
weight is : 0.00012596044841919638
weight is : 0.00010496704034933031
weight is : 0.00010496704034933031
weight is : 0.0006402989461309149
weight is : 0.0007216484024016458
weight is : 0.0005117143217029852
weight is : 0.007038040055422598
weight is : 0.009105890750304404
weight is : 0.0053533190578158455
weight is : 0.006573560901876811
weight is : 0.00012596044841919638
weight is : 0.00010496704034933031
weight is : 0.0002492967208296595
weight is : 0.0006402989461309149
weight is : 0.0007216484024016458
weight is : 0.0005117143217029852
weight is : 0.007038040055422598
weight is : 0.009105890750304404
weight is : 0.0053533190578158455
weight is : 0.006573560901876811
weight is : 0.00012596044841919638
weight is : 0.00010496704034933031
weight is : 0.0002178066087248604
weight is : 0.0006402989461309149
weight is : 0.0007216484024016458
weight is : 0.0005117143217029852
weight is : 0.007038040055422598
weight is : 0.009105890750304404
weight is : 0.0053533190578158455
weight is : 0.006573560901876811
weight is : 0.00012596044841919638
weight is : 0.00015220220850652895
weight is : 0.0005720703699038502
weight is : 0.0006402989461309149
weight is : 0.0007216484024016458
weight is : 0.0005117143217029852
weight is : 0.007038040055422598
weight is : 0.009105890750304404
weight is : 0.0053533190578158455
weight is : 0.006573560901876811
weight is : 0.00012596044841919638
weight is : 0.00010496704034933031
weight is : 0.0006402989461309149
weight is : 0.0007216484024016458
weight is : 0.0005117143217029852
weight is : 0.007038040055422598
weight is : 0.0053297014737372465
weight is : 0.009105890750304404
weight is : 0.0053533190578158455
weight is : 0.006573560901876811
weight is : 0.00012596044841919638
weight is : 0.00010496704034933031
weight is : 0.0006402989461309149
weight is : 0.0007216484024016458
weight is : 0.0005117143217029852
weight is : 0.007038040055422598
weight is : 0.0053297014737372465
weight is : 0.009105890750304404
weight is : 0.0053533190578158455
weight is : 0.006573560901876811
weight is : 0.00010496704034933031
weight is : 0.00010496704034933031
weight is : 0.0006402989461309149
weight is : 0.0007216484024016458
weight is : 0.0005117143217029852
weight is : 0.007038040055422598
weight is : 0.0053297014737372465
weight is : 0.009105890750304404
weight is : 0.0053533190578158455
weight is : 0.006573560901876811
weight is : 0.00010496704034933031
weight is : 0.00016532308855019524
weight is : 0.0006402989461309149
weight is : 0.0007216484024016458
weight is : 0.0005117143217029852
weight is : 0.007038040055422598
weight is : 0.0053297014737372465
weight is : 0.009105890750304404
weight is : 0.0053533190578158455
weight is : 0.006573560901876811
weight is : 0.00010496704034933031
weight is : 0.00010496704034933031
weight is : 0.0006402989461309149
weight is : 0.0007216484024016458
weight is : 0.0005117143217029852
weight is : 0.007038040055422598
weight is : 0.0053297014737372465
weight is : 0.009105890750304404
weight is : 0.0053533190578158455
weight is : 0.006573560901876811
weight is : 0.00010496704034933031
weight is : 0.00010496704034933031
weight is : 0.0006402989461309149
weight is : 0.0007216484024016458
weight is : 0.0005117143217029852
weight is : 0.007038040055422598
weight is : 0.0053297014737372465
weight is : 0.009105890750304404
weight is : 0.0053533190578158455
weight is : 0.006573560901876811
weight is : 0.00010496704034933031
weight is : 0.0002860351849519251
weight is : 0.0006402989461309149
weight is : 0.0007216484024016458
weight is : 0.0005117143217029852
weight is : 0.007038040055422598
weight is : 0.0053297014737372465
weight is : 0.009105890750304404
weight is : 0.0053533190578158455
weight is : 0.006573560901876811
weight is : 0.00010496704034933031
weight is : 0.0002860351849519251
weight is : 0.0006402989461309149
weight is : 0.0007216484024016458
weight is : 0.0005117143217029852
weight is : 0.007038040055422598
weight is : 0.0053297014737372465
weight is : 0.009105890750304404
weight is : 0.0053533190578158455
weight is : 0.006573560901876811
weight is : 0.00010496704034933031
weight is : 0.0006402989461309149
weight is : 0.0007216484024016458
weight is : 0.0005117143217029852
weight is : 0.007038040055422598
weight is : 0.0053297014737372465
weight is : 0.0072243565520426585
weight is : 0.009105890750304404
weight is : 0.0053533190578158455
weight is : 0.006573560901876811
weight is : 0.000427740689423521
weight is : 0.0006402989461309149
weight is : 0.0007216484024016458
weight is : 0.0005117143217029852
weight is : 0.007038040055422598
weight is : 0.0053297014737372465
weight is : 0.0072243565520426585
weight is : 0.009105890750304404
weight is : 0.0053533190578158455
weight is : 0.006573560901876811
weight is : 0.0003805055212663224
weight is : 0.0006402989461309149
weight is : 0.0007216484024016458
weight is : 0.0005117143217029852
weight is : 0.007038040055422598
weight is : 0.0053297014737372465
weight is : 0.0072243565520426585
weight is : 0.009105890750304404
weight is : 0.0053533190578158455
weight is : 0.006573560901876811
weight is : 0.00043823739345845404
weight is : 0.0006402989461309149
weight is : 0.0007216484024016458
weight is : 0.0005117143217029852
weight is : 0.007038040055422598
weight is : 0.0053297014737372465
weight is : 0.0072243565520426585
weight is : 0.009105890750304404
weight is : 0.0053533190578158455
weight is : 0.006573560901876811

-------------Round number: 38-------------

Evaluate global model
Averaged Train Loss: 7.2155
Averaged Test Accurancy: 0.1212
Averaged Test AUC: 0.7595
Std Test Accurancy: 0.0601
Std Test AUC: 0.1265
------------------------- Round is  38 ------------------------- time cost ------------------------- 124.13458561897278
------------------------- Budget is : [9.375771760940552, 10.550357341766357, 12.262812376022339, 13.546142101287842, 15.182296514511108, 16.806487798690796, 18.74679684638977, 20.908663749694824, 23.411128520965576, 24.75996470451355, 27.2163143157959, 29.041458129882812, 31.15059542655945, 33.15936589241028, 33.87404656410217, 34.89423990249634, 37.679078578948975, 40.343401193618774, 43.663177728652954, 46.94964599609375, 49.394606590270996, 53.60710167884827, 58.57841348648071, 60.06299114227295, 64.37637853622437, 67.99968600273132, 70.97006058692932, 75.8372049331665, 82.43517541885376, 79.31160235404968, 81.72225975990295, 91.65545845031738, 95.54098796844482, 101.05298399925232, 104.40005421638489, 111.55186080932617, 114.69361567497253, 119.85203003883362, 124.13458561897278]
>> similarity:   0%|                                  | 0/10000 [00:00<?, ?it/s]>> similarity:   7%|█▍                    | 659/10000 [00:00<00:01, 6587.78it/s]>> similarity:  13%|██▊                  | 1318/10000 [00:00<00:01, 6518.45it/s]>> similarity:  20%|████▏                | 1988/10000 [00:00<00:01, 6599.15it/s]>> similarity:  26%|█████▌               | 2648/10000 [00:00<00:01, 6587.71it/s]>> similarity:  33%|██████▉              | 3318/10000 [00:00<00:01, 6625.35it/s]>> similarity:  40%|████████▎            | 3981/10000 [00:00<00:00, 6608.97it/s]>> similarity:  47%|█████████▊           | 4652/10000 [00:00<00:00, 6640.75it/s]>> similarity:  53%|███████████▏         | 5323/10000 [00:00<00:00, 6661.57it/s]>> similarity:  60%|████████████▌        | 5993/10000 [00:00<00:00, 6671.96it/s]>> similarity:  67%|█████████████▉       | 6665/10000 [00:01<00:00, 6684.78it/s]>> similarity:  73%|███████████████▍     | 7336/10000 [00:01<00:00, 6690.52it/s]>> similarity:  80%|████████████████▊    | 8006/10000 [00:01<00:00, 6615.38it/s]>> similarity:  87%|██████████████████▏  | 8677/10000 [00:01<00:00, 6641.52it/s]>> similarity:  93%|███████████████████▌ | 9342/10000 [00:01<00:00, 6635.54it/s]>> similarity: 100%|████████████████████| 10000/10000 [00:01<00:00, 6638.24it/s]
round is 39 select id is : [99, 74, 76, 78, 16, 80, 85, 86, 87, 88]
self.cost_time is : 942.6700000000003 ids is  [99, 74, 76, 78, 16, 80, 85, 86, 87, 88]
select client num is : 400 self.samples is : 60000
weight is : 0.00012080972719653477
weight is : 0.00010067477266377898
weight is : 0.00010067477266377898
weight is : 0.0006694872382141302
weight is : 0.00022400136917690824
weight is : 0.0002693050168756088
weight is : 0.00010067477266377898
weight is : 0.0006921390620634805
weight is : 0.0004907895167359225
weight is : 0.008733536528582827
weight is : 0.00010067477266377898
weight is : 0.00012080972719653477
weight is : 0.00010067477266377898
weight is : 0.00010067477266377898
weight is : 0.0006694872382141302
weight is : 0.00022400136917690824
weight is : 0.0002693050168756088
weight is : 0.0006921390620634805
weight is : 0.0004907895167359225
weight is : 0.008733536528582827
weight is : 0.00012080972719653477
weight is : 0.00010067477266377898
weight is : 0.00010067477266377898
weight is : 0.0006694872382141302
weight is : 0.00019379893737777454
weight is : 0.00022400136917690824
weight is : 0.0002693050168756088
weight is : 0.0006921390620634805
weight is : 0.0004907895167359225
weight is : 0.008733536528582827
weight is : 0.00012080972719653477
weight is : 0.00010067477266377898
weight is : 0.00010067477266377898
weight is : 0.0006694872382141302
weight is : 0.00019379893737777454
weight is : 0.0002693050168756088
weight is : 0.0001887651987445856
weight is : 0.0006921390620634805
weight is : 0.0004907895167359225
weight is : 0.008733536528582827
weight is : 0.00010067477266377898
weight is : 0.00010067477266377898
weight is : 0.0006694872382141302
weight is : 0.00019379893737777454
weight is : 0.00010067477266377898
weight is : 0.00022400136917690824
weight is : 0.0002693050168756088
weight is : 0.0006921390620634805
weight is : 0.0004907895167359225
weight is : 0.008733536528582827
weight is : 0.00010067477266377898
weight is : 0.00010067477266377898
weight is : 0.0006694872382141302
weight is : 0.00010067477266377898
weight is : 0.0002693050168756088
weight is : 0.00010067477266377898
weight is : 0.0006921390620634805
weight is : 0.0004907895167359225
weight is : 0.008733536528582827
weight is : 0.005134413405852728
weight is : 0.00010067477266377898
weight is : 0.00010067477266377898
weight is : 0.0006694872382141302
weight is : 0.00010067477266377898
weight is : 0.00022400136917690824
weight is : 0.0002693050168756088
weight is : 0.0006921390620634805
weight is : 0.0004907895167359225
weight is : 0.008733536528582827
weight is : 0.005134413405852728
weight is : 0.00010067477266377898
weight is : 0.00010067477266377898
weight is : 0.0006694872382141302
weight is : 0.00010067477266377898
weight is : 0.00022400136917690824
weight is : 0.0002693050168756088
weight is : 0.0006921390620634805
weight is : 0.0004907895167359225
weight is : 0.008733536528582827
weight is : 0.005134413405852728
weight is : 0.00010067477266377898
weight is : 0.00010067477266377898
weight is : 0.0006694872382141302
weight is : 0.00010067477266377898
weight is : 0.0002693050168756088
weight is : 0.00010067477266377898
weight is : 0.0006921390620634805
weight is : 0.0004907895167359225
weight is : 0.008733536528582827
weight is : 0.005134413405852728
weight is : 0.00010067477266377898
weight is : 0.0006694872382141302
weight is : 0.00010067477266377898
weight is : 0.00022400136917690824
weight is : 0.0002693050168756088
weight is : 0.00023155197712669166
weight is : 0.0006921390620634805
weight is : 0.0004907895167359225
weight is : 0.008733536528582827
weight is : 0.005134413405852728
weight is : 0.00010067477266377898
weight is : 0.00010067477266377898
weight is : 0.0006694872382141302
weight is : 0.00022400136917690824
weight is : 0.00010067477266377898
weight is : 0.0002693050168756088
weight is : 0.0006921390620634805
weight is : 0.0004907895167359225
weight is : 0.008733536528582827
weight is : 0.005134413405852728
weight is : 0.00010067477266377898
weight is : 0.00010067477266377898
weight is : 0.0006694872382141302
weight is : 0.00022400136917690824
weight is : 0.0002693050168756088
weight is : 0.0006141161132490518
weight is : 0.0006921390620634805
weight is : 0.0004907895167359225
weight is : 0.008733536528582827
weight is : 0.005134413405852728
weight is : 0.00010067477266377898
weight is : 0.00012080972719653477
weight is : 0.00010067477266377898
weight is : 0.0006694872382141302
weight is : 0.00010067477266377898
weight is : 0.0006141161132490518
weight is : 0.0006921390620634805
weight is : 0.0004907895167359225
weight is : 0.008733536528582827
weight is : 0.005134413405852728
weight is : 0.00012080972719653477
weight is : 0.00010067477266377898
weight is : 0.0006694872382141302
weight is : 0.00010067477266377898
weight is : 0.0004127665679214938
weight is : 0.0006141161132490518
weight is : 0.0006921390620634805
weight is : 0.0004907895167359225
weight is : 0.008733536528582827
weight is : 0.005134413405852728
weight is : 0.00012080972719653477
weight is : 0.00010067477266377898
weight is : 0.00010067477266377898
weight is : 0.0006694872382141302
weight is : 0.0006141161132490518
weight is : 0.0006921390620634805
weight is : 0.0004907895167359225
weight is : 0.0005360931644346231
weight is : 0.008733536528582827
weight is : 0.005134413405852728
weight is : 0.00010067477266377898
weight is : 0.0006694872382141302
weight is : 0.00010067477266377898
weight is : 0.00022400136917690824
weight is : 0.0002063832839607469
weight is : 0.0006141161132490518
weight is : 0.0006921390620634805
weight is : 0.0004907895167359225
weight is : 0.008733536528582827
weight is : 0.005134413405852728
weight is : 0.00012080972719653477
weight is : 0.00010067477266377898
weight is : 0.0006694872382141302
weight is : 0.00010067477266377898
weight is : 0.0006141161132490518
weight is : 0.0006921390620634805
weight is : 0.0004907895167359225
weight is : 0.006750243507106381
weight is : 0.008733536528582827
weight is : 0.005134413405852728
weight is : 0.00012080972719653477
weight is : 0.00010067477266377898
weight is : 0.00010067477266377898
weight is : 0.0006141161132490518
weight is : 0.0006921390620634805
weight is : 0.0004907895167359225
weight is : 0.006750243507106381
weight is : 0.008733536528582827
weight is : 0.005134413405852728
weight is : 0.0063047576380691585
weight is : 0.00012080972719653477
weight is : 0.00010067477266377898
weight is : 0.00010067477266377898
weight is : 0.00011074224993015687
weight is : 0.0006141161132490518
weight is : 0.0006921390620634805
weight is : 0.0004907895167359225
weight is : 0.006750243507106381
weight is : 0.005134413405852728
weight is : 0.0063047576380691585
weight is : 0.00010067477266377898
weight is : 0.00010067477266377898
weight is : 0.00010067477266377898
weight is : 0.00022400136917690824
weight is : 0.0006141161132490518
weight is : 0.0006921390620634805
weight is : 0.0004907895167359225
weight is : 0.006750243507106381
weight is : 0.005134413405852728
weight is : 0.0063047576380691585
weight is : 0.00012080972719653477
weight is : 0.00010067477266377898
weight is : 0.00010067477266377898
weight is : 0.0002365857157598806
weight is : 0.0006141161132490518
weight is : 0.0006921390620634805
weight is : 0.0004907895167359225
weight is : 0.006750243507106381
weight is : 0.005134413405852728
weight is : 0.0063047576380691585
weight is : 0.00012080972719653477
weight is : 0.00010067477266377898
weight is : 0.00010067477266377898
weight is : 0.00014597842036247953
weight is : 0.0006141161132490518
weight is : 0.0006921390620634805
weight is : 0.0004907895167359225
weight is : 0.006750243507106381
weight is : 0.005134413405852728
weight is : 0.0063047576380691585
weight is : 0.00012080972719653477
weight is : 0.00010067477266377898
weight is : 0.00010067477266377898
weight is : 0.0006141161132490518
weight is : 0.0006921390620634805
weight is : 0.0004907895167359225
weight is : 0.006750243507106381
weight is : 0.008733536528582827
weight is : 0.005134413405852728
weight is : 0.0063047576380691585
weight is : 0.00012080972719653477
weight is : 0.00010067477266377898
weight is : 0.00010067477266377898
weight is : 0.0006141161132490518
weight is : 0.0006921390620634805
weight is : 0.0004907895167359225
weight is : 0.006750243507106381
weight is : 0.008733536528582827
weight is : 0.005134413405852728
weight is : 0.0063047576380691585
weight is : 0.00012080972719653477
weight is : 0.00010067477266377898
weight is : 0.00023910258507647508
weight is : 0.0006141161132490518
weight is : 0.0006921390620634805
weight is : 0.0004907895167359225
weight is : 0.006750243507106381
weight is : 0.008733536528582827
weight is : 0.005134413405852728
weight is : 0.0063047576380691585
weight is : 0.00012080972719653477
weight is : 0.00010067477266377898
weight is : 0.00020890015327734138
weight is : 0.0006141161132490518
weight is : 0.0006921390620634805
weight is : 0.0004907895167359225
weight is : 0.006750243507106381
weight is : 0.008733536528582827
weight is : 0.005134413405852728
weight is : 0.0063047576380691585
weight is : 0.00012080972719653477
weight is : 0.00014597842036247953
weight is : 0.0005486775110175954
weight is : 0.0006141161132490518
weight is : 0.0006921390620634805
weight is : 0.0004907895167359225
weight is : 0.006750243507106381
weight is : 0.008733536528582827
weight is : 0.005134413405852728
weight is : 0.0063047576380691585
weight is : 0.00012080972719653477
weight is : 0.00010067477266377898
weight is : 0.0006141161132490518
weight is : 0.0006921390620634805
weight is : 0.0004907895167359225
weight is : 0.006750243507106381
weight is : 0.005111761582003378
weight is : 0.008733536528582827
weight is : 0.005134413405852728
weight is : 0.0063047576380691585
weight is : 0.00012080972719653477
weight is : 0.00010067477266377898
weight is : 0.0006141161132490518
weight is : 0.0006921390620634805
weight is : 0.0004907895167359225
weight is : 0.006750243507106381
weight is : 0.005111761582003378
weight is : 0.008733536528582827
weight is : 0.005134413405852728
weight is : 0.0063047576380691585
weight is : 0.00010067477266377898
weight is : 0.00010067477266377898
weight is : 0.0006141161132490518
weight is : 0.0006921390620634805
weight is : 0.0004907895167359225
weight is : 0.006750243507106381
weight is : 0.005111761582003378
weight is : 0.008733536528582827
weight is : 0.005134413405852728
weight is : 0.0063047576380691585
weight is : 0.00010067477266377898
weight is : 0.0001585627669454519
weight is : 0.0006141161132490518
weight is : 0.0006921390620634805
weight is : 0.0004907895167359225
weight is : 0.006750243507106381
weight is : 0.005111761582003378
weight is : 0.008733536528582827
weight is : 0.005134413405852728
weight is : 0.0063047576380691585
weight is : 0.00010067477266377898
weight is : 0.00010067477266377898
weight is : 0.0006141161132490518
weight is : 0.0006921390620634805
weight is : 0.0004907895167359225
weight is : 0.006750243507106381
weight is : 0.005111761582003378
weight is : 0.008733536528582827
weight is : 0.005134413405852728
weight is : 0.0063047576380691585
weight is : 0.00010067477266377898
weight is : 0.00010067477266377898
weight is : 0.0006141161132490518
weight is : 0.0006921390620634805
weight is : 0.0004907895167359225
weight is : 0.006750243507106381
weight is : 0.005111761582003378
weight is : 0.008733536528582827
weight is : 0.005134413405852728
weight is : 0.0063047576380691585
weight is : 0.00010067477266377898
weight is : 0.0002743387555087977
weight is : 0.0006141161132490518
weight is : 0.0006921390620634805
weight is : 0.0004907895167359225
weight is : 0.006750243507106381
weight is : 0.005111761582003378
weight is : 0.008733536528582827
weight is : 0.005134413405852728
weight is : 0.0063047576380691585
weight is : 0.00010067477266377898
weight is : 0.0002743387555087977
weight is : 0.0006141161132490518
weight is : 0.0006921390620634805
weight is : 0.0004907895167359225
weight is : 0.006750243507106381
weight is : 0.005111761582003378
weight is : 0.008733536528582827
weight is : 0.005134413405852728
weight is : 0.0063047576380691585
weight is : 0.00010067477266377898
weight is : 0.0006141161132490518
weight is : 0.0006921390620634805
weight is : 0.0004907895167359225
weight is : 0.006750243507106381
weight is : 0.005111761582003378
weight is : 0.006928941228584588
weight is : 0.008733536528582827
weight is : 0.005134413405852728
weight is : 0.0063047576380691585
weight is : 0.00041024969860489936
weight is : 0.0006141161132490518
weight is : 0.0006921390620634805
weight is : 0.0004907895167359225
weight is : 0.006750243507106381
weight is : 0.005111761582003378
weight is : 0.006928941228584588
weight is : 0.008733536528582827
weight is : 0.005134413405852728
weight is : 0.0063047576380691585
weight is : 0.0003649460509061988
weight is : 0.0006141161132490518
weight is : 0.0006921390620634805
weight is : 0.0004907895167359225
weight is : 0.006750243507106381
weight is : 0.005111761582003378
weight is : 0.006928941228584588
weight is : 0.008733536528582827
weight is : 0.005134413405852728
weight is : 0.0063047576380691585
weight is : 0.00042031717587127725
weight is : 0.0006141161132490518
weight is : 0.0006921390620634805
weight is : 0.0004907895167359225
weight is : 0.006750243507106381
weight is : 0.005111761582003378
weight is : 0.006928941228584588
weight is : 0.008733536528582827
weight is : 0.005134413405852728
weight is : 0.0063047576380691585
weight is : 0.00013087720446291267
weight is : 0.0006141161132490518
weight is : 0.0006921390620634805
weight is : 0.0004907895167359225
weight is : 0.006750243507106381
weight is : 0.005111761582003378
weight is : 0.006928941228584588
weight is : 0.008733536528582827
weight is : 0.005134413405852728
weight is : 0.0063047576380691585

-------------Round number: 39-------------

Evaluate global model
Averaged Train Loss: 7.2069
Averaged Test Accurancy: 0.1207
Averaged Test AUC: 0.7603
Std Test Accurancy: 0.0597
Std Test AUC: 0.1245
------------------------- Round is  39 ------------------------- time cost ------------------------- 122.49791145324707
------------------------- Budget is : [9.375771760940552, 10.550357341766357, 12.262812376022339, 13.546142101287842, 15.182296514511108, 16.806487798690796, 18.74679684638977, 20.908663749694824, 23.411128520965576, 24.75996470451355, 27.2163143157959, 29.041458129882812, 31.15059542655945, 33.15936589241028, 33.87404656410217, 34.89423990249634, 37.679078578948975, 40.343401193618774, 43.663177728652954, 46.94964599609375, 49.394606590270996, 53.60710167884827, 58.57841348648071, 60.06299114227295, 64.37637853622437, 67.99968600273132, 70.97006058692932, 75.8372049331665, 82.43517541885376, 79.31160235404968, 81.72225975990295, 91.65545845031738, 95.54098796844482, 101.05298399925232, 104.40005421638489, 111.55186080932617, 114.69361567497253, 119.85203003883362, 124.13458561897278, 122.49791145324707]
>> similarity:   0%|                                  | 0/10000 [00:00<?, ?it/s]>> similarity:   7%|█▍                    | 669/10000 [00:00<00:01, 6683.55it/s]>> similarity:  13%|██▊                  | 1341/10000 [00:00<00:01, 6699.69it/s]>> similarity:  20%|████▏                | 2011/10000 [00:00<00:01, 6625.84it/s]>> similarity:  27%|█████▋               | 2688/10000 [00:00<00:01, 6679.63it/s]>> similarity:  34%|███████              | 3358/10000 [00:00<00:00, 6685.74it/s]>> similarity:  40%|████████▍            | 4035/10000 [00:00<00:00, 6712.16it/s]>> similarity:  47%|█████████▉           | 4712/10000 [00:00<00:00, 6729.60it/s]>> similarity:  54%|███████████▎         | 5385/10000 [00:00<00:00, 6694.74it/s]>> similarity:  61%|████████████▋        | 6055/10000 [00:00<00:00, 6683.22it/s]>> similarity:  67%|██████████████       | 6724/10000 [00:01<00:00, 6682.98it/s]>> similarity:  74%|███████████████▌     | 7399/10000 [00:01<00:00, 6702.40it/s]>> similarity:  81%|████████████████▉    | 8072/10000 [00:01<00:00, 6710.00it/s]>> similarity:  87%|██████████████████▎  | 8745/10000 [00:01<00:00, 6715.26it/s]>> similarity:  94%|███████████████████▊ | 9422/10000 [00:01<00:00, 6728.80it/s]>> similarity: 100%|████████████████████| 10000/10000 [00:01<00:00, 6705.10it/s]
round is 40 select id is : [96, 99, 74, 76, 78, 80, 85, 86, 87, 88]
self.cost_time is : 964.1300000000003 ids is  [96, 99, 74, 76, 78, 80, 85, 86, 87, 88]
