nohup: ignoring input
['/root/FL_selection/system', '/root/anaconda3/envs/pytorch_env/lib/python310.zip', '/root/anaconda3/envs/pytorch_env/lib/python3.10', '/root/anaconda3/envs/pytorch_env/lib/python3.10/lib-dynload', '/root/anaconda3/envs/pytorch_env/lib/python3.10/site-packages', './IJCAI-AutoS']
/root/FL_selection/system /root/FL_selection
2024-12-03 22:34:54.270382: I tensorflow/core/util/port.cc:110] oneDNN custom operations are on. You may see slightly different numerical results due to floating-point round-off errors from different computation orders. To turn them off, set the environment variable `TF_ENABLE_ONEDNN_OPTS=0`.
2024-12-03 22:34:54.272166: I tensorflow/tsl/cuda/cudart_stub.cc:28] Could not find cuda drivers on your machine, GPU will not be used.
2024-12-03 22:34:54.308945: I tensorflow/core/platform/cpu_feature_guard.cc:182] This TensorFlow binary is optimized to use available CPU instructions in performance-critical operations.
To enable the following instructions: AVX2 AVX512F AVX512_VNNI FMA, in other operations, rebuild TensorFlow with the appropriate compiler flags.
2024-12-03 22:34:54.950212: W tensorflow/compiler/tf2tensorrt/utils/py_utils.cc:38] TF-TRT Warning: Could not find TensorRT
==================================================
Algorithm: FedGCS
Local batch size: 10
Local steps: 5
Local learing rate: 0.005
Local learing rate decay: False
Total number of clients: 100
Clients join in each round: 0.1
Clients randomly join: False
Client drop rate: 0.0
Client select regarding time: False
Running times: 1
Dataset: Cifar100
Number of classes: 100
Backbone: dnn
Using device: cuda
Using DP: False
Auto break: False
Global rounds: 200
Cuda device id: 0
DLG attack: False
Total number of new clients: 0
Fine tuning epoches on new clients: 0
==================================================

============= Running time: 0th =============
Creating server and clients ...
DNN(
  (fc1): Linear(in_features=3072, out_features=100, bias=True)
  (fc): Linear(in_features=100, out_features=100, bias=True)
)
INFO:------------------------args.algorithm is:FedGCS-----------------------
**************************1.INfo,set_clients ,init data********************
Clients data loaded from /root/FL_selectiondataset/0.5/Cifar100/clientInfo.json
clients [{'id': 1, 'compute': 5.45, 'comm': 5.04, 'dropout': 0.13, 'size': 40}, {'id': 2, 'compute': 13.24, 'comm': 1.95, 'dropout': 0.07, 'size': 40}, {'id': 3, 'compute': 4.56, 'comm': 11.05, 'dropout': 0.2, 'size': 40}, {'id': 4, 'compute': 11.15, 'comm': 13.33, 'dropout': 0.11, 'size': 40}, {'id': 5, 'compute': 4.17, 'comm': 5.32, 'dropout': 0.24, 'size': 48}, {'id': 6, 'compute': 0.78, 'comm': 4.39, 'dropout': 0.11, 'size': 40}, {'id': 7, 'compute': 1.27, 'comm': 11.23, 'dropout': 0.29, 'size': 40}, {'id': 8, 'compute': 1.58, 'comm': 4.19, 'dropout': 0.11, 'size': 40}, {'id': 9, 'compute': 0.49, 'comm': 11.63, 'dropout': 0.47, 'size': 40}, {'id': 10, 'compute': 0.1, 'comm': 5.54, 'dropout': 0.37, 'size': 40}, {'id': 11, 'compute': 1.75, 'comm': 2.54, 'dropout': 0.22, 'size': 40}, {'id': 12, 'compute': 1.3, 'comm': 5.34, 'dropout': 0.68, 'size': 40}, {'id': 13, 'compute': 0.88, 'comm': 9.76, 'dropout': 0.39, 'size': 40}, {'id': 14, 'compute': 5.97, 'comm': 5.12, 'dropout': 0.34, 'size': 40}, {'id': 15, 'compute': 11.18, 'comm': 2.78, 'dropout': 0.24, 'size': 40}, {'id': 16, 'compute': 3.46, 'comm': 4.68, 'dropout': 0.25, 'size': 40}, {'id': 17, 'compute': 9.03, 'comm': 3.66, 'dropout': 0.09, 'size': 52}, {'id': 18, 'compute': 13.55, 'comm': 4.59, 'dropout': 0.17, 'size': 40}, {'id': 19, 'compute': 6.06, 'comm': 10.05, 'dropout': 0.25, 'size': 40}, {'id': 20, 'compute': 6.07, 'comm': 2.0, 'dropout': 0.27, 'size': 40}, {'id': 21, 'compute': 11.37, 'comm': 5.61, 'dropout': 0.19, 'size': 40}, {'id': 22, 'compute': 4.24, 'comm': 5.25, 'dropout': 0.2, 'size': 40}, {'id': 23, 'compute': 4.17, 'comm': 7.44, 'dropout': 0.24, 'size': 40}, {'id': 24, 'compute': 5.26, 'comm': 2.06, 'dropout': 0.46, 'size': 40}, {'id': 25, 'compute': 12.93, 'comm': 6.83, 'dropout': 0.15, 'size': 40}, {'id': 26, 'compute': 5.29, 'comm': 4.18, 'dropout': 0.37, 'size': 40}, {'id': 27, 'compute': 5.16, 'comm': 4.15, 'dropout': 0.5, 'size': 40}, {'id': 28, 'compute': 4.5, 'comm': 9.63, 'dropout': 0.23, 'size': 167}, {'id': 29, 'compute': 10.56, 'comm': 11.02, 'dropout': 0.16, 'size': 63}, {'id': 30, 'compute': 4.64, 'comm': 9.37, 'dropout': 0.13, 'size': 40}, {'id': 31, 'compute': 0.14, 'comm': 2.29, 'dropout': 0.36, 'size': 266}, {'id': 32, 'compute': 4.26, 'comm': 2.17, 'dropout': 0.37, 'size': 77}, {'id': 33, 'compute': 0.95, 'comm': 7.93, 'dropout': 0.42, 'size': 40}, {'id': 34, 'compute': 9.89, 'comm': 10.1, 'dropout': 0.29, 'size': 50}, {'id': 35, 'compute': 7.05, 'comm': 1.23, 'dropout': 0.4, 'size': 145}, {'id': 36, 'compute': 4.66, 'comm': 8.98, 'dropout': 0.25, 'size': 54}, {'id': 37, 'compute': 8.31, 'comm': 0.76, 'dropout': 0.49, 'size': 64}, {'id': 38, 'compute': 10.45, 'comm': 5.37, 'dropout': 0.32, 'size': 58}, {'id': 39, 'compute': 10.22, 'comm': 3.5, 'dropout': 0.56, 'size': 164}, {'id': 40, 'compute': 1.32, 'comm': 11.27, 'dropout': 0.14, 'size': 89}, {'id': 41, 'compute': 8.68, 'comm': 5.09, 'dropout': 0.16, 'size': 163}, {'id': 42, 'compute': 0.47, 'comm': 4.06, 'dropout': 0.16, 'size': 40}, {'id': 43, 'compute': 11.44, 'comm': 10.63, 'dropout': 0.16, 'size': 93}, {'id': 44, 'compute': 0.1, 'comm': 6.37, 'dropout': 0.57, 'size': 82}, {'id': 45, 'compute': 9.64, 'comm': 4.42, 'dropout': 0.25, 'size': 156}, {'id': 46, 'compute': 0.52, 'comm': 9.99, 'dropout': 0.54, 'size': 55}, {'id': 47, 'compute': 0.74, 'comm': 1.72, 'dropout': 0.33, 'size': 44}, {'id': 48, 'compute': 1.68, 'comm': 3.0, 'dropout': 0.17, 'size': 40}, {'id': 49, 'compute': 0.74, 'comm': 1.67, 'dropout': 0.24, 'size': 40}, {'id': 50, 'compute': 0.8, 'comm': 10.87, 'dropout': 0.05, 'size': 64}, {'id': 51, 'compute': 4.14, 'comm': 4.89, 'dropout': 0.3, 'size': 107}, {'id': 52, 'compute': 4.62, 'comm': 10.49, 'dropout': 0.36, 'size': 82}, {'id': 53, 'compute': 5.72, 'comm': 8.94, 'dropout': 0.15, 'size': 83}, {'id': 54, 'compute': 0.66, 'comm': 13.93, 'dropout': 0.32, 'size': 164}, {'id': 55, 'compute': 11.73, 'comm': 8.54, 'dropout': 0.47, 'size': 58}, {'id': 56, 'compute': 0.66, 'comm': 8.22, 'dropout': 0.1, 'size': 50}, {'id': 57, 'compute': 0.83, 'comm': 1.12, 'dropout': 0.19, 'size': 40}, {'id': 58, 'compute': 3.88, 'comm': 5.59, 'dropout': 0.27, 'size': 79}, {'id': 59, 'compute': 1.81, 'comm': 4.38, 'dropout': 0.28, 'size': 40}, {'id': 60, 'compute': 1.69, 'comm': 2.03, 'dropout': 0.35, 'size': 40}, {'id': 61, 'compute': 8.07, 'comm': 9.31, 'dropout': 0.64, 'size': 75}, {'id': 62, 'compute': 5.15, 'comm': 4.48, 'dropout': 0.23, 'size': 66}, {'id': 63, 'compute': 5.33, 'comm': 2.13, 'dropout': 0.05, 'size': 238}, {'id': 64, 'compute': 13.68, 'comm': 4.02, 'dropout': 0.35, 'size': 109}, {'id': 65, 'compute': 6.71, 'comm': 5.53, 'dropout': 0.33, 'size': 92}, {'id': 66, 'compute': 11.6, 'comm': 1.98, 'dropout': 0.19, 'size': 83}, {'id': 67, 'compute': 5.07, 'comm': 2.68, 'dropout': 0.26, 'size': 109}, {'id': 68, 'compute': 4.67, 'comm': 3.41, 'dropout': 0.3, 'size': 94}, {'id': 69, 'compute': 4.72, 'comm': 7.22, 'dropout': 0.56, 'size': 87}, {'id': 70, 'compute': 4.47, 'comm': 1.59, 'dropout': 0.07, 'size': 95}, {'id': 71, 'compute': 0.97, 'comm': 5.43, 'dropout': 0.15, 'size': 218}, {'id': 72, 'compute': 4.22, 'comm': 9.65, 'dropout': 0.11, 'size': 160}, {'id': 73, 'compute': 1.3, 'comm': 6.14, 'dropout': 0.31, 'size': 176}, {'id': 74, 'compute': 5.66, 'comm': 4.28, 'dropout': 0.46, 'size': 388}, {'id': 75, 'compute': 5.97, 'comm': 4.15, 'dropout': 0.18, 'size': 244}, {'id': 76, 'compute': 11.2, 'comm': 5.77, 'dropout': 0.26, 'size': 129}, {'id': 77, 'compute': 3.9, 'comm': 8.78, 'dropout': 0.27, 'size': 275}, {'id': 78, 'compute': 10.89, 'comm': 6.64, 'dropout': 0.11, 'size': 323}, {'id': 79, 'compute': 0.98, 'comm': 4.35, 'dropout': 0.21, 'size': 195}, {'id': 80, 'compute': 5.74, 'comm': 1.24, 'dropout': 0.31, 'size': 213}, {'id': 81, 'compute': 5.27, 'comm': 2.43, 'dropout': 0.03, 'size': 2682}, {'id': 82, 'compute': 9.54, 'comm': 2.28, 'dropout': 0.54, 'size': 2612}, {'id': 83, 'compute': 5.34, 'comm': 10.86, 'dropout': 0.26, 'size': 2020}, {'id': 84, 'compute': 4.99, 'comm': 5.35, 'dropout': 0.47, 'size': 2172}, {'id': 85, 'compute': 7.62, 'comm': 2.22, 'dropout': 0.4, 'size': 2211}, {'id': 86, 'compute': 16.71, 'comm': 1.56, 'dropout': 0.3, 'size': 2031}, {'id': 87, 'compute': 5.29, 'comm': 1.87, 'dropout': 0.19, 'size': 2753}, {'id': 88, 'compute': 0.65, 'comm': 1.45, 'dropout': 0.11, 'size': 3470}, {'id': 89, 'compute': 5.54, 'comm': 2.68, 'dropout': 0.14, 'size': 2040}, {'id': 90, 'compute': 10.91, 'comm': 12.75, 'dropout': 0.26, 'size': 2790}, {'id': 91, 'compute': 4.63, 'comm': 5.49, 'dropout': 0.12, 'size': 2774}, {'id': 92, 'compute': 0.82, 'comm': 6.32, 'dropout': 0.49, 'size': 3078}, {'id': 93, 'compute': 11.02, 'comm': 10.49, 'dropout': 0.03, 'size': 2556}, {'id': 94, 'compute': 4.92, 'comm': 2.59, 'dropout': 0.45, 'size': 3101}, {'id': 95, 'compute': 6.18, 'comm': 6.27, 'dropout': 0.44, 'size': 2568}, {'id': 96, 'compute': 12.94, 'comm': 2.75, 'dropout': 0.17, 'size': 2480}, {'id': 97, 'compute': 8.65, 'comm': 4.45, 'dropout': 0.16, 'size': 3307}, {'id': 98, 'compute': 0.44, 'comm': 3.06, 'dropout': 0.02, 'size': 2799}, {'id': 99, 'compute': 8.32, 'comm': 1.63, 'dropout': 0.55, 'size': 2785}, {'id': 100, 'compute': 1.11, 'comm': 1.69, 'dropout': 0.48, 'size': 2505}]
100 args.num_classes
100 args.num_classes
100 args.num_classes
100 args.num_classes
100 args.num_classes
100 args.num_classes
100 args.num_classes
100 args.num_classes
100 args.num_classes
100 args.num_classes
100 args.num_classes
100 args.num_classes
100 args.num_classes
100 args.num_classes
100 args.num_classes
100 args.num_classes
100 args.num_classes
100 args.num_classes
100 args.num_classes
100 args.num_classes
100 args.num_classes
100 args.num_classes
100 args.num_classes
100 args.num_classes
100 args.num_classes
100 args.num_classes
100 args.num_classes
100 args.num_classes
100 args.num_classes
100 args.num_classes
100 args.num_classes
100 args.num_classes
100 args.num_classes
100 args.num_classes
100 args.num_classes
100 args.num_classes
100 args.num_classes
100 args.num_classes
100 args.num_classes
100 args.num_classes
100 args.num_classes
100 args.num_classes
100 args.num_classes
100 args.num_classes
100 args.num_classes
100 args.num_classes
100 args.num_classes
100 args.num_classes
100 args.num_classes
100 args.num_classes
100 args.num_classes
100 args.num_classes
100 args.num_classes
100 args.num_classes
100 args.num_classes
100 args.num_classes
100 args.num_classes
100 args.num_classes
100 args.num_classes
100 args.num_classes
100 args.num_classes
100 args.num_classes
100 args.num_classes
100 args.num_classes
100 args.num_classes
100 args.num_classes
100 args.num_classes
100 args.num_classes
100 args.num_classes
100 args.num_classes
100 args.num_classes
100 args.num_classes
100 args.num_classes
100 args.num_classes
100 args.num_classes
100 args.num_classes
100 args.num_classes
100 args.num_classes
100 args.num_classes
100 args.num_classes
100 args.num_classes
100 args.num_classes
100 args.num_classes
100 args.num_classes
100 args.num_classes
100 args.num_classes
100 args.num_classes
100 args.num_classes
100 args.num_classes
100 args.num_classes
100 args.num_classes
100 args.num_classes
100 args.num_classes
100 args.num_classes
100 args.num_classes
100 args.num_classes
100 args.num_classes
100 args.num_classes
100 args.num_classes
100 args.num_classes
client base client  0, total_num is 40,label is [0, 0, 0, 18, 22, 0, 0, 0, 0, 0, 0, 0, 0, 0, 0, 0, 0, 0, 0, 0, 0, 0, 0, 0, 0, 0, 0, 0, 0, 0, 0, 0, 0, 0, 0, 0, 0, 0, 0, 0, 0, 0, 0, 0, 0, 0, 0, 0, 0, 0, 0, 0, 0, 0, 0, 0, 0, 0, 0, 0, 0, 0, 0, 0, 0, 0, 0, 0, 0, 0, 0, 0, 0, 0, 0, 0, 0, 0, 0, 0, 0, 0, 0, 0, 0, 0, 0, 0, 0, 0, 0, 0, 0, 0, 0, 0, 0, 0, 0, 0]
client base client  1, total_num is 40,label is [0, 0, 0, 39, 0, 0, 0, 0, 1, 0, 0, 0, 0, 0, 0, 0, 0, 0, 0, 0, 0, 0, 0, 0, 0, 0, 0, 0, 0, 0, 0, 0, 0, 0, 0, 0, 0, 0, 0, 0, 0, 0, 0, 0, 0, 0, 0, 0, 0, 0, 0, 0, 0, 0, 0, 0, 0, 0, 0, 0, 0, 0, 0, 0, 0, 0, 0, 0, 0, 0, 0, 0, 0, 0, 0, 0, 0, 0, 0, 0, 0, 0, 0, 0, 0, 0, 0, 0, 0, 0, 0, 0, 0, 0, 0, 0, 0, 0, 0, 0]
client base client  2, total_num is 40,label is [0, 0, 0, 39, 1, 0, 0, 0, 0, 0, 0, 0, 0, 0, 0, 0, 0, 0, 0, 0, 0, 0, 0, 0, 0, 0, 0, 0, 0, 0, 0, 0, 0, 0, 0, 0, 0, 0, 0, 0, 0, 0, 0, 0, 0, 0, 0, 0, 0, 0, 0, 0, 0, 0, 0, 0, 0, 0, 0, 0, 0, 0, 0, 0, 0, 0, 0, 0, 0, 0, 0, 0, 0, 0, 0, 0, 0, 0, 0, 0, 0, 0, 0, 0, 0, 0, 0, 0, 0, 0, 0, 0, 0, 0, 0, 0, 0, 0, 0, 0]
client base client  3, total_num is 40,label is [0, 0, 0, 0, 39, 0, 0, 0, 0, 1, 0, 0, 0, 0, 0, 0, 0, 0, 0, 0, 0, 0, 0, 0, 0, 0, 0, 0, 0, 0, 0, 0, 0, 0, 0, 0, 0, 0, 0, 0, 0, 0, 0, 0, 0, 0, 0, 0, 0, 0, 0, 0, 0, 0, 0, 0, 0, 0, 0, 0, 0, 0, 0, 0, 0, 0, 0, 0, 0, 0, 0, 0, 0, 0, 0, 0, 0, 0, 0, 0, 0, 0, 0, 0, 0, 0, 0, 0, 0, 0, 0, 0, 0, 0, 0, 0, 0, 0, 0, 0]
client base client  4, total_num is 48,label is [0, 0, 48, 0, 0, 0, 0, 0, 0, 0, 0, 0, 0, 0, 0, 0, 0, 0, 0, 0, 0, 0, 0, 0, 0, 0, 0, 0, 0, 0, 0, 0, 0, 0, 0, 0, 0, 0, 0, 0, 0, 0, 0, 0, 0, 0, 0, 0, 0, 0, 0, 0, 0, 0, 0, 0, 0, 0, 0, 0, 0, 0, 0, 0, 0, 0, 0, 0, 0, 0, 0, 0, 0, 0, 0, 0, 0, 0, 0, 0, 0, 0, 0, 0, 0, 0, 0, 0, 0, 0, 0, 0, 0, 0, 0, 0, 0, 0, 0, 0]
client base client  5, total_num is 40,label is [0, 0, 0, 1, 39, 0, 0, 0, 0, 0, 0, 0, 0, 0, 0, 0, 0, 0, 0, 0, 0, 0, 0, 0, 0, 0, 0, 0, 0, 0, 0, 0, 0, 0, 0, 0, 0, 0, 0, 0, 0, 0, 0, 0, 0, 0, 0, 0, 0, 0, 0, 0, 0, 0, 0, 0, 0, 0, 0, 0, 0, 0, 0, 0, 0, 0, 0, 0, 0, 0, 0, 0, 0, 0, 0, 0, 0, 0, 0, 0, 0, 0, 0, 0, 0, 0, 0, 0, 0, 0, 0, 0, 0, 0, 0, 0, 0, 0, 0, 0]
client base client  6, total_num is 40,label is [0, 0, 1, 0, 39, 0, 0, 0, 0, 0, 0, 0, 0, 0, 0, 0, 0, 0, 0, 0, 0, 0, 0, 0, 0, 0, 0, 0, 0, 0, 0, 0, 0, 0, 0, 0, 0, 0, 0, 0, 0, 0, 0, 0, 0, 0, 0, 0, 0, 0, 0, 0, 0, 0, 0, 0, 0, 0, 0, 0, 0, 0, 0, 0, 0, 0, 0, 0, 0, 0, 0, 0, 0, 0, 0, 0, 0, 0, 0, 0, 0, 0, 0, 0, 0, 0, 0, 0, 0, 0, 0, 0, 0, 0, 0, 0, 0, 0, 0, 0]
client base client  7, total_num is 40,label is [0, 0, 0, 0, 34, 6, 0, 0, 0, 0, 0, 0, 0, 0, 0, 0, 0, 0, 0, 0, 0, 0, 0, 0, 0, 0, 0, 0, 0, 0, 0, 0, 0, 0, 0, 0, 0, 0, 0, 0, 0, 0, 0, 0, 0, 0, 0, 0, 0, 0, 0, 0, 0, 0, 0, 0, 0, 0, 0, 0, 0, 0, 0, 0, 0, 0, 0, 0, 0, 0, 0, 0, 0, 0, 0, 0, 0, 0, 0, 0, 0, 0, 0, 0, 0, 0, 0, 0, 0, 0, 0, 0, 0, 0, 0, 0, 0, 0, 0, 0]
client base client  8, total_num is 40,label is [0, 5, 0, 0, 31, 0, 0, 0, 0, 0, 4, 0, 0, 0, 0, 0, 0, 0, 0, 0, 0, 0, 0, 0, 0, 0, 0, 0, 0, 0, 0, 0, 0, 0, 0, 0, 0, 0, 0, 0, 0, 0, 0, 0, 0, 0, 0, 0, 0, 0, 0, 0, 0, 0, 0, 0, 0, 0, 0, 0, 0, 0, 0, 0, 0, 0, 0, 0, 0, 0, 0, 0, 0, 0, 0, 0, 0, 0, 0, 0, 0, 0, 0, 0, 0, 0, 0, 0, 0, 0, 0, 0, 0, 0, 0, 0, 0, 0, 0, 0]
client base client  9, total_num is 40,label is [0, 0, 0, 40, 0, 0, 0, 0, 0, 0, 0, 0, 0, 0, 0, 0, 0, 0, 0, 0, 0, 0, 0, 0, 0, 0, 0, 0, 0, 0, 0, 0, 0, 0, 0, 0, 0, 0, 0, 0, 0, 0, 0, 0, 0, 0, 0, 0, 0, 0, 0, 0, 0, 0, 0, 0, 0, 0, 0, 0, 0, 0, 0, 0, 0, 0, 0, 0, 0, 0, 0, 0, 0, 0, 0, 0, 0, 0, 0, 0, 0, 0, 0, 0, 0, 0, 0, 0, 0, 0, 0, 0, 0, 0, 0, 0, 0, 0, 0, 0]
client base client  10, total_num is 40,label is [0, 0, 0, 0, 0, 6, 0, 0, 0, 0, 34, 0, 0, 0, 0, 0, 0, 0, 0, 0, 0, 0, 0, 0, 0, 0, 0, 0, 0, 0, 0, 0, 0, 0, 0, 0, 0, 0, 0, 0, 0, 0, 0, 0, 0, 0, 0, 0, 0, 0, 0, 0, 0, 0, 0, 0, 0, 0, 0, 0, 0, 0, 0, 0, 0, 0, 0, 0, 0, 0, 0, 0, 0, 0, 0, 0, 0, 0, 0, 0, 0, 0, 0, 0, 0, 0, 0, 0, 0, 0, 0, 0, 0, 0, 0, 0, 0, 0, 0, 0]
client base client  11, total_num is 40,label is [0, 0, 10, 0, 0, 0, 0, 0, 0, 0, 30, 0, 0, 0, 0, 0, 0, 0, 0, 0, 0, 0, 0, 0, 0, 0, 0, 0, 0, 0, 0, 0, 0, 0, 0, 0, 0, 0, 0, 0, 0, 0, 0, 0, 0, 0, 0, 0, 0, 0, 0, 0, 0, 0, 0, 0, 0, 0, 0, 0, 0, 0, 0, 0, 0, 0, 0, 0, 0, 0, 0, 0, 0, 0, 0, 0, 0, 0, 0, 0, 0, 0, 0, 0, 0, 0, 0, 0, 0, 0, 0, 0, 0, 0, 0, 0, 0, 0, 0, 0]
client base client  12, total_num is 40,label is [31, 0, 0, 0, 0, 0, 0, 0, 0, 0, 9, 0, 0, 0, 0, 0, 0, 0, 0, 0, 0, 0, 0, 0, 0, 0, 0, 0, 0, 0, 0, 0, 0, 0, 0, 0, 0, 0, 0, 0, 0, 0, 0, 0, 0, 0, 0, 0, 0, 0, 0, 0, 0, 0, 0, 0, 0, 0, 0, 0, 0, 0, 0, 0, 0, 0, 0, 0, 0, 0, 0, 0, 0, 0, 0, 0, 0, 0, 0, 0, 0, 0, 0, 0, 0, 0, 0, 0, 0, 0, 0, 0, 0, 0, 0, 0, 0, 0, 0, 0]
client base client  13, total_num is 40,label is [0, 0, 28, 0, 0, 6, 0, 0, 0, 0, 6, 0, 0, 0, 0, 0, 0, 0, 0, 0, 0, 0, 0, 0, 0, 0, 0, 0, 0, 0, 0, 0, 0, 0, 0, 0, 0, 0, 0, 0, 0, 0, 0, 0, 0, 0, 0, 0, 0, 0, 0, 0, 0, 0, 0, 0, 0, 0, 0, 0, 0, 0, 0, 0, 0, 0, 0, 0, 0, 0, 0, 0, 0, 0, 0, 0, 0, 0, 0, 0, 0, 0, 0, 0, 0, 0, 0, 0, 0, 0, 0, 0, 0, 0, 0, 0, 0, 0, 0, 0]
client base client  14, total_num is 40,label is [1, 0, 8, 0, 0, 0, 0, 31, 0, 0, 0, 0, 0, 0, 0, 0, 0, 0, 0, 0, 0, 0, 0, 0, 0, 0, 0, 0, 0, 0, 0, 0, 0, 0, 0, 0, 0, 0, 0, 0, 0, 0, 0, 0, 0, 0, 0, 0, 0, 0, 0, 0, 0, 0, 0, 0, 0, 0, 0, 0, 0, 0, 0, 0, 0, 0, 0, 0, 0, 0, 0, 0, 0, 0, 0, 0, 0, 0, 0, 0, 0, 0, 0, 0, 0, 0, 0, 0, 0, 0, 0, 0, 0, 0, 0, 0, 0, 0, 0, 0]
client base client  15, total_num is 40,label is [30, 0, 0, 0, 0, 0, 0, 10, 0, 0, 0, 0, 0, 0, 0, 0, 0, 0, 0, 0, 0, 0, 0, 0, 0, 0, 0, 0, 0, 0, 0, 0, 0, 0, 0, 0, 0, 0, 0, 0, 0, 0, 0, 0, 0, 0, 0, 0, 0, 0, 0, 0, 0, 0, 0, 0, 0, 0, 0, 0, 0, 0, 0, 0, 0, 0, 0, 0, 0, 0, 0, 0, 0, 0, 0, 0, 0, 0, 0, 0, 0, 0, 0, 0, 0, 0, 0, 0, 0, 0, 0, 0, 0, 0, 0, 0, 0, 0, 0, 0]
client base client  16, total_num is 52,label is [0, 0, 0, 0, 0, 0, 52, 0, 0, 0, 0, 0, 0, 0, 0, 0, 0, 0, 0, 0, 0, 0, 0, 0, 0, 0, 0, 0, 0, 0, 0, 0, 0, 0, 0, 0, 0, 0, 0, 0, 0, 0, 0, 0, 0, 0, 0, 0, 0, 0, 0, 0, 0, 0, 0, 0, 0, 0, 0, 0, 0, 0, 0, 0, 0, 0, 0, 0, 0, 0, 0, 0, 0, 0, 0, 0, 0, 0, 0, 0, 0, 0, 0, 0, 0, 0, 0, 0, 0, 0, 0, 0, 0, 0, 0, 0, 0, 0, 0, 0]
client base client  17, total_num is 40,label is [40, 0, 0, 0, 0, 0, 0, 0, 0, 0, 0, 0, 0, 0, 0, 0, 0, 0, 0, 0, 0, 0, 0, 0, 0, 0, 0, 0, 0, 0, 0, 0, 0, 0, 0, 0, 0, 0, 0, 0, 0, 0, 0, 0, 0, 0, 0, 0, 0, 0, 0, 0, 0, 0, 0, 0, 0, 0, 0, 0, 0, 0, 0, 0, 0, 0, 0, 0, 0, 0, 0, 0, 0, 0, 0, 0, 0, 0, 0, 0, 0, 0, 0, 0, 0, 0, 0, 0, 0, 0, 0, 0, 0, 0, 0, 0, 0, 0, 0, 0]
client base client  18, total_num is 40,label is [0, 0, 0, 0, 40, 0, 0, 0, 0, 0, 0, 0, 0, 0, 0, 0, 0, 0, 0, 0, 0, 0, 0, 0, 0, 0, 0, 0, 0, 0, 0, 0, 0, 0, 0, 0, 0, 0, 0, 0, 0, 0, 0, 0, 0, 0, 0, 0, 0, 0, 0, 0, 0, 0, 0, 0, 0, 0, 0, 0, 0, 0, 0, 0, 0, 0, 0, 0, 0, 0, 0, 0, 0, 0, 0, 0, 0, 0, 0, 0, 0, 0, 0, 0, 0, 0, 0, 0, 0, 0, 0, 0, 0, 0, 0, 0, 0, 0, 0, 0]
client base client  19, total_num is 40,label is [0, 0, 0, 0, 0, 0, 0, 0, 0, 0, 40, 0, 0, 0, 0, 0, 0, 0, 0, 0, 0, 0, 0, 0, 0, 0, 0, 0, 0, 0, 0, 0, 0, 0, 0, 0, 0, 0, 0, 0, 0, 0, 0, 0, 0, 0, 0, 0, 0, 0, 0, 0, 0, 0, 0, 0, 0, 0, 0, 0, 0, 0, 0, 0, 0, 0, 0, 0, 0, 0, 0, 0, 0, 0, 0, 0, 0, 0, 0, 0, 0, 0, 0, 0, 0, 0, 0, 0, 0, 0, 0, 0, 0, 0, 0, 0, 0, 0, 0, 0]
client base client  20, total_num is 40,label is [10, 0, 0, 0, 0, 15, 15, 0, 0, 0, 0, 0, 0, 0, 0, 0, 0, 0, 0, 0, 0, 0, 0, 0, 0, 0, 0, 0, 0, 0, 0, 0, 0, 0, 0, 0, 0, 0, 0, 0, 0, 0, 0, 0, 0, 0, 0, 0, 0, 0, 0, 0, 0, 0, 0, 0, 0, 0, 0, 0, 0, 0, 0, 0, 0, 0, 0, 0, 0, 0, 0, 0, 0, 0, 0, 0, 0, 0, 0, 0, 0, 0, 0, 0, 0, 0, 0, 0, 0, 0, 0, 0, 0, 0, 0, 0, 0, 0, 0, 0]
client base client  21, total_num is 40,label is [0, 0, 0, 0, 0, 0, 0, 40, 0, 0, 0, 0, 0, 0, 0, 0, 0, 0, 0, 0, 0, 0, 0, 0, 0, 0, 0, 0, 0, 0, 0, 0, 0, 0, 0, 0, 0, 0, 0, 0, 0, 0, 0, 0, 0, 0, 0, 0, 0, 0, 0, 0, 0, 0, 0, 0, 0, 0, 0, 0, 0, 0, 0, 0, 0, 0, 0, 0, 0, 0, 0, 0, 0, 0, 0, 0, 0, 0, 0, 0, 0, 0, 0, 0, 0, 0, 0, 0, 0, 0, 0, 0, 0, 0, 0, 0, 0, 0, 0, 0]
client base client  22, total_num is 40,label is [0, 0, 0, 0, 0, 28, 0, 0, 3, 0, 0, 8, 0, 0, 1, 0, 0, 0, 0, 0, 0, 0, 0, 0, 0, 0, 0, 0, 0, 0, 0, 0, 0, 0, 0, 0, 0, 0, 0, 0, 0, 0, 0, 0, 0, 0, 0, 0, 0, 0, 0, 0, 0, 0, 0, 0, 0, 0, 0, 0, 0, 0, 0, 0, 0, 0, 0, 0, 0, 0, 0, 0, 0, 0, 0, 0, 0, 0, 0, 0, 0, 0, 0, 0, 0, 0, 0, 0, 0, 0, 0, 0, 0, 0, 0, 0, 0, 0, 0, 0]
client base client  23, total_num is 40,label is [0, 0, 0, 0, 0, 40, 0, 0, 0, 0, 0, 0, 0, 0, 0, 0, 0, 0, 0, 0, 0, 0, 0, 0, 0, 0, 0, 0, 0, 0, 0, 0, 0, 0, 0, 0, 0, 0, 0, 0, 0, 0, 0, 0, 0, 0, 0, 0, 0, 0, 0, 0, 0, 0, 0, 0, 0, 0, 0, 0, 0, 0, 0, 0, 0, 0, 0, 0, 0, 0, 0, 0, 0, 0, 0, 0, 0, 0, 0, 0, 0, 0, 0, 0, 0, 0, 0, 0, 0, 0, 0, 0, 0, 0, 0, 0, 0, 0, 0, 0]
client base client  24, total_num is 40,label is [0, 0, 6, 1, 0, 0, 0, 0, 9, 24, 0, 0, 0, 0, 0, 0, 0, 0, 0, 0, 0, 0, 0, 0, 0, 0, 0, 0, 0, 0, 0, 0, 0, 0, 0, 0, 0, 0, 0, 0, 0, 0, 0, 0, 0, 0, 0, 0, 0, 0, 0, 0, 0, 0, 0, 0, 0, 0, 0, 0, 0, 0, 0, 0, 0, 0, 0, 0, 0, 0, 0, 0, 0, 0, 0, 0, 0, 0, 0, 0, 0, 0, 0, 0, 0, 0, 0, 0, 0, 0, 0, 0, 0, 0, 0, 0, 0, 0, 0, 0]
client base client  25, total_num is 40,label is [0, 0, 0, 0, 0, 0, 0, 0, 0, 40, 0, 0, 0, 0, 0, 0, 0, 0, 0, 0, 0, 0, 0, 0, 0, 0, 0, 0, 0, 0, 0, 0, 0, 0, 0, 0, 0, 0, 0, 0, 0, 0, 0, 0, 0, 0, 0, 0, 0, 0, 0, 0, 0, 0, 0, 0, 0, 0, 0, 0, 0, 0, 0, 0, 0, 0, 0, 0, 0, 0, 0, 0, 0, 0, 0, 0, 0, 0, 0, 0, 0, 0, 0, 0, 0, 0, 0, 0, 0, 0, 0, 0, 0, 0, 0, 0, 0, 0, 0, 0]
client base client  26, total_num is 40,label is [7, 16, 0, 0, 0, 0, 0, 0, 0, 17, 0, 0, 0, 0, 0, 0, 0, 0, 0, 0, 0, 0, 0, 0, 0, 0, 0, 0, 0, 0, 0, 0, 0, 0, 0, 0, 0, 0, 0, 0, 0, 0, 0, 0, 0, 0, 0, 0, 0, 0, 0, 0, 0, 0, 0, 0, 0, 0, 0, 0, 0, 0, 0, 0, 0, 0, 0, 0, 0, 0, 0, 0, 0, 0, 0, 0, 0, 0, 0, 0, 0, 0, 0, 0, 0, 0, 0, 0, 0, 0, 0, 0, 0, 0, 0, 0, 0, 0, 0, 0]
client base client  27, total_num is 167,label is [0, 0, 0, 167, 0, 0, 0, 0, 0, 0, 0, 0, 0, 0, 0, 0, 0, 0, 0, 0, 0, 0, 0, 0, 0, 0, 0, 0, 0, 0, 0, 0, 0, 0, 0, 0, 0, 0, 0, 0, 0, 0, 0, 0, 0, 0, 0, 0, 0, 0, 0, 0, 0, 0, 0, 0, 0, 0, 0, 0, 0, 0, 0, 0, 0, 0, 0, 0, 0, 0, 0, 0, 0, 0, 0, 0, 0, 0, 0, 0, 0, 0, 0, 0, 0, 0, 0, 0, 0, 0, 0, 0, 0, 0, 0, 0, 0, 0, 0, 0]
client base client  28, total_num is 63,label is [0, 0, 54, 9, 0, 0, 0, 0, 0, 0, 0, 0, 0, 0, 0, 0, 0, 0, 0, 0, 0, 0, 0, 0, 0, 0, 0, 0, 0, 0, 0, 0, 0, 0, 0, 0, 0, 0, 0, 0, 0, 0, 0, 0, 0, 0, 0, 0, 0, 0, 0, 0, 0, 0, 0, 0, 0, 0, 0, 0, 0, 0, 0, 0, 0, 0, 0, 0, 0, 0, 0, 0, 0, 0, 0, 0, 0, 0, 0, 0, 0, 0, 0, 0, 0, 0, 0, 0, 0, 0, 0, 0, 0, 0, 0, 0, 0, 0, 0, 0]
client base client  29, total_num is 40,label is [0, 9, 13, 0, 6, 0, 0, 0, 0, 12, 0, 0, 0, 0, 0, 0, 0, 0, 0, 0, 0, 0, 0, 0, 0, 0, 0, 0, 0, 0, 0, 0, 0, 0, 0, 0, 0, 0, 0, 0, 0, 0, 0, 0, 0, 0, 0, 0, 0, 0, 0, 0, 0, 0, 0, 0, 0, 0, 0, 0, 0, 0, 0, 0, 0, 0, 0, 0, 0, 0, 0, 0, 0, 0, 0, 0, 0, 0, 0, 0, 0, 0, 0, 0, 0, 0, 0, 0, 0, 0, 0, 0, 0, 0, 0, 0, 0, 0, 0, 0]
client base client  30, total_num is 266,label is [0, 245, 0, 0, 0, 0, 0, 0, 0, 0, 0, 0, 0, 0, 0, 21, 0, 0, 0, 0, 0, 0, 0, 0, 0, 0, 0, 0, 0, 0, 0, 0, 0, 0, 0, 0, 0, 0, 0, 0, 0, 0, 0, 0, 0, 0, 0, 0, 0, 0, 0, 0, 0, 0, 0, 0, 0, 0, 0, 0, 0, 0, 0, 0, 0, 0, 0, 0, 0, 0, 0, 0, 0, 0, 0, 0, 0, 0, 0, 0, 0, 0, 0, 0, 0, 0, 0, 0, 0, 0, 0, 0, 0, 0, 0, 0, 0, 0, 0, 0]
client base client  31, total_num is 77,label is [0, 0, 0, 0, 0, 0, 8, 0, 0, 0, 0, 0, 0, 0, 0, 69, 0, 0, 0, 0, 0, 0, 0, 0, 0, 0, 0, 0, 0, 0, 0, 0, 0, 0, 0, 0, 0, 0, 0, 0, 0, 0, 0, 0, 0, 0, 0, 0, 0, 0, 0, 0, 0, 0, 0, 0, 0, 0, 0, 0, 0, 0, 0, 0, 0, 0, 0, 0, 0, 0, 0, 0, 0, 0, 0, 0, 0, 0, 0, 0, 0, 0, 0, 0, 0, 0, 0, 0, 0, 0, 0, 0, 0, 0, 0, 0, 0, 0, 0, 0]
client base client  32, total_num is 40,label is [0, 5, 0, 0, 35, 0, 0, 0, 0, 0, 0, 0, 0, 0, 0, 0, 0, 0, 0, 0, 0, 0, 0, 0, 0, 0, 0, 0, 0, 0, 0, 0, 0, 0, 0, 0, 0, 0, 0, 0, 0, 0, 0, 0, 0, 0, 0, 0, 0, 0, 0, 0, 0, 0, 0, 0, 0, 0, 0, 0, 0, 0, 0, 0, 0, 0, 0, 0, 0, 0, 0, 0, 0, 0, 0, 0, 0, 0, 0, 0, 0, 0, 0, 0, 0, 0, 0, 0, 0, 0, 0, 0, 0, 0, 0, 0, 0, 0, 0, 0]
client base client  33, total_num is 50,label is [0, 0, 16, 0, 34, 0, 0, 0, 0, 0, 0, 0, 0, 0, 0, 0, 0, 0, 0, 0, 0, 0, 0, 0, 0, 0, 0, 0, 0, 0, 0, 0, 0, 0, 0, 0, 0, 0, 0, 0, 0, 0, 0, 0, 0, 0, 0, 0, 0, 0, 0, 0, 0, 0, 0, 0, 0, 0, 0, 0, 0, 0, 0, 0, 0, 0, 0, 0, 0, 0, 0, 0, 0, 0, 0, 0, 0, 0, 0, 0, 0, 0, 0, 0, 0, 0, 0, 0, 0, 0, 0, 0, 0, 0, 0, 0, 0, 0, 0, 0]
client base client  34, total_num is 145,label is [0, 0, 0, 0, 104, 41, 0, 0, 0, 0, 0, 0, 0, 0, 0, 0, 0, 0, 0, 0, 0, 0, 0, 0, 0, 0, 0, 0, 0, 0, 0, 0, 0, 0, 0, 0, 0, 0, 0, 0, 0, 0, 0, 0, 0, 0, 0, 0, 0, 0, 0, 0, 0, 0, 0, 0, 0, 0, 0, 0, 0, 0, 0, 0, 0, 0, 0, 0, 0, 0, 0, 0, 0, 0, 0, 0, 0, 0, 0, 0, 0, 0, 0, 0, 0, 0, 0, 0, 0, 0, 0, 0, 0, 0, 0, 0, 0, 0, 0, 0]
client base client  35, total_num is 54,label is [0, 0, 0, 0, 31, 23, 0, 0, 0, 0, 0, 0, 0, 0, 0, 0, 0, 0, 0, 0, 0, 0, 0, 0, 0, 0, 0, 0, 0, 0, 0, 0, 0, 0, 0, 0, 0, 0, 0, 0, 0, 0, 0, 0, 0, 0, 0, 0, 0, 0, 0, 0, 0, 0, 0, 0, 0, 0, 0, 0, 0, 0, 0, 0, 0, 0, 0, 0, 0, 0, 0, 0, 0, 0, 0, 0, 0, 0, 0, 0, 0, 0, 0, 0, 0, 0, 0, 0, 0, 0, 0, 0, 0, 0, 0, 0, 0, 0, 0, 0]
client base client  36, total_num is 64,label is [0, 0, 56, 0, 0, 0, 8, 0, 0, 0, 0, 0, 0, 0, 0, 0, 0, 0, 0, 0, 0, 0, 0, 0, 0, 0, 0, 0, 0, 0, 0, 0, 0, 0, 0, 0, 0, 0, 0, 0, 0, 0, 0, 0, 0, 0, 0, 0, 0, 0, 0, 0, 0, 0, 0, 0, 0, 0, 0, 0, 0, 0, 0, 0, 0, 0, 0, 0, 0, 0, 0, 0, 0, 0, 0, 0, 0, 0, 0, 0, 0, 0, 0, 0, 0, 0, 0, 0, 0, 0, 0, 0, 0, 0, 0, 0, 0, 0, 0, 0]
client base client  37, total_num is 58,label is [0, 0, 56, 0, 0, 0, 2, 0, 0, 0, 0, 0, 0, 0, 0, 0, 0, 0, 0, 0, 0, 0, 0, 0, 0, 0, 0, 0, 0, 0, 0, 0, 0, 0, 0, 0, 0, 0, 0, 0, 0, 0, 0, 0, 0, 0, 0, 0, 0, 0, 0, 0, 0, 0, 0, 0, 0, 0, 0, 0, 0, 0, 0, 0, 0, 0, 0, 0, 0, 0, 0, 0, 0, 0, 0, 0, 0, 0, 0, 0, 0, 0, 0, 0, 0, 0, 0, 0, 0, 0, 0, 0, 0, 0, 0, 0, 0, 0, 0, 0]
client base client  38, total_num is 164,label is [0, 0, 0, 0, 0, 0, 0, 0, 0, 0, 123, 0, 0, 0, 41, 0, 0, 0, 0, 0, 0, 0, 0, 0, 0, 0, 0, 0, 0, 0, 0, 0, 0, 0, 0, 0, 0, 0, 0, 0, 0, 0, 0, 0, 0, 0, 0, 0, 0, 0, 0, 0, 0, 0, 0, 0, 0, 0, 0, 0, 0, 0, 0, 0, 0, 0, 0, 0, 0, 0, 0, 0, 0, 0, 0, 0, 0, 0, 0, 0, 0, 0, 0, 0, 0, 0, 0, 0, 0, 0, 0, 0, 0, 0, 0, 0, 0, 0, 0, 0]
client base client  39, total_num is 89,label is [0, 0, 82, 0, 0, 0, 0, 0, 7, 0, 0, 0, 0, 0, 0, 0, 0, 0, 0, 0, 0, 0, 0, 0, 0, 0, 0, 0, 0, 0, 0, 0, 0, 0, 0, 0, 0, 0, 0, 0, 0, 0, 0, 0, 0, 0, 0, 0, 0, 0, 0, 0, 0, 0, 0, 0, 0, 0, 0, 0, 0, 0, 0, 0, 0, 0, 0, 0, 0, 0, 0, 0, 0, 0, 0, 0, 0, 0, 0, 0, 0, 0, 0, 0, 0, 0, 0, 0, 0, 0, 0, 0, 0, 0, 0, 0, 0, 0, 0, 0]
client base client  40, total_num is 163,label is [0, 0, 0, 0, 0, 0, 0, 72, 0, 0, 91, 0, 0, 0, 0, 0, 0, 0, 0, 0, 0, 0, 0, 0, 0, 0, 0, 0, 0, 0, 0, 0, 0, 0, 0, 0, 0, 0, 0, 0, 0, 0, 0, 0, 0, 0, 0, 0, 0, 0, 0, 0, 0, 0, 0, 0, 0, 0, 0, 0, 0, 0, 0, 0, 0, 0, 0, 0, 0, 0, 0, 0, 0, 0, 0, 0, 0, 0, 0, 0, 0, 0, 0, 0, 0, 0, 0, 0, 0, 0, 0, 0, 0, 0, 0, 0, 0, 0, 0, 0]
client base client  41, total_num is 40,label is [0, 32, 5, 3, 0, 0, 0, 0, 0, 0, 0, 0, 0, 0, 0, 0, 0, 0, 0, 0, 0, 0, 0, 0, 0, 0, 0, 0, 0, 0, 0, 0, 0, 0, 0, 0, 0, 0, 0, 0, 0, 0, 0, 0, 0, 0, 0, 0, 0, 0, 0, 0, 0, 0, 0, 0, 0, 0, 0, 0, 0, 0, 0, 0, 0, 0, 0, 0, 0, 0, 0, 0, 0, 0, 0, 0, 0, 0, 0, 0, 0, 0, 0, 0, 0, 0, 0, 0, 0, 0, 0, 0, 0, 0, 0, 0, 0, 0, 0, 0]
client base client  42, total_num is 93,label is [0, 0, 0, 65, 28, 0, 0, 0, 0, 0, 0, 0, 0, 0, 0, 0, 0, 0, 0, 0, 0, 0, 0, 0, 0, 0, 0, 0, 0, 0, 0, 0, 0, 0, 0, 0, 0, 0, 0, 0, 0, 0, 0, 0, 0, 0, 0, 0, 0, 0, 0, 0, 0, 0, 0, 0, 0, 0, 0, 0, 0, 0, 0, 0, 0, 0, 0, 0, 0, 0, 0, 0, 0, 0, 0, 0, 0, 0, 0, 0, 0, 0, 0, 0, 0, 0, 0, 0, 0, 0, 0, 0, 0, 0, 0, 0, 0, 0, 0, 0]
client base client  43, total_num is 82,label is [6, 0, 0, 0, 0, 0, 0, 76, 0, 0, 0, 0, 0, 0, 0, 0, 0, 0, 0, 0, 0, 0, 0, 0, 0, 0, 0, 0, 0, 0, 0, 0, 0, 0, 0, 0, 0, 0, 0, 0, 0, 0, 0, 0, 0, 0, 0, 0, 0, 0, 0, 0, 0, 0, 0, 0, 0, 0, 0, 0, 0, 0, 0, 0, 0, 0, 0, 0, 0, 0, 0, 0, 0, 0, 0, 0, 0, 0, 0, 0, 0, 0, 0, 0, 0, 0, 0, 0, 0, 0, 0, 0, 0, 0, 0, 0, 0, 0, 0, 0]
client base client  44, total_num is 156,label is [155, 0, 1, 0, 0, 0, 0, 0, 0, 0, 0, 0, 0, 0, 0, 0, 0, 0, 0, 0, 0, 0, 0, 0, 0, 0, 0, 0, 0, 0, 0, 0, 0, 0, 0, 0, 0, 0, 0, 0, 0, 0, 0, 0, 0, 0, 0, 0, 0, 0, 0, 0, 0, 0, 0, 0, 0, 0, 0, 0, 0, 0, 0, 0, 0, 0, 0, 0, 0, 0, 0, 0, 0, 0, 0, 0, 0, 0, 0, 0, 0, 0, 0, 0, 0, 0, 0, 0, 0, 0, 0, 0, 0, 0, 0, 0, 0, 0, 0, 0]
client base client  45, total_num is 55,label is [0, 0, 0, 0, 0, 0, 7, 48, 0, 0, 0, 0, 0, 0, 0, 0, 0, 0, 0, 0, 0, 0, 0, 0, 0, 0, 0, 0, 0, 0, 0, 0, 0, 0, 0, 0, 0, 0, 0, 0, 0, 0, 0, 0, 0, 0, 0, 0, 0, 0, 0, 0, 0, 0, 0, 0, 0, 0, 0, 0, 0, 0, 0, 0, 0, 0, 0, 0, 0, 0, 0, 0, 0, 0, 0, 0, 0, 0, 0, 0, 0, 0, 0, 0, 0, 0, 0, 0, 0, 0, 0, 0, 0, 0, 0, 0, 0, 0, 0, 0]
client base client  46, total_num is 44,label is [0, 0, 0, 35, 0, 0, 0, 9, 0, 0, 0, 0, 0, 0, 0, 0, 0, 0, 0, 0, 0, 0, 0, 0, 0, 0, 0, 0, 0, 0, 0, 0, 0, 0, 0, 0, 0, 0, 0, 0, 0, 0, 0, 0, 0, 0, 0, 0, 0, 0, 0, 0, 0, 0, 0, 0, 0, 0, 0, 0, 0, 0, 0, 0, 0, 0, 0, 0, 0, 0, 0, 0, 0, 0, 0, 0, 0, 0, 0, 0, 0, 0, 0, 0, 0, 0, 0, 0, 0, 0, 0, 0, 0, 0, 0, 0, 0, 0, 0, 0]
client base client  47, total_num is 40,label is [0, 0, 32, 0, 0, 7, 0, 0, 0, 0, 1, 0, 0, 0, 0, 0, 0, 0, 0, 0, 0, 0, 0, 0, 0, 0, 0, 0, 0, 0, 0, 0, 0, 0, 0, 0, 0, 0, 0, 0, 0, 0, 0, 0, 0, 0, 0, 0, 0, 0, 0, 0, 0, 0, 0, 0, 0, 0, 0, 0, 0, 0, 0, 0, 0, 0, 0, 0, 0, 0, 0, 0, 0, 0, 0, 0, 0, 0, 0, 0, 0, 0, 0, 0, 0, 0, 0, 0, 0, 0, 0, 0, 0, 0, 0, 0, 0, 0, 0, 0]
client base client  48, total_num is 40,label is [0, 0, 7, 0, 0, 1, 0, 0, 0, 0, 0, 0, 0, 32, 0, 0, 0, 0, 0, 0, 0, 0, 0, 0, 0, 0, 0, 0, 0, 0, 0, 0, 0, 0, 0, 0, 0, 0, 0, 0, 0, 0, 0, 0, 0, 0, 0, 0, 0, 0, 0, 0, 0, 0, 0, 0, 0, 0, 0, 0, 0, 0, 0, 0, 0, 0, 0, 0, 0, 0, 0, 0, 0, 0, 0, 0, 0, 0, 0, 0, 0, 0, 0, 0, 0, 0, 0, 0, 0, 0, 0, 0, 0, 0, 0, 0, 0, 0, 0, 0]
client base client  49, total_num is 64,label is [0, 33, 0, 31, 0, 0, 0, 0, 0, 0, 0, 0, 0, 0, 0, 0, 0, 0, 0, 0, 0, 0, 0, 0, 0, 0, 0, 0, 0, 0, 0, 0, 0, 0, 0, 0, 0, 0, 0, 0, 0, 0, 0, 0, 0, 0, 0, 0, 0, 0, 0, 0, 0, 0, 0, 0, 0, 0, 0, 0, 0, 0, 0, 0, 0, 0, 0, 0, 0, 0, 0, 0, 0, 0, 0, 0, 0, 0, 0, 0, 0, 0, 0, 0, 0, 0, 0, 0, 0, 0, 0, 0, 0, 0, 0, 0, 0, 0, 0, 0]
client base client  50, total_num is 107,label is [0, 0, 0, 0, 0, 0, 78, 0, 0, 0, 0, 0, 0, 0, 29, 0, 0, 0, 0, 0, 0, 0, 0, 0, 0, 0, 0, 0, 0, 0, 0, 0, 0, 0, 0, 0, 0, 0, 0, 0, 0, 0, 0, 0, 0, 0, 0, 0, 0, 0, 0, 0, 0, 0, 0, 0, 0, 0, 0, 0, 0, 0, 0, 0, 0, 0, 0, 0, 0, 0, 0, 0, 0, 0, 0, 0, 0, 0, 0, 0, 0, 0, 0, 0, 0, 0, 0, 0, 0, 0, 0, 0, 0, 0, 0, 0, 0, 0, 0, 0]
client base client  51, total_num is 82,label is [0, 0, 9, 0, 0, 73, 0, 0, 0, 0, 0, 0, 0, 0, 0, 0, 0, 0, 0, 0, 0, 0, 0, 0, 0, 0, 0, 0, 0, 0, 0, 0, 0, 0, 0, 0, 0, 0, 0, 0, 0, 0, 0, 0, 0, 0, 0, 0, 0, 0, 0, 0, 0, 0, 0, 0, 0, 0, 0, 0, 0, 0, 0, 0, 0, 0, 0, 0, 0, 0, 0, 0, 0, 0, 0, 0, 0, 0, 0, 0, 0, 0, 0, 0, 0, 0, 0, 0, 0, 0, 0, 0, 0, 0, 0, 0, 0, 0, 0, 0]
client base client  52, total_num is 83,label is [0, 0, 0, 0, 0, 0, 61, 0, 22, 0, 0, 0, 0, 0, 0, 0, 0, 0, 0, 0, 0, 0, 0, 0, 0, 0, 0, 0, 0, 0, 0, 0, 0, 0, 0, 0, 0, 0, 0, 0, 0, 0, 0, 0, 0, 0, 0, 0, 0, 0, 0, 0, 0, 0, 0, 0, 0, 0, 0, 0, 0, 0, 0, 0, 0, 0, 0, 0, 0, 0, 0, 0, 0, 0, 0, 0, 0, 0, 0, 0, 0, 0, 0, 0, 0, 0, 0, 0, 0, 0, 0, 0, 0, 0, 0, 0, 0, 0, 0, 0]
client base client  53, total_num is 164,label is [0, 0, 0, 4, 0, 160, 0, 0, 0, 0, 0, 0, 0, 0, 0, 0, 0, 0, 0, 0, 0, 0, 0, 0, 0, 0, 0, 0, 0, 0, 0, 0, 0, 0, 0, 0, 0, 0, 0, 0, 0, 0, 0, 0, 0, 0, 0, 0, 0, 0, 0, 0, 0, 0, 0, 0, 0, 0, 0, 0, 0, 0, 0, 0, 0, 0, 0, 0, 0, 0, 0, 0, 0, 0, 0, 0, 0, 0, 0, 0, 0, 0, 0, 0, 0, 0, 0, 0, 0, 0, 0, 0, 0, 0, 0, 0, 0, 0, 0, 0]
client base client  54, total_num is 58,label is [52, 0, 0, 6, 0, 0, 0, 0, 0, 0, 0, 0, 0, 0, 0, 0, 0, 0, 0, 0, 0, 0, 0, 0, 0, 0, 0, 0, 0, 0, 0, 0, 0, 0, 0, 0, 0, 0, 0, 0, 0, 0, 0, 0, 0, 0, 0, 0, 0, 0, 0, 0, 0, 0, 0, 0, 0, 0, 0, 0, 0, 0, 0, 0, 0, 0, 0, 0, 0, 0, 0, 0, 0, 0, 0, 0, 0, 0, 0, 0, 0, 0, 0, 0, 0, 0, 0, 0, 0, 0, 0, 0, 0, 0, 0, 0, 0, 0, 0, 0]
client base client  55, total_num is 50,label is [18, 0, 0, 0, 0, 0, 0, 0, 32, 0, 0, 0, 0, 0, 0, 0, 0, 0, 0, 0, 0, 0, 0, 0, 0, 0, 0, 0, 0, 0, 0, 0, 0, 0, 0, 0, 0, 0, 0, 0, 0, 0, 0, 0, 0, 0, 0, 0, 0, 0, 0, 0, 0, 0, 0, 0, 0, 0, 0, 0, 0, 0, 0, 0, 0, 0, 0, 0, 0, 0, 0, 0, 0, 0, 0, 0, 0, 0, 0, 0, 0, 0, 0, 0, 0, 0, 0, 0, 0, 0, 0, 0, 0, 0, 0, 0, 0, 0, 0, 0]
client base client  56, total_num is 40,label is [0, 0, 23, 0, 0, 0, 5, 0, 12, 0, 0, 0, 0, 0, 0, 0, 0, 0, 0, 0, 0, 0, 0, 0, 0, 0, 0, 0, 0, 0, 0, 0, 0, 0, 0, 0, 0, 0, 0, 0, 0, 0, 0, 0, 0, 0, 0, 0, 0, 0, 0, 0, 0, 0, 0, 0, 0, 0, 0, 0, 0, 0, 0, 0, 0, 0, 0, 0, 0, 0, 0, 0, 0, 0, 0, 0, 0, 0, 0, 0, 0, 0, 0, 0, 0, 0, 0, 0, 0, 0, 0, 0, 0, 0, 0, 0, 0, 0, 0, 0]
client base client  57, total_num is 79,label is [40, 0, 39, 0, 0, 0, 0, 0, 0, 0, 0, 0, 0, 0, 0, 0, 0, 0, 0, 0, 0, 0, 0, 0, 0, 0, 0, 0, 0, 0, 0, 0, 0, 0, 0, 0, 0, 0, 0, 0, 0, 0, 0, 0, 0, 0, 0, 0, 0, 0, 0, 0, 0, 0, 0, 0, 0, 0, 0, 0, 0, 0, 0, 0, 0, 0, 0, 0, 0, 0, 0, 0, 0, 0, 0, 0, 0, 0, 0, 0, 0, 0, 0, 0, 0, 0, 0, 0, 0, 0, 0, 0, 0, 0, 0, 0, 0, 0, 0, 0]
client base client  58, total_num is 40,label is [0, 0, 20, 0, 10, 0, 0, 0, 10, 0, 0, 0, 0, 0, 0, 0, 0, 0, 0, 0, 0, 0, 0, 0, 0, 0, 0, 0, 0, 0, 0, 0, 0, 0, 0, 0, 0, 0, 0, 0, 0, 0, 0, 0, 0, 0, 0, 0, 0, 0, 0, 0, 0, 0, 0, 0, 0, 0, 0, 0, 0, 0, 0, 0, 0, 0, 0, 0, 0, 0, 0, 0, 0, 0, 0, 0, 0, 0, 0, 0, 0, 0, 0, 0, 0, 0, 0, 0, 0, 0, 0, 0, 0, 0, 0, 0, 0, 0, 0, 0]
client base client  59, total_num is 40,label is [0, 0, 18, 11, 0, 0, 0, 0, 11, 0, 0, 0, 0, 0, 0, 0, 0, 0, 0, 0, 0, 0, 0, 0, 0, 0, 0, 0, 0, 0, 0, 0, 0, 0, 0, 0, 0, 0, 0, 0, 0, 0, 0, 0, 0, 0, 0, 0, 0, 0, 0, 0, 0, 0, 0, 0, 0, 0, 0, 0, 0, 0, 0, 0, 0, 0, 0, 0, 0, 0, 0, 0, 0, 0, 0, 0, 0, 0, 0, 0, 0, 0, 0, 0, 0, 0, 0, 0, 0, 0, 0, 0, 0, 0, 0, 0, 0, 0, 0, 0]
client base client  60, total_num is 75,label is [0, 0, 0, 0, 0, 0, 11, 0, 0, 2, 0, 21, 41, 0, 0, 0, 0, 0, 0, 0, 0, 0, 0, 0, 0, 0, 0, 0, 0, 0, 0, 0, 0, 0, 0, 0, 0, 0, 0, 0, 0, 0, 0, 0, 0, 0, 0, 0, 0, 0, 0, 0, 0, 0, 0, 0, 0, 0, 0, 0, 0, 0, 0, 0, 0, 0, 0, 0, 0, 0, 0, 0, 0, 0, 0, 0, 0, 0, 0, 0, 0, 0, 0, 0, 0, 0, 0, 0, 0, 0, 0, 0, 0, 0, 0, 0, 0, 0, 0, 0]
client base client  61, total_num is 66,label is [0, 0, 0, 0, 0, 0, 0, 0, 0, 8, 0, 0, 0, 0, 35, 0, 0, 19, 0, 0, 0, 4, 0, 0, 0, 0, 0, 0, 0, 0, 0, 0, 0, 0, 0, 0, 0, 0, 0, 0, 0, 0, 0, 0, 0, 0, 0, 0, 0, 0, 0, 0, 0, 0, 0, 0, 0, 0, 0, 0, 0, 0, 0, 0, 0, 0, 0, 0, 0, 0, 0, 0, 0, 0, 0, 0, 0, 0, 0, 0, 0, 0, 0, 0, 0, 0, 0, 0, 0, 0, 0, 0, 0, 0, 0, 0, 0, 0, 0, 0]
client base client  62, total_num is 238,label is [5, 3, 0, 0, 0, 71, 0, 0, 0, 0, 0, 0, 0, 0, 0, 0, 159, 0, 0, 0, 0, 0, 0, 0, 0, 0, 0, 0, 0, 0, 0, 0, 0, 0, 0, 0, 0, 0, 0, 0, 0, 0, 0, 0, 0, 0, 0, 0, 0, 0, 0, 0, 0, 0, 0, 0, 0, 0, 0, 0, 0, 0, 0, 0, 0, 0, 0, 0, 0, 0, 0, 0, 0, 0, 0, 0, 0, 0, 0, 0, 0, 0, 0, 0, 0, 0, 0, 0, 0, 0, 0, 0, 0, 0, 0, 0, 0, 0, 0, 0]
client base client  63, total_num is 109,label is [0, 0, 0, 0, 1, 0, 0, 76, 0, 0, 30, 2, 0, 0, 0, 0, 0, 0, 0, 0, 0, 0, 0, 0, 0, 0, 0, 0, 0, 0, 0, 0, 0, 0, 0, 0, 0, 0, 0, 0, 0, 0, 0, 0, 0, 0, 0, 0, 0, 0, 0, 0, 0, 0, 0, 0, 0, 0, 0, 0, 0, 0, 0, 0, 0, 0, 0, 0, 0, 0, 0, 0, 0, 0, 0, 0, 0, 0, 0, 0, 0, 0, 0, 0, 0, 0, 0, 0, 0, 0, 0, 0, 0, 0, 0, 0, 0, 0, 0, 0]
client base client  64, total_num is 92,label is [0, 0, 0, 0, 25, 0, 0, 0, 15, 0, 0, 0, 49, 3, 0, 0, 0, 0, 0, 0, 0, 0, 0, 0, 0, 0, 0, 0, 0, 0, 0, 0, 0, 0, 0, 0, 0, 0, 0, 0, 0, 0, 0, 0, 0, 0, 0, 0, 0, 0, 0, 0, 0, 0, 0, 0, 0, 0, 0, 0, 0, 0, 0, 0, 0, 0, 0, 0, 0, 0, 0, 0, 0, 0, 0, 0, 0, 0, 0, 0, 0, 0, 0, 0, 0, 0, 0, 0, 0, 0, 0, 0, 0, 0, 0, 0, 0, 0, 0, 0]
client base client  65, total_num is 83,label is [0, 0, 14, 0, 0, 0, 8, 0, 0, 0, 0, 34, 27, 0, 0, 0, 0, 0, 0, 0, 0, 0, 0, 0, 0, 0, 0, 0, 0, 0, 0, 0, 0, 0, 0, 0, 0, 0, 0, 0, 0, 0, 0, 0, 0, 0, 0, 0, 0, 0, 0, 0, 0, 0, 0, 0, 0, 0, 0, 0, 0, 0, 0, 0, 0, 0, 0, 0, 0, 0, 0, 0, 0, 0, 0, 0, 0, 0, 0, 0, 0, 0, 0, 0, 0, 0, 0, 0, 0, 0, 0, 0, 0, 0, 0, 0, 0, 0, 0, 0]
client base client  66, total_num is 109,label is [0, 41, 0, 0, 0, 0, 0, 0, 0, 33, 0, 0, 0, 6, 0, 0, 0, 29, 0, 0, 0, 0, 0, 0, 0, 0, 0, 0, 0, 0, 0, 0, 0, 0, 0, 0, 0, 0, 0, 0, 0, 0, 0, 0, 0, 0, 0, 0, 0, 0, 0, 0, 0, 0, 0, 0, 0, 0, 0, 0, 0, 0, 0, 0, 0, 0, 0, 0, 0, 0, 0, 0, 0, 0, 0, 0, 0, 0, 0, 0, 0, 0, 0, 0, 0, 0, 0, 0, 0, 0, 0, 0, 0, 0, 0, 0, 0, 0, 0, 0]
client base client  67, total_num is 94,label is [0, 30, 0, 0, 2, 0, 0, 0, 0, 0, 0, 26, 0, 0, 36, 0, 0, 0, 0, 0, 0, 0, 0, 0, 0, 0, 0, 0, 0, 0, 0, 0, 0, 0, 0, 0, 0, 0, 0, 0, 0, 0, 0, 0, 0, 0, 0, 0, 0, 0, 0, 0, 0, 0, 0, 0, 0, 0, 0, 0, 0, 0, 0, 0, 0, 0, 0, 0, 0, 0, 0, 0, 0, 0, 0, 0, 0, 0, 0, 0, 0, 0, 0, 0, 0, 0, 0, 0, 0, 0, 0, 0, 0, 0, 0, 0, 0, 0, 0, 0]
client base client  68, total_num is 87,label is [0, 0, 0, 0, 1, 0, 8, 0, 70, 8, 0, 0, 0, 0, 0, 0, 0, 0, 0, 0, 0, 0, 0, 0, 0, 0, 0, 0, 0, 0, 0, 0, 0, 0, 0, 0, 0, 0, 0, 0, 0, 0, 0, 0, 0, 0, 0, 0, 0, 0, 0, 0, 0, 0, 0, 0, 0, 0, 0, 0, 0, 0, 0, 0, 0, 0, 0, 0, 0, 0, 0, 0, 0, 0, 0, 0, 0, 0, 0, 0, 0, 0, 0, 0, 0, 0, 0, 0, 0, 0, 0, 0, 0, 0, 0, 0, 0, 0, 0, 0]
client base client  69, total_num is 95,label is [0, 7, 0, 0, 0, 0, 0, 0, 0, 29, 17, 0, 42, 0, 0, 0, 0, 0, 0, 0, 0, 0, 0, 0, 0, 0, 0, 0, 0, 0, 0, 0, 0, 0, 0, 0, 0, 0, 0, 0, 0, 0, 0, 0, 0, 0, 0, 0, 0, 0, 0, 0, 0, 0, 0, 0, 0, 0, 0, 0, 0, 0, 0, 0, 0, 0, 0, 0, 0, 0, 0, 0, 0, 0, 0, 0, 0, 0, 0, 0, 0, 0, 0, 0, 0, 0, 0, 0, 0, 0, 0, 0, 0, 0, 0, 0, 0, 0, 0, 0]
client base client  70, total_num is 218,label is [0, 50, 0, 0, 0, 31, 0, 86, 0, 2, 9, 0, 40, 0, 0, 0, 0, 0, 0, 0, 0, 0, 0, 0, 0, 0, 0, 0, 0, 0, 0, 0, 0, 0, 0, 0, 0, 0, 0, 0, 0, 0, 0, 0, 0, 0, 0, 0, 0, 0, 0, 0, 0, 0, 0, 0, 0, 0, 0, 0, 0, 0, 0, 0, 0, 0, 0, 0, 0, 0, 0, 0, 0, 0, 0, 0, 0, 0, 0, 0, 0, 0, 0, 0, 0, 0, 0, 0, 0, 0, 0, 0, 0, 0, 0, 0, 0, 0, 0, 0]
client base client  71, total_num is 160,label is [0, 13, 20, 0, 0, 0, 27, 0, 0, 0, 0, 8, 0, 48, 44, 0, 0, 0, 0, 0, 0, 0, 0, 0, 0, 0, 0, 0, 0, 0, 0, 0, 0, 0, 0, 0, 0, 0, 0, 0, 0, 0, 0, 0, 0, 0, 0, 0, 0, 0, 0, 0, 0, 0, 0, 0, 0, 0, 0, 0, 0, 0, 0, 0, 0, 0, 0, 0, 0, 0, 0, 0, 0, 0, 0, 0, 0, 0, 0, 0, 0, 0, 0, 0, 0, 0, 0, 0, 0, 0, 0, 0, 0, 0, 0, 0, 0, 0, 0, 0]
client base client  72, total_num is 176,label is [0, 0, 0, 0, 0, 0, 0, 11, 0, 0, 9, 4, 0, 98, 0, 24, 30, 0, 0, 0, 0, 0, 0, 0, 0, 0, 0, 0, 0, 0, 0, 0, 0, 0, 0, 0, 0, 0, 0, 0, 0, 0, 0, 0, 0, 0, 0, 0, 0, 0, 0, 0, 0, 0, 0, 0, 0, 0, 0, 0, 0, 0, 0, 0, 0, 0, 0, 0, 0, 0, 0, 0, 0, 0, 0, 0, 0, 0, 0, 0, 0, 0, 0, 0, 0, 0, 0, 0, 0, 0, 0, 0, 0, 0, 0, 0, 0, 0, 0, 0]
client base client  73, total_num is 388,label is [0, 4, 0, 0, 0, 0, 0, 0, 0, 186, 0, 68, 22, 104, 4, 0, 0, 0, 0, 0, 0, 0, 0, 0, 0, 0, 0, 0, 0, 0, 0, 0, 0, 0, 0, 0, 0, 0, 0, 0, 0, 0, 0, 0, 0, 0, 0, 0, 0, 0, 0, 0, 0, 0, 0, 0, 0, 0, 0, 0, 0, 0, 0, 0, 0, 0, 0, 0, 0, 0, 0, 0, 0, 0, 0, 0, 0, 0, 0, 0, 0, 0, 0, 0, 0, 0, 0, 0, 0, 0, 0, 0, 0, 0, 0, 0, 0, 0, 0, 0]
client base client  74, total_num is 244,label is [0, 9, 0, 0, 0, 0, 0, 0, 0, 0, 58, 0, 1, 7, 0, 134, 0, 0, 35, 0, 0, 0, 0, 0, 0, 0, 0, 0, 0, 0, 0, 0, 0, 0, 0, 0, 0, 0, 0, 0, 0, 0, 0, 0, 0, 0, 0, 0, 0, 0, 0, 0, 0, 0, 0, 0, 0, 0, 0, 0, 0, 0, 0, 0, 0, 0, 0, 0, 0, 0, 0, 0, 0, 0, 0, 0, 0, 0, 0, 0, 0, 0, 0, 0, 0, 0, 0, 0, 0, 0, 0, 0, 0, 0, 0, 0, 0, 0, 0, 0]
client base client  75, total_num is 129,label is [43, 0, 0, 0, 18, 0, 0, 0, 18, 7, 0, 40, 0, 0, 0, 3, 0, 0, 0, 0, 0, 0, 0, 0, 0, 0, 0, 0, 0, 0, 0, 0, 0, 0, 0, 0, 0, 0, 0, 0, 0, 0, 0, 0, 0, 0, 0, 0, 0, 0, 0, 0, 0, 0, 0, 0, 0, 0, 0, 0, 0, 0, 0, 0, 0, 0, 0, 0, 0, 0, 0, 0, 0, 0, 0, 0, 0, 0, 0, 0, 0, 0, 0, 0, 0, 0, 0, 0, 0, 0, 0, 0, 0, 0, 0, 0, 0, 0, 0, 0]
client base client  76, total_num is 275,label is [0, 0, 0, 8, 0, 0, 167, 19, 70, 0, 0, 10, 1, 0, 0, 0, 0, 0, 0, 0, 0, 0, 0, 0, 0, 0, 0, 0, 0, 0, 0, 0, 0, 0, 0, 0, 0, 0, 0, 0, 0, 0, 0, 0, 0, 0, 0, 0, 0, 0, 0, 0, 0, 0, 0, 0, 0, 0, 0, 0, 0, 0, 0, 0, 0, 0, 0, 0, 0, 0, 0, 0, 0, 0, 0, 0, 0, 0, 0, 0, 0, 0, 0, 0, 0, 0, 0, 0, 0, 0, 0, 0, 0, 0, 0, 0, 0, 0, 0, 0]
client base client  77, total_num is 323,label is [82, 0, 0, 28, 0, 0, 0, 0, 0, 0, 0, 32, 0, 1, 0, 0, 13, 167, 0, 0, 0, 0, 0, 0, 0, 0, 0, 0, 0, 0, 0, 0, 0, 0, 0, 0, 0, 0, 0, 0, 0, 0, 0, 0, 0, 0, 0, 0, 0, 0, 0, 0, 0, 0, 0, 0, 0, 0, 0, 0, 0, 0, 0, 0, 0, 0, 0, 0, 0, 0, 0, 0, 0, 0, 0, 0, 0, 0, 0, 0, 0, 0, 0, 0, 0, 0, 0, 0, 0, 0, 0, 0, 0, 0, 0, 0, 0, 0, 0, 0]
client base client  78, total_num is 195,label is [0, 0, 0, 3, 0, 0, 105, 0, 0, 0, 0, 0, 0, 4, 5, 10, 68, 0, 0, 0, 0, 0, 0, 0, 0, 0, 0, 0, 0, 0, 0, 0, 0, 0, 0, 0, 0, 0, 0, 0, 0, 0, 0, 0, 0, 0, 0, 0, 0, 0, 0, 0, 0, 0, 0, 0, 0, 0, 0, 0, 0, 0, 0, 0, 0, 0, 0, 0, 0, 0, 0, 0, 0, 0, 0, 0, 0, 0, 0, 0, 0, 0, 0, 0, 0, 0, 0, 0, 0, 0, 0, 0, 0, 0, 0, 0, 0, 0, 0, 0]
client base client  79, total_num is 213,label is [0, 0, 0, 0, 0, 0, 0, 0, 0, 10, 10, 107, 23, 0, 0, 0, 0, 0, 23, 40, 0, 0, 0, 0, 0, 0, 0, 0, 0, 0, 0, 0, 0, 0, 0, 0, 0, 0, 0, 0, 0, 0, 0, 0, 0, 0, 0, 0, 0, 0, 0, 0, 0, 0, 0, 0, 0, 0, 0, 0, 0, 0, 0, 0, 0, 0, 0, 0, 0, 0, 0, 0, 0, 0, 0, 0, 0, 0, 0, 0, 0, 0, 0, 0, 0, 0, 0, 0, 0, 0, 0, 0, 0, 0, 0, 0, 0, 0, 0, 0]
client base client  80, total_num is 2682,label is [0, 0, 0, 0, 0, 1, 0, 0, 0, 0, 0, 0, 7, 19, 0, 2, 28, 7, 4, 13, 8, 6, 0, 31, 1, 19, 3, 10, 21, 7, 142, 2, 41, 58, 1, 48, 0, 2, 96, 1, 33, 15, 0, 0, 73, 32, 14, 77, 85, 2, 12, 98, 6, 48, 18, 11, 54, 10, 0, 13, 88, 26, 24, 49, 104, 57, 2, 1, 2, 0, 2, 79, 10, 0, 8, 51, 0, 54, 13, 37, 47, 0, 5, 14, 0, 0, 78, 49, 123, 38, 2, 92, 87, 0, 216, 4, 0, 8, 33, 100]
client base client  81, total_num is 2612,label is [0, 0, 0, 0, 0, 0, 0, 0, 0, 0, 0, 0, 0, 0, 69, 62, 0, 55, 6, 8, 1, 0, 37, 15, 25, 2, 46, 0, 1, 37, 22, 14, 11, 65, 188, 14, 0, 34, 0, 0, 46, 17, 27, 20, 10, 0, 29, 5, 13, 13, 6, 11, 47, 133, 15, 41, 39, 2, 1, 17, 5, 0, 26, 86, 7, 2, 117, 0, 13, 1, 54, 99, 7, 0, 120, 0, 44, 0, 14, 8, 92, 13, 0, 5, 191, 171, 23, 7, 23, 4, 44, 51, 65, 23, 27, 35, 6, 7, 3, 15]
client base client  82, total_num is 2020,label is [0, 0, 0, 0, 0, 0, 22, 0, 0, 0, 0, 1, 0, 9, 14, 30, 5, 6, 8, 50, 0, 13, 1, 11, 5, 37, 1, 69, 0, 60, 47, 0, 0, 44, 7, 2, 38, 66, 2, 2, 127, 16, 6, 10, 4, 28, 13, 34, 98, 30, 19, 2, 15, 20, 1, 59, 10, 0, 3, 1, 1, 26, 0, 1, 25, 99, 102, 0, 58, 73, 3, 22, 140, 11, 6, 1, 13, 14, 18, 19, 29, 50, 1, 11, 0, 0, 0, 57, 38, 23, 10, 11, 28, 14, 54, 2, 1, 11, 0, 2]
client base client  83, total_num is 2172,label is [0, 0, 0, 0, 0, 0, 0, 0, 0, 0, 10, 0, 0, 0, 0, 1, 4, 70, 0, 13, 34, 0, 6, 98, 1, 21, 16, 94, 0, 39, 0, 39, 88, 32, 17, 0, 21, 10, 80, 5, 1, 1, 34, 89, 32, 23, 49, 3, 34, 84, 39, 1, 8, 0, 1, 9, 4, 0, 0, 6, 25, 29, 0, 37, 92, 34, 13, 3, 4, 22, 5, 49, 0, 37, 7, 1, 0, 10, 34, 2, 100, 2, 4, 43, 38, 3, 7, 117, 7, 17, 32, 11, 49, 12, 29, 20, 2, 120, 11, 27]
client base client  84, total_num is 2211,label is [0, 0, 8, 0, 7, 0, 0, 0, 0, 0, 0, 0, 0, 4, 2, 3, 49, 0, 84, 22, 44, 6, 48, 2, 104, 3, 11, 10, 13, 0, 0, 37, 40, 0, 154, 31, 2, 258, 23, 1, 2, 21, 12, 7, 5, 25, 3, 1, 1, 43, 14, 35, 6, 3, 12, 2, 27, 37, 4, 0, 20, 26, 0, 1, 3, 103, 8, 100, 1, 3, 0, 48, 48, 1, 20, 27, 4, 16, 14, 10, 56, 22, 34, 79, 49, 19, 18, 1, 0, 12, 4, 1, 41, 3, 3, 84, 16, 18, 1, 71]
client base client  85, total_num is 2031,label is [2, 9, 26, 0, 0, 0, 0, 0, 41, 17, 19, 50, 0, 0, 0, 0, 20, 1, 33, 1, 34, 0, 2, 0, 22, 0, 7, 5, 64, 4, 0, 8, 6, 26, 0, 2, 0, 0, 7, 10, 15, 194, 165, 0, 11, 39, 1, 89, 41, 0, 1, 1, 22, 11, 90, 37, 0, 0, 0, 0, 36, 1, 4, 0, 2, 21, 45, 41, 37, 17, 4, 2, 1, 12, 0, 22, 80, 34, 14, 129, 5, 26, 15, 48, 18, 76, 0, 6, 15, 4, 4, 49, 0, 3, 0, 0, 100, 16, 5, 6]
client base client  86, total_num is 2753,label is [0, 16, 0, 58, 0, 0, 0, 0, 0, 0, 0, 0, 3, 0, 0, 148, 18, 3, 0, 41, 101, 185, 0, 5, 38, 3, 2, 22, 75, 89, 54, 63, 0, 27, 0, 29, 1, 2, 23, 50, 6, 87, 38, 114, 6, 4, 2, 8, 3, 0, 0, 31, 19, 68, 9, 77, 135, 9, 1, 5, 3, 32, 3, 24, 78, 10, 18, 37, 36, 13, 110, 34, 28, 47, 17, 1, 6, 35, 32, 51, 0, 1, 84, 41, 3, 66, 12, 1, 2, 21, 6, 0, 6, 103, 1, 34, 21, 49, 9, 0]
client base client  87, total_num is 3470,label is [0, 0, 0, 7, 0, 0, 16, 0, 0, 0, 0, 0, 107, 0, 33, 9, 0, 13, 11, 102, 54, 0, 116, 16, 3, 98, 1, 15, 9, 11, 8, 0, 16, 28, 12, 40, 21, 10, 49, 56, 2, 15, 69, 61, 35, 109, 147, 27, 3, 8, 78, 60, 29, 8, 154, 27, 48, 41, 275, 14, 39, 14, 13, 26, 0, 11, 74, 16, 17, 196, 53, 21, 15, 1, 0, 22, 19, 43, 40, 27, 49, 30, 21, 165, 2, 116, 100, 4, 21, 6, 35, 13, 6, 53, 11, 21, 68, 17, 7, 7]
client base client  88, total_num is 2040,label is [0, 0, 0, 0, 0, 0, 0, 20, 0, 150, 21, 0, 87, 20, 33, 0, 0, 69, 0, 0, 0, 10, 22, 15, 0, 0, 19, 2, 3, 12, 2, 0, 29, 8, 3, 43, 17, 17, 0, 77, 25, 1, 14, 4, 14, 3, 4, 5, 17, 63, 23, 1, 39, 0, 0, 0, 53, 12, 0, 178, 2, 4, 4, 0, 56, 15, 81, 19, 45, 13, 13, 0, 12, 62, 22, 0, 4, 10, 4, 1, 2, 148, 1, 7, 1, 5, 4, 0, 4, 49, 0, 67, 11, 106, 0, 28, 30, 16, 10, 49]
client base client  89, total_num is 2790,label is [78, 0, 0, 0, 0, 0, 0, 0, 12, 0, 9, 0, 0, 0, 13, 0, 15, 73, 94, 0, 6, 1, 35, 83, 140, 129, 10, 3, 0, 14, 13, 50, 37, 4, 14, 17, 7, 2, 166, 4, 18, 10, 0, 3, 2, 45, 28, 87, 12, 28, 0, 6, 15, 1, 15, 0, 22, 136, 0, 14, 83, 1, 84, 4, 0, 86, 5, 27, 14, 0, 0, 17, 8, 40, 53, 57, 50, 74, 19, 8, 39, 1, 15, 4, 11, 17, 23, 4, 99, 151, 91, 20, 73, 2, 86, 1, 9, 3, 6, 34]
client base client  90, total_num is 2774,label is [0, 0, 0, 0, 41, 0, 0, 3, 127, 0, 0, 0, 25, 0, 4, 35, 18, 16, 19, 0, 22, 161, 1, 34, 30, 1, 17, 15, 85, 79, 3, 1, 19, 24, 7, 23, 8, 0, 0, 1, 5, 79, 0, 0, 177, 0, 13, 33, 126, 0, 25, 127, 125, 0, 0, 35, 3, 49, 2, 1, 30, 1, 14, 96, 11, 8, 25, 76, 6, 8, 74, 0, 52, 5, 8, 35, 1, 2, 33, 17, 8, 47, 41, 0, 80, 12, 165, 0, 30, 37, 43, 27, 21, 0, 17, 29, 9, 0, 61, 26]
client base client  91, total_num is 3078,label is [0, 0, 0, 0, 0, 0, 0, 0, 0, 0, 0, 0, 19, 0, 0, 4, 129, 2, 146, 2, 25, 15, 64, 32, 27, 0, 10, 2, 12, 0, 16, 31, 47, 55, 34, 38, 31, 6, 1, 54, 0, 0, 20, 0, 84, 12, 9, 24, 0, 13, 47, 1, 5, 6, 66, 5, 23, 2, 35, 14, 8, 34, 202, 19, 5, 14, 1, 9, 142, 16, 0, 32, 11, 1, 60, 26, 222, 0, 117, 19, 54, 9, 271, 5, 31, 2, 25, 92, 1, 24, 61, 6, 59, 43, 65, 127, 0, 26, 50, 21]
client base client  92, total_num is 2556,label is [0, 62, 0, 0, 0, 0, 0, 20, 0, 36, 6, 0, 0, 0, 116, 0, 0, 0, 0, 49, 84, 4, 51, 14, 1, 16, 20, 12, 13, 26, 2, 44, 30, 57, 0, 78, 12, 31, 17, 6, 0, 6, 5, 70, 0, 113, 107, 14, 4, 11, 10, 1, 17, 0, 48, 43, 0, 1, 11, 4, 21, 46, 51, 53, 68, 15, 38, 26, 10, 0, 23, 1, 0, 223, 2, 68, 12, 142, 30, 11, 0, 67, 19, 0, 32, 25, 43, 2, 1, 28, 0, 34, 34, 6, 3, 24, 0, 9, 1, 116]
client base client  93, total_num is 3101,label is [0, 0, 0, 0, 10, 0, 0, 39, 0, 0, 0, 74, 0, 20, 0, 0, 0, 0, 12, 18, 8, 124, 22, 77, 46, 5, 20, 77, 73, 10, 6, 8, 8, 13, 37, 15, 29, 10, 1, 21, 24, 28, 61, 4, 36, 23, 50, 58, 0, 36, 61, 25, 49, 0, 19, 41, 39, 134, 62, 5, 1, 75, 3, 27, 47, 15, 2, 45, 44, 0, 34, 96, 94, 28, 38, 0, 6, 30, 0, 21, 42, 52, 12, 48, 73, 57, 11, 6, 57, 8, 28, 19, 11, 8, 0, 34, 208, 146, 127, 10]
client base client  94, total_num is 2568,label is [0, 0, 0, 0, 2, 0, 0, 32, 0, 0, 0, 43, 0, 197, 22, 0, 0, 22, 0, 0, 80, 0, 51, 8, 30, 53, 1, 24, 35, 13, 15, 1, 67, 75, 0, 36, 89, 1, 0, 10, 2, 75, 23, 48, 1, 1, 2, 45, 72, 75, 1, 4, 39, 207, 74, 29, 78, 4, 63, 0, 0, 14, 127, 6, 17, 11, 15, 33, 11, 70, 12, 3, 0, 0, 6, 86, 0, 6, 0, 3, 35, 5, 34, 18, 16, 0, 30, 3, 43, 55, 71, 1, 20, 9, 2, 2, 6, 4, 10, 34]
client base client  95, total_num is 2480,label is [0, 11, 0, 26, 0, 0, 0, 8, 0, 10, 0, 0, 0, 0, 4, 0, 3, 0, 0, 66, 34, 9, 49, 34, 0, 3, 350, 8, 56, 89, 19, 17, 14, 2, 18, 2, 121, 3, 58, 17, 36, 2, 20, 38, 58, 4, 9, 16, 4, 98, 5, 91, 18, 18, 52, 6, 0, 8, 19, 16, 40, 63, 4, 12, 0, 33, 10, 23, 5, 17, 1, 21, 131, 26, 9, 0, 43, 4, 49, 102, 4, 1, 5, 12, 15, 0, 14, 54, 4, 20, 21, 0, 5, 1, 24, 87, 10, 6, 29, 26]
client base client  96, total_num is 3307,label is [0, 0, 0, 0, 0, 0, 0, 0, 17, 0, 52, 0, 52, 0, 0, 44, 1, 3, 16, 132, 8, 0, 15, 85, 55, 30, 9, 28, 63, 77, 17, 55, 88, 10, 0, 28, 102, 32, 62, 104, 34, 20, 26, 88, 33, 28, 0, 9, 1, 72, 76, 9, 0, 16, 5, 14, 3, 40, 47, 236, 120, 164, 0, 132, 8, 40, 5, 1, 93, 23, 15, 5, 35, 0, 111, 1, 9, 0, 117, 28, 6, 91, 9, 1, 38, 1, 0, 105, 7, 0, 0, 27, 1, 2, 10, 23, 89, 29, 16, 3]
client base client  97, total_num is 2799,label is [0, 0, 0, 0, 0, 0, 0, 0, 99, 0, 0, 0, 9, 28, 0, 0, 28, 35, 21, 21, 0, 0, 69, 18, 5, 134, 19, 42, 42, 21, 165, 1, 0, 72, 79, 126, 5, 2, 0, 18, 163, 0, 9, 0, 18, 32, 91, 55, 34, 1, 4, 14, 34, 35, 1, 0, 25, 1, 18, 9, 30, 6, 38, 11, 9, 13, 20, 57, 12, 84, 66, 30, 0, 77, 72, 24, 72, 8, 48, 47, 16, 21, 7, 27, 2, 1, 16, 16, 83, 82, 34, 8, 28, 89, 4, 8, 6, 20, 4, 0]
client base client  98, total_num is 2785,label is [0, 0, 0, 1, 0, 91, 0, 0, 0, 8, 8, 72, 38, 0, 80, 1, 0, 8, 54, 4, 57, 0, 3, 15, 66, 5, 38, 118, 33, 11, 0, 25, 52, 0, 14, 12, 33, 64, 13, 58, 45, 0, 55, 38, 1, 10, 23, 8, 28, 0, 1, 2, 61, 4, 1, 7, 34, 89, 16, 60, 21, 16, 0, 1, 33, 1, 14, 82, 8, 0, 90, 16, 7, 26, 24, 62, 9, 77, 0, 1, 0, 2, 17, 15, 0, 7, 0, 30, 0, 15, 85, 150, 6, 119, 48, 4, 19, 82, 217, 16]
client base client  99, total_num is 2505,label is [0, 0, 0, 0, 0, 0, 0, 0, 24, 0, 4, 0, 7, 0, 15, 0, 12, 2, 34, 18, 0, 62, 8, 7, 1, 41, 0, 44, 2, 1, 69, 204, 7, 0, 15, 16, 63, 50, 2, 105, 16, 13, 16, 6, 0, 69, 6, 2, 24, 23, 178, 80, 46, 22, 19, 157, 3, 25, 43, 7, 27, 22, 3, 15, 35, 12, 5, 4, 42, 44, 41, 25, 1, 3, 17, 116, 6, 41, 4, 59, 16, 12, 5, 57, 0, 22, 31, 46, 42, 6, 29, 13, 49, 4, 0, 33, 0, 13, 0, 37]

Join ratio / total clients: 0.1 / 100
Finished creating server and clients.
select mode  is oort ,num is : 10
selected_clients num is [89, 71, 95, 34, 22, 17, 99, 35, 43, 69],blacklist num  is 0
~~~~~~~~~~~~~~~~~~~~~~~~~~~~~~~~~~~~~~~~ local training is start,self.selected_clients is 10 ID:[89, 71, 95, 34, 22, 17, 99, 35, 43, 69] 
selectids [89, 71, 95, 34, 22, 17, 99, 35, 43, 69]
~~~~~~~~~~~~~~~~~~~~~~~~~~~~~~~~~~~~~~~~ local training is end
self.selected_clients is 10

-------------Round number: 1-------------

Evaluate global model
Averaged Train Loss: 4.4255
Averaged Test Accurancy: 0.0564
Averaged Test AUC: 0.6450
Std Test Accurancy: 0.0285
Std Test AUC: 0.1810
Accuracy is : 0.056383970177073625
------------------------- Round is  1 ------------------------- time cost ------------------------- 10.139652252197266
select mode  is oort ,num is : 10
selected_unexplore_clients 9,exploited_clients_count1 self.unexplored_clients 81 9
selected_clients [1, 98, 70, 31, 55, 6, 15, 41, 94, 63]
selected_clients num is [1, 98, 70, 31, 55, 6, 15, 41, 94, 63],blacklist num  is 0
~~~~~~~~~~~~~~~~~~~~~~~~~~~~~~~~~~~~~~~~ local training is start,self.selected_clients is 10 ID:[1, 98, 70, 31, 55, 6, 15, 41, 94, 63] 
selectids [1, 98, 70, 31, 55, 6, 15, 41, 94, 63]
~~~~~~~~~~~~~~~~~~~~~~~~~~~~~~~~~~~~~~~~ local training is end
self.selected_clients is 10

-------------Round number: 2-------------

Evaluate global model
Averaged Train Loss: 4.4133
Averaged Test Accurancy: 0.0590
Averaged Test AUC: 0.6857
Std Test Accurancy: 0.0351
Std Test AUC: 0.2031
Accuracy is : 0.05898016242843829
------------------------- Round is  2 ------------------------- time cost ------------------------- 9.03429365158081
select mode  is oort ,num is : 10
selected_unexplore_clients 9,exploited_clients_count1 self.unexplored_clients 72 18
selected_clients [94, 44, 88, 82, 46, 30, 80, 37, 23, 24]
selected_clients num is [94, 44, 88, 82, 46, 30, 80, 37, 23, 24],blacklist num  is 0
~~~~~~~~~~~~~~~~~~~~~~~~~~~~~~~~~~~~~~~~ local training is start,self.selected_clients is 10 ID:[94, 44, 88, 82, 46, 30, 80, 37, 23, 24] 
selectids [94, 44, 88, 82, 46, 30, 80, 37, 23, 24]
~~~~~~~~~~~~~~~~~~~~~~~~~~~~~~~~~~~~~~~~ local training is end
self.selected_clients is 10

-------------Round number: 3-------------

Evaluate global model
Averaged Train Loss: 4.2877
Averaged Test Accurancy: 0.0871
Averaged Test AUC: 0.7131
Std Test Accurancy: 0.0580
Std Test AUC: 0.2308
Accuracy is : 0.0870722939688457
------------------------- Round is  3 ------------------------- time cost ------------------------- 10.292428731918335
select mode  is oort ,num is : 10
selected_unexplore_clients 9,exploited_clients_count1 self.unexplored_clients 63 27
selected_clients [1, 47, 36, 21, 11, 77, 4, 3, 86, 53]
selected_clients num is [1, 47, 36, 21, 11, 77, 4, 3, 86, 53],blacklist num  is 0
~~~~~~~~~~~~~~~~~~~~~~~~~~~~~~~~~~~~~~~~ local training is start,self.selected_clients is 10 ID:[1, 47, 36, 21, 11, 77, 4, 3, 86, 53] 
selectids [1, 47, 36, 21, 11, 77, 4, 3, 86, 53]
~~~~~~~~~~~~~~~~~~~~~~~~~~~~~~~~~~~~~~~~ local training is end
self.selected_clients is 10

-------------Round number: 4-------------

Evaluate global model
Averaged Train Loss: 4.4256
Averaged Test Accurancy: 0.0932
Averaged Test AUC: 0.7112
Std Test Accurancy: 0.0505
Std Test AUC: 0.2282
Accuracy is : 0.09319664492078285
------------------------- Round is  4 ------------------------- time cost ------------------------- 7.833738565444946
select mode  is oort ,num is : 10
selected_unexplore_clients 9,exploited_clients_count1 self.unexplored_clients 54 36
selected_clients [21, 25, 12, 29, 20, 1, 40, 64, 10, 85]
selected_clients num is [21, 25, 12, 29, 20, 1, 40, 64, 10, 85],blacklist num  is 0
~~~~~~~~~~~~~~~~~~~~~~~~~~~~~~~~~~~~~~~~ local training is start,self.selected_clients is 10 ID:[21, 25, 12, 29, 20, 1, 40, 64, 10, 85] 
selectids [21, 25, 12, 29, 20, 1, 40, 64, 10, 85]
~~~~~~~~~~~~~~~~~~~~~~~~~~~~~~~~~~~~~~~~ local training is end
self.selected_clients is 10

-------------Round number: 5-------------

Evaluate global model
Averaged Train Loss: 4.5185
Averaged Test Accurancy: 0.0908
Averaged Test AUC: 0.7081
Std Test Accurancy: 0.0476
Std Test AUC: 0.1740
Accuracy is : 0.09080015976567701
------------------------- Round is  5 ------------------------- time cost ------------------------- 7.459029674530029
select mode  is oort ,num is : 10
selected_unexplore_clients 9,exploited_clients_count1 self.unexplored_clients 45 45
selected_clients [82, 50, 96, 48, 51, 81, 9, 18, 76, 84]
selected_clients num is [82, 50, 96, 48, 51, 81, 9, 18, 76, 84],blacklist num  is 0
~~~~~~~~~~~~~~~~~~~~~~~~~~~~~~~~~~~~~~~~ local training is start,self.selected_clients is 10 ID:[82, 50, 96, 48, 51, 81, 9, 18, 76, 84] 
selectids [82, 50, 96, 48, 51, 81, 9, 18, 76, 84]
~~~~~~~~~~~~~~~~~~~~~~~~~~~~~~~~~~~~~~~~ local training is end
self.selected_clients is 10

-------------Round number: 6-------------

Evaluate global model
Averaged Train Loss: 4.0475
Averaged Test Accurancy: 0.1040
Averaged Test AUC: 0.7653
Std Test Accurancy: 0.0491
Std Test AUC: 0.2122
Accuracy is : 0.10404739715084543
------------------------- Round is  6 ------------------------- time cost ------------------------- 10.773982524871826
select mode  is oort ,num is : 10
selected_unexplore_clients 9,exploited_clients_count1 self.unexplored_clients 36 54
selected_clients [3, 60, 2, 67, 32, 0, 19, 91, 45, 75]
selected_clients num is [3, 60, 2, 67, 32, 0, 19, 91, 45, 75],blacklist num  is 0
~~~~~~~~~~~~~~~~~~~~~~~~~~~~~~~~~~~~~~~~ local training is start,self.selected_clients is 10 ID:[3, 60, 2, 67, 32, 0, 19, 91, 45, 75] 
selectids [3, 60, 2, 67, 32, 0, 19, 91, 45, 75]
~~~~~~~~~~~~~~~~~~~~~~~~~~~~~~~~~~~~~~~~ local training is end
self.selected_clients is 10

-------------Round number: 7-------------

Evaluate global model
Averaged Train Loss: 4.5222
Averaged Test Accurancy: 0.0930
Averaged Test AUC: 0.7199
Std Test Accurancy: 0.0525
Std Test AUC: 0.1917
Accuracy is : 0.09299693782452403
------------------------- Round is  7 ------------------------- time cost ------------------------- 7.944549322128296
select mode  is oort ,num is : 10
selected_unexplore_clients 9,exploited_clients_count1 self.unexplored_clients 27 63
selected_clients [63, 59, 57, 42, 65, 39, 5, 28, 72, 54]
selected_clients num is [63, 59, 57, 42, 65, 39, 5, 28, 72, 54],blacklist num  is 0
~~~~~~~~~~~~~~~~~~~~~~~~~~~~~~~~~~~~~~~~ local training is start,self.selected_clients is 10 ID:[63, 59, 57, 42, 65, 39, 5, 28, 72, 54] 
selectids [63, 59, 57, 42, 65, 39, 5, 28, 72, 54]
~~~~~~~~~~~~~~~~~~~~~~~~~~~~~~~~~~~~~~~~ local training is end
self.selected_clients is 10

-------------Round number: 8-------------

Evaluate global model
Averaged Train Loss: 4.2426
Averaged Test Accurancy: 0.1005
Averaged Test AUC: 0.7432
Std Test Accurancy: 0.0569
Std Test AUC: 0.1690
Accuracy is : 0.10045266941818666
------------------------- Round is  8 ------------------------- time cost ------------------------- 6.60673189163208
select mode  is oort ,num is : 10
selected_unexplore_clients 9,exploited_clients_count1 self.unexplored_clients 18 72
selected_clients [77, 90, 8, 38, 66, 33, 78, 97, 58, 56]
selected_clients num is [77, 90, 8, 38, 66, 33, 78, 97, 58, 56],blacklist num  is 0
~~~~~~~~~~~~~~~~~~~~~~~~~~~~~~~~~~~~~~~~ local training is start,self.selected_clients is 10 ID:[77, 90, 8, 38, 66, 33, 78, 97, 58, 56] 
selectids [77, 90, 8, 38, 66, 33, 78, 97, 58, 56]
~~~~~~~~~~~~~~~~~~~~~~~~~~~~~~~~~~~~~~~~ local training is end
self.selected_clients is 10

-------------Round number: 9-------------

Evaluate global model
Averaged Train Loss: 4.0808
Averaged Test Accurancy: 0.1207
Averaged Test AUC: 0.7621
Std Test Accurancy: 0.0694
Std Test AUC: 0.1690
Accuracy is : 0.1206896551724138
------------------------- Round is  9 ------------------------- time cost ------------------------- 8.98010540008545
select mode  is oort ,num is : 10
selected_unexplore_clients 9,exploited_clients_count1 self.unexplored_clients 9 81
selected_clients [53, 79, 16, 83, 73, 52, 74, 27, 7, 61]
selected_clients num is [53, 79, 16, 83, 73, 52, 74, 27, 7, 61],blacklist num  is 0
~~~~~~~~~~~~~~~~~~~~~~~~~~~~~~~~~~~~~~~~ local training is start,self.selected_clients is 10 ID:[53, 79, 16, 83, 73, 52, 74, 27, 7, 61] 
selectids [53, 79, 16, 83, 73, 52, 74, 27, 7, 61]
~~~~~~~~~~~~~~~~~~~~~~~~~~~~~~~~~~~~~~~~ local training is end
self.selected_clients is 10

-------------Round number: 10-------------

Evaluate global model
Averaged Train Loss: 4.0781
Averaged Test Accurancy: 0.1100
Averaged Test AUC: 0.7709
Std Test Accurancy: 0.0678
Std Test AUC: 0.1720
Accuracy is : 0.11003861003861004
------------------------- Round is  10 ------------------------- time cost ------------------------- 7.753688097000122
select mode  is oort ,num is : 10
selected_unexplore_clients 9,exploited_clients_count1 self.unexplored_clients 0 90
selected_clients [46, 93, 92, 26, 87, 62, 14, 68, 49, 13]
selected_clients num is [46, 93, 92, 26, 87, 62, 14, 68, 49, 13],blacklist num  is 0
~~~~~~~~~~~~~~~~~~~~~~~~~~~~~~~~~~~~~~~~ local training is start,self.selected_clients is 10 ID:[46, 93, 92, 26, 87, 62, 14, 68, 49, 13] 
selectids [46, 93, 92, 26, 87, 62, 14, 68, 49, 13]
~~~~~~~~~~~~~~~~~~~~~~~~~~~~~~~~~~~~~~~~ local training is end
self.selected_clients is 10

-------------Round number: 11-------------

Evaluate global model
Averaged Train Loss: 3.9198
Averaged Test Accurancy: 0.1263
Averaged Test AUC: 0.7857
Std Test Accurancy: 0.0582
Std Test AUC: 0.1939
Accuracy is : 0.12634802289974703
------------------------- Round is  11 ------------------------- time cost ------------------------- 9.929526805877686
select mode  is oort ,num is : 10
selected_unexplore_clients 0,exploited_clients_count10 self.unexplored_clients 0 90
selected_clients [10, 21, 41, 36, 80, 6, 94, 4, 29, 31]
selected_clients num is [10, 21, 41, 36, 80, 6, 94, 4, 29, 31],blacklist num  is 0
~~~~~~~~~~~~~~~~~~~~~~~~~~~~~~~~~~~~~~~~ local training is start,self.selected_clients is 10 ID:[10, 21, 41, 36, 80, 6, 94, 4, 29, 31] 
selectids [10, 21, 41, 36, 80, 6, 94, 4, 29, 31]
~~~~~~~~~~~~~~~~~~~~~~~~~~~~~~~~~~~~~~~~ local training is end
self.selected_clients is 10

-------------Round number: 12-------------

Evaluate global model
Averaged Train Loss: 4.1553
Averaged Test Accurancy: 0.1168
Averaged Test AUC: 0.7653
Std Test Accurancy: 0.0647
Std Test AUC: 0.2060
Accuracy is : 0.11682865131140993
------------------------- Round is  12 ------------------------- time cost ------------------------- 8.631111860275269
select mode  is oort ,num is : 10
selected_unexplore_clients 0,exploited_clients_count10 self.unexplored_clients 0 90
selected_clients [20, 44, 88, 24, 25, 85, 64, 98, 23, 47]
selected_clients num is [20, 44, 88, 24, 25, 85, 64, 98, 23, 47],blacklist num  is 0
~~~~~~~~~~~~~~~~~~~~~~~~~~~~~~~~~~~~~~~~ local training is start,self.selected_clients is 10 ID:[20, 44, 88, 24, 25, 85, 64, 98, 23, 47] 
selectids [20, 44, 88, 24, 25, 85, 64, 98, 23, 47]
~~~~~~~~~~~~~~~~~~~~~~~~~~~~~~~~~~~~~~~~ local training is end
self.selected_clients is 10

-------------Round number: 13-------------

Evaluate global model
Averaged Train Loss: 3.8995
Averaged Test Accurancy: 0.1313
Averaged Test AUC: 0.7895
Std Test Accurancy: 0.0719
Std Test AUC: 0.2090
Accuracy is : 0.13134070030621756
------------------------- Round is  13 ------------------------- time cost ------------------------- 9.14774775505066
select mode  is oort ,num is : 10
selected_unexplore_clients 0,exploited_clients_count10 self.unexplored_clients 0 90
selected_clients [81, 15, 76, 12, 55, 70, 86, 9, 84, 11]
selected_clients num is [81, 15, 76, 12, 55, 70, 86, 9, 84, 11],blacklist num  is 0
~~~~~~~~~~~~~~~~~~~~~~~~~~~~~~~~~~~~~~~~ local training is start,self.selected_clients is 10 ID:[81, 15, 76, 12, 55, 70, 86, 9, 84, 11] 
selectids [81, 15, 76, 12, 55, 70, 86, 9, 84, 11]
~~~~~~~~~~~~~~~~~~~~~~~~~~~~~~~~~~~~~~~~ local training is end
self.selected_clients is 10

-------------Round number: 14-------------

Evaluate global model
Averaged Train Loss: 3.8804
Averaged Test Accurancy: 0.1303
Averaged Test AUC: 0.7974
Std Test Accurancy: 0.0617
Std Test AUC: 0.1886
Accuracy is : 0.13027559579283718
------------------------- Round is  14 ------------------------- time cost ------------------------- 9.58632206916809
select mode  is oort ,num is : 10
selected_unexplore_clients 0,exploited_clients_count10 self.unexplored_clients 0 90
selected_clients [82, 75, 30, 96, 45, 37, 1, 50, 48, 67]
selected_clients num is [82, 75, 30, 96, 45, 37, 1, 50, 48, 67],blacklist num  is 0
~~~~~~~~~~~~~~~~~~~~~~~~~~~~~~~~~~~~~~~~ local training is start,self.selected_clients is 10 ID:[82, 75, 30, 96, 45, 37, 1, 50, 48, 67] 
selectids [82, 75, 30, 96, 45, 37, 1, 50, 48, 67]
~~~~~~~~~~~~~~~~~~~~~~~~~~~~~~~~~~~~~~~~ local training is end
self.selected_clients is 10

-------------Round number: 15-------------

Evaluate global model
Averaged Train Loss: 4.0283
Averaged Test Accurancy: 0.1223
Averaged Test AUC: 0.7819
Std Test Accurancy: 0.0590
Std Test AUC: 0.2008
Accuracy is : 0.12228731194248435
------------------------- Round is  15 ------------------------- time cost ------------------------- 8.908418655395508
select mode  is oort ,num is : 10
selected_unexplore_clients 0,exploited_clients_count10 self.unexplored_clients 0 90
selected_clients [59, 40, 5, 91, 63, 39, 54, 65, 18, 42]
selected_clients num is [59, 40, 5, 91, 63, 39, 54, 65, 18, 42],blacklist num  is 0
~~~~~~~~~~~~~~~~~~~~~~~~~~~~~~~~~~~~~~~~ local training is start,self.selected_clients is 10 ID:[59, 40, 5, 91, 63, 39, 54, 65, 18, 42] 
selectids [59, 40, 5, 91, 63, 39, 54, 65, 18, 42]
~~~~~~~~~~~~~~~~~~~~~~~~~~~~~~~~~~~~~~~~ local training is end
self.selected_clients is 10

-------------Round number: 16-------------

Evaluate global model
Averaged Train Loss: 4.2874
Averaged Test Accurancy: 0.1164
Averaged Test AUC: 0.7598
Std Test Accurancy: 0.0593
Std Test AUC: 0.1877
Accuracy is : 0.11642923711889229
------------------------- Round is  16 ------------------------- time cost ------------------------- 8.092012643814087
select mode  is oort ,num is : 10
selected_unexplore_clients 0,exploited_clients_count10 self.unexplored_clients 0 90
selected_clients [0, 28, 57, 32, 72, 3, 77, 60, 19, 78]
selected_clients num is [0, 28, 57, 32, 72, 3, 77, 60, 19, 78],blacklist num  is 0
~~~~~~~~~~~~~~~~~~~~~~~~~~~~~~~~~~~~~~~~ local training is start,self.selected_clients is 10 ID:[0, 28, 57, 32, 72, 3, 77, 60, 19, 78] 
selectids [0, 28, 57, 32, 72, 3, 77, 60, 19, 78]
~~~~~~~~~~~~~~~~~~~~~~~~~~~~~~~~~~~~~~~~ local training is end
self.selected_clients is 10

-------------Round number: 17-------------

Evaluate global model
Averaged Train Loss: 4.0282
Averaged Test Accurancy: 0.1082
Averaged Test AUC: 0.7858
Std Test Accurancy: 0.0816
Std Test AUC: 0.1674
Accuracy is : 0.10824124617228066
------------------------- Round is  17 ------------------------- time cost ------------------------- 6.976495265960693
select mode  is oort ,num is : 10
selected_unexplore_clients 0,exploited_clients_count10 self.unexplored_clients 0 90
selected_clients [51, 90, 7, 53, 97, 56, 73, 38, 74, 33]
selected_clients num is [51, 90, 7, 53, 97, 56, 73, 38, 74, 33],blacklist num  is 0
~~~~~~~~~~~~~~~~~~~~~~~~~~~~~~~~~~~~~~~~ local training is start,self.selected_clients is 10 ID:[51, 90, 7, 53, 97, 56, 73, 38, 74, 33] 
selectids [51, 90, 7, 53, 97, 56, 73, 38, 74, 33]
~~~~~~~~~~~~~~~~~~~~~~~~~~~~~~~~~~~~~~~~ local training is end
self.selected_clients is 10

-------------Round number: 18-------------

Evaluate global model
Averaged Train Loss: 3.8520
Averaged Test Accurancy: 0.1430
Averaged Test AUC: 0.7947
Std Test Accurancy: 0.0752
Std Test AUC: 0.1538
Accuracy is : 0.1429902809213154
------------------------- Round is  18 ------------------------- time cost ------------------------- 9.071152448654175
select mode  is oort ,num is : 10
selected_unexplore_clients 0,exploited_clients_count10 self.unexplored_clients 0 90
selected_clients [68, 79, 83, 52, 8, 13, 49, 26, 16, 58]
selected_clients num is [68, 79, 83, 52, 8, 13, 49, 26, 16, 58],blacklist num  is 0
~~~~~~~~~~~~~~~~~~~~~~~~~~~~~~~~~~~~~~~~ local training is start,self.selected_clients is 10 ID:[68, 79, 83, 52, 8, 13, 49, 26, 16, 58] 
selectids [68, 79, 83, 52, 8, 13, 49, 26, 16, 58]
~~~~~~~~~~~~~~~~~~~~~~~~~~~~~~~~~~~~~~~~ local training is end
self.selected_clients is 10

-------------Round number: 19-------------

Evaluate global model
Averaged Train Loss: 4.1344
Averaged Test Accurancy: 0.1170
Averaged Test AUC: 0.7781
Std Test Accurancy: 0.0655
Std Test AUC: 0.1615
Accuracy is : 0.11702835840766876
------------------------- Round is  19 ------------------------- time cost ------------------------- 7.044912815093994
select mode  is oort ,num is : 10
selected_unexplore_clients 0,exploited_clients_count10 self.unexplored_clients 0 90
selected_clients [20, 36, 47, 93, 85, 61, 62, 23, 44, 24]
selected_clients num is [20, 36, 47, 93, 85, 61, 62, 23, 44, 24],blacklist num  is 0
~~~~~~~~~~~~~~~~~~~~~~~~~~~~~~~~~~~~~~~~ local training is start,self.selected_clients is 10 ID:[20, 36, 47, 93, 85, 61, 62, 23, 44, 24] 
selectids [20, 36, 47, 93, 85, 61, 62, 23, 44, 24]
~~~~~~~~~~~~~~~~~~~~~~~~~~~~~~~~~~~~~~~~ local training is end
self.selected_clients is 10

-------------Round number: 20-------------

Evaluate global model
Averaged Train Loss: 3.8993
Averaged Test Accurancy: 0.1270
Averaged Test AUC: 0.7974
Std Test Accurancy: 0.0606
Std Test AUC: 0.1585
Accuracy is : 0.12701371322060978
------------------------- Round is  20 ------------------------- time cost ------------------------- 8.557621955871582
select mode  is oort ,num is : 10
selected_unexplore_clients 0,exploited_clients_count10 self.unexplored_clients 0 90
selected_clients [86, 88, 70, 11, 94, 14, 4, 9, 46, 2]
selected_clients num is [86, 88, 70, 11, 94, 14, 4, 9, 46, 2],blacklist num  is 0
~~~~~~~~~~~~~~~~~~~~~~~~~~~~~~~~~~~~~~~~ local training is start,self.selected_clients is 10 ID:[86, 88, 70, 11, 94, 14, 4, 9, 46, 2] 
selectids [86, 88, 70, 11, 94, 14, 4, 9, 46, 2]
~~~~~~~~~~~~~~~~~~~~~~~~~~~~~~~~~~~~~~~~ local training is end
self.selected_clients is 10

-------------Round number: 21-------------

Evaluate global model
Averaged Train Loss: 3.7534
Averaged Test Accurancy: 0.1462
Averaged Test AUC: 0.8079
Std Test Accurancy: 0.0724
Std Test AUC: 0.1783
Accuracy is : 0.14618559446145654
------------------------- Round is  21 ------------------------- time cost ------------------------- 9.305113792419434
select mode  is oort ,num is : 10
selected_unexplore_clients 0,exploited_clients_count10 self.unexplored_clients 0 90
selected_clients [25, 80, 76, 55, 92, 98, 66, 64, 10, 27]
selected_clients num is [25, 80, 76, 55, 92, 98, 66, 64, 10, 27],blacklist num  is 0
~~~~~~~~~~~~~~~~~~~~~~~~~~~~~~~~~~~~~~~~ local training is start,self.selected_clients is 10 ID:[25, 80, 76, 55, 92, 98, 66, 64, 10, 27] 
selectids [25, 80, 76, 55, 92, 98, 66, 64, 10, 27]
~~~~~~~~~~~~~~~~~~~~~~~~~~~~~~~~~~~~~~~~ local training is end
self.selected_clients is 10

-------------Round number: 22-------------

Evaluate global model
Averaged Train Loss: 3.7161
Averaged Test Accurancy: 0.1470
Averaged Test AUC: 0.8123
Std Test Accurancy: 0.0711
Std Test AUC: 0.1890
Accuracy is : 0.14698442284649182
------------------------- Round is  22 ------------------------- time cost ------------------------- 9.761529684066772
select mode  is oort ,num is : 10
selected_unexplore_clients 0,exploited_clients_count10 self.unexplored_clients 0 90
selected_clients [30, 5, 6, 63, 41, 59, 12, 81, 42, 84]
selected_clients num is [30, 5, 6, 63, 41, 59, 12, 81, 42, 84],blacklist num  is 0
~~~~~~~~~~~~~~~~~~~~~~~~~~~~~~~~~~~~~~~~ local training is start,self.selected_clients is 10 ID:[30, 5, 6, 63, 41, 59, 12, 81, 42, 84] 
selectids [30, 5, 6, 63, 41, 59, 12, 81, 42, 84]
~~~~~~~~~~~~~~~~~~~~~~~~~~~~~~~~~~~~~~~~ local training is end
self.selected_clients is 10

-------------Round number: 23-------------

Evaluate global model
Averaged Train Loss: 3.9501
Averaged Test Accurancy: 0.1274
Averaged Test AUC: 0.7988
Std Test Accurancy: 0.0614
Std Test AUC: 0.1741
Accuracy is : 0.1274131274131274
------------------------- Round is  23 ------------------------- time cost ------------------------- 8.668168306350708
select mode  is oort ,num is : 10
selected_unexplore_clients 0,exploited_clients_count10 self.unexplored_clients 0 90
selected_clients [75, 91, 29, 0, 3, 96, 28, 21, 1, 18]
selected_clients num is [75, 91, 29, 0, 3, 96, 28, 21, 1, 18],blacklist num  is 0
~~~~~~~~~~~~~~~~~~~~~~~~~~~~~~~~~~~~~~~~ local training is start,self.selected_clients is 10 ID:[75, 91, 29, 0, 3, 96, 28, 21, 1, 18] 
selectids [75, 91, 29, 0, 3, 96, 28, 21, 1, 18]
~~~~~~~~~~~~~~~~~~~~~~~~~~~~~~~~~~~~~~~~ local training is end
self.selected_clients is 10

-------------Round number: 24-------------

Evaluate global model
Averaged Train Loss: 4.0071
Averaged Test Accurancy: 0.1350
Averaged Test AUC: 0.7882
Std Test Accurancy: 0.0637
Std Test AUC: 0.1874
Accuracy is : 0.13500199707096258
------------------------- Round is  24 ------------------------- time cost ------------------------- 8.924147367477417
select mode  is oort ,num is : 10
selected_unexplore_clients 0,exploited_clients_count10 self.unexplored_clients 0 90
selected_clients [40, 90, 7, 65, 38, 45, 87, 56, 31, 78]
selected_clients num is [40, 90, 7, 65, 38, 45, 87, 56, 31, 78],blacklist num  is 0
~~~~~~~~~~~~~~~~~~~~~~~~~~~~~~~~~~~~~~~~ local training is start,self.selected_clients is 10 ID:[40, 90, 7, 65, 38, 45, 87, 56, 31, 78] 
selectids [40, 90, 7, 65, 38, 45, 87, 56, 31, 78]
~~~~~~~~~~~~~~~~~~~~~~~~~~~~~~~~~~~~~~~~ local training is end
self.selected_clients is 10

-------------Round number: 25-------------

Evaluate global model
Averaged Train Loss: 3.8041
Averaged Test Accurancy: 0.1453
Averaged Test AUC: 0.8017
Std Test Accurancy: 0.0683
Std Test AUC: 0.1809
Accuracy is : 0.14532019704433496
------------------------- Round is  25 ------------------------- time cost ------------------------- 9.042832612991333
select mode  is oort ,num is : 10
selected_unexplore_clients 0,exploited_clients_count10 self.unexplored_clients 0 90
selected_clients [60, 51, 79, 32, 50, 74, 8, 53, 16, 37]
selected_clients num is [60, 51, 79, 32, 50, 74, 8, 53, 16, 37],blacklist num  is 0
~~~~~~~~~~~~~~~~~~~~~~~~~~~~~~~~~~~~~~~~ local training is start,self.selected_clients is 10 ID:[60, 51, 79, 32, 50, 74, 8, 53, 16, 37] 
selectids [60, 51, 79, 32, 50, 74, 8, 53, 16, 37]
~~~~~~~~~~~~~~~~~~~~~~~~~~~~~~~~~~~~~~~~ local training is end
self.selected_clients is 10

-------------Round number: 26-------------

Evaluate global model
Averaged Train Loss: 3.6933
Averaged Test Accurancy: 0.1471
Averaged Test AUC: 0.8151
Std Test Accurancy: 0.0794
Std Test AUC: 0.1707
Accuracy is : 0.14711756091066436
------------------------- Round is  26 ------------------------- time cost ------------------------- 6.871852874755859
select mode  is oort ,num is : 10
selected_unexplore_clients 0,exploited_clients_count10 self.unexplored_clients 0 90
selected_clients [68, 33, 48, 19, 67, 39, 58, 26, 49, 54]
selected_clients num is [68, 33, 48, 19, 67, 39, 58, 26, 49, 54],blacklist num  is 0
~~~~~~~~~~~~~~~~~~~~~~~~~~~~~~~~~~~~~~~~ local training is start,self.selected_clients is 10 ID:[68, 33, 48, 19, 67, 39, 58, 26, 49, 54] 
selectids [68, 33, 48, 19, 67, 39, 58, 26, 49, 54]
~~~~~~~~~~~~~~~~~~~~~~~~~~~~~~~~~~~~~~~~ local training is end
self.selected_clients is 10

-------------Round number: 27-------------

Evaluate global model
Averaged Train Loss: 3.5849
Averaged Test Accurancy: 0.1551
Averaged Test AUC: 0.8257
Std Test Accurancy: 0.0935
Std Test AUC: 0.1239
Accuracy is : 0.1551058447610172
------------------------- Round is  27 ------------------------- time cost ------------------------- 6.785437345504761
select mode  is oort ,num is : 10
selected_unexplore_clients 0,exploited_clients_count10 self.unexplored_clients 0 90
selected_clients [9, 27, 93, 72, 15, 66, 80, 14, 98, 24]
selected_clients num is [9, 27, 93, 72, 15, 66, 80, 14, 98, 24],blacklist num  is 0
~~~~~~~~~~~~~~~~~~~~~~~~~~~~~~~~~~~~~~~~ local training is start,self.selected_clients is 10 ID:[9, 27, 93, 72, 15, 66, 80, 14, 98, 24] 
selectids [9, 27, 93, 72, 15, 66, 80, 14, 98, 24]
~~~~~~~~~~~~~~~~~~~~~~~~~~~~~~~~~~~~~~~~ local training is end
self.selected_clients is 10

-------------Round number: 28-------------

Evaluate global model
Averaged Train Loss: 3.6374
Averaged Test Accurancy: 0.1503
Averaged Test AUC: 0.8202
Std Test Accurancy: 0.0691
Std Test AUC: 0.1512
Accuracy is : 0.1503128744508055
------------------------- Round is  28 ------------------------- time cost ------------------------- 9.839510440826416
select mode  is oort ,num is : 10
selected_unexplore_clients 0,exploited_clients_count10 self.unexplored_clients 0 90
selected_clients [25, 6, 61, 73, 97, 55, 10, 63, 94, 70]
selected_clients num is [25, 6, 61, 73, 97, 55, 10, 63, 94, 70],blacklist num  is 0
~~~~~~~~~~~~~~~~~~~~~~~~~~~~~~~~~~~~~~~~ local training is start,self.selected_clients is 10 ID:[25, 6, 61, 73, 97, 55, 10, 63, 94, 70] 
selectids [25, 6, 61, 73, 97, 55, 10, 63, 94, 70]
~~~~~~~~~~~~~~~~~~~~~~~~~~~~~~~~~~~~~~~~ local training is end
self.selected_clients is 10

-------------Round number: 29-------------

Evaluate global model
Averaged Train Loss: 3.7739
Averaged Test Accurancy: 0.1480
Averaged Test AUC: 0.8054
Std Test Accurancy: 0.0775
Std Test AUC: 0.1729
Accuracy is : 0.14804952735987217
------------------------- Round is  29 ------------------------- time cost ------------------------- 8.788206100463867
select mode  is oort ,num is : 10
selected_unexplore_clients 0,exploited_clients_count10 self.unexplored_clients 0 90
selected_clients [64, 11, 52, 81, 41, 12, 84, 13, 85, 47]
selected_clients num is [64, 11, 52, 81, 41, 12, 84, 13, 85, 47],blacklist num  is 0
~~~~~~~~~~~~~~~~~~~~~~~~~~~~~~~~~~~~~~~~ local training is start,self.selected_clients is 10 ID:[64, 11, 52, 81, 41, 12, 84, 13, 85, 47] 
selectids [64, 11, 52, 81, 41, 12, 84, 13, 85, 47]
~~~~~~~~~~~~~~~~~~~~~~~~~~~~~~~~~~~~~~~~ local training is end
self.selected_clients is 10

-------------Round number: 30-------------

Evaluate global model
Averaged Train Loss: 3.7076
Averaged Test Accurancy: 0.1510
Averaged Test AUC: 0.8145
Std Test Accurancy: 0.0708
Std Test AUC: 0.1699
Accuracy is : 0.1509785647716682
------------------------- Round is  30 ------------------------- time cost ------------------------- 9.164535760879517
select mode  is oort ,num is : 10
selected_unexplore_clients 0,exploited_clients_count10 self.unexplored_clients 0 90
selected_clients [75, 83, 5, 82, 86, 29, 88, 2, 1, 23]
selected_clients num is [75, 83, 5, 82, 86, 29, 88, 2, 1, 23],blacklist num  is 0
~~~~~~~~~~~~~~~~~~~~~~~~~~~~~~~~~~~~~~~~ local training is start,self.selected_clients is 10 ID:[75, 83, 5, 82, 86, 29, 88, 2, 1, 23] 
selectids [75, 83, 5, 82, 86, 29, 88, 2, 1, 23]
~~~~~~~~~~~~~~~~~~~~~~~~~~~~~~~~~~~~~~~~ local training is end
self.selected_clients is 10

-------------Round number: 31-------------

Evaluate global model
Averaged Train Loss: 3.5965
Averaged Test Accurancy: 0.1591
Averaged Test AUC: 0.8222
Std Test Accurancy: 0.0790
Std Test AUC: 0.1731
Accuracy is : 0.15909998668619357
------------------------- Round is  31 ------------------------- time cost ------------------------- 9.16334843635559
select mode  is oort ,num is : 10
selected_unexplore_clients 0,exploited_clients_count10 self.unexplored_clients 0 90
selected_clients [21, 56, 31, 65, 20, 62, 30, 36, 90, 57]
selected_clients num is [21, 56, 31, 65, 20, 62, 30, 36, 90, 57],blacklist num  is 0
~~~~~~~~~~~~~~~~~~~~~~~~~~~~~~~~~~~~~~~~ local training is start,self.selected_clients is 10 ID:[21, 56, 31, 65, 20, 62, 30, 36, 90, 57] 
selectids [21, 56, 31, 65, 20, 62, 30, 36, 90, 57]
~~~~~~~~~~~~~~~~~~~~~~~~~~~~~~~~~~~~~~~~ local training is end
self.selected_clients is 10

-------------Round number: 32-------------

Evaluate global model
Averaged Train Loss: 3.9835
Averaged Test Accurancy: 0.1371
Averaged Test AUC: 0.7949
Std Test Accurancy: 0.0715
Std Test AUC: 0.1425
Accuracy is : 0.13713220609772334
------------------------- Round is  32 ------------------------- time cost ------------------------- 7.767677307128906
select mode  is oort ,num is : 10
selected_unexplore_clients 0,exploited_clients_count10 self.unexplored_clients 0 90
selected_clients [0, 4, 26, 39, 46, 50, 48, 45, 32, 77]
selected_clients num is [0, 4, 26, 39, 46, 50, 48, 45, 32, 77],blacklist num  is 0
~~~~~~~~~~~~~~~~~~~~~~~~~~~~~~~~~~~~~~~~ local training is start,self.selected_clients is 10 ID:[0, 4, 26, 39, 46, 50, 48, 45, 32, 77] 
selectids [0, 4, 26, 39, 46, 50, 48, 45, 32, 77]
~~~~~~~~~~~~~~~~~~~~~~~~~~~~~~~~~~~~~~~~ local training is end
self.selected_clients is 10

-------------Round number: 33-------------

Evaluate global model
Averaged Train Loss: 3.8140
Averaged Test Accurancy: 0.1321
Averaged Test AUC: 0.8110
Std Test Accurancy: 0.0955
Std Test AUC: 0.1110
Accuracy is : 0.13207295965916654
------------------------- Round is  33 ------------------------- time cost ------------------------- 6.840952396392822
select mode  is oort ,num is : 10
selected_unexplore_clients 0,exploited_clients_count10 self.unexplored_clients 0 90
selected_clients [3, 59, 28, 58, 18, 91, 7, 78, 8, 42]
selected_clients num is [3, 59, 28, 58, 18, 91, 7, 78, 8, 42],blacklist num  is 0
~~~~~~~~~~~~~~~~~~~~~~~~~~~~~~~~~~~~~~~~ local training is start,self.selected_clients is 10 ID:[3, 59, 28, 58, 18, 91, 7, 78, 8, 42] 
selectids [3, 59, 28, 58, 18, 91, 7, 78, 8, 42]
~~~~~~~~~~~~~~~~~~~~~~~~~~~~~~~~~~~~~~~~ local training is end
self.selected_clients is 10

-------------Round number: 34-------------

Evaluate global model
Averaged Train Loss: 4.1165
Averaged Test Accurancy: 0.1315
Averaged Test AUC: 0.7852
Std Test Accurancy: 0.0697
Std Test AUC: 0.1254
Accuracy is : 0.1314738383703901
------------------------- Round is  34 ------------------------- time cost ------------------------- 7.839786529541016
select mode  is oort ,num is : 10
selected_unexplore_clients 0,exploited_clients_count10 self.unexplored_clients 0 90
selected_clients [51, 52, 15, 24, 67, 72, 96, 97, 54, 81]
selected_clients num is [51, 52, 15, 24, 67, 72, 96, 97, 54, 81],blacklist num  is 0
~~~~~~~~~~~~~~~~~~~~~~~~~~~~~~~~~~~~~~~~ local training is start,self.selected_clients is 10 ID:[51, 52, 15, 24, 67, 72, 96, 97, 54, 81] 
selectids [51, 52, 15, 24, 67, 72, 96, 97, 54, 81]
~~~~~~~~~~~~~~~~~~~~~~~~~~~~~~~~~~~~~~~~ local training is end
self.selected_clients is 10

-------------Round number: 35-------------

Evaluate global model
Averaged Train Loss: 3.7057
Averaged Test Accurancy: 0.1535
Averaged Test AUC: 0.8123
Std Test Accurancy: 0.0734
Std Test AUC: 0.1688
Accuracy is : 0.15350818799094662
------------------------- Round is  35 ------------------------- time cost ------------------------- 9.811060190200806
select mode  is oort ,num is : 10
selected_unexplore_clients 0,exploited_clients_count10 self.unexplored_clients 0 90
selected_clients [53, 49, 87, 38, 13, 61, 64, 74, 47, 40]
selected_clients num is [53, 49, 87, 38, 13, 61, 64, 74, 47, 40],blacklist num  is 0
~~~~~~~~~~~~~~~~~~~~~~~~~~~~~~~~~~~~~~~~ local training is start,self.selected_clients is 10 ID:[53, 49, 87, 38, 13, 61, 64, 74, 47, 40] 
selectids [53, 49, 87, 38, 13, 61, 64, 74, 47, 40]
~~~~~~~~~~~~~~~~~~~~~~~~~~~~~~~~~~~~~~~~ local training is end
self.selected_clients is 10

-------------Round number: 36-------------

Evaluate global model
Averaged Train Loss: 3.8676
Averaged Test Accurancy: 0.1439
Averaged Test AUC: 0.7974
Std Test Accurancy: 0.0712
Std Test AUC: 0.1732
Accuracy is : 0.14385567833843696
------------------------- Round is  36 ------------------------- time cost ------------------------- 8.216736793518066
select mode  is oort ,num is : 10
selected_unexplore_clients 0,exploited_clients_count10 self.unexplored_clients 0 90
selected_clients [16, 75, 70, 19, 98, 94, 76, 25, 79, 14]
selected_clients num is [16, 75, 70, 19, 98, 94, 76, 25, 79, 14],blacklist num  is 0
~~~~~~~~~~~~~~~~~~~~~~~~~~~~~~~~~~~~~~~~ local training is start,self.selected_clients is 10 ID:[16, 75, 70, 19, 98, 94, 76, 25, 79, 14] 
selectids [16, 75, 70, 19, 98, 94, 76, 25, 79, 14]
~~~~~~~~~~~~~~~~~~~~~~~~~~~~~~~~~~~~~~~~ local training is end
self.selected_clients is 10

-------------Round number: 37-------------

Evaluate global model
Averaged Train Loss: 3.6979
Averaged Test Accurancy: 0.1514
Averaged Test AUC: 0.8130
Std Test Accurancy: 0.0844
Std Test AUC: 0.1762
Accuracy is : 0.15137797896418587
------------------------- Round is  37 ------------------------- time cost ------------------------- 8.726710319519043
select mode  is oort ,num is : 10
selected_unexplore_clients 0,exploited_clients_count10 self.unexplored_clients 0 90
selected_clients [37, 86, 65, 20, 2, 68, 30, 88, 9, 55]
selected_clients num is [37, 86, 65, 20, 2, 68, 30, 88, 9, 55],blacklist num  is 0
~~~~~~~~~~~~~~~~~~~~~~~~~~~~~~~~~~~~~~~~ local training is start,self.selected_clients is 10 ID:[37, 86, 65, 20, 2, 68, 30, 88, 9, 55] 
selectids [37, 86, 65, 20, 2, 68, 30, 88, 9, 55]
~~~~~~~~~~~~~~~~~~~~~~~~~~~~~~~~~~~~~~~~ local training is end
self.selected_clients is 10

-------------Round number: 38-------------

Evaluate global model
Averaged Train Loss: 3.6477
Averaged Test Accurancy: 0.1508
Averaged Test AUC: 0.8184
Std Test Accurancy: 0.0739
Std Test AUC: 0.1848
Accuracy is : 0.15084542670749568
------------------------- Round is  38 ------------------------- time cost ------------------------- 8.700646162033081
select mode  is oort ,num is : 10
selected_unexplore_clients 0,exploited_clients_count10 self.unexplored_clients 0 90
selected_clients [21, 6, 45, 44, 92, 41, 90, 85, 36, 11]
selected_clients num is [21, 6, 45, 44, 92, 41, 90, 85, 36, 11],blacklist num  is 0
~~~~~~~~~~~~~~~~~~~~~~~~~~~~~~~~~~~~~~~~ local training is start,self.selected_clients is 10 ID:[21, 6, 45, 44, 92, 41, 90, 85, 36, 11] 
selectids [21, 6, 45, 44, 92, 41, 90, 85, 36, 11]
~~~~~~~~~~~~~~~~~~~~~~~~~~~~~~~~~~~~~~~~ local training is end
self.selected_clients is 10

-------------Round number: 39-------------

Evaluate global model
Averaged Train Loss: 3.5943
Averaged Test Accurancy: 0.1548
Averaged Test AUC: 0.8227
Std Test Accurancy: 0.0778
Std Test AUC: 0.1477
Accuracy is : 0.1547729996005858
------------------------- Round is  39 ------------------------- time cost ------------------------- 9.273249387741089
select mode  is oort ,num is : 10
selected_unexplore_clients 0,exploited_clients_count10 self.unexplored_clients 0 90
selected_clients [12, 91, 4, 82, 78, 58, 57, 5, 39, 0]
selected_clients num is [12, 91, 4, 82, 78, 58, 57, 5, 39, 0],blacklist num  is 0
~~~~~~~~~~~~~~~~~~~~~~~~~~~~~~~~~~~~~~~~ local training is start,self.selected_clients is 10 ID:[12, 91, 4, 82, 78, 58, 57, 5, 39, 0] 
selectids [12, 91, 4, 82, 78, 58, 57, 5, 39, 0]
~~~~~~~~~~~~~~~~~~~~~~~~~~~~~~~~~~~~~~~~ local training is end
self.selected_clients is 10

-------------Round number: 40-------------

Evaluate global model
Averaged Train Loss: 3.6808
Averaged Test Accurancy: 0.1520
Averaged Test AUC: 0.8150
Std Test Accurancy: 0.0727
Std Test AUC: 0.1643
Accuracy is : 0.1520436692850486
------------------------- Round is  40 ------------------------- time cost ------------------------- 8.531538009643555
select mode  is oort ,num is : 10
selected_unexplore_clients 0,exploited_clients_count10 self.unexplored_clients 0 90
selected_clients [80, 1, 63, 48, 26, 93, 3, 18, 59, 62]
selected_clients num is [80, 1, 63, 48, 26, 93, 3, 18, 59, 62],blacklist num  is 0
~~~~~~~~~~~~~~~~~~~~~~~~~~~~~~~~~~~~~~~~ local training is start,self.selected_clients is 10 ID:[80, 1, 63, 48, 26, 93, 3, 18, 59, 62] 
selectids [80, 1, 63, 48, 26, 93, 3, 18, 59, 62]
~~~~~~~~~~~~~~~~~~~~~~~~~~~~~~~~~~~~~~~~ local training is end
self.selected_clients is 10

-------------Round number: 41-------------

Evaluate global model
Averaged Train Loss: 3.7087
Averaged Test Accurancy: 0.1505
Averaged Test AUC: 0.8114
Std Test Accurancy: 0.0712
Std Test AUC: 0.1691
Accuracy is : 0.15051258154706432
------------------------- Round is  41 ------------------------- time cost ------------------------- 8.83099913597107
select mode  is oort ,num is : 10
selected_unexplore_clients 0,exploited_clients_count10 self.unexplored_clients 0 90
selected_clients [42, 46, 56, 8, 10, 73, 50, 24, 15, 54]
selected_clients num is [42, 46, 56, 8, 10, 73, 50, 24, 15, 54],blacklist num  is 0
~~~~~~~~~~~~~~~~~~~~~~~~~~~~~~~~~~~~~~~~ local training is start,self.selected_clients is 10 ID:[42, 46, 56, 8, 10, 73, 50, 24, 15, 54] 
selectids [42, 46, 56, 8, 10, 73, 50, 24, 15, 54]
~~~~~~~~~~~~~~~~~~~~~~~~~~~~~~~~~~~~~~~~ local training is end
self.selected_clients is 10

-------------Round number: 42-------------

Evaluate global model
Averaged Train Loss: 3.6522
Averaged Test Accurancy: 0.1353
Averaged Test AUC: 0.8203
Std Test Accurancy: 0.0959
Std Test AUC: 0.1458
Accuracy is : 0.13533484223139394
------------------------- Round is  42 ------------------------- time cost ------------------------- 6.883932113647461
select mode  is oort ,num is : 10
selected_unexplore_clients 0,exploited_clients_count10 self.unexplored_clients 0 90
selected_clients [16, 86, 38, 49, 30, 84, 7, 28, 87, 2]
selected_clients num is [16, 86, 38, 49, 30, 84, 7, 28, 87, 2],blacklist num  is 0
~~~~~~~~~~~~~~~~~~~~~~~~~~~~~~~~~~~~~~~~ local training is start,self.selected_clients is 10 ID:[16, 86, 38, 49, 30, 84, 7, 28, 87, 2] 
selectids [16, 86, 38, 49, 30, 84, 7, 28, 87, 2]
~~~~~~~~~~~~~~~~~~~~~~~~~~~~~~~~~~~~~~~~ local training is end
self.selected_clients is 10

-------------Round number: 43-------------

Evaluate global model
Averaged Train Loss: 3.5417
Averaged Test Accurancy: 0.1645
Averaged Test AUC: 0.8246
Std Test Accurancy: 0.0746
Std Test AUC: 0.1578
Accuracy is : 0.16449207828518173
------------------------- Round is  43 ------------------------- time cost ------------------------- 9.474082231521606
select mode  is oort ,num is : 10
selected_unexplore_clients 0,exploited_clients_count10 self.unexplored_clients 0 90
selected_clients [33, 55, 70, 81, 27, 77, 29, 14, 19, 83]
selected_clients num is [33, 55, 70, 81, 27, 77, 29, 14, 19, 83],blacklist num  is 0
~~~~~~~~~~~~~~~~~~~~~~~~~~~~~~~~~~~~~~~~ local training is start,self.selected_clients is 10 ID:[33, 55, 70, 81, 27, 77, 29, 14, 19, 83] 
selectids [33, 55, 70, 81, 27, 77, 29, 14, 19, 83]
~~~~~~~~~~~~~~~~~~~~~~~~~~~~~~~~~~~~~~~~ local training is end
self.selected_clients is 10

-------------Round number: 44-------------

Evaluate global model
Averaged Train Loss: 3.6897
Averaged Test Accurancy: 0.1522
Averaged Test AUC: 0.8176
Std Test Accurancy: 0.0807
Std Test AUC: 0.1610
Accuracy is : 0.15217680734922115
------------------------- Round is  44 ------------------------- time cost ------------------------- 8.819408893585205
select mode  is oort ,num is : 10
selected_unexplore_clients 0,exploited_clients_count10 self.unexplored_clients 0 90
selected_clients [67, 47, 36, 92, 97, 66, 76, 79, 68, 51]
selected_clients num is [67, 47, 36, 92, 97, 66, 76, 79, 68, 51],blacklist num  is 0
~~~~~~~~~~~~~~~~~~~~~~~~~~~~~~~~~~~~~~~~ local training is start,self.selected_clients is 10 ID:[67, 47, 36, 92, 97, 66, 76, 79, 68, 51] 
selectids [67, 47, 36, 92, 97, 66, 76, 79, 68, 51]
~~~~~~~~~~~~~~~~~~~~~~~~~~~~~~~~~~~~~~~~ local training is end
self.selected_clients is 10

-------------Round number: 45-------------

Evaluate global model
Averaged Train Loss: 3.6059
Averaged Test Accurancy: 0.1564
Averaged Test AUC: 0.8192
Std Test Accurancy: 0.0735
Std Test AUC: 0.1704
Accuracy is : 0.15643722540274266
------------------------- Round is  45 ------------------------- time cost ------------------------- 8.89737343788147
select mode  is oort ,num is : 10
selected_unexplore_clients 0,exploited_clients_count10 self.unexplored_clients 0 90
selected_clients [85, 4, 90, 25, 45, 59, 63, 21, 96, 82]
selected_clients num is [85, 4, 90, 25, 45, 59, 63, 21, 96, 82],blacklist num  is 0
~~~~~~~~~~~~~~~~~~~~~~~~~~~~~~~~~~~~~~~~ local training is start,self.selected_clients is 10 ID:[85, 4, 90, 25, 45, 59, 63, 21, 96, 82] 
selectids [85, 4, 90, 25, 45, 59, 63, 21, 96, 82]
~~~~~~~~~~~~~~~~~~~~~~~~~~~~~~~~~~~~~~~~ local training is end
self.selected_clients is 10

-------------Round number: 46-------------

Evaluate global model
Averaged Train Loss: 3.4783
Averaged Test Accurancy: 0.1664
Averaged Test AUC: 0.8280
Std Test Accurancy: 0.0778
Std Test AUC: 0.1668
Accuracy is : 0.16635601118359739
------------------------- Round is  46 ------------------------- time cost ------------------------- 10.298959493637085
select mode  is oort ,num is : 10
selected_unexplore_clients 0,exploited_clients_count10 self.unexplored_clients 0 90
selected_clients [40, 3, 61, 52, 53, 39, 98, 58, 41, 62]
selected_clients num is [40, 3, 61, 52, 53, 39, 98, 58, 41, 62],blacklist num  is 0
~~~~~~~~~~~~~~~~~~~~~~~~~~~~~~~~~~~~~~~~ local training is start,self.selected_clients is 10 ID:[40, 3, 61, 52, 53, 39, 98, 58, 41, 62] 
selectids [40, 3, 61, 52, 53, 39, 98, 58, 41, 62]
~~~~~~~~~~~~~~~~~~~~~~~~~~~~~~~~~~~~~~~~ local training is end
self.selected_clients is 10

-------------Round number: 47-------------

Evaluate global model
Averaged Train Loss: 3.7876
Averaged Test Accurancy: 0.1502
Averaged Test AUC: 0.8101
Std Test Accurancy: 0.0966
Std Test AUC: 0.1685
Accuracy is : 0.15017973638663293
------------------------- Round is  47 ------------------------- time cost ------------------------- 7.905357360839844
select mode  is oort ,num is : 10
selected_unexplore_clients 0,exploited_clients_count10 self.unexplored_clients 0 90
selected_clients [23, 65, 32, 60, 93, 42, 0, 48, 64, 12]
selected_clients num is [23, 65, 32, 60, 93, 42, 0, 48, 64, 12],blacklist num  is 0
~~~~~~~~~~~~~~~~~~~~~~~~~~~~~~~~~~~~~~~~ local training is start,self.selected_clients is 10 ID:[23, 65, 32, 60, 93, 42, 0, 48, 64, 12] 
selectids [23, 65, 32, 60, 93, 42, 0, 48, 64, 12]
~~~~~~~~~~~~~~~~~~~~~~~~~~~~~~~~~~~~~~~~ local training is end
self.selected_clients is 10

-------------Round number: 48-------------

Evaluate global model
Averaged Train Loss: 3.8915
Averaged Test Accurancy: 0.1362
Averaged Test AUC: 0.8040
Std Test Accurancy: 0.0707
Std Test AUC: 0.1565
Accuracy is : 0.13620023964851552
------------------------- Round is  48 ------------------------- time cost ------------------------- 8.0189368724823
select mode  is oort ,num is : 10
selected_unexplore_clients 0,exploited_clients_count10 self.unexplored_clients 0 90
selected_clients [44, 10, 13, 6, 88, 7, 91, 78, 56, 28]
selected_clients num is [44, 10, 13, 6, 88, 7, 91, 78, 56, 28],blacklist num  is 0
~~~~~~~~~~~~~~~~~~~~~~~~~~~~~~~~~~~~~~~~ local training is start,self.selected_clients is 10 ID:[44, 10, 13, 6, 88, 7, 91, 78, 56, 28] 
selectids [44, 10, 13, 6, 88, 7, 91, 78, 56, 28]
~~~~~~~~~~~~~~~~~~~~~~~~~~~~~~~~~~~~~~~~ local training is end
self.selected_clients is 10

-------------Round number: 49-------------

Evaluate global model
Averaged Train Loss: 3.6594
Averaged Test Accurancy: 0.1558
Averaged Test AUC: 0.8154
Std Test Accurancy: 0.0731
Std Test AUC: 0.1672
Accuracy is : 0.15583810411396617
------------------------- Round is  49 ------------------------- time cost ------------------------- 8.936129331588745
select mode  is oort ,num is : 10
selected_unexplore_clients 0,exploited_clients_count10 self.unexplored_clients 0 90
selected_clients [11, 2, 70, 4, 1, 36, 29, 20, 26, 47]
selected_clients num is [11, 2, 70, 4, 1, 36, 29, 20, 26, 47],blacklist num  is 0
~~~~~~~~~~~~~~~~~~~~~~~~~~~~~~~~~~~~~~~~ local training is start,self.selected_clients is 10 ID:[11, 2, 70, 4, 1, 36, 29, 20, 26, 47] 
selectids [11, 2, 70, 4, 1, 36, 29, 20, 26, 47]
~~~~~~~~~~~~~~~~~~~~~~~~~~~~~~~~~~~~~~~~ local training is end
self.selected_clients is 10

-------------Round number: 50-------------

Evaluate global model
Averaged Train Loss: 3.5284
Averaged Test Accurancy: 0.1518
Averaged Test AUC: 0.8281
Std Test Accurancy: 0.1232
Std Test AUC: 0.1347
Accuracy is : 0.1518439621887898
------------------------- Round is  50 ------------------------- time cost ------------------------- 6.7792067527771
select mode  is oort ,num is : 10
selected_unexplore_clients 0,exploited_clients_count10 self.unexplored_clients 0 90
selected_clients [30, 50, 40, 3, 25, 58, 16, 15, 49, 81]
selected_clients num is [30, 50, 40, 3, 25, 58, 16, 15, 49, 81],blacklist num  is 0
~~~~~~~~~~~~~~~~~~~~~~~~~~~~~~~~~~~~~~~~ local training is start,self.selected_clients is 10 ID:[30, 50, 40, 3, 25, 58, 16, 15, 49, 81] 
selectids [30, 50, 40, 3, 25, 58, 16, 15, 49, 81]
~~~~~~~~~~~~~~~~~~~~~~~~~~~~~~~~~~~~~~~~ local training is end
self.selected_clients is 10

-------------Round number: 51-------------

Evaluate global model
Averaged Train Loss: 3.8953
Averaged Test Accurancy: 0.1439
Averaged Test AUC: 0.8089
Std Test Accurancy: 0.0731
Std Test AUC: 0.1370
Accuracy is : 0.14392224737052323
------------------------- Round is  51 ------------------------- time cost ------------------------- 7.974460601806641
select mode  is oort ,num is : 10
selected_unexplore_clients 0,exploited_clients_count10 self.unexplored_clients 0 90
selected_clients [54, 9, 67, 61, 84, 72, 27, 87, 82, 86]
selected_clients num is [54, 9, 67, 61, 84, 72, 27, 87, 82, 86],blacklist num  is 0
~~~~~~~~~~~~~~~~~~~~~~~~~~~~~~~~~~~~~~~~ local training is start,self.selected_clients is 10 ID:[54, 9, 67, 61, 84, 72, 27, 87, 82, 86] 
selectids [54, 9, 67, 61, 84, 72, 27, 87, 82, 86]
~~~~~~~~~~~~~~~~~~~~~~~~~~~~~~~~~~~~~~~~ local training is end
self.selected_clients is 10

-------------Round number: 52-------------

Evaluate global model
Averaged Train Loss: 3.4321
Averaged Test Accurancy: 0.1730
Averaged Test AUC: 0.8313
Std Test Accurancy: 0.0781
Std Test AUC: 0.1503
Accuracy is : 0.17301291439222474
------------------------- Round is  52 ------------------------- time cost ------------------------- 10.574872016906738
select mode  is oort ,num is : 10
selected_unexplore_clients 0,exploited_clients_count10 self.unexplored_clients 0 90
selected_clients [41, 64, 32, 92, 80, 98, 19, 37, 83, 24]
selected_clients num is [41, 64, 32, 92, 80, 98, 19, 37, 83, 24],blacklist num  is 0
~~~~~~~~~~~~~~~~~~~~~~~~~~~~~~~~~~~~~~~~ local training is start,self.selected_clients is 10 ID:[41, 64, 32, 92, 80, 98, 19, 37, 83, 24] 
selectids [41, 64, 32, 92, 80, 98, 19, 37, 83, 24]
~~~~~~~~~~~~~~~~~~~~~~~~~~~~~~~~~~~~~~~~ local training is end
self.selected_clients is 10

-------------Round number: 53-------------

Evaluate global model
Averaged Train Loss: 3.4785
Averaged Test Accurancy: 0.1708
Averaged Test AUC: 0.8295
Std Test Accurancy: 0.0787
Std Test AUC: 0.1625
Accuracy is : 0.17081613633337772
------------------------- Round is  53 ------------------------- time cost ------------------------- 10.55984091758728
select mode  is oort ,num is : 10
selected_unexplore_clients 0,exploited_clients_count10 self.unexplored_clients 0 90
selected_clients [0, 62, 76, 5, 55, 21, 96, 73, 68, 46]
selected_clients num is [0, 62, 76, 5, 55, 21, 96, 73, 68, 46],blacklist num  is 0
~~~~~~~~~~~~~~~~~~~~~~~~~~~~~~~~~~~~~~~~ local training is start,self.selected_clients is 10 ID:[0, 62, 76, 5, 55, 21, 96, 73, 68, 46] 
selectids [0, 62, 76, 5, 55, 21, 96, 73, 68, 46]
~~~~~~~~~~~~~~~~~~~~~~~~~~~~~~~~~~~~~~~~ local training is end
self.selected_clients is 10

-------------Round number: 54-------------

Evaluate global model
Averaged Train Loss: 3.8020
Averaged Test Accurancy: 0.1474
Averaged Test AUC: 0.8081
Std Test Accurancy: 0.0689
Std Test AUC: 0.1637
Accuracy is : 0.14738383703900945
------------------------- Round is  54 ------------------------- time cost ------------------------- 8.287051916122437
select mode  is oort ,num is : 10
selected_unexplore_clients 0,exploited_clients_count10 self.unexplored_clients 0 90
selected_clients [1, 13, 31, 11, 36, 4, 59, 91, 28, 38]
selected_clients num is [1, 13, 31, 11, 36, 4, 59, 91, 28, 38],blacklist num  is 0
~~~~~~~~~~~~~~~~~~~~~~~~~~~~~~~~~~~~~~~~ local training is start,self.selected_clients is 10 ID:[1, 13, 31, 11, 36, 4, 59, 91, 28, 38] 
selectids [1, 13, 31, 11, 36, 4, 59, 91, 28, 38]
~~~~~~~~~~~~~~~~~~~~~~~~~~~~~~~~~~~~~~~~ local training is end
self.selected_clients is 10

-------------Round number: 55-------------

Evaluate global model
Averaged Train Loss: 4.0394
Averaged Test Accurancy: 0.1425
Averaged Test AUC: 0.7937
Std Test Accurancy: 0.0705
Std Test AUC: 0.1594
Accuracy is : 0.1425242976967115
------------------------- Round is  55 ------------------------- time cost ------------------------- 7.998251676559448
select mode  is oort ,num is : 10
selected_unexplore_clients 0,exploited_clients_count10 self.unexplored_clients 0 90
selected_clients [57, 70, 74, 66, 52, 7, 97, 60, 77, 63]
selected_clients num is [57, 70, 74, 66, 52, 7, 97, 60, 77, 63],blacklist num  is 0
~~~~~~~~~~~~~~~~~~~~~~~~~~~~~~~~~~~~~~~~ local training is start,self.selected_clients is 10 ID:[57, 70, 74, 66, 52, 7, 97, 60, 77, 63] 
selectids [57, 70, 74, 66, 52, 7, 97, 60, 77, 63]
~~~~~~~~~~~~~~~~~~~~~~~~~~~~~~~~~~~~~~~~ local training is end
self.selected_clients is 10

-------------Round number: 56-------------

Evaluate global model
Averaged Train Loss: 3.7405
Averaged Test Accurancy: 0.1566
Averaged Test AUC: 0.8082
Std Test Accurancy: 0.0803
Std Test AUC: 0.1629
Accuracy is : 0.15663693249900146
------------------------- Round is  56 ------------------------- time cost ------------------------- 7.536826848983765
select mode  is oort ,num is : 10
selected_unexplore_clients 0,exploited_clients_count10 self.unexplored_clients 0 90
selected_clients [40, 61, 18, 29, 15, 25, 79, 3, 67, 65]
selected_clients num is [40, 61, 18, 29, 15, 25, 79, 3, 67, 65],blacklist num  is 0
~~~~~~~~~~~~~~~~~~~~~~~~~~~~~~~~~~~~~~~~ local training is start,self.selected_clients is 10 ID:[40, 61, 18, 29, 15, 25, 79, 3, 67, 65] 
selectids [40, 61, 18, 29, 15, 25, 79, 3, 67, 65]
~~~~~~~~~~~~~~~~~~~~~~~~~~~~~~~~~~~~~~~~ local training is end
self.selected_clients is 10

-------------Round number: 57-------------

Evaluate global model
Averaged Train Loss: 3.5585
Averaged Test Accurancy: 0.1602
Averaged Test AUC: 0.8208
Std Test Accurancy: 0.1017
Std Test AUC: 0.1537
Accuracy is : 0.16023166023166024
------------------------- Round is  57 ------------------------- time cost ------------------------- 7.205231666564941
select mode  is oort ,num is : 10
selected_unexplore_clients 0,exploited_clients_count10 self.unexplored_clients 0 90
selected_clients [75, 83, 41, 92, 16, 10, 51, 78, 12, 26]
selected_clients num is [75, 83, 41, 92, 16, 10, 51, 78, 12, 26],blacklist num  is 0
~~~~~~~~~~~~~~~~~~~~~~~~~~~~~~~~~~~~~~~~ local training is start,self.selected_clients is 10 ID:[75, 83, 41, 92, 16, 10, 51, 78, 12, 26] 
selectids [75, 83, 41, 92, 16, 10, 51, 78, 12, 26]
~~~~~~~~~~~~~~~~~~~~~~~~~~~~~~~~~~~~~~~~ local training is end
self.selected_clients is 10

-------------Round number: 58-------------

Evaluate global model
Averaged Train Loss: 3.6316
Averaged Test Accurancy: 0.1567
Averaged Test AUC: 0.8180
Std Test Accurancy: 0.0772
Std Test AUC: 0.1598
Accuracy is : 0.15670350153108772
------------------------- Round is  58 ------------------------- time cost ------------------------- 8.456017255783081
select mode  is oort ,num is : 10
selected_unexplore_clients 0,exploited_clients_count10 self.unexplored_clients 0 90
selected_clients [93, 13, 4, 23, 32, 85, 30, 31, 8, 42]
selected_clients num is [93, 13, 4, 23, 32, 85, 30, 31, 8, 42],blacklist num  is 0
~~~~~~~~~~~~~~~~~~~~~~~~~~~~~~~~~~~~~~~~ local training is start,self.selected_clients is 10 ID:[93, 13, 4, 23, 32, 85, 30, 31, 8, 42] 
selectids [93, 13, 4, 23, 32, 85, 30, 31, 8, 42]
~~~~~~~~~~~~~~~~~~~~~~~~~~~~~~~~~~~~~~~~ local training is end
self.selected_clients is 10

-------------Round number: 59-------------

Evaluate global model
Averaged Train Loss: 3.5631
Averaged Test Accurancy: 0.1548
Averaged Test AUC: 0.8234
Std Test Accurancy: 0.0734
Std Test AUC: 0.1487
Accuracy is : 0.1548395686326721
------------------------- Round is  59 ------------------------- time cost ------------------------- 8.706586360931396
select mode  is oort ,num is : 10
selected_unexplore_clients 0,exploited_clients_count10 self.unexplored_clients 0 90
selected_clients [86, 63, 59, 49, 36, 77, 90, 91, 20, 2]
selected_clients num is [86, 63, 59, 49, 36, 77, 90, 91, 20, 2],blacklist num  is 0
~~~~~~~~~~~~~~~~~~~~~~~~~~~~~~~~~~~~~~~~ local training is start,self.selected_clients is 10 ID:[86, 63, 59, 49, 36, 77, 90, 91, 20, 2] 
selectids [86, 63, 59, 49, 36, 77, 90, 91, 20, 2]
~~~~~~~~~~~~~~~~~~~~~~~~~~~~~~~~~~~~~~~~ local training is end
self.selected_clients is 10

-------------Round number: 60-------------

Evaluate global model
Averaged Train Loss: 3.4923
Averaged Test Accurancy: 0.1727
Averaged Test AUC: 0.8278
Std Test Accurancy: 0.0807
Std Test AUC: 0.1361
Accuracy is : 0.17274663826387965
------------------------- Round is  60 ------------------------- time cost ------------------------- 10.110532283782959
select mode  is oort ,num is : 10
selected_unexplore_clients 0,exploited_clients_count10 self.unexplored_clients 0 90
selected_clients [21, 60, 97, 66, 46, 62, 96, 48, 74, 87]
selected_clients num is [21, 60, 97, 66, 46, 62, 96, 48, 74, 87],blacklist num  is 0
~~~~~~~~~~~~~~~~~~~~~~~~~~~~~~~~~~~~~~~~ local training is start,self.selected_clients is 10 ID:[21, 60, 97, 66, 46, 62, 96, 48, 74, 87] 
selectids [21, 60, 97, 66, 46, 62, 96, 48, 74, 87]
~~~~~~~~~~~~~~~~~~~~~~~~~~~~~~~~~~~~~~~~ local training is end
self.selected_clients is 10

-------------Round number: 61-------------

Evaluate global model
Averaged Train Loss: 3.4551
Averaged Test Accurancy: 0.1692
Averaged Test AUC: 0.8263
Std Test Accurancy: 0.0778
Std Test AUC: 0.1566
Accuracy is : 0.1691519105312209
------------------------- Round is  61 ------------------------- time cost ------------------------- 10.354327917098999
select mode  is oort ,num is : 10
selected_unexplore_clients 0,exploited_clients_count10 self.unexplored_clients 0 90
selected_clients [88, 9, 57, 33, 80, 64, 27, 50, 76, 84]
selected_clients num is [88, 9, 57, 33, 80, 64, 27, 50, 76, 84],blacklist num  is 0
~~~~~~~~~~~~~~~~~~~~~~~~~~~~~~~~~~~~~~~~ local training is start,self.selected_clients is 10 ID:[88, 9, 57, 33, 80, 64, 27, 50, 76, 84] 
selectids [88, 9, 57, 33, 80, 64, 27, 50, 76, 84]
~~~~~~~~~~~~~~~~~~~~~~~~~~~~~~~~~~~~~~~~ local training is end
self.selected_clients is 10

-------------Round number: 62-------------

Evaluate global model
Averaged Train Loss: 3.4044
Averaged Test Accurancy: 0.1684
Averaged Test AUC: 0.8309
Std Test Accurancy: 0.0785
Std Test AUC: 0.1473
Accuracy is : 0.16841965117827187
------------------------- Round is  62 ------------------------- time cost ------------------------- 9.310377359390259
select mode  is oort ,num is : 10
selected_unexplore_clients 0,exploited_clients_count10 self.unexplored_clients 0 90
selected_clients [3, 98, 7, 51, 16, 25, 81, 53, 70, 18]
selected_clients num is [3, 98, 7, 51, 16, 25, 81, 53, 70, 18],blacklist num  is 0
~~~~~~~~~~~~~~~~~~~~~~~~~~~~~~~~~~~~~~~~ local training is start,self.selected_clients is 10 ID:[3, 98, 7, 51, 16, 25, 81, 53, 70, 18] 
selectids [3, 98, 7, 51, 16, 25, 81, 53, 70, 18]
~~~~~~~~~~~~~~~~~~~~~~~~~~~~~~~~~~~~~~~~ local training is end
self.selected_clients is 10

-------------Round number: 63-------------

Evaluate global model
Averaged Train Loss: 3.5392
Averaged Test Accurancy: 0.1653
Averaged Test AUC: 0.8264
Std Test Accurancy: 0.0802
Std Test AUC: 0.1595
Accuracy is : 0.165290906670217
------------------------- Round is  63 ------------------------- time cost ------------------------- 8.779883861541748
select mode  is oort ,num is : 10
selected_unexplore_clients 0,exploited_clients_count10 self.unexplored_clients 0 90
selected_clients [26, 38, 56, 8, 4, 92, 28, 31, 67, 40]
selected_clients num is [26, 38, 56, 8, 4, 92, 28, 31, 67, 40],blacklist num  is 0
~~~~~~~~~~~~~~~~~~~~~~~~~~~~~~~~~~~~~~~~ local training is start,self.selected_clients is 10 ID:[26, 38, 56, 8, 4, 92, 28, 31, 67, 40] 
selectids [26, 38, 56, 8, 4, 92, 28, 31, 67, 40]
~~~~~~~~~~~~~~~~~~~~~~~~~~~~~~~~~~~~~~~~ local training is end
self.selected_clients is 10

-------------Round number: 64-------------

Evaluate global model
Averaged Train Loss: 3.8166
Averaged Test Accurancy: 0.1487
Averaged Test AUC: 0.8092
Std Test Accurancy: 0.0923
Std Test AUC: 0.1690
Accuracy is : 0.14871521768073492
------------------------- Round is  64 ------------------------- time cost ------------------------- 7.803653001785278
select mode  is oort ,num is : 10
selected_unexplore_clients 0,exploited_clients_count10 self.unexplored_clients 0 90
selected_clients [65, 79, 94, 52, 47, 15, 73, 39, 29, 23]
selected_clients num is [65, 79, 94, 52, 47, 15, 73, 39, 29, 23],blacklist num  is 0
~~~~~~~~~~~~~~~~~~~~~~~~~~~~~~~~~~~~~~~~ local training is start,self.selected_clients is 10 ID:[65, 79, 94, 52, 47, 15, 73, 39, 29, 23] 
selectids [65, 79, 94, 52, 47, 15, 73, 39, 29, 23]
~~~~~~~~~~~~~~~~~~~~~~~~~~~~~~~~~~~~~~~~ local training is end
self.selected_clients is 10

-------------Round number: 65-------------

Evaluate global model
Averaged Train Loss: 3.7675
Averaged Test Accurancy: 0.1512
Averaged Test AUC: 0.8080
Std Test Accurancy: 0.0889
Std Test AUC: 0.1649
Accuracy is : 0.1512448409000133
------------------------- Round is  65 ------------------------- time cost ------------------------- 7.973321199417114
select mode  is oort ,num is : 10
selected_unexplore_clients 0,exploited_clients_count10 self.unexplored_clients 0 90
selected_clients [24, 20, 58, 85, 41, 37, 61, 14, 6, 32]
selected_clients num is [24, 20, 58, 85, 41, 37, 61, 14, 6, 32],blacklist num  is 0
~~~~~~~~~~~~~~~~~~~~~~~~~~~~~~~~~~~~~~~~ local training is start,self.selected_clients is 10 ID:[24, 20, 58, 85, 41, 37, 61, 14, 6, 32] 
selectids [24, 20, 58, 85, 41, 37, 61, 14, 6, 32]
~~~~~~~~~~~~~~~~~~~~~~~~~~~~~~~~~~~~~~~~ local training is end
self.selected_clients is 10

-------------Round number: 66-------------

Evaluate global model
Averaged Train Loss: 3.9282
Averaged Test Accurancy: 0.1371
Averaged Test AUC: 0.8003
Std Test Accurancy: 0.0816
Std Test AUC: 0.1610
Accuracy is : 0.13706563706563707
------------------------- Round is  66 ------------------------- time cost ------------------------- 7.876897096633911
select mode  is oort ,num is : 10
selected_unexplore_clients 0,exploited_clients_count10 self.unexplored_clients 0 90
selected_clients [63, 96, 12, 91, 13, 78, 75, 49, 44, 30]
selected_clients num is [63, 96, 12, 91, 13, 78, 75, 49, 44, 30],blacklist num  is 0
~~~~~~~~~~~~~~~~~~~~~~~~~~~~~~~~~~~~~~~~ local training is start,self.selected_clients is 10 ID:[63, 96, 12, 91, 13, 78, 75, 49, 44, 30] 
selectids [63, 96, 12, 91, 13, 78, 75, 49, 44, 30]
~~~~~~~~~~~~~~~~~~~~~~~~~~~~~~~~~~~~~~~~ local training is end
self.selected_clients is 10

-------------Round number: 67-------------

Evaluate global model
Averaged Train Loss: 3.5727
Averaged Test Accurancy: 0.1614
Averaged Test AUC: 0.8200
Std Test Accurancy: 0.0766
Std Test AUC: 0.1643
Accuracy is : 0.1613633337771269
------------------------- Round is  67 ------------------------- time cost ------------------------- 9.45841383934021
select mode  is oort ,num is : 10
selected_unexplore_clients 0,exploited_clients_count10 self.unexplored_clients 0 90
selected_clients [18, 72, 80, 97, 2, 21, 53, 45, 51, 70]
selected_clients num is [18, 72, 80, 97, 2, 21, 53, 45, 51, 70],blacklist num  is 0
~~~~~~~~~~~~~~~~~~~~~~~~~~~~~~~~~~~~~~~~ local training is start,self.selected_clients is 10 ID:[18, 72, 80, 97, 2, 21, 53, 45, 51, 70] 
selectids [18, 72, 80, 97, 2, 21, 53, 45, 51, 70]
~~~~~~~~~~~~~~~~~~~~~~~~~~~~~~~~~~~~~~~~ local training is end
self.selected_clients is 10

-------------Round number: 68-------------

Evaluate global model
Averaged Train Loss: 3.6684
Averaged Test Accurancy: 0.1577
Averaged Test AUC: 0.8135
Std Test Accurancy: 0.0782
Std Test AUC: 0.1664
Accuracy is : 0.15770203701238183
------------------------- Round is  68 ------------------------- time cost ------------------------- 8.878813982009888
select mode  is oort ,num is : 10
selected_unexplore_clients 0,exploited_clients_count10 self.unexplored_clients 0 90
selected_clients [8, 54, 62, 39, 92, 98, 38, 94, 6, 87]
selected_clients num is [8, 54, 62, 39, 92, 98, 38, 94, 6, 87],blacklist num  is 0
~~~~~~~~~~~~~~~~~~~~~~~~~~~~~~~~~~~~~~~~ local training is start,self.selected_clients is 10 ID:[8, 54, 62, 39, 92, 98, 38, 94, 6, 87] 
selectids [8, 54, 62, 39, 92, 98, 38, 94, 6, 87]
~~~~~~~~~~~~~~~~~~~~~~~~~~~~~~~~~~~~~~~~ local training is end
self.selected_clients is 10

-------------Round number: 69-------------

Evaluate global model
Averaged Train Loss: 3.3607
Averaged Test Accurancy: 0.1784
Averaged Test AUC: 0.8311
Std Test Accurancy: 0.0831
Std Test AUC: 0.1721
Accuracy is : 0.1784050059912129
------------------------- Round is  69 ------------------------- time cost ------------------------- 10.346727848052979
select mode  is oort ,num is : 10
selected_unexplore_clients 0,exploited_clients_count10 self.unexplored_clients 0 90
selected_clients [14, 56, 68, 10, 33, 20, 58, 32, 0, 15]
selected_clients num is [14, 56, 68, 10, 33, 20, 58, 32, 0, 15],blacklist num  is 0
~~~~~~~~~~~~~~~~~~~~~~~~~~~~~~~~~~~~~~~~ local training is start,self.selected_clients is 10 ID:[14, 56, 68, 10, 33, 20, 58, 32, 0, 15] 
selectids [14, 56, 68, 10, 33, 20, 58, 32, 0, 15]
~~~~~~~~~~~~~~~~~~~~~~~~~~~~~~~~~~~~~~~~ local training is end
self.selected_clients is 10

-------------Round number: 70-------------

Evaluate global model
Averaged Train Loss: 3.1983
Averaged Test Accurancy: 0.1861
Averaged Test AUC: 0.8438
Std Test Accurancy: 0.0917
Std Test AUC: 0.1091
Accuracy is : 0.18606044468113433
------------------------- Round is  70 ------------------------- time cost ------------------------- 6.726508140563965
select mode  is oort ,num is : 10
selected_unexplore_clients 0,exploited_clients_count10 self.unexplored_clients 0 90
selected_clients [61, 57, 84, 29, 26, 30, 81, 74, 55, 16]
selected_clients num is [61, 57, 84, 29, 26, 30, 81, 74, 55, 16],blacklist num  is 0
~~~~~~~~~~~~~~~~~~~~~~~~~~~~~~~~~~~~~~~~ local training is start,self.selected_clients is 10 ID:[61, 57, 84, 29, 26, 30, 81, 74, 55, 16] 
selectids [61, 57, 84, 29, 26, 30, 81, 74, 55, 16]
~~~~~~~~~~~~~~~~~~~~~~~~~~~~~~~~~~~~~~~~ local training is end
self.selected_clients is 10

-------------Round number: 71-------------

Evaluate global model
Averaged Train Loss: 3.5456
Averaged Test Accurancy: 0.1556
Averaged Test AUC: 0.8277
Std Test Accurancy: 0.0731
Std Test AUC: 0.1290
Accuracy is : 0.15557182798562108
------------------------- Round is  71 ------------------------- time cost ------------------------- 8.583664655685425
select mode  is oort ,num is : 10
selected_unexplore_clients 0,exploited_clients_count10 self.unexplored_clients 0 90
selected_clients [96, 28, 50, 91, 59, 42, 60, 18, 51, 37]
selected_clients num is [96, 28, 50, 91, 59, 42, 60, 18, 51, 37],blacklist num  is 0
~~~~~~~~~~~~~~~~~~~~~~~~~~~~~~~~~~~~~~~~ local training is start,self.selected_clients is 10 ID:[96, 28, 50, 91, 59, 42, 60, 18, 51, 37] 
selectids [96, 28, 50, 91, 59, 42, 60, 18, 51, 37]
~~~~~~~~~~~~~~~~~~~~~~~~~~~~~~~~~~~~~~~~ local training is end
self.selected_clients is 10

-------------Round number: 72-------------

Evaluate global model
Averaged Train Loss: 3.6476
Averaged Test Accurancy: 0.1588
Averaged Test AUC: 0.8171
Std Test Accurancy: 0.0734
Std Test AUC: 0.1473
Accuracy is : 0.1587671415257622
------------------------- Round is  72 ------------------------- time cost ------------------------- 9.122936487197876
select mode  is oort ,num is : 10
selected_unexplore_clients 0,exploited_clients_count10 self.unexplored_clients 0 90
selected_clients [82, 36, 70, 65, 97, 76, 49, 64, 75, 19]
selected_clients num is [82, 36, 70, 65, 97, 76, 49, 64, 75, 19],blacklist num  is 0
~~~~~~~~~~~~~~~~~~~~~~~~~~~~~~~~~~~~~~~~ local training is start,self.selected_clients is 10 ID:[82, 36, 70, 65, 97, 76, 49, 64, 75, 19] 
selectids [82, 36, 70, 65, 97, 76, 49, 64, 75, 19]
~~~~~~~~~~~~~~~~~~~~~~~~~~~~~~~~~~~~~~~~ local training is end
self.selected_clients is 10

-------------Round number: 73-------------

Evaluate global model
Averaged Train Loss: 3.5495
Averaged Test Accurancy: 0.1586
Averaged Test AUC: 0.8211
Std Test Accurancy: 0.0779
Std Test AUC: 0.1531
Accuracy is : 0.15856743442950338
------------------------- Round is  73 ------------------------- time cost ------------------------- 8.614981174468994
select mode  is oort ,num is : 10
selected_unexplore_clients 0,exploited_clients_count10 self.unexplored_clients 0 90
selected_clients [67, 3, 21, 94, 11, 85, 48, 4, 39, 93]
selected_clients num is [67, 3, 21, 94, 11, 85, 48, 4, 39, 93],blacklist num  is 1
~~~~~~~~~~~~~~~~~~~~~~~~~~~~~~~~~~~~~~~~ local training is start,self.selected_clients is 10 ID:[67, 3, 21, 94, 11, 85, 48, 4, 39, 93] 
selectids [67, 3, 21, 94, 11, 85, 48, 4, 39, 93]
~~~~~~~~~~~~~~~~~~~~~~~~~~~~~~~~~~~~~~~~ local training is end
self.selected_clients is 10

-------------Round number: 74-------------

Evaluate global model
Averaged Train Loss: 3.4238
Averaged Test Accurancy: 0.1662
Averaged Test AUC: 0.8280
Std Test Accurancy: 0.0796
Std Test AUC: 0.1512
Accuracy is : 0.16615630408733856
------------------------- Round is  74 ------------------------- time cost ------------------------- 9.600341320037842
select mode  is oort ,num is : 10
selected_unexplore_clients 0,exploited_clients_count10 self.unexplored_clients 0 90
selected_clients [90, 33, 87, 32, 5, 58, 62, 6, 80, 72]
selected_clients num is [90, 33, 87, 32, 5, 58, 62, 6, 80, 72],blacklist num  is 4
~~~~~~~~~~~~~~~~~~~~~~~~~~~~~~~~~~~~~~~~ local training is start,self.selected_clients is 10 ID:[90, 33, 87, 32, 5, 58, 62, 6, 80, 72] 
selectids [90, 33, 87, 32, 5, 58, 62, 6, 80, 72]
~~~~~~~~~~~~~~~~~~~~~~~~~~~~~~~~~~~~~~~~ local training is end
self.selected_clients is 10

-------------Round number: 75-------------

Evaluate global model
Averaged Train Loss: 3.4004
Averaged Test Accurancy: 0.1737
Averaged Test AUC: 0.8293
Std Test Accurancy: 0.0812
Std Test AUC: 0.1419
Accuracy is : 0.17374517374517376
------------------------- Round is  75 ------------------------- time cost ------------------------- 9.892775535583496
select mode  is oort ,num is : 10
selected_unexplore_clients 0,exploited_clients_count10 self.unexplored_clients 0 90
selected_clients [57, 30, 20, 13, 10, 91, 41, 61, 7, 55]
selected_clients num is [57, 30, 20, 13, 10, 91, 41, 61, 7, 55],blacklist num  is 4
~~~~~~~~~~~~~~~~~~~~~~~~~~~~~~~~~~~~~~~~ local training is start,self.selected_clients is 10 ID:[57, 30, 20, 13, 10, 91, 41, 61, 7, 55] 
selectids [57, 30, 20, 13, 10, 91, 41, 61, 7, 55]
~~~~~~~~~~~~~~~~~~~~~~~~~~~~~~~~~~~~~~~~ local training is end
self.selected_clients is 10

-------------Round number: 76-------------

Evaluate global model
Averaged Train Loss: 3.8948
Averaged Test Accurancy: 0.1496
Averaged Test AUC: 0.8019
Std Test Accurancy: 0.0717
Std Test AUC: 0.1450
Accuracy is : 0.14964718412994274
------------------------- Round is  76 ------------------------- time cost ------------------------- 7.914423942565918
select mode  is oort ,num is : 10
selected_unexplore_clients 0,exploited_clients_count10 self.unexplored_clients 0 90
selected_clients [25, 84, 83, 92, 74, 42, 51, 52, 1, 37]
selected_clients num is [25, 84, 83, 92, 74, 42, 51, 52, 1, 37],blacklist num  is 6
~~~~~~~~~~~~~~~~~~~~~~~~~~~~~~~~~~~~~~~~ local training is start,self.selected_clients is 10 ID:[25, 84, 83, 92, 74, 42, 51, 52, 1, 37] 
selectids [25, 84, 83, 92, 74, 42, 51, 52, 1, 37]
~~~~~~~~~~~~~~~~~~~~~~~~~~~~~~~~~~~~~~~~ local training is end
self.selected_clients is 10

-------------Round number: 77-------------

Evaluate global model
Averaged Train Loss: 3.4856
Averaged Test Accurancy: 0.1651
Averaged Test AUC: 0.8243
Std Test Accurancy: 0.0755
Std Test AUC: 0.1480
Accuracy is : 0.1650911995739582
------------------------- Round is  77 ------------------------- time cost ------------------------- 9.266864538192749
select mode  is oort ,num is : 10
selected_unexplore_clients 0,exploited_clients_count10 self.unexplored_clients 0 90
selected_clients [96, 15, 16, 73, 64, 81, 45, 53, 75, 66]
selected_clients num is [96, 15, 16, 73, 64, 81, 45, 53, 75, 66],blacklist num  is 6
~~~~~~~~~~~~~~~~~~~~~~~~~~~~~~~~~~~~~~~~ local training is start,self.selected_clients is 10 ID:[96, 15, 16, 73, 64, 81, 45, 53, 75, 66] 
selectids [96, 15, 16, 73, 64, 81, 45, 53, 75, 66]
~~~~~~~~~~~~~~~~~~~~~~~~~~~~~~~~~~~~~~~~ local training is end
self.selected_clients is 10

-------------Round number: 78-------------

Evaluate global model
Averaged Train Loss: 3.5390
Averaged Test Accurancy: 0.1604
Averaged Test AUC: 0.8231
Std Test Accurancy: 0.0734
Std Test AUC: 0.1614
Accuracy is : 0.16036479829583278
------------------------- Round is  78 ------------------------- time cost ------------------------- 9.06127667427063
select mode  is oort ,num is : 10
selected_unexplore_clients 0,exploited_clients_count10 self.unexplored_clients 0 90
selected_clients [40, 67, 44, 36, 63, 23, 93, 94, 28, 49]
selected_clients num is [40, 67, 44, 36, 63, 23, 93, 94, 28, 49],blacklist num  is 6
~~~~~~~~~~~~~~~~~~~~~~~~~~~~~~~~~~~~~~~~ local training is start,self.selected_clients is 10 ID:[40, 67, 44, 36, 63, 23, 93, 94, 28, 49] 
selectids [40, 67, 44, 36, 63, 23, 93, 94, 28, 49]
~~~~~~~~~~~~~~~~~~~~~~~~~~~~~~~~~~~~~~~~ local training is end
self.selected_clients is 10

-------------Round number: 79-------------

Evaluate global model
Averaged Train Loss: 3.4808
Averaged Test Accurancy: 0.1644
Averaged Test AUC: 0.8236
Std Test Accurancy: 0.0857
Std Test AUC: 0.1663
Accuracy is : 0.16442550925309546
------------------------- Round is  79 ------------------------- time cost ------------------------- 8.994908094406128
select mode  is oort ,num is : 10
selected_unexplore_clients 0,exploited_clients_count10 self.unexplored_clients 0 90
selected_clients [98, 48, 80, 32, 0, 88, 33, 68, 5, 79]
selected_clients num is [98, 48, 80, 32, 0, 88, 33, 68, 5, 79],blacklist num  is 8
~~~~~~~~~~~~~~~~~~~~~~~~~~~~~~~~~~~~~~~~ local training is start,self.selected_clients is 10 ID:[98, 48, 80, 32, 0, 88, 33, 68, 5, 79] 
selectids [98, 48, 80, 32, 0, 88, 33, 68, 5, 79]
~~~~~~~~~~~~~~~~~~~~~~~~~~~~~~~~~~~~~~~~ local training is end
self.selected_clients is 10

-------------Round number: 80-------------

Evaluate global model
Averaged Train Loss: 3.3905
Averaged Test Accurancy: 0.1676
Averaged Test AUC: 0.8294
Std Test Accurancy: 0.0839
Std Test AUC: 0.1704
Accuracy is : 0.1676208227932366
------------------------- Round is  80 ------------------------- time cost ------------------------- 9.679864406585693
select mode  is oort ,num is : 10
selected_unexplore_clients 0,exploited_clients_count10 self.unexplored_clients 0 90
selected_clients [77, 19, 76, 18, 41, 47, 85, 55, 10, 2]
selected_clients num is [77, 19, 76, 18, 41, 47, 85, 55, 10, 2],blacklist num  is 9
~~~~~~~~~~~~~~~~~~~~~~~~~~~~~~~~~~~~~~~~ local training is start,self.selected_clients is 10 ID:[77, 19, 76, 18, 41, 47, 85, 55, 10, 2] 
selectids [77, 19, 76, 18, 41, 47, 85, 55, 10, 2]
~~~~~~~~~~~~~~~~~~~~~~~~~~~~~~~~~~~~~~~~ local training is end
self.selected_clients is 10

-------------Round number: 81-------------

Evaluate global model
Averaged Train Loss: 3.5766
Averaged Test Accurancy: 0.1501
Averaged Test AUC: 0.8213
Std Test Accurancy: 0.0879
Std Test AUC: 0.1351
Accuracy is : 0.15011316735454666
------------------------- Round is  81 ------------------------- time cost ------------------------- 7.926513433456421
select mode  is oort ,num is : 10
selected_unexplore_clients 0,exploited_clients_count10 self.unexplored_clients 0 90
selected_clients [92, 59, 52, 45, 58, 73, 74, 64, 90, 31]
selected_clients num is [92, 59, 52, 45, 58, 73, 74, 64, 90, 31],blacklist num  is 10
~~~~~~~~~~~~~~~~~~~~~~~~~~~~~~~~~~~~~~~~ local training is start,self.selected_clients is 10 ID:[92, 59, 52, 45, 58, 73, 74, 64, 90, 31] 
selectids [92, 59, 52, 45, 58, 73, 74, 64, 90, 31]
~~~~~~~~~~~~~~~~~~~~~~~~~~~~~~~~~~~~~~~~ local training is end
self.selected_clients is 10

-------------Round number: 82-------------

Evaluate global model
Averaged Train Loss: 3.3840
Averaged Test Accurancy: 0.1698
Averaged Test AUC: 0.8315
Std Test Accurancy: 0.0869
Std Test AUC: 0.1248
Accuracy is : 0.1698176008520836
------------------------- Round is  82 ------------------------- time cost ------------------------- 8.824615240097046
select mode  is oort ,num is : 10
selected_unexplore_clients 0,exploited_clients_count10 self.unexplored_clients 0 90
selected_clients [96, 38, 9, 42, 78, 56, 20, 54, 6, 82]
selected_clients num is [96, 38, 9, 42, 78, 56, 20, 54, 6, 82],blacklist num  is 12
~~~~~~~~~~~~~~~~~~~~~~~~~~~~~~~~~~~~~~~~ local training is start,self.selected_clients is 10 ID:[96, 38, 9, 42, 78, 56, 20, 54, 6, 82] 
selectids [96, 38, 9, 42, 78, 56, 20, 54, 6, 82]
~~~~~~~~~~~~~~~~~~~~~~~~~~~~~~~~~~~~~~~~ local training is end
self.selected_clients is 10

-------------Round number: 83-------------

Evaluate global model
Averaged Train Loss: 3.5362
Averaged Test Accurancy: 0.1536
Averaged Test AUC: 0.8222
Std Test Accurancy: 0.0709
Std Test AUC: 0.1402
Accuracy is : 0.15364132605511915
------------------------- Round is  83 ------------------------- time cost ------------------------- 8.20452356338501
select mode  is oort ,num is : 10
selected_unexplore_clients 0,exploited_clients_count10 self.unexplored_clients 0 90
selected_clients [23, 88, 74, 46, 7, 14, 26, 97, 25, 50]
selected_clients num is [23, 88, 74, 46, 7, 14, 26, 97, 25, 50],blacklist num  is 14
~~~~~~~~~~~~~~~~~~~~~~~~~~~~~~~~~~~~~~~~ local training is start,self.selected_clients is 10 ID:[23, 88, 74, 46, 7, 14, 26, 97, 25, 50] 
selectids [23, 88, 74, 46, 7, 14, 26, 97, 25, 50]
~~~~~~~~~~~~~~~~~~~~~~~~~~~~~~~~~~~~~~~~ local training is end
self.selected_clients is 10

-------------Round number: 84-------------

Evaluate global model
Averaged Train Loss: 3.4726
Averaged Test Accurancy: 0.1584
Averaged Test AUC: 0.8242
Std Test Accurancy: 0.0817
Std Test AUC: 0.1571
Accuracy is : 0.15843429636533085
------------------------- Round is  84 ------------------------- time cost ------------------------- 8.53516936302185
select mode  is oort ,num is : 10
selected_unexplore_clients 0,exploited_clients_count10 self.unexplored_clients 0 90
selected_clients [1, 60, 46, 8, 78, 90, 79, 9, 14, 52]
selected_clients num is [1, 60, 46, 8, 78, 90, 79, 9, 14, 52],blacklist num  is 15
~~~~~~~~~~~~~~~~~~~~~~~~~~~~~~~~~~~~~~~~ local training is start,self.selected_clients is 10 ID:[1, 60, 46, 8, 78, 90, 79, 9, 14, 52] 
selectids [1, 60, 46, 8, 78, 90, 79, 9, 14, 52]
~~~~~~~~~~~~~~~~~~~~~~~~~~~~~~~~~~~~~~~~ local training is end
self.selected_clients is 10

-------------Round number: 85-------------

Evaluate global model
Averaged Train Loss: 3.8377
Averaged Test Accurancy: 0.1477
Averaged Test AUC: 0.8086
Std Test Accurancy: 0.0788
Std Test AUC: 0.1317
Accuracy is : 0.14765011316735455
------------------------- Round is  85 ------------------------- time cost ------------------------- 7.87160587310791
select mode  is oort ,num is : 10
selected_unexplore_clients 0,exploited_clients_count10 self.unexplored_clients 0 90
selected_clients [37, 38, 11, 2, 27, 0, 68, 18, 75, 7]
selected_clients num is [37, 38, 11, 2, 27, 0, 68, 18, 75, 7],blacklist num  is 16
~~~~~~~~~~~~~~~~~~~~~~~~~~~~~~~~~~~~~~~~ local training is start,self.selected_clients is 10 ID:[37, 38, 11, 2, 27, 0, 68, 18, 75, 7] 
selectids [37, 38, 11, 2, 27, 0, 68, 18, 75, 7]
~~~~~~~~~~~~~~~~~~~~~~~~~~~~~~~~~~~~~~~~ local training is end
self.selected_clients is 10

-------------Round number: 86-------------

Evaluate global model
Averaged Train Loss: 3.6212
Averaged Test Accurancy: 0.1510
Averaged Test AUC: 0.8196
Std Test Accurancy: 0.0910
Std Test AUC: 0.1070
Accuracy is : 0.1510451338037545
------------------------- Round is  86 ------------------------- time cost ------------------------- 7.001565456390381
select mode  is oort ,num is : 10
selected_unexplore_clients 0,exploited_clients_count10 self.unexplored_clients 0 90
selected_clients [54, 83, 39, 73, 28, 92, 81, 50, 56, 97]
selected_clients num is [54, 83, 39, 73, 28, 92, 81, 50, 56, 97],blacklist num  is 18
~~~~~~~~~~~~~~~~~~~~~~~~~~~~~~~~~~~~~~~~ local training is start,self.selected_clients is 10 ID:[54, 83, 39, 73, 28, 92, 81, 50, 56, 97] 
selectids [54, 83, 39, 73, 28, 92, 81, 50, 56, 97]
~~~~~~~~~~~~~~~~~~~~~~~~~~~~~~~~~~~~~~~~ local training is end
self.selected_clients is 10

-------------Round number: 87-------------

Evaluate global model
Averaged Train Loss: 3.2785
Averaged Test Accurancy: 0.1841
Averaged Test AUC: 0.8372
Std Test Accurancy: 0.0883
Std Test AUC: 0.1256
Accuracy is : 0.18406337371854614
------------------------- Round is  87 ------------------------- time cost ------------------------- 10.395139932632446
select mode  is oort ,num is : 10
selected_unexplore_clients 0,exploited_clients_count10 self.unexplored_clients 0 90
selected_clients [52, 79, 8, 66, 13, 85, 94, 82, 78, 40]
selected_clients num is [52, 79, 8, 66, 13, 85, 94, 82, 78, 40],blacklist num  is 22
~~~~~~~~~~~~~~~~~~~~~~~~~~~~~~~~~~~~~~~~ local training is start,self.selected_clients is 10 ID:[52, 79, 8, 66, 13, 85, 94, 82, 78, 40] 
selectids [52, 79, 8, 66, 13, 85, 94, 82, 78, 40]
~~~~~~~~~~~~~~~~~~~~~~~~~~~~~~~~~~~~~~~~ local training is end
self.selected_clients is 10

-------------Round number: 88-------------

Evaluate global model
Averaged Train Loss: 3.3216
Averaged Test Accurancy: 0.1711
Averaged Test AUC: 0.8333
Std Test Accurancy: 0.0842
Std Test AUC: 0.1303
Accuracy is : 0.17108241246172282
------------------------- Round is  88 ------------------------- time cost ------------------------- 9.439898252487183
select mode  is oort ,num is : 10
selected_unexplore_clients 0,exploited_clients_count10 self.unexplored_clients 0 90
selected_clients [19, 77, 5, 65, 26, 72, 16, 31, 44, 80]
selected_clients num is [19, 77, 5, 65, 26, 72, 16, 31, 44, 80],blacklist num  is 26
~~~~~~~~~~~~~~~~~~~~~~~~~~~~~~~~~~~~~~~~ local training is start,self.selected_clients is 10 ID:[19, 77, 5, 65, 26, 72, 16, 31, 44, 80] 
selectids [19, 77, 5, 65, 26, 72, 16, 31, 44, 80]
~~~~~~~~~~~~~~~~~~~~~~~~~~~~~~~~~~~~~~~~ local training is end
self.selected_clients is 10

-------------Round number: 89-------------

Evaluate global model
Averaged Train Loss: 3.7402
Averaged Test Accurancy: 0.1506
Averaged Test AUC: 0.8130
Std Test Accurancy: 0.0775
Std Test AUC: 0.1238
Accuracy is : 0.15064571961123685
------------------------- Round is  89 ------------------------- time cost ------------------------- 7.895437240600586
select mode  is oort ,num is : 10
selected_unexplore_clients 0,exploited_clients_count10 self.unexplored_clients 0 90
selected_clients [90, 51, 88, 86, 62, 60, 42, 48, 6, 76]
selected_clients num is [90, 51, 88, 86, 62, 60, 42, 48, 6, 76],blacklist num  is 29
~~~~~~~~~~~~~~~~~~~~~~~~~~~~~~~~~~~~~~~~ local training is start,self.selected_clients is 10 ID:[90, 51, 88, 86, 62, 60, 42, 48, 6, 76] 
selectids [90, 51, 88, 86, 62, 60, 42, 48, 6, 76]
~~~~~~~~~~~~~~~~~~~~~~~~~~~~~~~~~~~~~~~~ local training is end
self.selected_clients is 10

-------------Round number: 90-------------

Evaluate global model
Averaged Train Loss: 3.2886
Averaged Test Accurancy: 0.1766
Averaged Test AUC: 0.8357
Std Test Accurancy: 0.0853
Std Test AUC: 0.1189
Accuracy is : 0.1766076421248835
------------------------- Round is  90 ------------------------- time cost ------------------------- 9.467114686965942
select mode  is oort ,num is : 10
selected_unexplore_clients 0,exploited_clients_count10 self.unexplored_clients 0 90
selected_clients [53, 49, 87, 84, 68, 46, 23, 9, 38, 57]
selected_clients num is [53, 49, 87, 84, 68, 46, 23, 9, 38, 57],blacklist num  is 33
~~~~~~~~~~~~~~~~~~~~~~~~~~~~~~~~~~~~~~~~ local training is start,self.selected_clients is 10 ID:[53, 49, 87, 84, 68, 46, 23, 9, 38, 57] 
selectids [53, 49, 87, 84, 68, 46, 23, 9, 38, 57]
~~~~~~~~~~~~~~~~~~~~~~~~~~~~~~~~~~~~~~~~ local training is end
self.selected_clients is 10

-------------Round number: 91-------------

Evaluate global model
Averaged Train Loss: 3.4201
Averaged Test Accurancy: 0.1628
Averaged Test AUC: 0.8277
Std Test Accurancy: 0.0740
Std Test AUC: 0.1204
Accuracy is : 0.16276128345093863
------------------------- Round is  91 ------------------------- time cost ------------------------- 8.809666872024536
select mode  is oort ,num is : 10
selected_unexplore_clients 0,exploited_clients_count10 self.unexplored_clients 0 90
selected_clients [67, 74, 33, 61, 37, 10, 11, 75, 15, 47]
selected_clients num is [67, 74, 33, 61, 37, 10, 11, 75, 15, 47],blacklist num  is 35
~~~~~~~~~~~~~~~~~~~~~~~~~~~~~~~~~~~~~~~~ local training is start,self.selected_clients is 10 ID:[67, 74, 33, 61, 37, 10, 11, 75, 15, 47] 
selectids [67, 74, 33, 61, 37, 10, 11, 75, 15, 47]
~~~~~~~~~~~~~~~~~~~~~~~~~~~~~~~~~~~~~~~~ local training is end
self.selected_clients is 10

-------------Round number: 92-------------

Evaluate global model
Averaged Train Loss: 3.2176
Averaged Test Accurancy: 0.1707
Averaged Test AUC: 0.8394
Std Test Accurancy: 0.0900
Std Test AUC: 0.0972
Accuracy is : 0.17068299826920516
------------------------- Round is  92 ------------------------- time cost ------------------------- 6.837770700454712
select mode  is oort ,num is : 10
selected_unexplore_clients 0,exploited_clients_count10 self.unexplored_clients 0 90
selected_clients [2, 44, 93, 27, 72, 39, 83, 54, 55, 77]
selected_clients num is [2, 44, 93, 27, 72, 39, 83, 54, 55, 77],blacklist num  is 41
~~~~~~~~~~~~~~~~~~~~~~~~~~~~~~~~~~~~~~~~ local training is start,self.selected_clients is 10 ID:[2, 44, 93, 27, 72, 39, 83, 54, 55, 77] 
selectids [2, 44, 93, 27, 72, 39, 83, 54, 55, 77]
~~~~~~~~~~~~~~~~~~~~~~~~~~~~~~~~~~~~~~~~ local training is end
self.selected_clients is 10

-------------Round number: 93-------------

Evaluate global model
Averaged Train Loss: 3.3120
Averaged Test Accurancy: 0.1681
Averaged Test AUC: 0.8351
Std Test Accurancy: 0.0763
Std Test AUC: 0.1110
Accuracy is : 0.1680868060178405
------------------------- Round is  93 ------------------------- time cost ------------------------- 8.887851238250732
select mode  is oort ,num is : 10
selected_unexplore_clients 0,exploited_clients_count10 self.unexplored_clients 0 90
selected_clients [79, 88, 56, 66, 86, 65, 62, 60, 8, 40]
selected_clients num is [79, 88, 56, 66, 86, 65, 62, 60, 8, 40],blacklist num  is 44
~~~~~~~~~~~~~~~~~~~~~~~~~~~~~~~~~~~~~~~~ local training is start,self.selected_clients is 10 ID:[79, 88, 56, 66, 86, 65, 62, 60, 8, 40] 
selectids [79, 88, 56, 66, 86, 65, 62, 60, 8, 40]
~~~~~~~~~~~~~~~~~~~~~~~~~~~~~~~~~~~~~~~~ local training is end
self.selected_clients is 10

-------------Round number: 94-------------

Evaluate global model
Averaged Train Loss: 3.2975
Averaged Test Accurancy: 0.1700
Averaged Test AUC: 0.8341
Std Test Accurancy: 0.0792
Std Test AUC: 0.1277
Accuracy is : 0.16995073891625614
------------------------- Round is  94 ------------------------- time cost ------------------------- 8.543004512786865
select mode  is oort ,num is : 10
selected_unexplore_clients 0,exploited_clients_count10 self.unexplored_clients 0 90
selected_clients [48, 14, 12, 19, 13, 5, 50, 29, 31, 24]
selected_clients num is [48, 14, 12, 19, 13, 5, 50, 29, 31, 24],blacklist num  is 51
~~~~~~~~~~~~~~~~~~~~~~~~~~~~~~~~~~~~~~~~ local training is start,self.selected_clients is 10 ID:[48, 14, 12, 19, 13, 5, 50, 29, 31, 24] 
selectids [48, 14, 12, 19, 13, 5, 50, 29, 31, 24]
~~~~~~~~~~~~~~~~~~~~~~~~~~~~~~~~~~~~~~~~ local training is end
self.selected_clients is 10

-------------Round number: 95-------------

Evaluate global model
Averaged Train Loss: 3.1745
Averaged Test Accurancy: 0.1745
Averaged Test AUC: 0.8410
Std Test Accurancy: 0.0898
Std Test AUC: 0.0943
Accuracy is : 0.17447743309812275
------------------------- Round is  95 ------------------------- time cost ------------------------- 6.7752110958099365
select mode  is oort ,num is : 10
selected_unexplore_clients 0,exploited_clients_count10 self.unexplored_clients 0 90
selected_clients [87, 45, 57, 0, 68, 76, 59, 46, 53, 84]
selected_clients num is [87, 45, 57, 0, 68, 76, 59, 46, 53, 84],blacklist num  is 54
~~~~~~~~~~~~~~~~~~~~~~~~~~~~~~~~~~~~~~~~ local training is start,self.selected_clients is 10 ID:[87, 45, 57, 0, 68, 76, 59, 46, 53, 84] 
selectids [87, 45, 57, 0, 68, 76, 59, 46, 53, 84]
~~~~~~~~~~~~~~~~~~~~~~~~~~~~~~~~~~~~~~~~ local training is end
self.selected_clients is 10

-------------Round number: 96-------------

Evaluate global model
Averaged Train Loss: 3.3967
Averaged Test Accurancy: 0.1628
Averaged Test AUC: 0.8299
Std Test Accurancy: 0.0752
Std Test AUC: 0.1085
Accuracy is : 0.1628278524830249
------------------------- Round is  96 ------------------------- time cost ------------------------- 8.996124267578125
select mode  is oort ,num is : 10
selected_unexplore_clients 0,exploited_clients_count10 self.unexplored_clients 0 90
selected_clients [82, 98, 9, 73, 23, 11, 33, 37, 47, 27]
selected_clients num is [82, 98, 9, 73, 23, 11, 33, 37, 47, 27],blacklist num  is 61
~~~~~~~~~~~~~~~~~~~~~~~~~~~~~~~~~~~~~~~~ local training is start,self.selected_clients is 10 ID:[82, 98, 9, 73, 23, 11, 33, 37, 47, 27] 
selectids [82, 98, 9, 73, 23, 11, 33, 37, 47, 27]
~~~~~~~~~~~~~~~~~~~~~~~~~~~~~~~~~~~~~~~~ local training is end
self.selected_clients is 10

-------------Round number: 97-------------

Evaluate global model
Averaged Train Loss: 3.2983
Averaged Test Accurancy: 0.1691
Averaged Test AUC: 0.8349
Std Test Accurancy: 0.0784
Std Test AUC: 0.1223
Accuracy is : 0.1690853414991346
------------------------- Round is  97 ------------------------- time cost ------------------------- 8.412720441818237
select mode  is oort ,num is : 10
selected_unexplore_clients 0,exploited_clients_count10 self.unexplored_clients 0 90
selected_clients [44, 54, 72, 77, 83, 93, 60, 66, 86, 5]
selected_clients num is [44, 54, 72, 77, 83, 93, 60, 66, 86, 5],blacklist num  is 68
~~~~~~~~~~~~~~~~~~~~~~~~~~~~~~~~~~~~~~~~ local training is start,self.selected_clients is 10 ID:[44, 54, 72, 77, 83, 93, 60, 66, 86, 5] 
selectids [44, 54, 72, 77, 83, 93, 60, 66, 86, 5]
~~~~~~~~~~~~~~~~~~~~~~~~~~~~~~~~~~~~~~~~ local training is end
self.selected_clients is 10

-------------Round number: 98-------------

Evaluate global model
Averaged Train Loss: 3.2629
Averaged Test Accurancy: 0.1751
Averaged Test AUC: 0.8374
Std Test Accurancy: 0.0793
Std Test AUC: 0.1219
Accuracy is : 0.1750765543868992
------------------------- Round is  98 ------------------------- time cost ------------------------- 9.57021188735962
select mode  is oort ,num is : 10
selected_unexplore_clients 0,exploited_clients_count10 self.unexplored_clients 0 90
selected_clients [12, 14, 19, 24, 29, 31, 45, 57, 87, 27]
selected_clients num is [12, 14, 19, 24, 29, 31, 45, 57, 87, 27],blacklist num  is 73
~~~~~~~~~~~~~~~~~~~~~~~~~~~~~~~~~~~~~~~~ local training is start,self.selected_clients is 10 ID:[12, 14, 19, 24, 29, 31, 45, 57, 87, 27] 
selectids [12, 14, 19, 24, 29, 31, 45, 57, 87, 27]
~~~~~~~~~~~~~~~~~~~~~~~~~~~~~~~~~~~~~~~~ local training is end
self.selected_clients is 10

-------------Round number: 99-------------

Evaluate global model
Averaged Train Loss: 3.7312
Averaged Test Accurancy: 0.1477
Averaged Test AUC: 0.8123
Std Test Accurancy: 0.0697
Std Test AUC: 0.1366
Accuracy is : 0.1477166821994408
------------------------- Round is  99 ------------------------- time cost ------------------------- 8.0108323097229
select mode  is oort ,num is : 10
selected_unexplore_clients 0,exploited_clients_count10 self.unexplored_clients 0 90
selected_clients [33, 73, 44, 66, 72, 83, 93, 12, 24, 27]
selected_clients num is [33, 73, 44, 66, 72, 83, 93, 12, 24, 27],blacklist num  is 80
~~~~~~~~~~~~~~~~~~~~~~~~~~~~~~~~~~~~~~~~ local training is start,self.selected_clients is 10 ID:[33, 73, 44, 66, 72, 83, 93, 12, 24, 27] 
selectids [33, 73, 44, 66, 72, 83, 93, 12, 24, 27]
~~~~~~~~~~~~~~~~~~~~~~~~~~~~~~~~~~~~~~~~ local training is end
self.selected_clients is 10

-------------Round number: 100-------------

Evaluate global model
Averaged Train Loss: 3.4207
Averaged Test Accurancy: 0.1656
Averaged Test AUC: 0.8281
Std Test Accurancy: 0.0757
Std Test AUC: 0.1304
Accuracy is : 0.1655571827985621
------------------------- Round is  100 ------------------------- time cost ------------------------- 8.819626331329346
select mode  is oort ,num is : 10
selected_unexplore_clients 0,exploited_clients_count10 self.unexplored_clients 0 90
selected_clients [17, 22, 34, 35, 43, 69, 71, 89, 95, 99]
selected_clients num is [17, 22, 34, 35, 43, 69, 71, 89, 95, 99],blacklist num  is 90
~~~~~~~~~~~~~~~~~~~~~~~~~~~~~~~~~~~~~~~~ local training is start,self.selected_clients is 10 ID:[17, 22, 34, 35, 43, 69, 71, 89, 95, 99] 
selectids [17, 22, 34, 35, 43, 69, 71, 89, 95, 99]
~~~~~~~~~~~~~~~~~~~~~~~~~~~~~~~~~~~~~~~~ local training is end
self.selected_clients is 10

-------------Round number: 101-------------

Evaluate global model
Averaged Train Loss: 3.2272
Averaged Test Accurancy: 0.1795
Averaged Test AUC: 0.8371
Std Test Accurancy: 0.0814
Std Test AUC: 0.1362
Accuracy is : 0.17953667953667954
------------------------- Round is  101 ------------------------- time cost ------------------------- 9.700355291366577
process file_path /root/FL_selection/history/device_env.pkl

Best accuracy.
0.18606044468113433

Average time cost per round.
8.640668861865997
select_id value is, [[1, [89, 71, 95, 34, 22, 17, 99, 35, 43, 69]], [2, [1, 98, 70, 31, 55, 6, 15, 41, 94, 63]], [3, [94, 44, 88, 82, 46, 30, 80, 37, 23, 24]], [4, [1, 47, 36, 21, 11, 77, 4, 3, 86, 53]], [5, [21, 25, 12, 29, 20, 1, 40, 64, 10, 85]], [6, [82, 50, 96, 48, 51, 81, 9, 18, 76, 84]], [7, [3, 60, 2, 67, 32, 0, 19, 91, 45, 75]], [8, [63, 59, 57, 42, 65, 39, 5, 28, 72, 54]], [9, [77, 90, 8, 38, 66, 33, 78, 97, 58, 56]], [10, [53, 79, 16, 83, 73, 52, 74, 27, 7, 61]], [11, [46, 93, 92, 26, 87, 62, 14, 68, 49, 13]], [12, [10, 21, 41, 36, 80, 6, 94, 4, 29, 31]], [13, [20, 44, 88, 24, 25, 85, 64, 98, 23, 47]], [14, [81, 15, 76, 12, 55, 70, 86, 9, 84, 11]], [15, [82, 75, 30, 96, 45, 37, 1, 50, 48, 67]], [16, [59, 40, 5, 91, 63, 39, 54, 65, 18, 42]], [17, [0, 28, 57, 32, 72, 3, 77, 60, 19, 78]], [18, [51, 90, 7, 53, 97, 56, 73, 38, 74, 33]], [19, [68, 79, 83, 52, 8, 13, 49, 26, 16, 58]], [20, [20, 36, 47, 93, 85, 61, 62, 23, 44, 24]], [21, [86, 88, 70, 11, 94, 14, 4, 9, 46, 2]], [22, [25, 80, 76, 55, 92, 98, 66, 64, 10, 27]], [23, [30, 5, 6, 63, 41, 59, 12, 81, 42, 84]], [24, [75, 91, 29, 0, 3, 96, 28, 21, 1, 18]], [25, [40, 90, 7, 65, 38, 45, 87, 56, 31, 78]], [26, [60, 51, 79, 32, 50, 74, 8, 53, 16, 37]], [27, [68, 33, 48, 19, 67, 39, 58, 26, 49, 54]], [28, [9, 27, 93, 72, 15, 66, 80, 14, 98, 24]], [29, [25, 6, 61, 73, 97, 55, 10, 63, 94, 70]], [30, [64, 11, 52, 81, 41, 12, 84, 13, 85, 47]], [31, [75, 83, 5, 82, 86, 29, 88, 2, 1, 23]], [32, [21, 56, 31, 65, 20, 62, 30, 36, 90, 57]], [33, [0, 4, 26, 39, 46, 50, 48, 45, 32, 77]], [34, [3, 59, 28, 58, 18, 91, 7, 78, 8, 42]], [35, [51, 52, 15, 24, 67, 72, 96, 97, 54, 81]], [36, [53, 49, 87, 38, 13, 61, 64, 74, 47, 40]], [37, [16, 75, 70, 19, 98, 94, 76, 25, 79, 14]], [38, [37, 86, 65, 20, 2, 68, 30, 88, 9, 55]], [39, [21, 6, 45, 44, 92, 41, 90, 85, 36, 11]], [40, [12, 91, 4, 82, 78, 58, 57, 5, 39, 0]], [41, [80, 1, 63, 48, 26, 93, 3, 18, 59, 62]], [42, [42, 46, 56, 8, 10, 73, 50, 24, 15, 54]], [43, [16, 86, 38, 49, 30, 84, 7, 28, 87, 2]], [44, [33, 55, 70, 81, 27, 77, 29, 14, 19, 83]], [45, [67, 47, 36, 92, 97, 66, 76, 79, 68, 51]], [46, [85, 4, 90, 25, 45, 59, 63, 21, 96, 82]], [47, [40, 3, 61, 52, 53, 39, 98, 58, 41, 62]], [48, [23, 65, 32, 60, 93, 42, 0, 48, 64, 12]], [49, [44, 10, 13, 6, 88, 7, 91, 78, 56, 28]], [50, [11, 2, 70, 4, 1, 36, 29, 20, 26, 47]], [51, [30, 50, 40, 3, 25, 58, 16, 15, 49, 81]], [52, [54, 9, 67, 61, 84, 72, 27, 87, 82, 86]], [53, [41, 64, 32, 92, 80, 98, 19, 37, 83, 24]], [54, [0, 62, 76, 5, 55, 21, 96, 73, 68, 46]], [55, [1, 13, 31, 11, 36, 4, 59, 91, 28, 38]], [56, [57, 70, 74, 66, 52, 7, 97, 60, 77, 63]], [57, [40, 61, 18, 29, 15, 25, 79, 3, 67, 65]], [58, [75, 83, 41, 92, 16, 10, 51, 78, 12, 26]], [59, [93, 13, 4, 23, 32, 85, 30, 31, 8, 42]], [60, [86, 63, 59, 49, 36, 77, 90, 91, 20, 2]], [61, [21, 60, 97, 66, 46, 62, 96, 48, 74, 87]], [62, [88, 9, 57, 33, 80, 64, 27, 50, 76, 84]], [63, [3, 98, 7, 51, 16, 25, 81, 53, 70, 18]], [64, [26, 38, 56, 8, 4, 92, 28, 31, 67, 40]], [65, [65, 79, 94, 52, 47, 15, 73, 39, 29, 23]], [66, [24, 20, 58, 85, 41, 37, 61, 14, 6, 32]], [67, [63, 96, 12, 91, 13, 78, 75, 49, 44, 30]], [68, [18, 72, 80, 97, 2, 21, 53, 45, 51, 70]], [69, [8, 54, 62, 39, 92, 98, 38, 94, 6, 87]], [70, [14, 56, 68, 10, 33, 20, 58, 32, 0, 15]], [71, [61, 57, 84, 29, 26, 30, 81, 74, 55, 16]], [72, [96, 28, 50, 91, 59, 42, 60, 18, 51, 37]], [73, [82, 36, 70, 65, 97, 76, 49, 64, 75, 19]], [74, [67, 3, 21, 94, 11, 85, 48, 4, 39, 93]], [75, [90, 33, 87, 32, 5, 58, 62, 6, 80, 72]], [76, [57, 30, 20, 13, 10, 91, 41, 61, 7, 55]], [77, [25, 84, 83, 92, 74, 42, 51, 52, 1, 37]], [78, [96, 15, 16, 73, 64, 81, 45, 53, 75, 66]], [79, [40, 67, 44, 36, 63, 23, 93, 94, 28, 49]], [80, [98, 48, 80, 32, 0, 88, 33, 68, 5, 79]], [81, [77, 19, 76, 18, 41, 47, 85, 55, 10, 2]], [82, [92, 59, 52, 45, 58, 73, 74, 64, 90, 31]], [83, [96, 38, 9, 42, 78, 56, 20, 54, 6, 82]], [84, [23, 88, 74, 46, 7, 14, 26, 97, 25, 50]], [85, [1, 60, 46, 8, 78, 90, 79, 9, 14, 52]], [86, [37, 38, 11, 2, 27, 0, 68, 18, 75, 7]], [87, [54, 83, 39, 73, 28, 92, 81, 50, 56, 97]], [88, [52, 79, 8, 66, 13, 85, 94, 82, 78, 40]], [89, [19, 77, 5, 65, 26, 72, 16, 31, 44, 80]], [90, [90, 51, 88, 86, 62, 60, 42, 48, 6, 76]], [91, [53, 49, 87, 84, 68, 46, 23, 9, 38, 57]], [92, [67, 74, 33, 61, 37, 10, 11, 75, 15, 47]], [93, [2, 44, 93, 27, 72, 39, 83, 54, 55, 77]], [94, [79, 88, 56, 66, 86, 65, 62, 60, 8, 40]], [95, [48, 14, 12, 19, 13, 5, 50, 29, 31, 24]], [96, [87, 45, 57, 0, 68, 76, 59, 46, 53, 84]], [97, [82, 98, 9, 73, 23, 11, 33, 37, 47, 27]], [98, [44, 54, 72, 77, 83, 93, 60, 66, 86, 5]], [99, [12, 14, 19, 24, 29, 31, 45, 57, 87, 27]], [100, [33, 73, 44, 66, 72, 83, 93, 12, 24, 27]], [101, [17, 22, 34, 35, 43, 69, 71, 89, 95, 99]]]
write select id list  /root/FL_selection/res/FedGCS/Cifar100_selectids.csv
colum_value is : ['Cifar100', 'FedGCS', 1, 4.425510404679448, 0.056383970177073625, 0.6449829390500661, 0.028531737078195615, 0.18102916736776486, 0.24010733532494666, 0.24659193224044332, 0.005629317125491599, 36.41, 0] 14
success training write acc txt /root/FL_selection/res/FedGCS/Cifar100_acc.csv /root/FL_selection/res/ Cifar100_allacc_0.1_100_0.5.csv
success training write acc txt /root/FL_selection/res/timeCost_Cifar1000.5.csv
selected_unexplore_clients 0,exploited_clients_count10 self.unexplored_clients 0 90
selected_clients [17, 22, 34, 35, 43, 69, 71, 89, 95, 99]
Traceback (most recent call last):
  File "/root/FL_selection/system/main.py", line 556, in <module>
    run(args)
  File "/root/FL_selection/system/main.py", line 315, in run
    server.train()
  File "/root/FL_selection/system/flcore/servers/server_fedGCS.py", line 354, in train
    ids=self.select_clients()
TypeError: FedGCS.select_clients() missing 1 required positional argument: 'round'
