/Users/alice/Desktop/python/FL_selection/system /Users/alice/Desktop/python/FL_selection
2024-10-24 18:07:38.502265: I tensorflow/core/platform/cpu_feature_guard.cc:182] This TensorFlow binary is optimized to use available CPU instructions in performance-critical operations.
To enable the following instructions: SSE4.1 SSE4.2 AVX AVX2 FMA, in other operations, rebuild TensorFlow with the appropriate compiler flags.

cuda is not avaiable.

==================================================
Algorithm: FedVOI
Local batch size: 10
Local steps: 5
Local learing rate: 0.005
Local learing rate decay: False
Total number of clients: 20
Clients join in each round: 0.5
Clients randomly join: False
Client drop rate: 0.0
Client select regarding time: False
Running times: 1
Dataset: mnist
Number of classes: 10
Backbone: dnn
Using device: cpu
Using DP: False
Auto break: False
Global rounds: 200
DLG attack: False
Total number of new clients: 0
Fine tuning epoches on new clients: 0
==================================================

============= Running time: 0th =============
Creating server and clients ...
DNN(
  (fc1): Linear(in_features=784, out_features=100, bias=True)
  (fc): Linear(in_features=100, out_features=10, bias=True)
)
INFO:------------------------args.algorithm is:FedVOI-----------------------
self.num_join_clients is 10,client is:20
ppo init self.obs_dim is 20self.features_dim is 4self.act_dim is 20
客户端 0: 训练时间 68.52 秒
客户端 1: 训练时间 117.90 秒
客户端 2: 训练时间 172.94 秒
客户端 3: 训练时间 19.30 秒
客户端 4: 训练时间 9.46 秒
客户端 5: 训练时间 88.19 秒
客户端 6: 训练时间 82.95 秒
客户端 7: 训练时间 71.59 秒
客户端 8: 训练时间 120.08 秒
客户端 9: 训练时间 64.22 秒
客户端 10: 训练时间 113.32 秒
客户端 11: 训练时间 154.32 秒
客户端 12: 训练时间 113.88 秒
客户端 13: 训练时间 84.95 秒
客户端 14: 训练时间 121.42 秒
客户端 15: 训练时间 78.78 秒
客户端 16: 训练时间 7.60 秒
客户端 17: 训练时间 108.46 秒
客户端 18: 训练时间 92.79 秒
客户端 19: 训练时间 69.80 秒
客户端 0: 通信时间 159.43 秒
客户端 1: 通信时间 174.46 秒
客户端 2: 通信时间 79.23 秒
客户端 3: 通信时间 177.42 秒
客户端 4: 通信时间 46.12 秒
客户端 5: 通信时间 1.71 秒
客户端 6: 通信时间 1.00 秒
客户端 7: 通信时间 62.29 秒
客户端 8: 通信时间 1.00 秒
客户端 9: 通信时间 117.72 秒
客户端 10: 通信时间 25.56 秒
客户端 11: 通信时间 174.90 秒
客户端 12: 通信时间 1.00 秒
客户端 13: 通信时间 1.00 秒
客户端 14: 通信时间 173.21 秒
客户端 15: 通信时间 1.00 秒
客户端 16: 通信时间 85.45 秒
客户端 17: 通信时间 158.31 秒
客户端 18: 通信时间 96.91 秒
客户端 19: 通信时间 1.00 秒
**************************1.INfo,set_clients ,init data********************
train_slow,send_slow 20 [False, False, False, False, False, False, False, False, False, False, False, False, False, False, False, False, False, False, False, False] [False, False, False, False, False, False, False, False, False, False, False, False, False, False, False, False, False, False, False, False]
10 args.num_classes
10 args.num_classes
10 args.num_classes
10 args.num_classes
10 args.num_classes
10 args.num_classes
10 args.num_classes
10 args.num_classes
10 args.num_classes
10 args.num_classes
10 args.num_classes
10 args.num_classes
10 args.num_classes
10 args.num_classes
10 args.num_classes
10 args.num_classes
10 args.num_classes
10 args.num_classes
10 args.num_classes
10 args.num_classes
client base client  0, total_num is 2370,label is [1006, 47, 0, 0, 0, 0, 620, 0, 671, 26]
client base client  1, total_num is 2612,label is [2378, 20, 7, 0, 0, 0, 0, 207, 0, 0]
client base client  2, total_num is 534,label is [0, 0, 0, 0, 0, 0, 464, 0, 70, 0]
client base client  3, total_num is 2184,label is [0, 0, 30, 3, 42, 1, 1, 2106, 0, 1]
client base client  4, total_num is 8040,label is [370, 50, 484, 7136, 0, 0, 0, 0, 0, 0]
client base client  5, total_num is 3748,label is [55, 0, 0, 0, 0, 0, 0, 0, 3693, 0]
client base client  6, total_num is 7980,label is [1797, 6183, 0, 0, 0, 0, 0, 0, 0, 0]
client base client  7, total_num is 1414,label is [0, 126, 11, 0, 636, 0, 641, 0, 0, 0]
client base client  8, total_num is 362,label is [336, 0, 0, 0, 0, 13, 0, 9, 1, 3]
client base client  9, total_num is 4040,label is [0, 16, 0, 0, 4024, 0, 0, 0, 0, 0]
client base client  10, total_num is 2386,label is [0, 0, 0, 0, 17, 1, 0, 0, 2368, 0]
client base client  11, total_num is 5184,label is [0, 0, 172, 0, 0, 1, 5011, 0, 0, 0]
client base client  12, total_num is 4995,label is [0, 0, 2727, 0, 0, 2268, 0, 0, 0, 0]
client base client  13, total_num is 1215,label is [18, 0, 0, 0, 0, 1197, 0, 0, 0, 0]
client base client  14, total_num is 3157,label is [919, 0, 0, 0, 2073, 6, 138, 0, 21, 0]
client base client  15, total_num is 78,label is [0, 0, 4, 0, 0, 0, 0, 73, 0, 1]
client base client  16, total_num is 4995,label is [1, 0, 0, 1, 0, 95, 0, 4898, 0, 0]
client base client  17, total_num is 6947,label is [0, 0, 0, 0, 20, 0, 0, 0, 0, 6927]
client base client  18, total_num is 3872,label is [22, 296, 3554, 0, 0, 0, 0, 0, 0, 0]
client base client  19, total_num is 3887,label is [1, 1139, 1, 1, 12, 2731, 1, 0, 1, 0]

Join ratio / total clients: 0.5 / 20
Finished creating server and clients.
Learning... Running 5 timesteps per episode, 20 timesteps per batch for a total of 100 timesteps
################################################## rl  data start -------
~~~~~~~~~~~~~~~~~~~~~~~~~~~~~~ global moedl send to all client
~~~~~~~~~~~~~~~~~~~~~~~~~~~~~~ all client start local training
~~~~~~~~~~~~~~~~~~~~~~~~~~~~~~ all client end local training 
##############################  round is 1 ;env state is tensor([[ 262.7002, 2370.0000,    0.0000,    0.0000],
        [  96.1508, 2612.0000,    0.0000,    0.0000],
        [  37.6114,  534.0000,    0.0000,    0.0000],
        [ 168.2127, 2184.0000,    0.0000,    0.0000],
        [ 441.3757, 8040.0000,    0.0000,    0.0000],
        [  49.7739, 3748.0000,    0.0000,    0.0000],
        [  25.0029, 7980.0000,    0.0000,    0.0000],
        [ 128.5858, 1414.0000,    0.0000,    0.0000],
        [  73.3363,  362.0000,    0.0000,    0.0000],
        [  47.6315, 4040.0000,    0.0000,    0.0000],
        [  78.2156, 2386.0000,    0.0000,    0.0000],
        [ 100.8559, 5184.0000,    0.0000,    0.0000],
        [ 201.0045, 4995.0000,    0.0000,    0.0000],
        [  48.3193, 1215.0000,    0.0000,    0.0000],
        [ 213.2070, 3157.0000,    0.0000,    0.0000],
        [  13.4217,   78.0000,    0.0000,    0.0000],
        [  77.2699, 4995.0000,    0.0000,    0.0000],
        [  83.2992, 6947.0000,    0.0000,    0.0000],
        [ 137.6815, 3872.0000,    0.0000,    0.0000],
        [ 157.3956, 3887.0000,    0.0000,    0.0000]])
action: [[  81.076614   37.189857  105.95314   133.38821   -20.992777   66.579124
   -30.97095   136.32892    33.378807  158.44244    18.421543  322.8944
    25.116808 -133.61595   171.51636   262.14307   350.66568   206.64662
   -28.971735  362.21796 ]] prob tensor([-24.4044])
send select message to client ,select client id  is : [19, 16, 11, 15, 4, 5, 6, 7, 8, 9]
~~~~~~~~~~~~~~~~~~~~~~~~~~~~~~ global model aggragation and  send  to client 
-------------------------------------------------- ------ep_t is 0, t is 1 -Round : 1，Evaluate global mode------------- --------------------------------------------------
Averaged Train Loss: 2.1744
Averaged Test Accurancy: 0.2262
Averaged Test AUC: 0.6292
Std Test Accurancy: 0.3304
Std Test AUC: 0.2772
------------------------------ --------------------- ------------------------------
~~~~~~~~~~~~~~~~~~~~~~~~~~~~~~  action reward is 7.825649663740569
~~~~~~~~~~~~~~~~~~~~~~~~~~~~~~ global moedl send to all client
~~~~~~~~~~~~~~~~~~~~~~~~~~~~~~ all client start local training
~~~~~~~~~~~~~~~~~~~~~~~~~~~~~~ all client end local training 
##############################  round is 2 ;env state is tensor([[2.2714e+02, 2.3700e+03, 0.0000e+00, 1.0000e+00],
        [6.3481e+01, 2.6120e+03, 0.0000e+00, 1.0000e+00],
        [2.8257e+01, 5.3400e+02, 0.0000e+00, 1.0000e+00],
        [1.3459e+02, 2.1840e+03, 0.0000e+00, 1.0000e+00],
        [3.7561e+02, 8.0400e+03, 0.0000e+00, 0.0000e+00],
        [3.3264e+01, 3.7480e+03, 0.0000e+00, 0.0000e+00],
        [2.2334e+01, 7.9800e+03, 0.0000e+00, 0.0000e+00],
        [1.0952e+02, 1.4140e+03, 0.0000e+00, 0.0000e+00],
        [5.4323e+01, 3.6200e+02, 0.0000e+00, 0.0000e+00],
        [2.8843e+01, 4.0400e+03, 0.0000e+00, 0.0000e+00],
        [6.5248e+01, 2.3860e+03, 0.0000e+00, 1.0000e+00],
        [8.7956e+01, 5.1840e+03, 0.0000e+00, 0.0000e+00],
        [1.9951e+02, 4.9950e+03, 0.0000e+00, 1.0000e+00],
        [3.1010e+01, 1.2150e+03, 0.0000e+00, 1.0000e+00],
        [1.8578e+02, 3.1570e+03, 0.0000e+00, 1.0000e+00],
        [9.0559e+00, 7.8000e+01, 0.0000e+00, 0.0000e+00],
        [6.4323e+01, 4.9950e+03, 0.0000e+00, 0.0000e+00],
        [8.0450e+01, 6.9470e+03, 0.0000e+00, 1.0000e+00],
        [9.2224e+01, 3.8720e+03, 0.0000e+00, 1.0000e+00],
        [1.4048e+02, 3.8870e+03, 0.0000e+00, 0.0000e+00]])
action: [[  81.41929    38.393944  106.707466  131.07169   -21.722277   67.178894
   -30.622683  137.22351    32.919147  156.28932    19.686459  320.98303
    23.131626 -132.7524    171.1255    259.90326   350.7384    204.89827
   -27.943468  362.33923 ]] prob tensor([-19.1651])
send select message to client ,select client id  is : [19, 16, 11, 15, 4, 5, 6, 7, 8, 9]
~~~~~~~~~~~~~~~~~~~~~~~~~~~~~~ global model aggragation and  send  to client 
-------------------------------------------------- ------ep_t is 1, t is 2 -Round : 2，Evaluate global mode------------- --------------------------------------------------
Averaged Train Loss: 2.2046
Averaged Test Accurancy: 0.2786
Averaged Test AUC: 0.6758
Std Test Accurancy: 0.3291
Std Test AUC: 0.2617
------------------------------ --------------------- ------------------------------
~~~~~~~~~~~~~~~~~~~~~~~~~~~~~~  action reward is 7.795387602108589
~~~~~~~~~~~~~~~~~~~~~~~~~~~~~~ global moedl send to all client
~~~~~~~~~~~~~~~~~~~~~~~~~~~~~~ all client start local training
~~~~~~~~~~~~~~~~~~~~~~~~~~~~~~ all client end local training 
##############################  round is 3 ;env state is tensor([[2.1334e+02, 2.3700e+03, 0.0000e+00, 2.0000e+00],
        [5.0937e+01, 2.6120e+03, 0.0000e+00, 2.0000e+00],
        [2.4700e+01, 5.3400e+02, 0.0000e+00, 2.0000e+00],
        [1.2090e+02, 2.1840e+03, 0.0000e+00, 2.0000e+00],
        [3.4507e+02, 8.0400e+03, 0.0000e+00, 0.0000e+00],
        [2.8015e+01, 3.7480e+03, 0.0000e+00, 0.0000e+00],
        [1.9648e+01, 7.9800e+03, 0.0000e+00, 0.0000e+00],
        [9.8471e+01, 1.4140e+03, 0.0000e+00, 0.0000e+00],
        [4.4123e+01, 3.6200e+02, 0.0000e+00, 0.0000e+00],
        [2.0395e+01, 4.0400e+03, 0.0000e+00, 0.0000e+00],
        [5.8143e+01, 2.3860e+03, 0.0000e+00, 2.0000e+00],
        [8.0868e+01, 5.1840e+03, 0.0000e+00, 0.0000e+00],
        [1.9790e+02, 4.9950e+03, 0.0000e+00, 2.0000e+00],
        [2.2681e+01, 1.2150e+03, 0.0000e+00, 2.0000e+00],
        [1.7268e+02, 3.1570e+03, 0.0000e+00, 2.0000e+00],
        [6.2206e+00, 7.8000e+01, 0.0000e+00, 0.0000e+00],
        [5.7166e+01, 4.9950e+03, 0.0000e+00, 0.0000e+00],
        [7.8789e+01, 6.9470e+03, 0.0000e+00, 2.0000e+00],
        [7.9687e+01, 3.8720e+03, 0.0000e+00, 2.0000e+00],
        [1.2736e+02, 3.8870e+03, 0.0000e+00, 0.0000e+00]])
action: [[  80.70931    39.509117  107.14244   129.81007   -21.4569     67.52283
   -28.072906  138.30743    35.14131   156.73604    19.290358  320.94223
    22.188942 -131.80595   172.46428   259.07184   351.20734   204.28322
   -27.419027  363.65906 ]] prob tensor([-19.3884])
send select message to client ,select client id  is : [19, 16, 11, 3, 4, 5, 6, 7, 8, 9]
~~~~~~~~~~~~~~~~~~~~~~~~~~~~~~ global model aggragation and  send  to client 
-------------------------------------------------- ------ep_t is 2, t is 3 -Round : 3，Evaluate global mode------------- --------------------------------------------------
Averaged Train Loss: 2.0894
Averaged Test Accurancy: 0.3368
Averaged Test AUC: 0.7181
Std Test Accurancy: 0.3429
Std Test AUC: 0.2506
------------------------------ --------------------- ------------------------------
~~~~~~~~~~~~~~~~~~~~~~~~~~~~~~  action reward is 7.910594532717971
~~~~~~~~~~~~~~~~~~~~~~~~~~~~~~ global moedl send to all client
~~~~~~~~~~~~~~~~~~~~~~~~~~~~~~ all client start local training
~~~~~~~~~~~~~~~~~~~~~~~~~~~~~~ all client end local training 
##############################  round is 4 ;env state is tensor([[2.0478e+02, 2.3700e+03, 0.0000e+00, 3.0000e+00],
        [4.3745e+01, 2.6120e+03, 0.0000e+00, 3.0000e+00],
        [2.2360e+01, 5.3400e+02, 0.0000e+00, 3.0000e+00],
        [1.1039e+02, 2.1840e+03, 0.0000e+00, 0.0000e+00],
        [3.2502e+02, 8.0400e+03, 0.0000e+00, 0.0000e+00],
        [2.5113e+01, 3.7480e+03, 0.0000e+00, 0.0000e+00],
        [1.7014e+01, 7.9800e+03, 0.0000e+00, 0.0000e+00],
        [9.1075e+01, 1.4140e+03, 0.0000e+00, 0.0000e+00],
        [3.8335e+01, 3.6200e+02, 0.0000e+00, 0.0000e+00],
        [1.7026e+01, 4.0400e+03, 0.0000e+00, 0.0000e+00],
        [5.2926e+01, 2.3860e+03, 0.0000e+00, 3.0000e+00],
        [7.5855e+01, 5.1840e+03, 0.0000e+00, 0.0000e+00],
        [1.9621e+02, 4.9950e+03, 0.0000e+00, 3.0000e+00],
        [1.9370e+01, 1.2150e+03, 0.0000e+00, 3.0000e+00],
        [1.6376e+02, 3.1570e+03, 0.0000e+00, 3.0000e+00],
        [4.4760e+00, 7.8000e+01, 0.0000e+00, 1.0000e+00],
        [5.1892e+01, 4.9950e+03, 0.0000e+00, 0.0000e+00],
        [7.7760e+01, 6.9470e+03, 0.0000e+00, 3.0000e+00],
        [7.3288e+01, 3.8720e+03, 0.0000e+00, 3.0000e+00],
        [1.1766e+02, 3.8870e+03, 0.0000e+00, 0.0000e+00]])
action: [[  82.50632    40.974667  108.161865  129.16539   -22.037952   67.85156
   -29.640293  137.51962    34.009197  154.92007    19.440594  320.3886
    22.163282 -131.14955   172.39082   259.9652    351.06714   204.171
   -27.626629  363.66275 ]] prob tensor([-19.0332])
send select message to client ,select client id  is : [19, 16, 11, 15, 4, 5, 6, 7, 8, 9]
~~~~~~~~~~~~~~~~~~~~~~~~~~~~~~ global model aggragation and  send  to client 
-------------------------------------------------- ------ep_t is 3, t is 4 -Round : 4，Evaluate global mode------------- --------------------------------------------------
Averaged Train Loss: 1.9874
Averaged Test Accurancy: 0.3813
Averaged Test AUC: 0.7479
Std Test Accurancy: 0.3423
Std Test AUC: 0.2424
------------------------------ --------------------- ------------------------------
~~~~~~~~~~~~~~~~~~~~~~~~~~~~~~  action reward is 8.012571584849667
~~~~~~~~~~~~~~~~~~~~~~~~~~~~~~ global moedl send to all client
~~~~~~~~~~~~~~~~~~~~~~~~~~~~~~ all client start local training
~~~~~~~~~~~~~~~~~~~~~~~~~~~~~~ all client end local training 
##############################  round is 5 ;env state is tensor([[1.9816e+02, 2.3700e+03, 0.0000e+00, 4.0000e+00],
        [3.9466e+01, 2.6120e+03, 0.0000e+00, 4.0000e+00],
        [2.0746e+01, 5.3400e+02, 0.0000e+00, 4.0000e+00],
        [1.0299e+02, 2.1840e+03, 0.0000e+00, 1.0000e+00],
        [3.0906e+02, 8.0400e+03, 0.0000e+00, 0.0000e+00],
        [2.3220e+01, 3.7480e+03, 0.0000e+00, 0.0000e+00],
        [1.4722e+01, 7.9800e+03, 0.0000e+00, 0.0000e+00],
        [8.5774e+01, 1.4140e+03, 0.0000e+00, 0.0000e+00],
        [3.4933e+01, 3.6200e+02, 0.0000e+00, 0.0000e+00],
        [1.5129e+01, 4.0400e+03, 0.0000e+00, 0.0000e+00],
        [4.8863e+01, 2.3860e+03, 0.0000e+00, 4.0000e+00],
        [7.1786e+01, 5.1840e+03, 0.0000e+00, 0.0000e+00],
        [1.9480e+02, 4.9950e+03, 0.0000e+00, 4.0000e+00],
        [1.7559e+01, 1.2150e+03, 0.0000e+00, 4.0000e+00],
        [1.5699e+02, 3.1570e+03, 0.0000e+00, 4.0000e+00],
        [3.4317e+00, 7.8000e+01, 0.0000e+00, 0.0000e+00],
        [4.7672e+01, 4.9950e+03, 0.0000e+00, 0.0000e+00],
        [7.6749e+01, 6.9470e+03, 0.0000e+00, 4.0000e+00],
        [6.8973e+01, 3.8720e+03, 0.0000e+00, 4.0000e+00],
        [1.1018e+02, 3.8870e+03, 0.0000e+00, 0.0000e+00]])
action: [[  80.61322    39.438164  108.23958   129.20218   -20.366201   67.75054
   -28.81119   139.20709    34.571705  156.29689    18.496395  320.4636
    21.98516  -129.7425    173.48094   260.37057   349.3456    201.51382
   -27.746328  361.2386  ]] prob tensor([-24.0108])
send select message to client ,select client id  is : [19, 16, 11, 15, 4, 5, 6, 7, 8, 9]
~~~~~~~~~~~~~~~~~~~~~~~~~~~~~~ global model aggragation and  send  to client 
-------------------------------------------------- ------ep_t is 4, t is 5 -Round : 5，Evaluate global mode------------- --------------------------------------------------
Averaged Train Loss: 1.9020
Averaged Test Accurancy: 0.4271
Averaged Test AUC: 0.7708
Std Test Accurancy: 0.3294
Std Test AUC: 0.2352
------------------------------ --------------------- ------------------------------
~~~~~~~~~~~~~~~~~~~~~~~~~~~~~~  action reward is 8.098035403931409
one tragtory collected---------
~~~~~~~~~~~~~~~~~~~~~~~~~~~~~~ global moedl send to all client
~~~~~~~~~~~~~~~~~~~~~~~~~~~~~~ all client start local training
~~~~~~~~~~~~~~~~~~~~~~~~~~~~~~ all client end local training 
##############################  round is 6 ;env state is tensor([[1.9294e+02, 2.3700e+03, 0.0000e+00, 5.0000e+00],
        [3.6457e+01, 2.6120e+03, 0.0000e+00, 5.0000e+00],
        [1.9454e+01, 5.3400e+02, 0.0000e+00, 5.0000e+00],
        [9.7238e+01, 2.1840e+03, 0.0000e+00, 2.0000e+00],
        [2.9633e+02, 8.0400e+03, 0.0000e+00, 0.0000e+00],
        [2.1856e+01, 3.7480e+03, 0.0000e+00, 0.0000e+00],
        [1.3013e+01, 7.9800e+03, 0.0000e+00, 0.0000e+00],
        [8.1844e+01, 1.4140e+03, 0.0000e+00, 0.0000e+00],
        [3.2595e+01, 3.6200e+02, 0.0000e+00, 0.0000e+00],
        [1.3868e+01, 4.0400e+03, 0.0000e+00, 0.0000e+00],
        [4.5649e+01, 2.3860e+03, 0.0000e+00, 5.0000e+00],
        [6.8159e+01, 5.1840e+03, 0.0000e+00, 0.0000e+00],
        [1.9318e+02, 4.9950e+03, 0.0000e+00, 5.0000e+00],
        [1.6407e+01, 1.2150e+03, 0.0000e+00, 5.0000e+00],
        [1.5160e+02, 3.1570e+03, 0.0000e+00, 5.0000e+00],
        [2.7389e+00, 7.8000e+01, 0.0000e+00, 0.0000e+00],
        [4.4177e+01, 4.9950e+03, 0.0000e+00, 0.0000e+00],
        [7.5819e+01, 6.9470e+03, 0.0000e+00, 5.0000e+00],
        [6.5616e+01, 3.8720e+03, 0.0000e+00, 5.0000e+00],
        [1.0413e+02, 3.8870e+03, 0.0000e+00, 0.0000e+00]])
action: [[  81.792465   41.03151   108.238144  128.23102   -21.759993   66.83889
   -28.298275  137.74734    34.42464   154.33203    19.934448  318.3183
    22.41625  -129.94342   172.81783   259.64075   349.48672   201.91876
   -27.913792  362.83905 ]] prob tensor([-21.9340])
send select message to client ,select client id  is : [19, 16, 11, 15, 4, 5, 6, 7, 8, 9]
~~~~~~~~~~~~~~~~~~~~~~~~~~~~~~ global model aggragation and  send  to client 
-------------------------------------------------- ------ep_t is 0, t is 6 -Round : 6，Evaluate global mode------------- --------------------------------------------------
Averaged Train Loss: 1.8379
Averaged Test Accurancy: 0.4682
Averaged Test AUC: 0.7883
Std Test Accurancy: 0.3188
Std Test AUC: 0.2299
------------------------------ --------------------- ------------------------------
~~~~~~~~~~~~~~~~~~~~~~~~~~~~~~  action reward is 8.162128930665308
~~~~~~~~~~~~~~~~~~~~~~~~~~~~~~ global moedl send to all client
~~~~~~~~~~~~~~~~~~~~~~~~~~~~~~ all client start local training
~~~~~~~~~~~~~~~~~~~~~~~~~~~~~~ all client end local training 
##############################  round is 7 ;env state is tensor([[1.8824e+02, 2.3700e+03, 0.0000e+00, 6.0000e+00],
        [3.4208e+01, 2.6120e+03, 0.0000e+00, 6.0000e+00],
        [1.8410e+01, 5.3400e+02, 0.0000e+00, 6.0000e+00],
        [9.2682e+01, 2.1840e+03, 0.0000e+00, 3.0000e+00],
        [2.8485e+02, 8.0400e+03, 0.0000e+00, 0.0000e+00],
        [2.0778e+01, 3.7480e+03, 0.0000e+00, 0.0000e+00],
        [1.1744e+01, 7.9800e+03, 0.0000e+00, 0.0000e+00],
        [7.8745e+01, 1.4140e+03, 0.0000e+00, 0.0000e+00],
        [3.0914e+01, 3.6200e+02, 0.0000e+00, 0.0000e+00],
        [1.2918e+01, 4.0400e+03, 0.0000e+00, 0.0000e+00],
        [4.3031e+01, 2.3860e+03, 0.0000e+00, 6.0000e+00],
        [6.4995e+01, 5.1840e+03, 0.0000e+00, 0.0000e+00],
        [1.9193e+02, 4.9950e+03, 0.0000e+00, 6.0000e+00],
        [1.5570e+01, 1.2150e+03, 0.0000e+00, 6.0000e+00],
        [1.4734e+02, 3.1570e+03, 0.0000e+00, 6.0000e+00],
        [2.2783e+00, 7.8000e+01, 0.0000e+00, 0.0000e+00],
        [4.1178e+01, 4.9950e+03, 0.0000e+00, 0.0000e+00],
        [7.5015e+01, 6.9470e+03, 0.0000e+00, 6.0000e+00],
        [6.2765e+01, 3.8720e+03, 0.0000e+00, 6.0000e+00],
        [9.9113e+01, 3.8870e+03, 0.0000e+00, 0.0000e+00]])
action: [[  81.81115    41.293278  108.85603   129.16368   -21.258368   67.85345
   -28.773445  138.54245    35.571663  156.64998    18.924545  320.48712
    22.204285 -130.21042   173.54652   260.1316    350.98236   201.85432
   -28.257687  362.6635  ]] prob tensor([-14.9890])
send select message to client ,select client id  is : [19, 16, 11, 15, 4, 5, 6, 7, 8, 9]
~~~~~~~~~~~~~~~~~~~~~~~~~~~~~~ global model aggragation and  send  to client 
-------------------------------------------------- ------ep_t is 1, t is 7 -Round : 7，Evaluate global mode------------- --------------------------------------------------
Averaged Train Loss: 1.7902
Averaged Test Accurancy: 0.5034
Averaged Test AUC: 0.8016
Std Test Accurancy: 0.3095
Std Test AUC: 0.2258
------------------------------ --------------------- ------------------------------
~~~~~~~~~~~~~~~~~~~~~~~~~~~~~~  action reward is 8.209771686270631
~~~~~~~~~~~~~~~~~~~~~~~~~~~~~~ global moedl send to all client
~~~~~~~~~~~~~~~~~~~~~~~~~~~~~~ all client start local training
~~~~~~~~~~~~~~~~~~~~~~~~~~~~~~ all client end local training 
##############################  round is 8 ;env state is tensor([[1.8413e+02, 2.3700e+03, 0.0000e+00, 7.0000e+00],
        [3.2466e+01, 2.6120e+03, 0.0000e+00, 7.0000e+00],
        [1.7517e+01, 5.3400e+02, 0.0000e+00, 7.0000e+00],
        [8.8905e+01, 2.1840e+03, 0.0000e+00, 4.0000e+00],
        [2.7475e+02, 8.0400e+03, 0.0000e+00, 0.0000e+00],
        [1.9885e+01, 3.7480e+03, 0.0000e+00, 0.0000e+00],
        [1.0777e+01, 7.9800e+03, 0.0000e+00, 0.0000e+00],
        [7.6163e+01, 1.4140e+03, 0.0000e+00, 0.0000e+00],
        [2.9631e+01, 3.6200e+02, 0.0000e+00, 0.0000e+00],
        [1.2128e+01, 4.0400e+03, 0.0000e+00, 0.0000e+00],
        [4.0920e+01, 2.3860e+03, 0.0000e+00, 7.0000e+00],
        [6.2116e+01, 5.1840e+03, 0.0000e+00, 0.0000e+00],
        [1.9023e+02, 4.9950e+03, 0.0000e+00, 7.0000e+00],
        [1.4971e+01, 1.2150e+03, 0.0000e+00, 7.0000e+00],
        [1.4367e+02, 3.1570e+03, 0.0000e+00, 7.0000e+00],
        [1.9534e+00, 7.8000e+01, 0.0000e+00, 0.0000e+00],
        [3.8573e+01, 4.9950e+03, 0.0000e+00, 0.0000e+00],
        [7.4237e+01, 6.9470e+03, 0.0000e+00, 7.0000e+00],
        [6.0435e+01, 3.8720e+03, 0.0000e+00, 7.0000e+00],
        [9.4889e+01, 3.8870e+03, 0.0000e+00, 0.0000e+00]])
action: [[  81.54068    42.2309    109.07121   129.07787   -19.614828   69.12094
   -28.253273  139.27643    35.34634   156.4291     19.570782  318.89615
    21.573265 -129.96036   173.0508    258.46268   350.0073    201.93076
   -27.03244   362.72485 ]] prob tensor([-22.3981])
send select message to client ,select client id  is : [19, 16, 11, 3, 4, 5, 6, 7, 8, 9]
~~~~~~~~~~~~~~~~~~~~~~~~~~~~~~ global model aggragation and  send  to client 
-------------------------------------------------- ------ep_t is 2, t is 8 -Round : 8，Evaluate global mode------------- --------------------------------------------------
Averaged Train Loss: 1.7445
Averaged Test Accurancy: 0.5370
Averaged Test AUC: 0.8132
Std Test Accurancy: 0.3015
Std Test AUC: 0.2227
------------------------------ --------------------- ------------------------------
~~~~~~~~~~~~~~~~~~~~~~~~~~~~~~  action reward is 8.255462284137431
~~~~~~~~~~~~~~~~~~~~~~~~~~~~~~ global moedl send to all client
~~~~~~~~~~~~~~~~~~~~~~~~~~~~~~ all client start local training
~~~~~~~~~~~~~~~~~~~~~~~~~~~~~~ all client end local training 
##############################  round is 9 ;env state is tensor([[1.8039e+02, 2.3700e+03, 0.0000e+00, 8.0000e+00],
        [3.1030e+01, 2.6120e+03, 0.0000e+00, 8.0000e+00],
        [1.6722e+01, 5.3400e+02, 0.0000e+00, 8.0000e+00],
        [8.5660e+01, 2.1840e+03, 0.0000e+00, 0.0000e+00],
        [2.6558e+02, 8.0400e+03, 0.0000e+00, 0.0000e+00],
        [1.9117e+01, 3.7480e+03, 0.0000e+00, 0.0000e+00],
        [9.9942e+00, 7.9800e+03, 0.0000e+00, 0.0000e+00],
        [7.3930e+01, 1.4140e+03, 0.0000e+00, 0.0000e+00],
        [2.8554e+01, 3.6200e+02, 0.0000e+00, 0.0000e+00],
        [1.1486e+01, 4.0400e+03, 0.0000e+00, 0.0000e+00],
        [3.9176e+01, 2.3860e+03, 0.0000e+00, 8.0000e+00],
        [5.9634e+01, 5.1840e+03, 0.0000e+00, 0.0000e+00],
        [1.8856e+02, 4.9950e+03, 0.0000e+00, 8.0000e+00],
        [1.4447e+01, 1.2150e+03, 0.0000e+00, 8.0000e+00],
        [1.4067e+02, 3.1570e+03, 0.0000e+00, 8.0000e+00],
        [1.7012e+00, 7.8000e+01, 0.0000e+00, 1.0000e+00],
        [3.6212e+01, 4.9950e+03, 0.0000e+00, 0.0000e+00],
        [7.3432e+01, 6.9470e+03, 0.0000e+00, 8.0000e+00],
        [5.8437e+01, 3.8720e+03, 0.0000e+00, 8.0000e+00],
        [9.1352e+01, 3.8870e+03, 0.0000e+00, 0.0000e+00]])
action: [[  82.07375    41.948357  110.179375  128.07323   -20.525612   66.918686
   -27.30425   138.4677     34.73965   156.14168    18.923756  319.97906
    22.018509 -130.63103   173.92717   259.58832   350.39688   201.60597
   -28.313581  361.59827 ]] prob tensor([-18.0254])
send select message to client ,select client id  is : [19, 16, 11, 15, 4, 5, 6, 7, 8, 9]
~~~~~~~~~~~~~~~~~~~~~~~~~~~~~~ global model aggragation and  send  to client 
-------------------------------------------------- ------ep_t is 3, t is 9 -Round : 9，Evaluate global mode------------- --------------------------------------------------
Averaged Train Loss: 1.7156
Averaged Test Accurancy: 0.5590
Averaged Test AUC: 0.8215
Std Test Accurancy: 0.2988
Std Test AUC: 0.2202
------------------------------ --------------------- ------------------------------
~~~~~~~~~~~~~~~~~~~~~~~~~~~~~~  action reward is 8.284446362314146
~~~~~~~~~~~~~~~~~~~~~~~~~~~~~~ global moedl send to all client
~~~~~~~~~~~~~~~~~~~~~~~~~~~~~~ all client start local training
~~~~~~~~~~~~~~~~~~~~~~~~~~~~~~ all client end local training 
##############################  round is 10 ;env state is tensor([[1.7708e+02, 2.3700e+03, 0.0000e+00, 9.0000e+00],
        [2.9848e+01, 2.6120e+03, 0.0000e+00, 9.0000e+00],
        [1.5992e+01, 5.3400e+02, 0.0000e+00, 9.0000e+00],
        [8.2913e+01, 2.1840e+03, 0.0000e+00, 1.0000e+00],
        [2.5673e+02, 8.0400e+03, 0.0000e+00, 0.0000e+00],
        [1.8453e+01, 3.7480e+03, 0.0000e+00, 0.0000e+00],
        [9.3392e+00, 7.9800e+03, 0.0000e+00, 0.0000e+00],
        [7.2022e+01, 1.4140e+03, 0.0000e+00, 0.0000e+00],
        [2.7665e+01, 3.6200e+02, 0.0000e+00, 0.0000e+00],
        [1.0908e+01, 4.0400e+03, 0.0000e+00, 0.0000e+00],
        [3.7726e+01, 2.3860e+03, 0.0000e+00, 9.0000e+00],
        [5.7356e+01, 5.1840e+03, 0.0000e+00, 0.0000e+00],
        [1.8684e+02, 4.9950e+03, 0.0000e+00, 9.0000e+00],
        [1.4020e+01, 1.2150e+03, 0.0000e+00, 9.0000e+00],
        [1.3807e+02, 3.1570e+03, 0.0000e+00, 9.0000e+00],
        [1.5120e+00, 7.8000e+01, 0.0000e+00, 0.0000e+00],
        [3.4116e+01, 4.9950e+03, 0.0000e+00, 0.0000e+00],
        [7.2741e+01, 6.9470e+03, 0.0000e+00, 9.0000e+00],
        [5.6680e+01, 3.8720e+03, 0.0000e+00, 9.0000e+00],
        [8.8311e+01, 3.8870e+03, 0.0000e+00, 0.0000e+00]])
action: [[  81.52874    41.672718  109.074265  129.35431   -21.276188   67.19776
   -28.580256  138.92876    35.00313   155.60837    19.901947  319.7436
    22.051123 -130.49353   173.83578   259.04092   349.66043   202.17455
   -29.346966  363.0776  ]] prob tensor([-17.0449])
send select message to client ,select client id  is : [19, 16, 11, 3, 4, 5, 6, 7, 8, 9]
~~~~~~~~~~~~~~~~~~~~~~~~~~~~~~ global model aggragation and  send  to client 
-------------------------------------------------- ------ep_t is 4, t is 10 -Round : 10，Evaluate global mode------------- --------------------------------------------------
Averaged Train Loss: 1.6881
Averaged Test Accurancy: 0.5826
Averaged Test AUC: 0.8288
Std Test Accurancy: 0.2983
Std Test AUC: 0.2183
------------------------------ --------------------- ------------------------------
~~~~~~~~~~~~~~~~~~~~~~~~~~~~~~  action reward is 8.311933848652469
one tragtory collected---------
~~~~~~~~~~~~~~~~~~~~~~~~~~~~~~ global moedl send to all client
~~~~~~~~~~~~~~~~~~~~~~~~~~~~~~ all client start local training
~~~~~~~~~~~~~~~~~~~~~~~~~~~~~~ all client end local training 
##############################  round is 11 ;env state is tensor([[1.7392e+02, 2.3700e+03, 0.0000e+00, 1.0000e+01],
        [2.8885e+01, 2.6120e+03, 0.0000e+00, 1.0000e+01],
        [1.5335e+01, 5.3400e+02, 0.0000e+00, 1.0000e+01],
        [8.0310e+01, 2.1840e+03, 0.0000e+00, 0.0000e+00],
        [2.4825e+02, 8.0400e+03, 0.0000e+00, 0.0000e+00],
        [1.7870e+01, 3.7480e+03, 0.0000e+00, 0.0000e+00],
        [8.7788e+00, 7.9800e+03, 0.0000e+00, 0.0000e+00],
        [7.0432e+01, 1.4140e+03, 0.0000e+00, 0.0000e+00],
        [2.6914e+01, 3.6200e+02, 0.0000e+00, 0.0000e+00],
        [1.0398e+01, 4.0400e+03, 0.0000e+00, 0.0000e+00],
        [3.6446e+01, 2.3860e+03, 0.0000e+00, 1.0000e+01],
        [5.5303e+01, 5.1840e+03, 0.0000e+00, 0.0000e+00],
        [1.8524e+02, 4.9950e+03, 0.0000e+00, 1.0000e+01],
        [1.3662e+01, 1.2150e+03, 0.0000e+00, 1.0000e+01],
        [1.3561e+02, 3.1570e+03, 0.0000e+00, 1.0000e+01],
        [1.3572e+00, 7.8000e+01, 0.0000e+00, 1.0000e+00],
        [3.2232e+01, 4.9950e+03, 0.0000e+00, 0.0000e+00],
        [7.2011e+01, 6.9470e+03, 0.0000e+00, 1.0000e+01],
        [5.5152e+01, 3.8720e+03, 0.0000e+00, 1.0000e+01],
        [8.5674e+01, 3.8870e+03, 0.0000e+00, 0.0000e+00]])
action: [[  80.61936    42.47315   108.170074  127.80107   -20.94817    67.79759
   -27.698147  139.75316    34.64257   155.79536    19.25587   320.40253
    23.33519  -129.57724   173.40756   257.92612   352.16913   201.91011
   -28.042744  361.63513 ]] prob tensor([-23.9936])
send select message to client ,select client id  is : [19, 16, 11, 15, 4, 5, 6, 7, 8, 9]
~~~~~~~~~~~~~~~~~~~~~~~~~~~~~~ global model aggragation and  send  to client 
-------------------------------------------------- ------ep_t is 0, t is 11 -Round : 11，Evaluate global mode------------- --------------------------------------------------
Averaged Train Loss: 1.6705
Averaged Test Accurancy: 0.5961
Averaged Test AUC: 0.8342
Std Test Accurancy: 0.2978
Std Test AUC: 0.2165
------------------------------ --------------------- ------------------------------
~~~~~~~~~~~~~~~~~~~~~~~~~~~~~~  action reward is 8.329465892840934
~~~~~~~~~~~~~~~~~~~~~~~~~~~~~~ global moedl send to all client
~~~~~~~~~~~~~~~~~~~~~~~~~~~~~~ all client start local training
~~~~~~~~~~~~~~~~~~~~~~~~~~~~~~ all client end local training 
##############################  round is 12 ;env state is tensor([[1.7106e+02, 2.3700e+03, 0.0000e+00, 1.1000e+01],
        [2.8081e+01, 2.6120e+03, 0.0000e+00, 1.1000e+01],
        [1.4749e+01, 5.3400e+02, 0.0000e+00, 1.1000e+01],
        [7.8072e+01, 2.1840e+03, 0.0000e+00, 1.0000e+00],
        [2.4138e+02, 8.0400e+03, 0.0000e+00, 0.0000e+00],
        [1.7371e+01, 3.7480e+03, 0.0000e+00, 0.0000e+00],
        [8.2944e+00, 7.9800e+03, 0.0000e+00, 0.0000e+00],
        [6.8969e+01, 1.4140e+03, 0.0000e+00, 0.0000e+00],
        [2.6246e+01, 3.6200e+02, 0.0000e+00, 0.0000e+00],
        [9.9347e+00, 4.0400e+03, 0.0000e+00, 0.0000e+00],
        [3.5350e+01, 2.3860e+03, 0.0000e+00, 1.1000e+01],
        [5.3387e+01, 5.1840e+03, 0.0000e+00, 0.0000e+00],
        [1.8344e+02, 4.9950e+03, 0.0000e+00, 1.1000e+01],
        [1.3329e+01, 1.2150e+03, 0.0000e+00, 1.1000e+01],
        [1.3347e+02, 3.1570e+03, 0.0000e+00, 1.1000e+01],
        [1.2379e+00, 7.8000e+01, 0.0000e+00, 0.0000e+00],
        [3.0547e+01, 4.9950e+03, 0.0000e+00, 0.0000e+00],
        [7.1241e+01, 6.9470e+03, 0.0000e+00, 1.1000e+01],
        [5.3840e+01, 3.8720e+03, 0.0000e+00, 1.1000e+01],
        [8.3310e+01, 3.8870e+03, 0.0000e+00, 0.0000e+00]])
action: [[  81.15645    42.257683  109.90855   128.01201   -20.105873   68.74814
   -27.000187  139.0965     36.001633  155.86298    20.061878  321.06403
    21.332941 -129.33775   172.80013   259.14774   350.9229    199.96739
   -29.106127  362.61072 ]] prob tensor([-20.8504])
send select message to client ,select client id  is : [19, 16, 11, 15, 4, 5, 6, 7, 8, 9]
~~~~~~~~~~~~~~~~~~~~~~~~~~~~~~ global model aggragation and  send  to client 
-------------------------------------------------- ------ep_t is 1, t is 12 -Round : 12，Evaluate global mode------------- --------------------------------------------------
Averaged Train Loss: 1.6566
Averaged Test Accurancy: 0.6060
Averaged Test AUC: 0.8387
Std Test Accurancy: 0.2958
Std Test AUC: 0.2149
------------------------------ --------------------- ------------------------------
~~~~~~~~~~~~~~~~~~~~~~~~~~~~~~  action reward is 8.34339340903891
~~~~~~~~~~~~~~~~~~~~~~~~~~~~~~ global moedl send to all client
~~~~~~~~~~~~~~~~~~~~~~~~~~~~~~ all client start local training
~~~~~~~~~~~~~~~~~~~~~~~~~~~~~~ all client end local training 
##############################  round is 13 ;env state is tensor([[1.6852e+02, 2.3700e+03, 0.0000e+00, 1.2000e+01],
        [2.7305e+01, 2.6120e+03, 0.0000e+00, 1.2000e+01],
        [1.4187e+01, 5.3400e+02, 0.0000e+00, 1.2000e+01],
        [7.6033e+01, 2.1840e+03, 0.0000e+00, 2.0000e+00],
        [2.3420e+02, 8.0400e+03, 0.0000e+00, 0.0000e+00],
        [1.6901e+01, 3.7480e+03, 0.0000e+00, 0.0000e+00],
        [7.8519e+00, 7.9800e+03, 0.0000e+00, 0.0000e+00],
        [6.7664e+01, 1.4140e+03, 0.0000e+00, 0.0000e+00],
        [2.5648e+01, 3.6200e+02, 0.0000e+00, 0.0000e+00],
        [9.5164e+00, 4.0400e+03, 0.0000e+00, 0.0000e+00],
        [3.4403e+01, 2.3860e+03, 0.0000e+00, 1.2000e+01],
        [5.1656e+01, 5.1840e+03, 0.0000e+00, 0.0000e+00],
        [1.8174e+02, 4.9950e+03, 0.0000e+00, 1.2000e+01],
        [1.3054e+01, 1.2150e+03, 0.0000e+00, 1.2000e+01],
        [1.3142e+02, 3.1570e+03, 0.0000e+00, 1.2000e+01],
        [1.1414e+00, 7.8000e+01, 0.0000e+00, 0.0000e+00],
        [2.9026e+01, 4.9950e+03, 0.0000e+00, 0.0000e+00],
        [7.0559e+01, 6.9470e+03, 0.0000e+00, 1.2000e+01],
        [5.2453e+01, 3.8720e+03, 0.0000e+00, 1.2000e+01],
        [8.1271e+01, 3.8870e+03, 0.0000e+00, 0.0000e+00]])
action: [[  80.67673    41.120754  110.64808   129.2942    -21.167875   67.87462
   -26.673183  139.9945     34.857864  155.21736    20.314377  320.43994
    23.28095  -129.37216   173.39601   260.81488   350.01352   201.66837
   -27.811718  361.735   ]] prob tensor([-23.1211])
send select message to client ,select client id  is : [19, 16, 11, 15, 4, 5, 6, 7, 8, 9]
~~~~~~~~~~~~~~~~~~~~~~~~~~~~~~ global model aggragation and  send  to client 
-------------------------------------------------- ------ep_t is 2, t is 13 -Round : 13，Evaluate global mode------------- --------------------------------------------------
Averaged Train Loss: 1.6456
Averaged Test Accurancy: 0.6159
Averaged Test AUC: 0.8425
Std Test Accurancy: 0.2953
Std Test AUC: 0.2134
------------------------------ --------------------- ------------------------------
~~~~~~~~~~~~~~~~~~~~~~~~~~~~~~  action reward is 8.354353470989174
~~~~~~~~~~~~~~~~~~~~~~~~~~~~~~ global moedl send to all client
~~~~~~~~~~~~~~~~~~~~~~~~~~~~~~ all client start local training
~~~~~~~~~~~~~~~~~~~~~~~~~~~~~~ all client end local training 
##############################  round is 14 ;env state is tensor([[1.6623e+02, 2.3700e+03, 0.0000e+00, 1.3000e+01],
        [2.6664e+01, 2.6120e+03, 0.0000e+00, 1.3000e+01],
        [1.3695e+01, 5.3400e+02, 0.0000e+00, 1.3000e+01],
        [7.4235e+01, 2.1840e+03, 0.0000e+00, 3.0000e+00],
        [2.2773e+02, 8.0400e+03, 0.0000e+00, 0.0000e+00],
        [1.6455e+01, 3.7480e+03, 0.0000e+00, 0.0000e+00],
        [7.4490e+00, 7.9800e+03, 0.0000e+00, 0.0000e+00],
        [6.6458e+01, 1.4140e+03, 0.0000e+00, 0.0000e+00],
        [2.5109e+01, 3.6200e+02, 0.0000e+00, 0.0000e+00],
        [9.0963e+00, 4.0400e+03, 0.0000e+00, 0.0000e+00],
        [3.3564e+01, 2.3860e+03, 0.0000e+00, 1.3000e+01],
        [5.0073e+01, 5.1840e+03, 0.0000e+00, 0.0000e+00],
        [1.7910e+02, 4.9950e+03, 0.0000e+00, 1.3000e+01],
        [1.2809e+01, 1.2150e+03, 0.0000e+00, 1.3000e+01],
        [1.2956e+02, 3.1570e+03, 0.0000e+00, 1.3000e+01],
        [1.0616e+00, 7.8000e+01, 0.0000e+00, 0.0000e+00],
        [2.7665e+01, 4.9950e+03, 0.0000e+00, 0.0000e+00],
        [6.9985e+01, 6.9470e+03, 0.0000e+00, 1.3000e+01],
        [5.1294e+01, 3.8720e+03, 0.0000e+00, 1.3000e+01],
        [7.9427e+01, 3.8870e+03, 0.0000e+00, 0.0000e+00]])
action: [[  82.21837    42.937984  109.77491   127.337074  -20.124777   67.696815
   -26.933977  140.30682    36.053795  154.88602    19.448833  320.6497
    22.062248 -129.81119   173.79918   259.61444   350.32224   201.15373
   -29.200071  361.71008 ]] prob tensor([-18.0046])
send select message to client ,select client id  is : [19, 16, 11, 15, 4, 5, 6, 7, 8, 9]
~~~~~~~~~~~~~~~~~~~~~~~~~~~~~~ global model aggragation and  send  to client 
-------------------------------------------------- ------ep_t is 3, t is 14 -Round : 14，Evaluate global mode------------- --------------------------------------------------
Averaged Train Loss: 1.6372
Averaged Test Accurancy: 0.6245
Averaged Test AUC: 0.8457
Std Test Accurancy: 0.2935
Std Test AUC: 0.2121
------------------------------ --------------------- ------------------------------
~~~~~~~~~~~~~~~~~~~~~~~~~~~~~~  action reward is 8.362802867821381
~~~~~~~~~~~~~~~~~~~~~~~~~~~~~~ global moedl send to all client
~~~~~~~~~~~~~~~~~~~~~~~~~~~~~~ all client start local training
~~~~~~~~~~~~~~~~~~~~~~~~~~~~~~ all client end local training 
##############################  round is 15 ;env state is tensor([[1.6413e+02, 2.3700e+03, 0.0000e+00, 1.4000e+01],
        [2.6072e+01, 2.6120e+03, 0.0000e+00, 1.4000e+01],
        [1.3222e+01, 5.3400e+02, 0.0000e+00, 1.4000e+01],
        [7.2637e+01, 2.1840e+03, 0.0000e+00, 4.0000e+00],
        [2.2132e+02, 8.0400e+03, 0.0000e+00, 0.0000e+00],
        [1.6045e+01, 3.7480e+03, 0.0000e+00, 0.0000e+00],
        [7.0788e+00, 7.9800e+03, 0.0000e+00, 0.0000e+00],
        [6.5343e+01, 1.4140e+03, 0.0000e+00, 0.0000e+00],
        [2.4623e+01, 3.6200e+02, 0.0000e+00, 0.0000e+00],
        [8.7251e+00, 4.0400e+03, 0.0000e+00, 0.0000e+00],
        [3.2805e+01, 2.3860e+03, 0.0000e+00, 1.4000e+01],
        [4.8593e+01, 5.1840e+03, 0.0000e+00, 0.0000e+00],
        [1.7684e+02, 4.9950e+03, 0.0000e+00, 1.4000e+01],
        [1.2583e+01, 1.2150e+03, 0.0000e+00, 1.4000e+01],
        [1.2789e+02, 3.1570e+03, 0.0000e+00, 1.4000e+01],
        [9.9359e-01, 7.8000e+01, 0.0000e+00, 0.0000e+00],
        [2.6400e+01, 4.9950e+03, 0.0000e+00, 0.0000e+00],
        [6.9363e+01, 6.9470e+03, 0.0000e+00, 1.4000e+01],
        [5.0174e+01, 3.8720e+03, 0.0000e+00, 1.4000e+01],
        [7.7674e+01, 3.8870e+03, 0.0000e+00, 0.0000e+00]])
action: [[  80.97987    40.831978  110.14046   128.78722   -20.980192   67.26972
   -27.296032  138.9001     35.77572   155.50114    21.134897  319.62985
    22.34579  -129.84422   174.87465   259.47137   350.51852   201.02002
   -27.534002  361.0068  ]] prob tensor([-20.8514])
send select message to client ,select client id  is : [19, 16, 11, 15, 4, 5, 6, 7, 8, 9]
~~~~~~~~~~~~~~~~~~~~~~~~~~~~~~ global model aggragation and  send  to client 
-------------------------------------------------- ------ep_t is 4, t is 15 -Round : 15，Evaluate global mode------------- --------------------------------------------------
Averaged Train Loss: 1.6302
Averaged Test Accurancy: 0.6314
Averaged Test AUC: 0.8486
Std Test Accurancy: 0.2913
Std Test AUC: 0.2109
------------------------------ --------------------- ------------------------------
~~~~~~~~~~~~~~~~~~~~~~~~~~~~~~  action reward is 8.369837986644873
one tragtory collected---------
~~~~~~~~~~~~~~~~~~~~~~~~~~~~~~ global moedl send to all client
~~~~~~~~~~~~~~~~~~~~~~~~~~~~~~ all client start local training
~~~~~~~~~~~~~~~~~~~~~~~~~~~~~~ all client end local training 
##############################  round is 16 ;env state is tensor([[1.6198e+02, 2.3700e+03, 0.0000e+00, 1.5000e+01],
        [2.5566e+01, 2.6120e+03, 0.0000e+00, 1.5000e+01],
        [1.2783e+01, 5.3400e+02, 0.0000e+00, 1.5000e+01],
        [7.1134e+01, 2.1840e+03, 0.0000e+00, 5.0000e+00],
        [2.1521e+02, 8.0400e+03, 0.0000e+00, 0.0000e+00],
        [1.5644e+01, 3.7480e+03, 0.0000e+00, 0.0000e+00],
        [6.7412e+00, 7.9800e+03, 0.0000e+00, 0.0000e+00],
        [6.4223e+01, 1.4140e+03, 0.0000e+00, 0.0000e+00],
        [2.4173e+01, 3.6200e+02, 0.0000e+00, 0.0000e+00],
        [8.3743e+00, 4.0400e+03, 0.0000e+00, 0.0000e+00],
        [3.2133e+01, 2.3860e+03, 0.0000e+00, 1.5000e+01],
        [4.7154e+01, 5.1840e+03, 0.0000e+00, 0.0000e+00],
        [1.7392e+02, 4.9950e+03, 0.0000e+00, 1.5000e+01],
        [1.2376e+01, 1.2150e+03, 0.0000e+00, 1.5000e+01],
        [1.2639e+02, 3.1570e+03, 0.0000e+00, 1.5000e+01],
        [9.3430e-01, 7.8000e+01, 0.0000e+00, 0.0000e+00],
        [2.5257e+01, 4.9950e+03, 0.0000e+00, 0.0000e+00],
        [6.8802e+01, 6.9470e+03, 0.0000e+00, 1.5000e+01],
        [4.9113e+01, 3.8720e+03, 0.0000e+00, 1.5000e+01],
        [7.5966e+01, 3.8870e+03, 0.0000e+00, 0.0000e+00]])
action: [[  80.639366   42.275158  110.25912   128.20064   -21.332876   67.64882
   -27.472374  140.24391    36.34555   154.17557    19.36547   319.99017
    22.280243 -128.99185   174.4943    259.11548   349.79492   201.25395
   -28.342642  362.8344  ]] prob tensor([-16.0634])
send select message to client ,select client id  is : [19, 16, 11, 15, 4, 5, 6, 7, 8, 9]
~~~~~~~~~~~~~~~~~~~~~~~~~~~~~~ global model aggragation and  send  to client 
-------------------------------------------------- ------ep_t is 0, t is 16 -Round : 16，Evaluate global mode------------- --------------------------------------------------
Averaged Train Loss: 1.6238
Averaged Test Accurancy: 0.6385
Averaged Test AUC: 0.8512
Std Test Accurancy: 0.2905
Std Test AUC: 0.2098
------------------------------ --------------------- ------------------------------
~~~~~~~~~~~~~~~~~~~~~~~~~~~~~~  action reward is 8.376223083556914
~~~~~~~~~~~~~~~~~~~~~~~~~~~~~~ global moedl send to all client
~~~~~~~~~~~~~~~~~~~~~~~~~~~~~~ all client start local training
~~~~~~~~~~~~~~~~~~~~~~~~~~~~~~ all client end local training 
##############################  round is 17 ;env state is tensor([[1.6009e+02, 2.3700e+03, 0.0000e+00, 1.6000e+01],
        [2.5074e+01, 2.6120e+03, 0.0000e+00, 1.6000e+01],
        [1.2376e+01, 5.3400e+02, 0.0000e+00, 1.6000e+01],
        [6.9750e+01, 2.1840e+03, 0.0000e+00, 6.0000e+00],
        [2.0914e+02, 8.0400e+03, 0.0000e+00, 0.0000e+00],
        [1.5259e+01, 3.7480e+03, 0.0000e+00, 0.0000e+00],
        [6.4282e+00, 7.9800e+03, 0.0000e+00, 0.0000e+00],
        [6.3212e+01, 1.4140e+03, 0.0000e+00, 0.0000e+00],
        [2.3761e+01, 3.6200e+02, 0.0000e+00, 0.0000e+00],
        [8.0485e+00, 4.0400e+03, 0.0000e+00, 0.0000e+00],
        [3.1524e+01, 2.3860e+03, 0.0000e+00, 1.6000e+01],
        [4.5803e+01, 5.1840e+03, 0.0000e+00, 0.0000e+00],
        [1.7044e+02, 4.9950e+03, 0.0000e+00, 1.6000e+01],
        [1.2178e+01, 1.2150e+03, 0.0000e+00, 1.6000e+01],
        [1.2477e+02, 3.1570e+03, 0.0000e+00, 1.6000e+01],
        [8.8293e-01, 7.8000e+01, 0.0000e+00, 0.0000e+00],
        [2.4212e+01, 4.9950e+03, 0.0000e+00, 0.0000e+00],
        [6.8287e+01, 6.9470e+03, 0.0000e+00, 1.6000e+01],
        [4.8151e+01, 3.8720e+03, 0.0000e+00, 1.6000e+01],
        [7.4294e+01, 3.8870e+03, 0.0000e+00, 0.0000e+00]])
action: [[  82.012344   41.99627   110.047035  127.22233   -20.427402   66.77527
   -26.5022    138.538      37.3418    155.4846     19.762133  320.55777
    21.693737 -129.76784   174.68452   258.25195   349.98715   200.76617
   -27.877893  361.53592 ]] prob tensor([-19.5432])
send select message to client ,select client id  is : [19, 16, 11, 15, 4, 5, 6, 7, 8, 9]
~~~~~~~~~~~~~~~~~~~~~~~~~~~~~~ global model aggragation and  send  to client 
-------------------------------------------------- ------ep_t is 1, t is 17 -Round : 17，Evaluate global mode------------- --------------------------------------------------
Averaged Train Loss: 1.6188
Averaged Test Accurancy: 0.6444
Averaged Test AUC: 0.8535
Std Test Accurancy: 0.2886
Std Test AUC: 0.2087
------------------------------ --------------------- ------------------------------
~~~~~~~~~~~~~~~~~~~~~~~~~~~~~~  action reward is 8.381150220600158
self.total_time is 10000,costtime is 10425.429697990417
round+self.ppomodel.max_timesteps_per_episode 22 200 True
one tragtory collected---------
~~~~~~~~~~~~~~~~~~~~~~~~~~~~~~ global moedl send to all client
~~~~~~~~~~~~~~~~~~~~~~~~~~~~~~ all client start local training
~~~~~~~~~~~~~~~~~~~~~~~~~~~~~~ all client end local training 
##############################  round is 18 ;env state is tensor([[1.5833e+02, 2.3700e+03, 0.0000e+00, 1.7000e+01],
        [2.4674e+01, 2.6120e+03, 0.0000e+00, 1.7000e+01],
        [1.1997e+01, 5.3400e+02, 0.0000e+00, 1.7000e+01],
        [6.8532e+01, 2.1840e+03, 0.0000e+00, 7.0000e+00],
        [2.0353e+02, 8.0400e+03, 0.0000e+00, 0.0000e+00],
        [1.4911e+01, 3.7480e+03, 0.0000e+00, 0.0000e+00],
        [6.1415e+00, 7.9800e+03, 0.0000e+00, 0.0000e+00],
        [6.2243e+01, 1.4140e+03, 0.0000e+00, 0.0000e+00],
        [2.3375e+01, 3.6200e+02, 0.0000e+00, 0.0000e+00],
        [7.7404e+00, 4.0400e+03, 0.0000e+00, 0.0000e+00],
        [3.0941e+01, 2.3860e+03, 0.0000e+00, 1.7000e+01],
        [4.4662e+01, 5.1840e+03, 0.0000e+00, 0.0000e+00],
        [1.6824e+02, 4.9950e+03, 0.0000e+00, 1.7000e+01],
        [1.1975e+01, 1.2150e+03, 0.0000e+00, 1.7000e+01],
        [1.2338e+02, 3.1570e+03, 0.0000e+00, 1.7000e+01],
        [8.3784e-01, 7.8000e+01, 0.0000e+00, 0.0000e+00],
        [2.3211e+01, 4.9950e+03, 0.0000e+00, 0.0000e+00],
        [6.7720e+01, 6.9470e+03, 0.0000e+00, 1.7000e+01],
        [4.7271e+01, 3.8720e+03, 0.0000e+00, 1.7000e+01],
        [7.2874e+01, 3.8870e+03, 0.0000e+00, 0.0000e+00]])
action: [[  81.447914   41.392925  110.99719   127.07429   -20.668718   68.84401
   -27.289452  140.79633    36.334316  154.56589    20.891218  320.25845
    21.561747 -129.6785    173.88283   258.2036    350.0364    199.66347
   -27.27003   362.91647 ]] prob tensor([-18.6094])
send select message to client ,select client id  is : [19, 16, 11, 3, 4, 5, 6, 7, 8, 9]
~~~~~~~~~~~~~~~~~~~~~~~~~~~~~~ global model aggragation and  send  to client 
-------------------------------------------------- ------ep_t is 0, t is 18 -Round : 18，Evaluate global mode------------- --------------------------------------------------
Averaged Train Loss: 1.6120
Averaged Test Accurancy: 0.6508
Averaged Test AUC: 0.8558
Std Test Accurancy: 0.2846
Std Test AUC: 0.2078
------------------------------ --------------------- ------------------------------
~~~~~~~~~~~~~~~~~~~~~~~~~~~~~~  action reward is 8.387978819450506
self.total_time is 10000,costtime is 11580.610010147095
round+self.ppomodel.max_timesteps_per_episode 23 200 True
one tragtory collected---------
~~~~~~~~~~~~~~~~~~~~~~~~~~~~~~ global moedl send to all client
~~~~~~~~~~~~~~~~~~~~~~~~~~~~~~ all client start local training
~~~~~~~~~~~~~~~~~~~~~~~~~~~~~~ all client end local training 
##############################  round is 19 ;env state is tensor([[1.5663e+02, 2.3700e+03, 0.0000e+00, 1.8000e+01],
        [2.4275e+01, 2.6120e+03, 0.0000e+00, 1.8000e+01],
        [1.1646e+01, 5.3400e+02, 0.0000e+00, 1.8000e+01],
        [6.7623e+01, 2.1840e+03, 0.0000e+00, 0.0000e+00],
        [1.9817e+02, 8.0400e+03, 0.0000e+00, 0.0000e+00],
        [1.4574e+01, 3.7480e+03, 0.0000e+00, 0.0000e+00],
        [5.8736e+00, 7.9800e+03, 0.0000e+00, 0.0000e+00],
        [6.1339e+01, 1.4140e+03, 0.0000e+00, 0.0000e+00],
        [2.3014e+01, 3.6200e+02, 0.0000e+00, 0.0000e+00],
        [7.4508e+00, 4.0400e+03, 0.0000e+00, 0.0000e+00],
        [3.0383e+01, 2.3860e+03, 0.0000e+00, 1.8000e+01],
        [4.3507e+01, 5.1840e+03, 0.0000e+00, 0.0000e+00],
        [1.6630e+02, 4.9950e+03, 0.0000e+00, 1.8000e+01],
        [1.1817e+01, 1.2150e+03, 0.0000e+00, 1.8000e+01],
        [1.2223e+02, 3.1570e+03, 0.0000e+00, 1.8000e+01],
        [7.9700e-01, 7.8000e+01, 0.0000e+00, 1.0000e+00],
        [2.2299e+01, 4.9950e+03, 0.0000e+00, 0.0000e+00],
        [6.7186e+01, 6.9470e+03, 0.0000e+00, 1.8000e+01],
        [4.6481e+01, 3.8720e+03, 0.0000e+00, 1.8000e+01],
        [7.1525e+01, 3.8870e+03, 0.0000e+00, 0.0000e+00]])
action: [[  81.09981    41.88478   108.71142   128.08466   -20.52121    68.00424
   -26.59079   138.98302    36.484104  154.43668    20.492212  320.63052
    20.76084  -129.67235   173.65596   257.27023   348.90436   200.63951
   -28.662243  361.47266 ]] prob tensor([-20.7588])
send select message to client ,select client id  is : [19, 16, 11, 3, 4, 5, 6, 7, 8, 9]
~~~~~~~~~~~~~~~~~~~~~~~~~~~~~~ global model aggragation and  send  to client 
-------------------------------------------------- ------ep_t is 0, t is 19 -Round : 19，Evaluate global mode------------- --------------------------------------------------
Averaged Train Loss: 1.6062
Averaged Test Accurancy: 0.6567
Averaged Test AUC: 0.8580
Std Test Accurancy: 0.2817
Std Test AUC: 0.2069
------------------------------ --------------------- ------------------------------
~~~~~~~~~~~~~~~~~~~~~~~~~~~~~~  action reward is 8.393769449023196
self.total_time is 10000,costtime is 12795.022767066956
round+self.ppomodel.max_timesteps_per_episode 24 200 True
one tragtory collected---------
~~~~~~~~~~~~~~~~~~~~~~~~~~~~~~ global moedl send to all client
~~~~~~~~~~~~~~~~~~~~~~~~~~~~~~ all client start local training
~~~~~~~~~~~~~~~~~~~~~~~~~~~~~~ all client end local training 
##############################  round is 20 ;env state is tensor([[1.5509e+02, 2.3700e+03, 0.0000e+00, 1.9000e+01],
        [2.3886e+01, 2.6120e+03, 0.0000e+00, 1.9000e+01],
        [1.1316e+01, 5.3400e+02, 0.0000e+00, 1.9000e+01],
        [6.6385e+01, 2.1840e+03, 0.0000e+00, 0.0000e+00],
        [1.9259e+02, 8.0400e+03, 0.0000e+00, 0.0000e+00],
        [1.4252e+01, 3.7480e+03, 0.0000e+00, 0.0000e+00],
        [5.6274e+00, 7.9800e+03, 0.0000e+00, 0.0000e+00],
        [6.0464e+01, 1.4140e+03, 0.0000e+00, 0.0000e+00],
        [2.2669e+01, 3.6200e+02, 0.0000e+00, 0.0000e+00],
        [7.1745e+00, 4.0400e+03, 0.0000e+00, 0.0000e+00],
        [2.9876e+01, 2.3860e+03, 0.0000e+00, 1.9000e+01],
        [4.2419e+01, 5.1840e+03, 0.0000e+00, 0.0000e+00],
        [1.6416e+02, 4.9950e+03, 0.0000e+00, 1.9000e+01],
        [1.1664e+01, 1.2150e+03, 0.0000e+00, 1.9000e+01],
        [1.2097e+02, 3.1570e+03, 0.0000e+00, 1.9000e+01],
        [7.6075e-01, 7.8000e+01, 0.0000e+00, 2.0000e+00],
        [2.1444e+01, 4.9950e+03, 0.0000e+00, 0.0000e+00],
        [6.6580e+01, 6.9470e+03, 0.0000e+00, 1.9000e+01],
        [4.5839e+01, 3.8720e+03, 0.0000e+00, 1.9000e+01],
        [7.0306e+01, 3.8870e+03, 0.0000e+00, 0.0000e+00]])
action: [[  80.77608    42.77024   109.95847   129.2763    -20.242266   68.86098
   -26.93747   139.40474    35.64226   154.86076    20.434046  320.44452
    20.978174 -129.11241   173.79625   257.82797   350.62943   201.13023
   -28.025387  362.2585  ]] prob tensor([-17.8895])
send select message to client ,select client id  is : [19, 16, 11, 3, 4, 5, 6, 7, 8, 9]
~~~~~~~~~~~~~~~~~~~~~~~~~~~~~~ global model aggragation and  send  to client 
-------------------------------------------------- ------ep_t is 0, t is 20 -Round : 20，Evaluate global mode------------- --------------------------------------------------
Averaged Train Loss: 1.6016
Averaged Test Accurancy: 0.6622
Averaged Test AUC: 0.8599
Std Test Accurancy: 0.2782
Std Test AUC: 0.2061
------------------------------ --------------------- ------------------------------
~~~~~~~~~~~~~~~~~~~~~~~~~~~~~~  action reward is 8.398397793395262
self.total_time is 10000,costtime is 14068.707437038422
round+self.ppomodel.max_timesteps_per_episode 25 200 True
one tragtory collected---------
batch_lens shape is : [5, 5, 5, 2, 1, 1, 1]
############################## rl data collection success-t_so_far is 20,i_so_far is 1-,update network-----
update onece time is : 0.0661618709564209

-------------------- Iteration #1 --------------------
Average Episodic Length: 2.86
Average Episodic Return: 23.51
Average Loss: 0.34215
Timesteps So Far: 20
Iteration took: 1276.34 secs
------------------------------------------------------

################################################## rl  data start -------
~~~~~~~~~~~~~~~~~~~~~~~~~~~~~~ global moedl send to all client
~~~~~~~~~~~~~~~~~~~~~~~~~~~~~~ all client start local training
~~~~~~~~~~~~~~~~~~~~~~~~~~~~~~ all client end local training 
##############################  round is 21 ;env state is tensor([[1.5353e+02, 2.3700e+03, 0.0000e+00, 2.0000e+01],
        [2.3512e+01, 2.6120e+03, 0.0000e+00, 2.0000e+01],
        [1.0984e+01, 5.3400e+02, 0.0000e+00, 2.0000e+01],
        [6.5135e+01, 2.1840e+03, 0.0000e+00, 0.0000e+00],
        [1.8686e+02, 8.0400e+03, 0.0000e+00, 0.0000e+00],
        [1.3955e+01, 3.7480e+03, 0.0000e+00, 0.0000e+00],
        [5.3987e+00, 7.9800e+03, 0.0000e+00, 0.0000e+00],
        [5.9615e+01, 1.4140e+03, 0.0000e+00, 0.0000e+00],
        [2.2341e+01, 3.6200e+02, 0.0000e+00, 0.0000e+00],
        [6.9181e+00, 4.0400e+03, 0.0000e+00, 0.0000e+00],
        [2.9391e+01, 2.3860e+03, 0.0000e+00, 2.0000e+01],
        [4.1381e+01, 5.1840e+03, 0.0000e+00, 0.0000e+00],
        [1.6229e+02, 4.9950e+03, 0.0000e+00, 2.0000e+01],
        [1.1502e+01, 1.2150e+03, 0.0000e+00, 2.0000e+01],
        [1.1977e+02, 3.1570e+03, 0.0000e+00, 2.0000e+01],
        [7.2701e-01, 7.8000e+01, 0.0000e+00, 3.0000e+00],
        [2.0634e+01, 4.9950e+03, 0.0000e+00, 0.0000e+00],
        [6.6084e+01, 6.9470e+03, 0.0000e+00, 2.0000e+01],
        [4.5075e+01, 3.8720e+03, 0.0000e+00, 2.0000e+01],
        [6.9116e+01, 3.8870e+03, 0.0000e+00, 0.0000e+00]])
action: [[ 157.34831   136.04697   236.76793    -9.76065  -186.5474   -198.3835
  -153.6794    394.85922   163.63754  -134.78868   219.04373   147.59187
   313.66956   -42.154453  309.91415    26.33945    88.09802   340.88516
   372.24152   652.25586 ]] prob tensor([-20.3270])
send select message to client ,select client id  is : [19, 1, 2, 3, 4, 5, 6, 7, 8, 9]
~~~~~~~~~~~~~~~~~~~~~~~~~~~~~~ global model aggragation and  send  to client 
-------------------------------------------------- ------ep_t is 0, t is 1 -Round : 21，Evaluate global mode------------- --------------------------------------------------
Averaged Train Loss: 1.6053
Averaged Test Accurancy: 0.6646
Averaged Test AUC: 0.8609
Std Test Accurancy: 0.2756
Std Test AUC: 0.2052
------------------------------ --------------------- ------------------------------
~~~~~~~~~~~~~~~~~~~~~~~~~~~~~~  action reward is 8.394672416528481
~~~~~~~~~~~~~~~~~~~~~~~~~~~~~~ global moedl send to all client
~~~~~~~~~~~~~~~~~~~~~~~~~~~~~~ all client start local training
~~~~~~~~~~~~~~~~~~~~~~~~~~~~~~ all client end local training 
##############################  round is 22 ;env state is tensor([[1.5211e+02, 2.3700e+03, 0.0000e+00, 2.1000e+01],
        [2.3120e+01, 2.6120e+03, 0.0000e+00, 0.0000e+00],
        [1.0693e+01, 5.3400e+02, 0.0000e+00, 0.0000e+00],
        [6.3946e+01, 2.1840e+03, 0.0000e+00, 0.0000e+00],
        [1.8104e+02, 8.0400e+03, 0.0000e+00, 0.0000e+00],
        [1.3667e+01, 3.7480e+03, 0.0000e+00, 0.0000e+00],
        [5.1840e+00, 7.9800e+03, 0.0000e+00, 0.0000e+00],
        [5.8856e+01, 1.4140e+03, 0.0000e+00, 0.0000e+00],
        [2.2042e+01, 3.6200e+02, 0.0000e+00, 0.0000e+00],
        [6.6728e+00, 4.0400e+03, 0.0000e+00, 0.0000e+00],
        [2.8930e+01, 2.3860e+03, 0.0000e+00, 2.1000e+01],
        [4.0366e+01, 5.1840e+03, 0.0000e+00, 1.0000e+00],
        [1.6034e+02, 4.9950e+03, 0.0000e+00, 2.1000e+01],
        [1.1354e+01, 1.2150e+03, 0.0000e+00, 2.1000e+01],
        [1.1836e+02, 3.1570e+03, 0.0000e+00, 2.1000e+01],
        [6.9742e-01, 7.8000e+01, 0.0000e+00, 4.0000e+00],
        [1.9918e+01, 4.9950e+03, 0.0000e+00, 1.0000e+00],
        [6.5568e+01, 6.9470e+03, 0.0000e+00, 2.1000e+01],
        [4.4363e+01, 3.8720e+03, 0.0000e+00, 2.1000e+01],
        [6.8100e+01, 3.8870e+03, 0.0000e+00, 0.0000e+00]])
action: [[ 158.77925   133.4159    236.92078    -7.887399 -185.07285  -197.34099
  -153.96022   393.86035   161.86697  -135.08846   219.15614   148.50737
   315.24905   -41.783207  308.7092     26.193602   88.89262   339.79163
   371.7463    651.9553  ]] prob tensor([-24.2559])
send select message to client ,select client id  is : [19, 1, 2, 3, 4, 5, 6, 7, 8, 9]
~~~~~~~~~~~~~~~~~~~~~~~~~~~~~~ global model aggragation and  send  to client 
-------------------------------------------------- ------ep_t is 1, t is 2 -Round : 22，Evaluate global mode------------- --------------------------------------------------
Averaged Train Loss: 1.6092
Averaged Test Accurancy: 0.6663
Averaged Test AUC: 0.8620
Std Test Accurancy: 0.2740
Std Test AUC: 0.2043
------------------------------ --------------------- ------------------------------
~~~~~~~~~~~~~~~~~~~~~~~~~~~~~~  action reward is 8.39077561526415
~~~~~~~~~~~~~~~~~~~~~~~~~~~~~~ global moedl send to all client
~~~~~~~~~~~~~~~~~~~~~~~~~~~~~~ all client start local training
~~~~~~~~~~~~~~~~~~~~~~~~~~~~~~ all client end local training 
##############################  round is 23 ;env state is tensor([[1.5105e+02, 2.3700e+03, 0.0000e+00, 2.2000e+01],
        [2.2721e+01, 2.6120e+03, 0.0000e+00, 0.0000e+00],
        [1.0427e+01, 5.3400e+02, 0.0000e+00, 0.0000e+00],
        [6.2733e+01, 2.1840e+03, 0.0000e+00, 0.0000e+00],
        [1.7571e+02, 8.0400e+03, 0.0000e+00, 0.0000e+00],
        [1.3408e+01, 3.7480e+03, 0.0000e+00, 0.0000e+00],
        [4.9808e+00, 7.9800e+03, 0.0000e+00, 0.0000e+00],
        [5.8034e+01, 1.4140e+03, 0.0000e+00, 0.0000e+00],
        [2.1719e+01, 3.6200e+02, 0.0000e+00, 0.0000e+00],
        [6.4355e+00, 4.0400e+03, 0.0000e+00, 0.0000e+00],
        [2.8495e+01, 2.3860e+03, 0.0000e+00, 2.2000e+01],
        [3.9511e+01, 5.1840e+03, 0.0000e+00, 2.0000e+00],
        [1.5841e+02, 4.9950e+03, 0.0000e+00, 2.2000e+01],
        [1.1237e+01, 1.2150e+03, 0.0000e+00, 2.2000e+01],
        [1.1723e+02, 3.1570e+03, 0.0000e+00, 2.2000e+01],
        [6.6908e-01, 7.8000e+01, 0.0000e+00, 5.0000e+00],
        [1.9254e+01, 4.9950e+03, 0.0000e+00, 2.0000e+00],
        [6.5083e+01, 6.9470e+03, 0.0000e+00, 2.2000e+01],
        [4.3811e+01, 3.8720e+03, 0.0000e+00, 2.2000e+01],
        [6.7082e+01, 3.8870e+03, 0.0000e+00, 0.0000e+00]])
action: [[ 156.90776   134.14934   237.06285    -9.661706 -185.53735  -198.09607
  -154.53918   395.2515    162.16432  -134.3722    217.70868   150.52477
   313.13837   -41.57893   308.5956     26.2375     89.56386   340.52725
   370.18222   652.1621  ]] prob tensor([-19.0215])
send select message to client ,select client id  is : [19, 1, 2, 3, 4, 5, 6, 7, 8, 9]
~~~~~~~~~~~~~~~~~~~~~~~~~~~~~~ global model aggragation and  send  to client 
-------------------------------------------------- ------ep_t is 2, t is 3 -Round : 23，Evaluate global mode------------- --------------------------------------------------
Averaged Train Loss: 1.6122
Averaged Test Accurancy: 0.6676
Averaged Test AUC: 0.8629
Std Test Accurancy: 0.2714
Std Test AUC: 0.2034
------------------------------ --------------------- ------------------------------
~~~~~~~~~~~~~~~~~~~~~~~~~~~~~~  action reward is 8.387769387435949
~~~~~~~~~~~~~~~~~~~~~~~~~~~~~~ global moedl send to all client
~~~~~~~~~~~~~~~~~~~~~~~~~~~~~~ all client start local training
~~~~~~~~~~~~~~~~~~~~~~~~~~~~~~ all client end local training 
##############################  round is 24 ;env state is tensor([[1.4980e+02, 2.3700e+03, 0.0000e+00, 2.3000e+01],
        [2.2328e+01, 2.6120e+03, 0.0000e+00, 0.0000e+00],
        [1.0158e+01, 5.3400e+02, 0.0000e+00, 0.0000e+00],
        [6.1568e+01, 2.1840e+03, 0.0000e+00, 0.0000e+00],
        [1.7071e+02, 8.0400e+03, 0.0000e+00, 0.0000e+00],
        [1.3147e+01, 3.7480e+03, 0.0000e+00, 0.0000e+00],
        [4.7898e+00, 7.9800e+03, 0.0000e+00, 0.0000e+00],
        [5.7182e+01, 1.4140e+03, 0.0000e+00, 0.0000e+00],
        [2.1405e+01, 3.6200e+02, 0.0000e+00, 0.0000e+00],
        [6.2157e+00, 4.0400e+03, 0.0000e+00, 0.0000e+00],
        [2.8074e+01, 2.3860e+03, 0.0000e+00, 2.3000e+01],
        [3.8771e+01, 5.1840e+03, 0.0000e+00, 3.0000e+00],
        [1.5683e+02, 4.9950e+03, 0.0000e+00, 2.3000e+01],
        [1.1126e+01, 1.2150e+03, 0.0000e+00, 2.3000e+01],
        [1.1613e+02, 3.1570e+03, 0.0000e+00, 2.3000e+01],
        [6.4157e-01, 7.8000e+01, 0.0000e+00, 6.0000e+00],
        [1.8661e+01, 4.9950e+03, 0.0000e+00, 3.0000e+00],
        [6.4665e+01, 6.9470e+03, 0.0000e+00, 2.3000e+01],
        [4.3152e+01, 3.8720e+03, 0.0000e+00, 2.3000e+01],
        [6.5944e+01, 3.8870e+03, 0.0000e+00, 0.0000e+00]])
action: [[ 156.84135   133.06496   237.54408    -8.772813 -185.23022  -198.2896
  -154.36215   395.53046   162.59575  -135.15514   219.34415   147.28534
   314.67828   -42.497044  308.91602    25.643135   89.76915   340.69327
   371.28625   651.65076 ]] prob tensor([-19.0234])
send select message to client ,select client id  is : [19, 1, 2, 3, 4, 5, 6, 7, 8, 9]
~~~~~~~~~~~~~~~~~~~~~~~~~~~~~~ global model aggragation and  send  to client 
-------------------------------------------------- ------ep_t is 3, t is 4 -Round : 24，Evaluate global mode------------- --------------------------------------------------
Averaged Train Loss: 1.6151
Averaged Test Accurancy: 0.6693
Averaged Test AUC: 0.8639
Std Test Accurancy: 0.2702
Std Test AUC: 0.2025
------------------------------ --------------------- ------------------------------
~~~~~~~~~~~~~~~~~~~~~~~~~~~~~~  action reward is 8.384902785836553
~~~~~~~~~~~~~~~~~~~~~~~~~~~~~~ global moedl send to all client
~~~~~~~~~~~~~~~~~~~~~~~~~~~~~~ all client start local training
~~~~~~~~~~~~~~~~~~~~~~~~~~~~~~ all client end local training 
##############################  round is 25 ;env state is tensor([[1.4856e+02, 2.3700e+03, 0.0000e+00, 2.4000e+01],
        [2.1974e+01, 2.6120e+03, 0.0000e+00, 0.0000e+00],
        [9.9015e+00, 5.3400e+02, 0.0000e+00, 0.0000e+00],
        [6.0479e+01, 2.1840e+03, 0.0000e+00, 0.0000e+00],
        [1.6490e+02, 8.0400e+03, 0.0000e+00, 0.0000e+00],
        [1.2900e+01, 3.7480e+03, 0.0000e+00, 0.0000e+00],
        [4.6068e+00, 7.9800e+03, 0.0000e+00, 0.0000e+00],
        [5.6421e+01, 1.4140e+03, 0.0000e+00, 0.0000e+00],
        [2.1106e+01, 3.6200e+02, 0.0000e+00, 0.0000e+00],
        [5.9929e+00, 4.0400e+03, 0.0000e+00, 0.0000e+00],
        [2.7663e+01, 2.3860e+03, 0.0000e+00, 2.4000e+01],
        [3.8089e+01, 5.1840e+03, 0.0000e+00, 4.0000e+00],
        [1.5519e+02, 4.9950e+03, 0.0000e+00, 2.4000e+01],
        [1.1015e+01, 1.2150e+03, 0.0000e+00, 2.4000e+01],
        [1.1502e+02, 3.1570e+03, 0.0000e+00, 2.4000e+01],
        [6.1700e-01, 7.8000e+01, 0.0000e+00, 7.0000e+00],
        [1.8134e+01, 4.9950e+03, 0.0000e+00, 4.0000e+00],
        [6.4195e+01, 6.9470e+03, 0.0000e+00, 2.4000e+01],
        [4.2552e+01, 3.8720e+03, 0.0000e+00, 2.4000e+01],
        [6.4887e+01, 3.8870e+03, 0.0000e+00, 0.0000e+00]])
action: [[ 156.96947   135.98589   236.03621    -8.87798  -185.59569  -199.53452
  -153.23666   395.5236    163.12083  -134.01912   218.13971   148.61676
   314.82703   -41.681286  308.85498    26.708416   88.56728   340.78345
   371.80194   650.92615 ]] prob tensor([-23.6426])
send select message to client ,select client id  is : [19, 1, 2, 3, 4, 5, 6, 7, 8, 9]
~~~~~~~~~~~~~~~~~~~~~~~~~~~~~~ global model aggragation and  send  to client 
-------------------------------------------------- ------ep_t is 4, t is 5 -Round : 25，Evaluate global mode------------- --------------------------------------------------
Averaged Train Loss: 1.6180
Averaged Test Accurancy: 0.6704
Averaged Test AUC: 0.8648
Std Test Accurancy: 0.2676
Std Test AUC: 0.2016
------------------------------ --------------------- ------------------------------
~~~~~~~~~~~~~~~~~~~~~~~~~~~~~~  action reward is 8.382043507090101
one tragtory collected---------
~~~~~~~~~~~~~~~~~~~~~~~~~~~~~~ global moedl send to all client
~~~~~~~~~~~~~~~~~~~~~~~~~~~~~~ all client start local training
~~~~~~~~~~~~~~~~~~~~~~~~~~~~~~ all client end local training 
##############################  round is 26 ;env state is tensor([[1.4726e+02, 2.3700e+03, 0.0000e+00, 2.5000e+01],
        [2.1590e+01, 2.6120e+03, 0.0000e+00, 0.0000e+00],
        [9.6609e+00, 5.3400e+02, 0.0000e+00, 0.0000e+00],
        [5.9350e+01, 2.1840e+03, 0.0000e+00, 0.0000e+00],
        [1.5969e+02, 8.0400e+03, 0.0000e+00, 0.0000e+00],
        [1.2652e+01, 3.7480e+03, 0.0000e+00, 0.0000e+00],
        [4.4364e+00, 7.9800e+03, 0.0000e+00, 0.0000e+00],
        [5.5678e+01, 1.4140e+03, 0.0000e+00, 0.0000e+00],
        [2.0813e+01, 3.6200e+02, 0.0000e+00, 0.0000e+00],
        [5.7820e+00, 4.0400e+03, 0.0000e+00, 0.0000e+00],
        [2.7263e+01, 2.3860e+03, 0.0000e+00, 2.5000e+01],
        [3.7438e+01, 5.1840e+03, 0.0000e+00, 5.0000e+00],
        [1.5347e+02, 4.9950e+03, 0.0000e+00, 2.5000e+01],
        [1.0927e+01, 1.2150e+03, 0.0000e+00, 2.5000e+01],
        [1.1415e+02, 3.1570e+03, 0.0000e+00, 2.5000e+01],
        [5.9403e-01, 7.8000e+01, 0.0000e+00, 8.0000e+00],
        [1.7616e+01, 4.9950e+03, 0.0000e+00, 5.0000e+00],
        [6.3758e+01, 6.9470e+03, 0.0000e+00, 2.5000e+01],
        [4.2000e+01, 3.8720e+03, 0.0000e+00, 2.5000e+01],
        [6.3835e+01, 3.8870e+03, 0.0000e+00, 0.0000e+00]])
action: [[ 156.24031   134.21391   236.7431     -9.880324 -186.1523   -198.10359
  -153.65555   395.48187   161.68214  -134.34563   217.51987   147.28822
   314.6566    -41.643856  308.64938    25.75484    88.59304   340.8023
   369.26968   652.66736 ]] prob tensor([-21.0381])
send select message to client ,select client id  is : [19, 1, 2, 3, 4, 5, 6, 7, 8, 9]
~~~~~~~~~~~~~~~~~~~~~~~~~~~~~~ global model aggragation and  send  to client 
-------------------------------------------------- ------ep_t is 0, t is 6 -Round : 26，Evaluate global mode------------- --------------------------------------------------
Averaged Train Loss: 1.6204
Averaged Test Accurancy: 0.6718
Averaged Test AUC: 0.8658
Std Test Accurancy: 0.2644
Std Test AUC: 0.2008
------------------------------ --------------------- ------------------------------
~~~~~~~~~~~~~~~~~~~~~~~~~~~~~~  action reward is 8.37956516298286
~~~~~~~~~~~~~~~~~~~~~~~~~~~~~~ global moedl send to all client
~~~~~~~~~~~~~~~~~~~~~~~~~~~~~~ all client start local training
~~~~~~~~~~~~~~~~~~~~~~~~~~~~~~ all client end local training 
##############################  round is 27 ;env state is tensor([[1.4614e+02, 2.3700e+03, 0.0000e+00, 2.6000e+01],
        [2.1213e+01, 2.6120e+03, 0.0000e+00, 0.0000e+00],
        [9.4307e+00, 5.3400e+02, 0.0000e+00, 0.0000e+00],
        [5.8319e+01, 2.1840e+03, 0.0000e+00, 0.0000e+00],
        [1.5437e+02, 8.0400e+03, 0.0000e+00, 0.0000e+00],
        [1.2413e+01, 3.7480e+03, 0.0000e+00, 0.0000e+00],
        [4.2648e+00, 7.9800e+03, 0.0000e+00, 0.0000e+00],
        [5.4967e+01, 1.4140e+03, 0.0000e+00, 0.0000e+00],
        [2.0489e+01, 3.6200e+02, 0.0000e+00, 0.0000e+00],
        [5.5797e+00, 4.0400e+03, 0.0000e+00, 0.0000e+00],
        [2.6895e+01, 2.3860e+03, 0.0000e+00, 2.6000e+01],
        [3.6844e+01, 5.1840e+03, 0.0000e+00, 6.0000e+00],
        [1.5101e+02, 4.9950e+03, 0.0000e+00, 2.6000e+01],
        [1.0837e+01, 1.2150e+03, 0.0000e+00, 2.6000e+01],
        [1.1324e+02, 3.1570e+03, 0.0000e+00, 2.6000e+01],
        [5.7212e-01, 7.8000e+01, 0.0000e+00, 9.0000e+00],
        [1.7135e+01, 4.9950e+03, 0.0000e+00, 6.0000e+00],
        [6.3265e+01, 6.9470e+03, 0.0000e+00, 2.6000e+01],
        [4.1461e+01, 3.8720e+03, 0.0000e+00, 2.6000e+01],
        [6.2968e+01, 3.8870e+03, 0.0000e+00, 0.0000e+00]])
action: [[ 157.14795   133.77014   235.30733    -9.619025 -187.42351  -198.16068
  -153.99278   396.5359    163.4991   -134.63469   219.42906   150.29735
   314.53928   -40.5962    308.03915    24.606043   89.949196  340.6918
   370.38272   652.1388  ]] prob tensor([-26.4246])
send select message to client ,select client id  is : [19, 1, 2, 3, 4, 5, 6, 7, 8, 9]
~~~~~~~~~~~~~~~~~~~~~~~~~~~~~~ global model aggragation and  send  to client 
-------------------------------------------------- ------ep_t is 1, t is 7 -Round : 27，Evaluate global mode------------- --------------------------------------------------
Averaged Train Loss: 1.6224
Averaged Test Accurancy: 0.6743
Averaged Test AUC: 0.8666
Std Test Accurancy: 0.2620
Std Test AUC: 0.1999
------------------------------ --------------------- ------------------------------
~~~~~~~~~~~~~~~~~~~~~~~~~~~~~~  action reward is 8.377595459079476
self.total_time is 10000,costtime is 10593.051148176193
round+self.ppomodel.max_timesteps_per_episode 32 200 True
one tragtory collected---------
~~~~~~~~~~~~~~~~~~~~~~~~~~~~~~ global moedl send to all client
~~~~~~~~~~~~~~~~~~~~~~~~~~~~~~ all client start local training
~~~~~~~~~~~~~~~~~~~~~~~~~~~~~~ all client end local training 
##############################  round is 28 ;env state is tensor([[1.4506e+02, 2.3700e+03, 0.0000e+00, 2.7000e+01],
        [2.0815e+01, 2.6120e+03, 0.0000e+00, 0.0000e+00],
        [9.2068e+00, 5.3400e+02, 0.0000e+00, 0.0000e+00],
        [5.7306e+01, 2.1840e+03, 0.0000e+00, 0.0000e+00],
        [1.4927e+02, 8.0400e+03, 0.0000e+00, 0.0000e+00],
        [1.2184e+01, 3.7480e+03, 0.0000e+00, 0.0000e+00],
        [4.1084e+00, 7.9800e+03, 0.0000e+00, 0.0000e+00],
        [5.4303e+01, 1.4140e+03, 0.0000e+00, 0.0000e+00],
        [2.0203e+01, 3.6200e+02, 0.0000e+00, 0.0000e+00],
        [5.3885e+00, 4.0400e+03, 0.0000e+00, 0.0000e+00],
        [2.6532e+01, 2.3860e+03, 0.0000e+00, 2.7000e+01],
        [3.6298e+01, 5.1840e+03, 0.0000e+00, 7.0000e+00],
        [1.4915e+02, 4.9950e+03, 0.0000e+00, 2.7000e+01],
        [1.0743e+01, 1.2150e+03, 0.0000e+00, 2.7000e+01],
        [1.1242e+02, 3.1570e+03, 0.0000e+00, 2.7000e+01],
        [5.5220e-01, 7.8000e+01, 0.0000e+00, 1.0000e+01],
        [1.6694e+01, 4.9950e+03, 0.0000e+00, 7.0000e+00],
        [6.2836e+01, 6.9470e+03, 0.0000e+00, 2.7000e+01],
        [4.0908e+01, 3.8720e+03, 0.0000e+00, 2.7000e+01],
        [6.1931e+01, 3.8870e+03, 0.0000e+00, 0.0000e+00]])
action: [[ 157.01962   135.65417   235.74269   -10.185664 -185.04181  -198.61679
  -153.00201   395.46857   162.33148  -133.67041   217.2298    152.2616
   313.72473   -40.69614   307.71777    24.95746    89.417114  342.0403
   371.0054    652.1189  ]] prob tensor([-35.7154])
send select message to client ,select client id  is : [19, 1, 2, 3, 4, 5, 6, 7, 8, 9]
~~~~~~~~~~~~~~~~~~~~~~~~~~~~~~ global model aggragation and  send  to client 
-------------------------------------------------- ------ep_t is 0, t is 8 -Round : 28，Evaluate global mode------------- --------------------------------------------------
Averaged Train Loss: 1.6244
Averaged Test Accurancy: 0.6755
Averaged Test AUC: 0.8674
Std Test Accurancy: 0.2604
Std Test AUC: 0.1991
------------------------------ --------------------- ------------------------------
~~~~~~~~~~~~~~~~~~~~~~~~~~~~~~  action reward is 8.375578993464474
self.total_time is 10000,costtime is 12346.530941009521
round+self.ppomodel.max_timesteps_per_episode 33 200 True
one tragtory collected---------
~~~~~~~~~~~~~~~~~~~~~~~~~~~~~~ global moedl send to all client
~~~~~~~~~~~~~~~~~~~~~~~~~~~~~~ all client start local training
~~~~~~~~~~~~~~~~~~~~~~~~~~~~~~ all client end local training 
##############################  round is 29 ;env state is tensor([[1.4416e+02, 2.3700e+03, 0.0000e+00, 2.8000e+01],
        [2.0424e+01, 2.6120e+03, 0.0000e+00, 0.0000e+00],
        [8.9995e+00, 5.3400e+02, 0.0000e+00, 0.0000e+00],
        [5.6318e+01, 2.1840e+03, 0.0000e+00, 0.0000e+00],
        [1.4446e+02, 8.0400e+03, 0.0000e+00, 0.0000e+00],
        [1.1963e+01, 3.7480e+03, 0.0000e+00, 0.0000e+00],
        [3.9629e+00, 7.9800e+03, 0.0000e+00, 0.0000e+00],
        [5.3618e+01, 1.4140e+03, 0.0000e+00, 0.0000e+00],
        [1.9925e+01, 3.6200e+02, 0.0000e+00, 0.0000e+00],
        [5.2003e+00, 4.0400e+03, 0.0000e+00, 0.0000e+00],
        [2.6196e+01, 2.3860e+03, 0.0000e+00, 2.8000e+01],
        [3.5747e+01, 5.1840e+03, 0.0000e+00, 8.0000e+00],
        [1.4768e+02, 4.9950e+03, 0.0000e+00, 2.8000e+01],
        [1.0690e+01, 1.2150e+03, 0.0000e+00, 2.8000e+01],
        [1.1157e+02, 3.1570e+03, 0.0000e+00, 2.8000e+01],
        [5.3372e-01, 7.8000e+01, 0.0000e+00, 1.1000e+01],
        [1.6278e+01, 4.9950e+03, 0.0000e+00, 8.0000e+00],
        [6.2387e+01, 6.9470e+03, 0.0000e+00, 2.8000e+01],
        [4.0396e+01, 3.8720e+03, 0.0000e+00, 2.8000e+01],
        [6.1013e+01, 3.8870e+03, 0.0000e+00, 0.0000e+00]])
action: [[ 156.69406   133.52228   235.73508    -9.663017 -185.5787   -197.28008
  -154.21054   396.02454   162.43217  -133.17044   219.51459   148.23596
   314.75217   -41.46332   309.56888    26.168367   88.986465  340.225
   371.4862    652.4543  ]] prob tensor([-20.4007])
send select message to client ,select client id  is : [19, 1, 2, 3, 4, 5, 6, 7, 8, 9]
~~~~~~~~~~~~~~~~~~~~~~~~~~~~~~ global model aggragation and  send  to client 
-------------------------------------------------- ------ep_t is 0, t is 9 -Round : 29，Evaluate global mode------------- --------------------------------------------------
Averaged Train Loss: 1.6257
Averaged Test Accurancy: 0.6775
Averaged Test AUC: 0.8683
Std Test Accurancy: 0.2587
Std Test AUC: 0.1983
------------------------------ --------------------- ------------------------------
~~~~~~~~~~~~~~~~~~~~~~~~~~~~~~  action reward is 8.37425134842373
self.total_time is 10000,costtime is 14160.755962848663
round+self.ppomodel.max_timesteps_per_episode 34 200 True
one tragtory collected---------
~~~~~~~~~~~~~~~~~~~~~~~~~~~~~~ global moedl send to all client
~~~~~~~~~~~~~~~~~~~~~~~~~~~~~~ all client start local training
~~~~~~~~~~~~~~~~~~~~~~~~~~~~~~ all client end local training 
##############################  round is 30 ;env state is tensor([[1.4322e+02, 2.3700e+03, 0.0000e+00, 2.9000e+01],
        [2.0048e+01, 2.6120e+03, 0.0000e+00, 0.0000e+00],
        [8.8038e+00, 5.3400e+02, 0.0000e+00, 0.0000e+00],
        [5.5367e+01, 2.1840e+03, 0.0000e+00, 0.0000e+00],
        [1.3930e+02, 8.0400e+03, 0.0000e+00, 0.0000e+00],
        [1.1750e+01, 3.7480e+03, 0.0000e+00, 0.0000e+00],
        [3.8254e+00, 7.9800e+03, 0.0000e+00, 0.0000e+00],
        [5.2974e+01, 1.4140e+03, 0.0000e+00, 0.0000e+00],
        [1.9701e+01, 3.6200e+02, 0.0000e+00, 0.0000e+00],
        [5.0224e+00, 4.0400e+03, 0.0000e+00, 0.0000e+00],
        [2.5862e+01, 2.3860e+03, 0.0000e+00, 2.9000e+01],
        [3.5297e+01, 5.1840e+03, 0.0000e+00, 9.0000e+00],
        [1.4497e+02, 4.9950e+03, 0.0000e+00, 2.9000e+01],
        [1.0616e+01, 1.2150e+03, 0.0000e+00, 2.9000e+01],
        [1.1083e+02, 3.1570e+03, 0.0000e+00, 2.9000e+01],
        [5.1657e-01, 7.8000e+01, 0.0000e+00, 1.2000e+01],
        [1.5895e+01, 4.9950e+03, 0.0000e+00, 9.0000e+00],
        [6.1911e+01, 6.9470e+03, 0.0000e+00, 2.9000e+01],
        [3.9895e+01, 3.8720e+03, 0.0000e+00, 2.9000e+01],
        [6.0091e+01, 3.8870e+03, 0.0000e+00, 0.0000e+00]])
action: [[ 157.24854   132.68048   237.14603    -9.367127 -185.73433  -197.64804
  -152.70204   394.9865    161.7739   -134.23985   218.90869   149.0516
   314.06033   -40.633705  309.4172     26.945642   88.50391   340.24905
   369.2881    653.1299  ]] prob tensor([-23.2236])
send select message to client ,select client id  is : [19, 1, 2, 3, 4, 5, 6, 7, 8, 9]
~~~~~~~~~~~~~~~~~~~~~~~~~~~~~~ global model aggragation and  send  to client 
-------------------------------------------------- ------ep_t is 0, t is 10 -Round : 30，Evaluate global mode------------- --------------------------------------------------
Averaged Train Loss: 1.6271
Averaged Test Accurancy: 0.6785
Averaged Test AUC: 0.8691
Std Test Accurancy: 0.2570
Std Test AUC: 0.1975
------------------------------ --------------------- ------------------------------
~~~~~~~~~~~~~~~~~~~~~~~~~~~~~~  action reward is 8.372880637699915
self.total_time is 10000,costtime is 16035.072385072708
round+self.ppomodel.max_timesteps_per_episode 35 200 True
one tragtory collected---------
~~~~~~~~~~~~~~~~~~~~~~~~~~~~~~ global moedl send to all client
~~~~~~~~~~~~~~~~~~~~~~~~~~~~~~ all client start local training
~~~~~~~~~~~~~~~~~~~~~~~~~~~~~~ all client end local training 
##############################  round is 31 ;env state is tensor([[1.4229e+02, 2.3700e+03, 0.0000e+00, 3.0000e+01],
        [1.9644e+01, 2.6120e+03, 0.0000e+00, 0.0000e+00],
        [8.6165e+00, 5.3400e+02, 0.0000e+00, 0.0000e+00],
        [5.4474e+01, 2.1840e+03, 0.0000e+00, 0.0000e+00],
        [1.3420e+02, 8.0400e+03, 0.0000e+00, 0.0000e+00],
        [1.1543e+01, 3.7480e+03, 0.0000e+00, 0.0000e+00],
        [3.6953e+00, 7.9800e+03, 0.0000e+00, 0.0000e+00],
        [5.2321e+01, 1.4140e+03, 0.0000e+00, 0.0000e+00],
        [1.9441e+01, 3.6200e+02, 0.0000e+00, 0.0000e+00],
        [4.8489e+00, 4.0400e+03, 0.0000e+00, 0.0000e+00],
        [2.5549e+01, 2.3860e+03, 0.0000e+00, 3.0000e+01],
        [3.4851e+01, 5.1840e+03, 0.0000e+00, 1.0000e+01],
        [1.4373e+02, 4.9950e+03, 0.0000e+00, 3.0000e+01],
        [1.0551e+01, 1.2150e+03, 0.0000e+00, 3.0000e+01],
        [1.1011e+02, 3.1570e+03, 0.0000e+00, 3.0000e+01],
        [5.0086e-01, 7.8000e+01, 0.0000e+00, 1.3000e+01],
        [1.5528e+01, 4.9950e+03, 0.0000e+00, 1.0000e+01],
        [6.1474e+01, 6.9470e+03, 0.0000e+00, 3.0000e+01],
        [3.9509e+01, 3.8720e+03, 0.0000e+00, 3.0000e+01],
        [5.9253e+01, 3.8870e+03, 0.0000e+00, 0.0000e+00]])
action: [[ 157.67856    133.21501    236.29782    -10.0676155 -185.05907
  -199.28561   -153.44115    396.15018    161.36076   -134.13513
   218.09857    149.58484    313.8623     -40.570396   308.2825
    25.248533    89.30465    340.76944    370.188      652.01447  ]] prob tensor([-20.2770])
send select message to client ,select client id  is : [19, 1, 2, 3, 4, 5, 6, 7, 8, 9]
~~~~~~~~~~~~~~~~~~~~~~~~~~~~~~ global model aggragation and  send  to client 
-------------------------------------------------- ------ep_t is 0, t is 11 -Round : 31，Evaluate global mode------------- --------------------------------------------------
Averaged Train Loss: 1.6287
Averaged Test Accurancy: 0.6799
Averaged Test AUC: 0.8698
Std Test Accurancy: 0.2552
Std Test AUC: 0.1967
------------------------------ --------------------- ------------------------------
~~~~~~~~~~~~~~~~~~~~~~~~~~~~~~  action reward is 8.371292814912835
self.total_time is 10000,costtime is 17969.36905026436
round+self.ppomodel.max_timesteps_per_episode 36 200 True
one tragtory collected---------
~~~~~~~~~~~~~~~~~~~~~~~~~~~~~~ global moedl send to all client
~~~~~~~~~~~~~~~~~~~~~~~~~~~~~~ all client start local training
~~~~~~~~~~~~~~~~~~~~~~~~~~~~~~ all client end local training 
##############################  round is 32 ;env state is tensor([[1.4142e+02, 2.3700e+03, 0.0000e+00, 3.1000e+01],
        [1.9278e+01, 2.6120e+03, 0.0000e+00, 0.0000e+00],
        [8.4382e+00, 5.3400e+02, 0.0000e+00, 0.0000e+00],
        [5.3501e+01, 2.1840e+03, 0.0000e+00, 0.0000e+00],
        [1.2961e+02, 8.0400e+03, 0.0000e+00, 0.0000e+00],
        [1.1343e+01, 3.7480e+03, 0.0000e+00, 0.0000e+00],
        [3.5733e+00, 7.9800e+03, 0.0000e+00, 0.0000e+00],
        [5.1646e+01, 1.4140e+03, 0.0000e+00, 0.0000e+00],
        [1.9178e+01, 3.6200e+02, 0.0000e+00, 0.0000e+00],
        [4.6802e+00, 4.0400e+03, 0.0000e+00, 0.0000e+00],
        [2.5236e+01, 2.3860e+03, 0.0000e+00, 3.1000e+01],
        [3.4377e+01, 5.1840e+03, 0.0000e+00, 1.1000e+01],
        [1.4248e+02, 4.9950e+03, 0.0000e+00, 3.1000e+01],
        [1.0490e+01, 1.2150e+03, 0.0000e+00, 3.1000e+01],
        [1.0938e+02, 3.1570e+03, 0.0000e+00, 3.1000e+01],
        [4.8586e-01, 7.8000e+01, 0.0000e+00, 1.4000e+01],
        [1.5183e+01, 4.9950e+03, 0.0000e+00, 1.1000e+01],
        [6.1149e+01, 6.9470e+03, 0.0000e+00, 3.1000e+01],
        [3.9040e+01, 3.8720e+03, 0.0000e+00, 3.1000e+01],
        [5.8214e+01, 3.8870e+03, 0.0000e+00, 0.0000e+00]])
action: [[ 157.5936     134.03406    237.41501    -10.2602215 -186.4311
  -198.1738    -154.17       395.38397    163.43652   -133.94833
   218.5683     149.48825    313.29163    -41.78794    308.8192
    25.054726    90.1765     340.52914    370.4743     652.6314   ]] prob tensor([-17.0097])
send select message to client ,select client id  is : [19, 1, 2, 3, 4, 5, 6, 7, 8, 9]
~~~~~~~~~~~~~~~~~~~~~~~~~~~~~~ global model aggragation and  send  to client 
-------------------------------------------------- ------ep_t is 0, t is 12 -Round : 32，Evaluate global mode------------- --------------------------------------------------
Averaged Train Loss: 1.6296
Averaged Test Accurancy: 0.6809
Averaged Test AUC: 0.8706
Std Test Accurancy: 0.2528
Std Test AUC: 0.1960
------------------------------ --------------------- ------------------------------
~~~~~~~~~~~~~~~~~~~~~~~~~~~~~~  action reward is 8.370350257770745
self.total_time is 10000,costtime is 19964.02536725998
round+self.ppomodel.max_timesteps_per_episode 37 200 True
one tragtory collected---------
~~~~~~~~~~~~~~~~~~~~~~~~~~~~~~ global moedl send to all client
~~~~~~~~~~~~~~~~~~~~~~~~~~~~~~ all client start local training
~~~~~~~~~~~~~~~~~~~~~~~~~~~~~~ all client end local training 
##############################  round is 33 ;env state is tensor([[1.4053e+02, 2.3700e+03, 0.0000e+00, 3.2000e+01],
        [1.8886e+01, 2.6120e+03, 0.0000e+00, 0.0000e+00],
        [8.2657e+00, 5.3400e+02, 0.0000e+00, 0.0000e+00],
        [5.2643e+01, 2.1840e+03, 0.0000e+00, 0.0000e+00],
        [1.2489e+02, 8.0400e+03, 0.0000e+00, 0.0000e+00],
        [1.1147e+01, 3.7480e+03, 0.0000e+00, 0.0000e+00],
        [3.4563e+00, 7.9800e+03, 0.0000e+00, 0.0000e+00],
        [5.1037e+01, 1.4140e+03, 0.0000e+00, 0.0000e+00],
        [1.8921e+01, 3.6200e+02, 0.0000e+00, 0.0000e+00],
        [4.5193e+00, 4.0400e+03, 0.0000e+00, 0.0000e+00],
        [2.4932e+01, 2.3860e+03, 0.0000e+00, 3.2000e+01],
        [3.3947e+01, 5.1840e+03, 0.0000e+00, 1.2000e+01],
        [1.4058e+02, 4.9950e+03, 0.0000e+00, 3.2000e+01],
        [1.0422e+01, 1.2150e+03, 0.0000e+00, 3.2000e+01],
        [1.0872e+02, 3.1570e+03, 0.0000e+00, 3.2000e+01],
        [4.7171e-01, 7.8000e+01, 0.0000e+00, 1.5000e+01],
        [1.4873e+01, 4.9950e+03, 0.0000e+00, 1.2000e+01],
        [6.0773e+01, 6.9470e+03, 0.0000e+00, 3.2000e+01],
        [3.8644e+01, 3.8720e+03, 0.0000e+00, 3.2000e+01],
        [5.7348e+01, 3.8870e+03, 0.0000e+00, 0.0000e+00]])
action: [[ 156.98335   133.70454   236.91165    -9.764335 -184.72456  -197.34491
  -154.86409   395.28885   162.35667  -133.55206   218.17487   150.08006
   312.7489    -41.40926   309.56815    25.02951    89.89544   340.4411
   369.197     652.10486 ]] prob tensor([-19.5864])
send select message to client ,select client id  is : [19, 1, 2, 3, 4, 5, 6, 7, 8, 9]
~~~~~~~~~~~~~~~~~~~~~~~~~~~~~~ global model aggragation and  send  to client 
-------------------------------------------------- ------ep_t is 0, t is 13 -Round : 33，Evaluate global mode------------- --------------------------------------------------
Averaged Train Loss: 1.6303
Averaged Test Accurancy: 0.6819
Averaged Test AUC: 0.8714
Std Test Accurancy: 0.2518
Std Test AUC: 0.1952
------------------------------ --------------------- ------------------------------
~~~~~~~~~~~~~~~~~~~~~~~~~~~~~~  action reward is 8.369662479468994
self.total_time is 10000,costtime is 22018.437741279602
round+self.ppomodel.max_timesteps_per_episode 38 200 True
one tragtory collected---------
~~~~~~~~~~~~~~~~~~~~~~~~~~~~~~ global moedl send to all client
~~~~~~~~~~~~~~~~~~~~~~~~~~~~~~ all client start local training
~~~~~~~~~~~~~~~~~~~~~~~~~~~~~~ all client end local training 
##############################  round is 34 ;env state is tensor([[1.3976e+02, 2.3700e+03, 0.0000e+00, 3.3000e+01],
        [1.8519e+01, 2.6120e+03, 0.0000e+00, 0.0000e+00],
        [8.1021e+00, 5.3400e+02, 0.0000e+00, 0.0000e+00],
        [5.1729e+01, 2.1840e+03, 0.0000e+00, 0.0000e+00],
        [1.2049e+02, 8.0400e+03, 0.0000e+00, 0.0000e+00],
        [1.0958e+01, 3.7480e+03, 0.0000e+00, 0.0000e+00],
        [3.3460e+00, 7.9800e+03, 0.0000e+00, 0.0000e+00],
        [5.0358e+01, 1.4140e+03, 0.0000e+00, 0.0000e+00],
        [1.8681e+01, 3.6200e+02, 0.0000e+00, 0.0000e+00],
        [4.3731e+00, 4.0400e+03, 0.0000e+00, 0.0000e+00],
        [2.4647e+01, 2.3860e+03, 0.0000e+00, 3.3000e+01],
        [3.3547e+01, 5.1840e+03, 0.0000e+00, 1.3000e+01],
        [1.3930e+02, 4.9950e+03, 0.0000e+00, 3.3000e+01],
        [1.0389e+01, 1.2150e+03, 0.0000e+00, 3.3000e+01],
        [1.0812e+02, 3.1570e+03, 0.0000e+00, 3.3000e+01],
        [4.5881e-01, 7.8000e+01, 0.0000e+00, 1.6000e+01],
        [1.4575e+01, 4.9950e+03, 0.0000e+00, 1.3000e+01],
        [6.0391e+01, 6.9470e+03, 0.0000e+00, 3.3000e+01],
        [3.8209e+01, 3.8720e+03, 0.0000e+00, 3.3000e+01],
        [5.6424e+01, 3.8870e+03, 0.0000e+00, 0.0000e+00]])
action: [[ 157.01822   133.90427   237.19443   -10.099058 -184.52179  -198.15736
  -153.14998   397.0113    162.61853  -133.80992   219.45772   149.15462
   313.63638   -42.010067  308.255      26.511799   90.298134  340.34085
   369.39526   651.8245  ]] prob tensor([-16.2542])
send select message to client ,select client id  is : [19, 1, 2, 3, 4, 5, 6, 7, 8, 9]
~~~~~~~~~~~~~~~~~~~~~~~~~~~~~~ global model aggragation and  send  to client 
-------------------------------------------------- ------ep_t is 0, t is 14 -Round : 34，Evaluate global mode------------- --------------------------------------------------
Averaged Train Loss: 1.6308
Averaged Test Accurancy: 0.6833
Averaged Test AUC: 0.8721
Std Test Accurancy: 0.2500
Std Test AUC: 0.1945
------------------------------ --------------------- ------------------------------
~~~~~~~~~~~~~~~~~~~~~~~~~~~~~~  action reward is 8.369177127074064
self.total_time is 10000,costtime is 24132.60152411461
round+self.ppomodel.max_timesteps_per_episode 39 200 True
one tragtory collected---------
~~~~~~~~~~~~~~~~~~~~~~~~~~~~~~ global moedl send to all client
~~~~~~~~~~~~~~~~~~~~~~~~~~~~~~ all client start local training
~~~~~~~~~~~~~~~~~~~~~~~~~~~~~~ all client end local training 
##############################  round is 35 ;env state is tensor([[1.3892e+02, 2.3700e+03, 0.0000e+00, 3.4000e+01],
        [1.8153e+01, 2.6120e+03, 0.0000e+00, 0.0000e+00],
        [7.9480e+00, 5.3400e+02, 0.0000e+00, 0.0000e+00],
        [5.0775e+01, 2.1840e+03, 0.0000e+00, 0.0000e+00],
        [1.1574e+02, 8.0400e+03, 0.0000e+00, 0.0000e+00],
        [1.0771e+01, 3.7480e+03, 0.0000e+00, 0.0000e+00],
        [3.2434e+00, 7.9800e+03, 0.0000e+00, 0.0000e+00],
        [4.9947e+01, 1.4140e+03, 0.0000e+00, 0.0000e+00],
        [1.8441e+01, 3.6200e+02, 0.0000e+00, 0.0000e+00],
        [4.2297e+00, 4.0400e+03, 0.0000e+00, 0.0000e+00],
        [2.4341e+01, 2.3860e+03, 0.0000e+00, 3.4000e+01],
        [3.3145e+01, 5.1840e+03, 0.0000e+00, 1.4000e+01],
        [1.3791e+02, 4.9950e+03, 0.0000e+00, 3.4000e+01],
        [1.0343e+01, 1.2150e+03, 0.0000e+00, 3.4000e+01],
        [1.0748e+02, 3.1570e+03, 0.0000e+00, 3.4000e+01],
        [4.4647e-01, 7.8000e+01, 0.0000e+00, 1.7000e+01],
        [1.4302e+01, 4.9950e+03, 0.0000e+00, 1.4000e+01],
        [5.9980e+01, 6.9470e+03, 0.0000e+00, 3.4000e+01],
        [3.7809e+01, 3.8720e+03, 0.0000e+00, 3.4000e+01],
        [5.5445e+01, 3.8870e+03, 0.0000e+00, 0.0000e+00]])
action: [[ 157.05843   133.7309    237.27115    -9.724076 -185.11064  -196.00967
  -154.0233    396.38278   163.87106  -133.66608   218.39682   150.36224
   314.67145   -41.886044  309.44876    25.302341   90.02564   340.21042
   369.75726   652.338   ]] prob tensor([-19.0208])
send select message to client ,select client id  is : [19, 1, 2, 3, 4, 5, 6, 7, 8, 9]
~~~~~~~~~~~~~~~~~~~~~~~~~~~~~~ global model aggragation and  send  to client 
-------------------------------------------------- ------ep_t is 0, t is 15 -Round : 35，Evaluate global mode------------- --------------------------------------------------
Averaged Train Loss: 1.6318
Averaged Test Accurancy: 0.6848
Averaged Test AUC: 0.8728
Std Test Accurancy: 0.2482
Std Test AUC: 0.1937
------------------------------ --------------------- ------------------------------
~~~~~~~~~~~~~~~~~~~~~~~~~~~~~~  action reward is 8.368213599760308
self.total_time is 10000,costtime is 26306.27887916565
round+self.ppomodel.max_timesteps_per_episode 40 200 True
one tragtory collected---------
~~~~~~~~~~~~~~~~~~~~~~~~~~~~~~ global moedl send to all client
~~~~~~~~~~~~~~~~~~~~~~~~~~~~~~ all client start local training
~~~~~~~~~~~~~~~~~~~~~~~~~~~~~~ all client end local training 
##############################  round is 36 ;env state is tensor([[1.3815e+02, 2.3700e+03, 0.0000e+00, 3.5000e+01],
        [1.7786e+01, 2.6120e+03, 0.0000e+00, 0.0000e+00],
        [7.7998e+00, 5.3400e+02, 0.0000e+00, 0.0000e+00],
        [4.9989e+01, 2.1840e+03, 0.0000e+00, 0.0000e+00],
        [1.1185e+02, 8.0400e+03, 0.0000e+00, 0.0000e+00],
        [1.0594e+01, 3.7480e+03, 0.0000e+00, 0.0000e+00],
        [3.1475e+00, 7.9800e+03, 0.0000e+00, 0.0000e+00],
        [4.9402e+01, 1.4140e+03, 0.0000e+00, 0.0000e+00],
        [1.8206e+01, 3.6200e+02, 0.0000e+00, 0.0000e+00],
        [4.0786e+00, 4.0400e+03, 0.0000e+00, 0.0000e+00],
        [2.4072e+01, 2.3860e+03, 0.0000e+00, 3.5000e+01],
        [3.2760e+01, 5.1840e+03, 0.0000e+00, 1.5000e+01],
        [1.3704e+02, 4.9950e+03, 0.0000e+00, 3.5000e+01],
        [1.0284e+01, 1.2150e+03, 0.0000e+00, 3.5000e+01],
        [1.0686e+02, 3.1570e+03, 0.0000e+00, 3.5000e+01],
        [4.3451e-01, 7.8000e+01, 0.0000e+00, 1.8000e+01],
        [1.4022e+01, 4.9950e+03, 0.0000e+00, 1.5000e+01],
        [5.9628e+01, 6.9470e+03, 0.0000e+00, 3.5000e+01],
        [3.7482e+01, 3.8720e+03, 0.0000e+00, 3.5000e+01],
        [5.4576e+01, 3.8870e+03, 0.0000e+00, 0.0000e+00]])
action: [[ 156.498      134.50044    236.54343    -10.8281555 -184.96323
  -197.65656   -153.40164    396.11304    163.76915   -135.1807
   218.40277    148.37975    314.36752    -40.95114    308.42633
    27.366293    90.591545   340.6131     369.35812    651.3515   ]] prob tensor([-22.5988])
send select message to client ,select client id  is : [19, 1, 2, 3, 4, 5, 6, 7, 8, 9]
~~~~~~~~~~~~~~~~~~~~~~~~~~~~~~ global model aggragation and  send  to client 
-------------------------------------------------- ------ep_t is 0, t is 16 -Round : 36，Evaluate global mode------------- --------------------------------------------------
Averaged Train Loss: 1.6322
Averaged Test Accurancy: 0.6857
Averaged Test AUC: 0.8735
Std Test Accurancy: 0.2476
Std Test AUC: 0.1930
------------------------------ --------------------- ------------------------------
~~~~~~~~~~~~~~~~~~~~~~~~~~~~~~  action reward is 8.367782929857773
self.total_time is 10000,costtime is 28540.11503124237
round+self.ppomodel.max_timesteps_per_episode 41 200 True
one tragtory collected---------
~~~~~~~~~~~~~~~~~~~~~~~~~~~~~~ global moedl send to all client
~~~~~~~~~~~~~~~~~~~~~~~~~~~~~~ all client start local training
~~~~~~~~~~~~~~~~~~~~~~~~~~~~~~ all client end local training 
##############################  round is 37 ;env state is tensor([[1.3739e+02, 2.3700e+03, 0.0000e+00, 3.6000e+01],
        [1.7411e+01, 2.6120e+03, 0.0000e+00, 0.0000e+00],
        [7.6591e+00, 5.3400e+02, 0.0000e+00, 0.0000e+00],
        [4.9227e+01, 2.1840e+03, 0.0000e+00, 0.0000e+00],
        [1.0724e+02, 8.0400e+03, 0.0000e+00, 0.0000e+00],
        [1.0414e+01, 3.7480e+03, 0.0000e+00, 0.0000e+00],
        [3.0576e+00, 7.9800e+03, 0.0000e+00, 0.0000e+00],
        [4.8745e+01, 1.4140e+03, 0.0000e+00, 0.0000e+00],
        [1.7979e+01, 3.6200e+02, 0.0000e+00, 0.0000e+00],
        [3.9464e+00, 4.0400e+03, 0.0000e+00, 0.0000e+00],
        [2.3791e+01, 2.3860e+03, 0.0000e+00, 3.6000e+01],
        [3.2412e+01, 5.1840e+03, 0.0000e+00, 1.6000e+01],
        [1.3581e+02, 4.9950e+03, 0.0000e+00, 3.6000e+01],
        [1.0232e+01, 1.2150e+03, 0.0000e+00, 3.6000e+01],
        [1.0627e+02, 3.1570e+03, 0.0000e+00, 3.6000e+01],
        [4.2387e-01, 7.8000e+01, 0.0000e+00, 1.9000e+01],
        [1.3764e+01, 4.9950e+03, 0.0000e+00, 1.6000e+01],
        [5.9335e+01, 6.9470e+03, 0.0000e+00, 3.6000e+01],
        [3.7229e+01, 3.8720e+03, 0.0000e+00, 3.6000e+01],
        [5.3812e+01, 3.8870e+03, 0.0000e+00, 0.0000e+00]])
action: [[ 156.52222   135.12129   236.98093   -11.150976 -184.07327  -197.6001
  -154.38243   396.38718   162.96095  -134.97003   218.42525   149.8725
   314.04056   -41.86032   309.33597    25.56063    89.907936  340.63574
   369.26904   652.37756 ]] prob tensor([-16.8689])
send select message to client ,select client id  is : [19, 1, 2, 3, 4, 5, 6, 7, 8, 9]
~~~~~~~~~~~~~~~~~~~~~~~~~~~~~~ global model aggragation and  send  to client 
-------------------------------------------------- ------ep_t is 0, t is 17 -Round : 37，Evaluate global mode------------- --------------------------------------------------
Averaged Train Loss: 1.6326
Averaged Test Accurancy: 0.6863
Averaged Test AUC: 0.8742
Std Test Accurancy: 0.2473
Std Test AUC: 0.1922
------------------------------ --------------------- ------------------------------
~~~~~~~~~~~~~~~~~~~~~~~~~~~~~~  action reward is 8.367445951067777
self.total_time is 10000,costtime is 30833.19798517227
round+self.ppomodel.max_timesteps_per_episode 42 200 True
one tragtory collected---------
~~~~~~~~~~~~~~~~~~~~~~~~~~~~~~ global moedl send to all client
~~~~~~~~~~~~~~~~~~~~~~~~~~~~~~ all client start local training
~~~~~~~~~~~~~~~~~~~~~~~~~~~~~~ all client end local training 
##############################  round is 38 ;env state is tensor([[1.3656e+02, 2.3700e+03, 0.0000e+00, 3.7000e+01],
        [1.7012e+01, 2.6120e+03, 0.0000e+00, 0.0000e+00],
        [7.5241e+00, 5.3400e+02, 0.0000e+00, 0.0000e+00],
        [4.8386e+01, 2.1840e+03, 0.0000e+00, 0.0000e+00],
        [1.0297e+02, 8.0400e+03, 0.0000e+00, 0.0000e+00],
        [1.0245e+01, 3.7480e+03, 0.0000e+00, 0.0000e+00],
        [2.9716e+00, 7.9800e+03, 0.0000e+00, 0.0000e+00],
        [4.8151e+01, 1.4140e+03, 0.0000e+00, 0.0000e+00],
        [1.7751e+01, 3.6200e+02, 0.0000e+00, 0.0000e+00],
        [3.8260e+00, 4.0400e+03, 0.0000e+00, 0.0000e+00],
        [2.3555e+01, 2.3860e+03, 0.0000e+00, 3.7000e+01],
        [3.2080e+01, 5.1840e+03, 0.0000e+00, 1.7000e+01],
        [1.3480e+02, 4.9950e+03, 0.0000e+00, 3.7000e+01],
        [1.0189e+01, 1.2150e+03, 0.0000e+00, 3.7000e+01],
        [1.0569e+02, 3.1570e+03, 0.0000e+00, 3.7000e+01],
        [4.1364e-01, 7.8000e+01, 0.0000e+00, 2.0000e+01],
        [1.3518e+01, 4.9950e+03, 0.0000e+00, 1.7000e+01],
        [5.9059e+01, 6.9470e+03, 0.0000e+00, 3.7000e+01],
        [3.6879e+01, 3.8720e+03, 0.0000e+00, 3.7000e+01],
        [5.2883e+01, 3.8870e+03, 0.0000e+00, 0.0000e+00]])
action: [[ 156.74873   134.09218   238.21431   -10.25676  -185.37181  -198.51418
  -152.94      395.93106   164.28241  -135.04451   219.13873   149.03293
   314.53076   -42.364548  309.4058     26.25193    88.10962   339.77426
   371.21014   652.6513  ]] prob tensor([-24.5847])
send select message to client ,select client id  is : [19, 1, 2, 3, 4, 5, 6, 7, 8, 9]
~~~~~~~~~~~~~~~~~~~~~~~~~~~~~~ global model aggragation and  send  to client 
-------------------------------------------------- ------ep_t is 0, t is 18 -Round : 38，Evaluate global mode------------- --------------------------------------------------
Averaged Train Loss: 1.6321
Averaged Test Accurancy: 0.6871
Averaged Test AUC: 0.8749
Std Test Accurancy: 0.2466
Std Test AUC: 0.1914
------------------------------ --------------------- ------------------------------
~~~~~~~~~~~~~~~~~~~~~~~~~~~~~~  action reward is 8.36792940396658
self.total_time is 10000,costtime is 33185.544062137604
round+self.ppomodel.max_timesteps_per_episode 43 200 True
one tragtory collected---------
~~~~~~~~~~~~~~~~~~~~~~~~~~~~~~ global moedl send to all client
~~~~~~~~~~~~~~~~~~~~~~~~~~~~~~ all client start local training
~~~~~~~~~~~~~~~~~~~~~~~~~~~~~~ all client end local training 
##############################  round is 39 ;env state is tensor([[1.3594e+02, 2.3700e+03, 0.0000e+00, 3.8000e+01],
        [1.6667e+01, 2.6120e+03, 0.0000e+00, 0.0000e+00],
        [7.3933e+00, 5.3400e+02, 0.0000e+00, 0.0000e+00],
        [4.7623e+01, 2.1840e+03, 0.0000e+00, 0.0000e+00],
        [1.0048e+02, 8.0400e+03, 0.0000e+00, 0.0000e+00],
        [1.0082e+01, 3.7480e+03, 0.0000e+00, 0.0000e+00],
        [2.8889e+00, 7.9800e+03, 0.0000e+00, 0.0000e+00],
        [4.7579e+01, 1.4140e+03, 0.0000e+00, 0.0000e+00],
        [1.7517e+01, 3.6200e+02, 0.0000e+00, 0.0000e+00],
        [3.7131e+00, 4.0400e+03, 0.0000e+00, 0.0000e+00],
        [2.3329e+01, 2.3860e+03, 0.0000e+00, 3.8000e+01],
        [3.1766e+01, 5.1840e+03, 0.0000e+00, 1.8000e+01],
        [1.3374e+02, 4.9950e+03, 0.0000e+00, 3.8000e+01],
        [1.0160e+01, 1.2150e+03, 0.0000e+00, 3.8000e+01],
        [1.0518e+02, 3.1570e+03, 0.0000e+00, 3.8000e+01],
        [4.0408e-01, 7.8000e+01, 0.0000e+00, 2.1000e+01],
        [1.3296e+01, 4.9950e+03, 0.0000e+00, 1.8000e+01],
        [5.8766e+01, 6.9470e+03, 0.0000e+00, 3.8000e+01],
        [3.6556e+01, 3.8720e+03, 0.0000e+00, 3.8000e+01],
        [5.2002e+01, 3.8870e+03, 0.0000e+00, 0.0000e+00]])
action: [[ 156.44942   133.14323   236.2053     -9.700457 -185.3209   -200.12477
  -155.13431   397.72064   165.0969   -134.43642   217.89038   150.53944
   312.95474   -41.827976  308.46863    25.898746   90.51121   340.33075
   370.04193   652.61755 ]] prob tensor([-28.0219])
send select message to client ,select client id  is : [19, 1, 2, 3, 4, 5, 6, 7, 8, 9]
~~~~~~~~~~~~~~~~~~~~~~~~~~~~~~ global model aggragation and  send  to client 
-------------------------------------------------- ------ep_t is 0, t is 19 -Round : 39，Evaluate global mode------------- --------------------------------------------------
Averaged Train Loss: 1.6321
Averaged Test Accurancy: 0.6883
Averaged Test AUC: 0.8756
Std Test Accurancy: 0.2457
Std Test AUC: 0.1906
------------------------------ --------------------- ------------------------------
~~~~~~~~~~~~~~~~~~~~~~~~~~~~~~  action reward is 8.367866974313756
self.total_time is 10000,costtime is 35597.42050909996
round+self.ppomodel.max_timesteps_per_episode 44 200 True
one tragtory collected---------
~~~~~~~~~~~~~~~~~~~~~~~~~~~~~~ global moedl send to all client
~~~~~~~~~~~~~~~~~~~~~~~~~~~~~~ all client start local training
~~~~~~~~~~~~~~~~~~~~~~~~~~~~~~ all client end local training 
##############################  round is 40 ;env state is tensor([[1.3523e+02, 2.3700e+03, 0.0000e+00, 3.9000e+01],
        [1.6335e+01, 2.6120e+03, 0.0000e+00, 0.0000e+00],
        [7.2654e+00, 5.3400e+02, 0.0000e+00, 0.0000e+00],
        [4.6813e+01, 2.1840e+03, 0.0000e+00, 0.0000e+00],
        [9.6933e+01, 8.0400e+03, 0.0000e+00, 0.0000e+00],
        [9.9212e+00, 3.7480e+03, 0.0000e+00, 0.0000e+00],
        [2.8140e+00, 7.9800e+03, 0.0000e+00, 0.0000e+00],
        [4.7006e+01, 1.4140e+03, 0.0000e+00, 0.0000e+00],
        [1.7302e+01, 3.6200e+02, 0.0000e+00, 0.0000e+00],
        [3.5962e+00, 4.0400e+03, 0.0000e+00, 0.0000e+00],
        [2.3103e+01, 2.3860e+03, 0.0000e+00, 3.9000e+01],
        [3.1430e+01, 5.1840e+03, 0.0000e+00, 1.9000e+01],
        [1.3249e+02, 4.9950e+03, 0.0000e+00, 3.9000e+01],
        [1.0120e+01, 1.2150e+03, 0.0000e+00, 3.9000e+01],
        [1.0463e+02, 3.1570e+03, 0.0000e+00, 3.9000e+01],
        [3.9555e-01, 7.8000e+01, 0.0000e+00, 2.2000e+01],
        [1.3075e+01, 4.9950e+03, 0.0000e+00, 1.9000e+01],
        [5.8494e+01, 6.9470e+03, 0.0000e+00, 3.9000e+01],
        [3.6246e+01, 3.8720e+03, 0.0000e+00, 3.9000e+01],
        [5.1221e+01, 3.8870e+03, 0.0000e+00, 0.0000e+00]])
action: [[ 156.16158   134.73564   236.94794    -9.795511 -186.43594  -197.66316
  -153.24083   396.45245   163.61035  -134.69354   219.09346   150.08385
   312.9335    -41.572315  309.10196    25.472761   89.66239   339.28494
   369.0493    652.08466 ]] prob tensor([-17.9485])
send select message to client ,select client id  is : [19, 1, 2, 3, 4, 5, 6, 7, 8, 9]
~~~~~~~~~~~~~~~~~~~~~~~~~~~~~~ global model aggragation and  send  to client 
-------------------------------------------------- ------ep_t is 0, t is 20 -Round : 40，Evaluate global mode------------- --------------------------------------------------
Averaged Train Loss: 1.6311
Averaged Test Accurancy: 0.6894
Averaged Test AUC: 0.8762
Std Test Accurancy: 0.2454
Std Test AUC: 0.1899
------------------------------ --------------------- ------------------------------
~~~~~~~~~~~~~~~~~~~~~~~~~~~~~~  action reward is 8.368861308071445
self.total_time is 10000,costtime is 38069.83383893967
round+self.ppomodel.max_timesteps_per_episode 45 200 True
one tragtory collected---------
batch_lens shape is : [5, 2, 1, 1, 1, 1, 1, 1, 1, 1, 1, 1, 1, 1, 1]
############################## rl data collection success-t_so_far is 40,i_so_far is 2-,update network-----
update onece time is : 0.055953264236450195

-------------------- Iteration #2 --------------------
Average Episodic Length: 1.33
Average Episodic Return: 11.17
Average Loss: 0.30314
Timesteps So Far: 40
Iteration took: 1198.72 secs
------------------------------------------------------

################################################## rl  data start -------
~~~~~~~~~~~~~~~~~~~~~~~~~~~~~~ global moedl send to all client
~~~~~~~~~~~~~~~~~~~~~~~~~~~~~~ all client start local training
~~~~~~~~~~~~~~~~~~~~~~~~~~~~~~ all client end local training 
##############################  round is 41 ;env state is tensor([[1.3456e+02, 2.3700e+03, 0.0000e+00, 4.0000e+01],
        [1.6011e+01, 2.6120e+03, 0.0000e+00, 0.0000e+00],
        [7.1401e+00, 5.3400e+02, 0.0000e+00, 0.0000e+00],
        [4.6091e+01, 2.1840e+03, 0.0000e+00, 0.0000e+00],
        [9.3212e+01, 8.0400e+03, 0.0000e+00, 0.0000e+00],
        [9.7704e+00, 3.7480e+03, 0.0000e+00, 0.0000e+00],
        [2.7395e+00, 7.9800e+03, 0.0000e+00, 0.0000e+00],
        [4.6492e+01, 1.4140e+03, 0.0000e+00, 0.0000e+00],
        [1.7115e+01, 3.6200e+02, 0.0000e+00, 0.0000e+00],
        [3.5001e+00, 4.0400e+03, 0.0000e+00, 0.0000e+00],
        [2.2857e+01, 2.3860e+03, 0.0000e+00, 4.0000e+01],
        [3.1115e+01, 5.1840e+03, 0.0000e+00, 2.0000e+01],
        [1.3145e+02, 4.9950e+03, 0.0000e+00, 4.0000e+01],
        [1.0076e+01, 1.2150e+03, 0.0000e+00, 4.0000e+01],
        [1.0412e+02, 3.1570e+03, 0.0000e+00, 4.0000e+01],
        [3.8730e-01, 7.8000e+01, 0.0000e+00, 2.3000e+01],
        [1.2877e+01, 4.9950e+03, 0.0000e+00, 2.0000e+01],
        [5.8232e+01, 6.9470e+03, 0.0000e+00, 4.0000e+01],
        [3.5914e+01, 3.8720e+03, 0.0000e+00, 4.0000e+01],
        [5.0431e+01, 3.8870e+03, 0.0000e+00, 0.0000e+00]])
action: [[ 249.14656  221.39754  333.89825   83.7808  -128.74068 -148.6188
   -85.59209  651.4761   218.18655 -174.77475  444.8694  -101.50396
   577.3379  -211.85594  371.86154   76.03178  139.85365  263.02762
   340.4015   813.3475 ]] prob tensor([-18.0711])
send select message to client ,select client id  is : [19, 1, 2, 3, 4, 5, 6, 7, 8, 9]
~~~~~~~~~~~~~~~~~~~~~~~~~~~~~~ global model aggragation and  send  to client 
-------------------------------------------------- ------ep_t is 0, t is 1 -Round : 41，Evaluate global mode------------- --------------------------------------------------
Averaged Train Loss: 1.6303
Averaged Test Accurancy: 0.6901
Averaged Test AUC: 0.8769
Std Test Accurancy: 0.2445
Std Test AUC: 0.1891
------------------------------ --------------------- ------------------------------
~~~~~~~~~~~~~~~~~~~~~~~~~~~~~~  action reward is 8.369686277093665
~~~~~~~~~~~~~~~~~~~~~~~~~~~~~~ global moedl send to all client
~~~~~~~~~~~~~~~~~~~~~~~~~~~~~~ all client start local training
~~~~~~~~~~~~~~~~~~~~~~~~~~~~~~ all client end local training 
##############################  round is 42 ;env state is tensor([[1.3386e+02, 2.3700e+03, 0.0000e+00, 4.1000e+01],
        [1.5692e+01, 2.6120e+03, 0.0000e+00, 0.0000e+00],
        [7.0264e+00, 5.3400e+02, 0.0000e+00, 0.0000e+00],
        [4.5376e+01, 2.1840e+03, 0.0000e+00, 0.0000e+00],
        [8.8544e+01, 8.0400e+03, 0.0000e+00, 0.0000e+00],
        [9.6292e+00, 3.7480e+03, 0.0000e+00, 0.0000e+00],
        [2.6692e+00, 7.9800e+03, 0.0000e+00, 0.0000e+00],
        [4.5897e+01, 1.4140e+03, 0.0000e+00, 0.0000e+00],
        [1.6884e+01, 3.6200e+02, 0.0000e+00, 0.0000e+00],
        [3.3944e+00, 4.0400e+03, 0.0000e+00, 0.0000e+00],
        [2.2641e+01, 2.3860e+03, 0.0000e+00, 4.1000e+01],
        [3.0838e+01, 5.1840e+03, 0.0000e+00, 2.1000e+01],
        [1.3034e+02, 4.9950e+03, 0.0000e+00, 4.1000e+01],
        [1.0037e+01, 1.2150e+03, 0.0000e+00, 4.1000e+01],
        [1.0367e+02, 3.1570e+03, 0.0000e+00, 4.1000e+01],
        [3.7989e-01, 7.8000e+01, 0.0000e+00, 2.4000e+01],
        [1.2693e+01, 4.9950e+03, 0.0000e+00, 2.1000e+01],
        [5.7981e+01, 6.9470e+03, 0.0000e+00, 4.1000e+01],
        [3.5619e+01, 3.8720e+03, 0.0000e+00, 4.1000e+01],
        [4.9554e+01, 3.8870e+03, 0.0000e+00, 0.0000e+00]])
action: [[ 249.06638   221.82668   333.97897    82.734085 -127.38692  -150.49365
   -85.59965   651.0608    218.23863  -174.29085   445.03723  -101.220604
   576.07385  -211.80579   372.2791     75.51651   140.90544   262.93375
   340.54156   813.1617  ]] prob tensor([-17.2011])
send select message to client ,select client id  is : [19, 1, 2, 3, 4, 5, 6, 7, 8, 9]
~~~~~~~~~~~~~~~~~~~~~~~~~~~~~~ global model aggragation and  send  to client 
-------------------------------------------------- ------ep_t is 1, t is 2 -Round : 42，Evaluate global mode------------- --------------------------------------------------
Averaged Train Loss: 1.6305
Averaged Test Accurancy: 0.6907
Averaged Test AUC: 0.8775
Std Test Accurancy: 0.2442
Std Test AUC: 0.1884
------------------------------ --------------------- ------------------------------
~~~~~~~~~~~~~~~~~~~~~~~~~~~~~~  action reward is 8.369502719178714
~~~~~~~~~~~~~~~~~~~~~~~~~~~~~~ global moedl send to all client
~~~~~~~~~~~~~~~~~~~~~~~~~~~~~~ all client start local training
~~~~~~~~~~~~~~~~~~~~~~~~~~~~~~ all client end local training 
##############################  round is 43 ;env state is tensor([[1.3320e+02, 2.3700e+03, 0.0000e+00, 4.2000e+01],
        [1.5374e+01, 2.6120e+03, 0.0000e+00, 0.0000e+00],
        [6.9140e+00, 5.3400e+02, 0.0000e+00, 0.0000e+00],
        [4.4683e+01, 2.1840e+03, 0.0000e+00, 0.0000e+00],
        [8.5045e+01, 8.0400e+03, 0.0000e+00, 0.0000e+00],
        [9.4911e+00, 3.7480e+03, 0.0000e+00, 0.0000e+00],
        [2.6032e+00, 7.9800e+03, 0.0000e+00, 0.0000e+00],
        [4.5439e+01, 1.4140e+03, 0.0000e+00, 0.0000e+00],
        [1.6690e+01, 3.6200e+02, 0.0000e+00, 0.0000e+00],
        [3.2996e+00, 4.0400e+03, 0.0000e+00, 0.0000e+00],
        [2.2461e+01, 2.3860e+03, 0.0000e+00, 4.2000e+01],
        [3.0544e+01, 5.1840e+03, 0.0000e+00, 2.2000e+01],
        [1.2981e+02, 4.9950e+03, 0.0000e+00, 4.2000e+01],
        [1.0003e+01, 1.2150e+03, 0.0000e+00, 4.2000e+01],
        [1.0321e+02, 3.1570e+03, 0.0000e+00, 4.2000e+01],
        [3.7206e-01, 7.8000e+01, 0.0000e+00, 2.5000e+01],
        [1.2513e+01, 4.9950e+03, 0.0000e+00, 2.2000e+01],
        [5.7754e+01, 6.9470e+03, 0.0000e+00, 4.2000e+01],
        [3.5348e+01, 3.8720e+03, 0.0000e+00, 4.2000e+01],
        [4.8804e+01, 3.8870e+03, 0.0000e+00, 0.0000e+00]])
action: [[ 248.48724   220.83241   334.05017    83.987335 -127.716576 -150.13905
   -84.7692    653.18536   217.10497  -173.67099   445.4965   -100.99427
   576.2435   -210.7341    371.56937    74.36766   140.75708   263.86337
   341.92484   814.3703  ]] prob tensor([-21.3689])
send select message to client ,select client id  is : [19, 1, 2, 3, 4, 5, 6, 7, 8, 9]
~~~~~~~~~~~~~~~~~~~~~~~~~~~~~~ global model aggragation and  send  to client 
-------------------------------------------------- ------ep_t is 2, t is 3 -Round : 43，Evaluate global mode------------- --------------------------------------------------
Averaged Train Loss: 1.6287
Averaged Test Accurancy: 0.6920
Averaged Test AUC: 0.8782
Std Test Accurancy: 0.2428
Std Test AUC: 0.1876
------------------------------ --------------------- ------------------------------
~~~~~~~~~~~~~~~~~~~~~~~~~~~~~~  action reward is 8.371314166359287
~~~~~~~~~~~~~~~~~~~~~~~~~~~~~~ global moedl send to all client
~~~~~~~~~~~~~~~~~~~~~~~~~~~~~~ all client start local training
~~~~~~~~~~~~~~~~~~~~~~~~~~~~~~ all client end local training 
##############################  round is 44 ;env state is tensor([[1.3257e+02, 2.3700e+03, 0.0000e+00, 4.3000e+01],
        [1.5077e+01, 2.6120e+03, 0.0000e+00, 0.0000e+00],
        [6.8090e+00, 5.3400e+02, 0.0000e+00, 0.0000e+00],
        [4.4047e+01, 2.1840e+03, 0.0000e+00, 0.0000e+00],
        [8.1502e+01, 8.0400e+03, 0.0000e+00, 0.0000e+00],
        [9.3368e+00, 3.7480e+03, 0.0000e+00, 0.0000e+00],
        [2.5378e+00, 7.9800e+03, 0.0000e+00, 0.0000e+00],
        [4.4908e+01, 1.4140e+03, 0.0000e+00, 0.0000e+00],
        [1.6473e+01, 3.6200e+02, 0.0000e+00, 0.0000e+00],
        [3.2240e+00, 4.0400e+03, 0.0000e+00, 0.0000e+00],
        [2.2262e+01, 2.3860e+03, 0.0000e+00, 4.3000e+01],
        [3.0246e+01, 5.1840e+03, 0.0000e+00, 2.3000e+01],
        [1.2889e+02, 4.9950e+03, 0.0000e+00, 4.3000e+01],
        [9.9682e+00, 1.2150e+03, 0.0000e+00, 4.3000e+01],
        [1.0275e+02, 3.1570e+03, 0.0000e+00, 4.3000e+01],
        [3.6479e-01, 7.8000e+01, 0.0000e+00, 2.6000e+01],
        [1.2339e+01, 4.9950e+03, 0.0000e+00, 2.3000e+01],
        [5.7534e+01, 6.9470e+03, 0.0000e+00, 4.3000e+01],
        [3.5035e+01, 3.8720e+03, 0.0000e+00, 4.3000e+01],
        [4.8040e+01, 3.8870e+03, 0.0000e+00, 0.0000e+00]])
action: [[ 248.37181   222.24594   333.98865    82.84768  -128.30049  -150.68013
   -84.83193   653.1158    216.40826  -173.83151   446.04993  -101.4357
   576.21796  -211.51208   372.1664     75.920906  138.6203    262.88364
   341.02362   813.00903 ]] prob tensor([-22.4032])
send select message to client ,select client id  is : [19, 1, 2, 3, 4, 5, 6, 7, 8, 9]
~~~~~~~~~~~~~~~~~~~~~~~~~~~~~~ global model aggragation and  send  to client 
-------------------------------------------------- ------ep_t is 3, t is 4 -Round : 44，Evaluate global mode------------- --------------------------------------------------
Averaged Train Loss: 1.6272
Averaged Test Accurancy: 0.6936
Averaged Test AUC: 0.8789
Std Test Accurancy: 0.2425
Std Test AUC: 0.1868
------------------------------ --------------------- ------------------------------
~~~~~~~~~~~~~~~~~~~~~~~~~~~~~~  action reward is 8.372789047272692
self.total_time is 10000,costtime is 10487.560506105423
round+self.ppomodel.max_timesteps_per_episode 49 200 True
one tragtory collected---------
~~~~~~~~~~~~~~~~~~~~~~~~~~~~~~ global moedl send to all client
~~~~~~~~~~~~~~~~~~~~~~~~~~~~~~ all client start local training
~~~~~~~~~~~~~~~~~~~~~~~~~~~~~~ all client end local training 
##############################  round is 45 ;env state is tensor([[1.3202e+02, 2.3700e+03, 0.0000e+00, 4.4000e+01],
        [1.4769e+01, 2.6120e+03, 0.0000e+00, 0.0000e+00],
        [6.7105e+00, 5.3400e+02, 0.0000e+00, 0.0000e+00],
        [4.3421e+01, 2.1840e+03, 0.0000e+00, 0.0000e+00],
        [7.9460e+01, 8.0400e+03, 0.0000e+00, 0.0000e+00],
        [9.2064e+00, 3.7480e+03, 0.0000e+00, 0.0000e+00],
        [2.4748e+00, 7.9800e+03, 0.0000e+00, 0.0000e+00],
        [4.4539e+01, 1.4140e+03, 0.0000e+00, 0.0000e+00],
        [1.6275e+01, 3.6200e+02, 0.0000e+00, 0.0000e+00],
        [3.1434e+00, 4.0400e+03, 0.0000e+00, 0.0000e+00],
        [2.2085e+01, 2.3860e+03, 0.0000e+00, 4.4000e+01],
        [2.9944e+01, 5.1840e+03, 0.0000e+00, 2.4000e+01],
        [1.2806e+02, 4.9950e+03, 0.0000e+00, 4.4000e+01],
        [9.9298e+00, 1.2150e+03, 0.0000e+00, 4.4000e+01],
        [1.0234e+02, 3.1570e+03, 0.0000e+00, 4.4000e+01],
        [3.5821e-01, 7.8000e+01, 0.0000e+00, 2.7000e+01],
        [1.2173e+01, 4.9950e+03, 0.0000e+00, 2.4000e+01],
        [5.7288e+01, 6.9470e+03, 0.0000e+00, 4.4000e+01],
        [3.4750e+01, 3.8720e+03, 0.0000e+00, 4.4000e+01],
        [4.7317e+01, 3.8870e+03, 0.0000e+00, 0.0000e+00]])
action: [[ 249.5549    222.12318   333.71756    82.82463  -126.94966  -148.2179
   -84.5161    651.71124   217.0882   -174.85713   445.48965  -102.717285
   576.3387   -211.43024   370.7865     75.08556   140.84122   262.90805
   339.9294    813.393   ]] prob tensor([-24.2695])
send select message to client ,select client id  is : [19, 1, 2, 3, 4, 5, 6, 7, 8, 9]
~~~~~~~~~~~~~~~~~~~~~~~~~~~~~~ global model aggragation and  send  to client 
-------------------------------------------------- ------ep_t is 0, t is 5 -Round : 45，Evaluate global mode------------- --------------------------------------------------
Averaged Train Loss: 1.6267
Averaged Test Accurancy: 0.6942
Averaged Test AUC: 0.8795
Std Test Accurancy: 0.2418
Std Test AUC: 0.1861
------------------------------ --------------------- ------------------------------
~~~~~~~~~~~~~~~~~~~~~~~~~~~~~~  action reward is 8.37327782775584
self.total_time is 10000,costtime is 13258.508367061615
round+self.ppomodel.max_timesteps_per_episode 50 200 True
one tragtory collected---------
~~~~~~~~~~~~~~~~~~~~~~~~~~~~~~ global moedl send to all client
~~~~~~~~~~~~~~~~~~~~~~~~~~~~~~ all client start local training
~~~~~~~~~~~~~~~~~~~~~~~~~~~~~~ all client end local training 
##############################  round is 46 ;env state is tensor([[1.3170e+02, 2.3700e+03, 0.0000e+00, 4.5000e+01],
        [1.4484e+01, 2.6120e+03, 0.0000e+00, 0.0000e+00],
        [6.6136e+00, 5.3400e+02, 0.0000e+00, 0.0000e+00],
        [4.2626e+01, 2.1840e+03, 0.0000e+00, 0.0000e+00],
        [7.6060e+01, 8.0400e+03, 0.0000e+00, 0.0000e+00],
        [9.0682e+00, 3.7480e+03, 0.0000e+00, 0.0000e+00],
        [2.4169e+00, 7.9800e+03, 0.0000e+00, 0.0000e+00],
        [4.4055e+01, 1.4140e+03, 0.0000e+00, 0.0000e+00],
        [1.6099e+01, 3.6200e+02, 0.0000e+00, 0.0000e+00],
        [3.0750e+00, 4.0400e+03, 0.0000e+00, 0.0000e+00],
        [2.1899e+01, 2.3860e+03, 0.0000e+00, 4.5000e+01],
        [2.9720e+01, 5.1840e+03, 0.0000e+00, 2.5000e+01],
        [1.2731e+02, 4.9950e+03, 0.0000e+00, 4.5000e+01],
        [9.8960e+00, 1.2150e+03, 0.0000e+00, 4.5000e+01],
        [1.0193e+02, 3.1570e+03, 0.0000e+00, 4.5000e+01],
        [3.5188e-01, 7.8000e+01, 0.0000e+00, 2.8000e+01],
        [1.2027e+01, 4.9950e+03, 0.0000e+00, 2.5000e+01],
        [5.7073e+01, 6.9470e+03, 0.0000e+00, 4.5000e+01],
        [3.4447e+01, 3.8720e+03, 0.0000e+00, 4.5000e+01],
        [4.6606e+01, 3.8870e+03, 0.0000e+00, 0.0000e+00]])
action: [[ 248.89055   220.49791   333.5727     83.51961  -128.04399  -149.24403
   -85.596565  652.59906   218.56746  -174.91866   445.58197  -100.5362
   577.12286  -210.96486   372.7356     75.02127   141.36894   264.7849
   340.55157   814.08826 ]] prob tensor([-20.5012])
send select message to client ,select client id  is : [19, 1, 2, 3, 4, 5, 6, 7, 8, 9]
~~~~~~~~~~~~~~~~~~~~~~~~~~~~~~ global model aggragation and  send  to client 
-------------------------------------------------- ------ep_t is 0, t is 6 -Round : 46，Evaluate global mode------------- --------------------------------------------------
Averaged Train Loss: 1.6246
Averaged Test Accurancy: 0.6952
Averaged Test AUC: 0.8802
Std Test Accurancy: 0.2415
Std Test AUC: 0.1852
------------------------------ --------------------- ------------------------------
~~~~~~~~~~~~~~~~~~~~~~~~~~~~~~  action reward is 8.37544784455989
self.total_time is 10000,costtime is 16089.265725135803
round+self.ppomodel.max_timesteps_per_episode 51 200 True
one tragtory collected---------
~~~~~~~~~~~~~~~~~~~~~~~~~~~~~~ global moedl send to all client
~~~~~~~~~~~~~~~~~~~~~~~~~~~~~~ all client start local training
~~~~~~~~~~~~~~~~~~~~~~~~~~~~~~ all client end local training 
##############################  round is 47 ;env state is tensor([[1.3112e+02, 2.3700e+03, 0.0000e+00, 4.6000e+01],
        [1.4205e+01, 2.6120e+03, 0.0000e+00, 0.0000e+00],
        [6.5230e+00, 5.3400e+02, 0.0000e+00, 0.0000e+00],
        [4.1966e+01, 2.1840e+03, 0.0000e+00, 0.0000e+00],
        [7.4146e+01, 8.0400e+03, 0.0000e+00, 0.0000e+00],
        [8.9328e+00, 3.7480e+03, 0.0000e+00, 0.0000e+00],
        [2.3601e+00, 7.9800e+03, 0.0000e+00, 0.0000e+00],
        [4.3404e+01, 1.4140e+03, 0.0000e+00, 0.0000e+00],
        [1.5940e+01, 3.6200e+02, 0.0000e+00, 0.0000e+00],
        [3.0002e+00, 4.0400e+03, 0.0000e+00, 0.0000e+00],
        [2.1732e+01, 2.3860e+03, 0.0000e+00, 4.6000e+01],
        [2.9442e+01, 5.1840e+03, 0.0000e+00, 2.6000e+01],
        [1.2542e+02, 4.9950e+03, 0.0000e+00, 4.6000e+01],
        [9.8538e+00, 1.2150e+03, 0.0000e+00, 4.6000e+01],
        [1.0151e+02, 3.1570e+03, 0.0000e+00, 4.6000e+01],
        [3.4555e-01, 7.8000e+01, 0.0000e+00, 2.9000e+01],
        [1.1874e+01, 4.9950e+03, 0.0000e+00, 2.6000e+01],
        [5.6865e+01, 6.9470e+03, 0.0000e+00, 4.6000e+01],
        [3.4234e+01, 3.8720e+03, 0.0000e+00, 4.6000e+01],
        [4.5784e+01, 3.8870e+03, 0.0000e+00, 0.0000e+00]])
action: [[ 248.54962   221.75314   334.89944    83.37684  -128.1648   -149.16565
   -84.59701   652.3226    217.51073  -173.6915    445.73593  -102.239975
   575.8465   -211.36195   370.71515    76.48333   141.51277   263.90665
   339.7548    813.58563 ]] prob tensor([-26.1391])
send select message to client ,select client id  is : [19, 1, 2, 3, 4, 5, 6, 7, 8, 9]
~~~~~~~~~~~~~~~~~~~~~~~~~~~~~~ global model aggragation and  send  to client 
-------------------------------------------------- ------ep_t is 0, t is 7 -Round : 47，Evaluate global mode------------- --------------------------------------------------
Averaged Train Loss: 1.6231
Averaged Test Accurancy: 0.6962
Averaged Test AUC: 0.8808
Std Test Accurancy: 0.2412
Std Test AUC: 0.1844
------------------------------ --------------------- ------------------------------
~~~~~~~~~~~~~~~~~~~~~~~~~~~~~~  action reward is 8.376859306276058
self.total_time is 10000,costtime is 18980.96665930748
round+self.ppomodel.max_timesteps_per_episode 52 200 True
one tragtory collected---------
~~~~~~~~~~~~~~~~~~~~~~~~~~~~~~ global moedl send to all client
~~~~~~~~~~~~~~~~~~~~~~~~~~~~~~ all client start local training
~~~~~~~~~~~~~~~~~~~~~~~~~~~~~~ all client end local training 
##############################  round is 48 ;env state is tensor([[1.3062e+02, 2.3700e+03, 0.0000e+00, 4.7000e+01],
        [1.3935e+01, 2.6120e+03, 0.0000e+00, 0.0000e+00],
        [6.4330e+00, 5.3400e+02, 0.0000e+00, 0.0000e+00],
        [4.1393e+01, 2.1840e+03, 0.0000e+00, 0.0000e+00],
        [7.1316e+01, 8.0400e+03, 0.0000e+00, 0.0000e+00],
        [8.7994e+00, 3.7480e+03, 0.0000e+00, 0.0000e+00],
        [2.3044e+00, 7.9800e+03, 0.0000e+00, 0.0000e+00],
        [4.3051e+01, 1.4140e+03, 0.0000e+00, 0.0000e+00],
        [1.5758e+01, 3.6200e+02, 0.0000e+00, 0.0000e+00],
        [2.9276e+00, 4.0400e+03, 0.0000e+00, 0.0000e+00],
        [2.1566e+01, 2.3860e+03, 0.0000e+00, 4.7000e+01],
        [2.9157e+01, 5.1840e+03, 0.0000e+00, 2.7000e+01],
        [1.2501e+02, 4.9950e+03, 0.0000e+00, 4.7000e+01],
        [9.8201e+00, 1.2150e+03, 0.0000e+00, 4.7000e+01],
        [1.0119e+02, 3.1570e+03, 0.0000e+00, 4.7000e+01],
        [3.3988e-01, 7.8000e+01, 0.0000e+00, 3.0000e+01],
        [1.1736e+01, 4.9950e+03, 0.0000e+00, 2.7000e+01],
        [5.6646e+01, 6.9470e+03, 0.0000e+00, 4.7000e+01],
        [3.3982e+01, 3.8720e+03, 0.0000e+00, 4.7000e+01],
        [4.5055e+01, 3.8870e+03, 0.0000e+00, 0.0000e+00]])
action: [[ 249.6089    220.44112   333.02417    82.429184 -128.00404  -149.62898
   -84.739006  653.6607    218.47678  -173.00922   444.80005   -99.969986
   576.2397   -211.31563   373.56827    74.06763   139.75719   262.47086
   338.9445    812.8119  ]] prob tensor([-21.9816])
send select message to client ,select client id  is : [19, 1, 2, 3, 4, 5, 6, 7, 8, 9]
~~~~~~~~~~~~~~~~~~~~~~~~~~~~~~ global model aggragation and  send  to client 
-------------------------------------------------- ------ep_t is 0, t is 8 -Round : 48，Evaluate global mode------------- --------------------------------------------------
Averaged Train Loss: 1.6220
Averaged Test Accurancy: 0.6971
Averaged Test AUC: 0.8814
Std Test Accurancy: 0.2408
Std Test AUC: 0.1836
------------------------------ --------------------- ------------------------------
~~~~~~~~~~~~~~~~~~~~~~~~~~~~~~  action reward is 8.377973651383183
self.total_time is 10000,costtime is 21933.997895479202
round+self.ppomodel.max_timesteps_per_episode 53 200 True
one tragtory collected---------
~~~~~~~~~~~~~~~~~~~~~~~~~~~~~~ global moedl send to all client
~~~~~~~~~~~~~~~~~~~~~~~~~~~~~~ all client start local training
~~~~~~~~~~~~~~~~~~~~~~~~~~~~~~ all client end local training 
##############################  round is 49 ;env state is tensor([[1.3020e+02, 2.3700e+03, 0.0000e+00, 4.8000e+01],
        [1.3668e+01, 2.6120e+03, 0.0000e+00, 0.0000e+00],
        [6.3499e+00, 5.3400e+02, 0.0000e+00, 0.0000e+00],
        [4.0795e+01, 2.1840e+03, 0.0000e+00, 0.0000e+00],
        [6.8822e+01, 8.0400e+03, 0.0000e+00, 0.0000e+00],
        [8.6679e+00, 3.7480e+03, 0.0000e+00, 0.0000e+00],
        [2.2553e+00, 7.9800e+03, 0.0000e+00, 0.0000e+00],
        [4.2597e+01, 1.4140e+03, 0.0000e+00, 0.0000e+00],
        [1.5590e+01, 3.6200e+02, 0.0000e+00, 0.0000e+00],
        [2.8610e+00, 4.0400e+03, 0.0000e+00, 0.0000e+00],
        [2.1400e+01, 2.3860e+03, 0.0000e+00, 4.8000e+01],
        [2.8875e+01, 5.1840e+03, 0.0000e+00, 2.8000e+01],
        [1.2420e+02, 4.9950e+03, 0.0000e+00, 4.8000e+01],
        [9.7981e+00, 1.2150e+03, 0.0000e+00, 4.8000e+01],
        [1.0079e+02, 3.1570e+03, 0.0000e+00, 4.8000e+01],
        [3.3445e-01, 7.8000e+01, 0.0000e+00, 3.1000e+01],
        [1.1598e+01, 4.9950e+03, 0.0000e+00, 2.8000e+01],
        [5.6449e+01, 6.9470e+03, 0.0000e+00, 4.8000e+01],
        [3.3781e+01, 3.8720e+03, 0.0000e+00, 4.8000e+01],
        [4.4304e+01, 3.8870e+03, 0.0000e+00, 0.0000e+00]])
action: [[ 249.53864  221.28267  332.96347   83.89292 -128.0487  -149.72649
   -85.90464  653.78375  217.76862 -174.90727  445.26117 -100.68346
   575.7182  -210.89647  372.50903   74.06708  140.63612  261.61896
   340.55206  814.2198 ]] prob tensor([-21.9932])
send select message to client ,select client id  is : [19, 1, 2, 3, 4, 5, 6, 7, 8, 9]
~~~~~~~~~~~~~~~~~~~~~~~~~~~~~~ global model aggragation and  send  to client 
-------------------------------------------------- ------ep_t is 0, t is 9 -Round : 49，Evaluate global mode------------- --------------------------------------------------
Averaged Train Loss: 1.6206
Averaged Test Accurancy: 0.6980
Averaged Test AUC: 0.8820
Std Test Accurancy: 0.2399
Std Test AUC: 0.1828
------------------------------ --------------------- ------------------------------
~~~~~~~~~~~~~~~~~~~~~~~~~~~~~~  action reward is 8.37938147869846
self.total_time is 10000,costtime is 24946.370770454407
round+self.ppomodel.max_timesteps_per_episode 54 200 True
one tragtory collected---------
~~~~~~~~~~~~~~~~~~~~~~~~~~~~~~ global moedl send to all client
~~~~~~~~~~~~~~~~~~~~~~~~~~~~~~ all client start local training
~~~~~~~~~~~~~~~~~~~~~~~~~~~~~~ all client end local training 
##############################  round is 50 ;env state is tensor([[1.2969e+02, 2.3700e+03, 0.0000e+00, 4.9000e+01],
        [1.3409e+01, 2.6120e+03, 0.0000e+00, 0.0000e+00],
        [6.2729e+00, 5.3400e+02, 0.0000e+00, 0.0000e+00],
        [4.0230e+01, 2.1840e+03, 0.0000e+00, 0.0000e+00],
        [6.5428e+01, 8.0400e+03, 0.0000e+00, 0.0000e+00],
        [8.5384e+00, 3.7480e+03, 0.0000e+00, 0.0000e+00],
        [2.2076e+00, 7.9800e+03, 0.0000e+00, 0.0000e+00],
        [4.2149e+01, 1.4140e+03, 0.0000e+00, 0.0000e+00],
        [1.5429e+01, 3.6200e+02, 0.0000e+00, 0.0000e+00],
        [2.7948e+00, 4.0400e+03, 0.0000e+00, 0.0000e+00],
        [2.1248e+01, 2.3860e+03, 0.0000e+00, 4.9000e+01],
        [2.8643e+01, 5.1840e+03, 0.0000e+00, 2.9000e+01],
        [1.2338e+02, 4.9950e+03, 0.0000e+00, 4.9000e+01],
        [9.7559e+00, 1.2150e+03, 0.0000e+00, 4.9000e+01],
        [1.0039e+02, 3.1570e+03, 0.0000e+00, 4.9000e+01],
        [3.2911e-01, 7.8000e+01, 0.0000e+00, 3.2000e+01],
        [1.1472e+01, 4.9950e+03, 0.0000e+00, 2.9000e+01],
        [5.6264e+01, 6.9470e+03, 0.0000e+00, 4.9000e+01],
        [3.3561e+01, 3.8720e+03, 0.0000e+00, 4.9000e+01],
        [4.3560e+01, 3.8870e+03, 0.0000e+00, 0.0000e+00]])
action: [[ 250.17812   219.66956   332.65726    81.8952   -128.45291  -149.67049
   -84.102684  653.11005   218.60608  -173.49312   444.50592  -101.00086
   577.67035  -209.48557   372.4463     74.72743   138.98283   263.5355
   339.65356   813.20325 ]] prob tensor([-24.6543])
send select message to client ,select client id  is : [19, 1, 2, 3, 4, 5, 6, 7, 8, 9]
~~~~~~~~~~~~~~~~~~~~~~~~~~~~~~ global model aggragation and  send  to client 
-------------------------------------------------- ------ep_t is 0, t is 10 -Round : 50，Evaluate global mode------------- --------------------------------------------------
Averaged Train Loss: 1.6189
Averaged Test Accurancy: 0.6984
Averaged Test AUC: 0.8826
Std Test Accurancy: 0.2396
Std Test AUC: 0.1821
------------------------------ --------------------- ------------------------------
~~~~~~~~~~~~~~~~~~~~~~~~~~~~~~  action reward is 8.381110836661309
self.total_time is 10000,costtime is 28019.013926506042
round+self.ppomodel.max_timesteps_per_episode 55 200 True
one tragtory collected---------
~~~~~~~~~~~~~~~~~~~~~~~~~~~~~~ global moedl send to all client
~~~~~~~~~~~~~~~~~~~~~~~~~~~~~~ all client start local training
~~~~~~~~~~~~~~~~~~~~~~~~~~~~~~ all client end local training 
##############################  round is 51 ;env state is tensor([[1.2916e+02, 2.3700e+03, 0.0000e+00, 5.0000e+01],
        [1.3169e+01, 2.6120e+03, 0.0000e+00, 0.0000e+00],
        [6.2061e+00, 5.3400e+02, 0.0000e+00, 0.0000e+00],
        [3.9698e+01, 2.1840e+03, 0.0000e+00, 0.0000e+00],
        [6.2877e+01, 8.0400e+03, 0.0000e+00, 0.0000e+00],
        [8.4094e+00, 3.7480e+03, 0.0000e+00, 0.0000e+00],
        [2.1620e+00, 7.9800e+03, 0.0000e+00, 0.0000e+00],
        [4.1679e+01, 1.4140e+03, 0.0000e+00, 0.0000e+00],
        [1.5271e+01, 3.6200e+02, 0.0000e+00, 0.0000e+00],
        [2.7331e+00, 4.0400e+03, 0.0000e+00, 0.0000e+00],
        [2.1103e+01, 2.3860e+03, 0.0000e+00, 5.0000e+01],
        [2.8381e+01, 5.1840e+03, 0.0000e+00, 3.0000e+01],
        [1.2248e+02, 4.9950e+03, 0.0000e+00, 5.0000e+01],
        [9.7199e+00, 1.2150e+03, 0.0000e+00, 5.0000e+01],
        [1.0004e+02, 3.1570e+03, 0.0000e+00, 5.0000e+01],
        [3.2410e-01, 7.8000e+01, 0.0000e+00, 3.3000e+01],
        [1.1360e+01, 4.9950e+03, 0.0000e+00, 3.0000e+01],
        [5.6076e+01, 6.9470e+03, 0.0000e+00, 5.0000e+01],
        [3.3336e+01, 3.8720e+03, 0.0000e+00, 5.0000e+01],
        [4.2749e+01, 3.8870e+03, 0.0000e+00, 0.0000e+00]])
action: [[ 248.01035   221.23009   333.88455    82.612114 -128.67284  -148.92612
   -84.822754  651.4646    218.6952   -173.58275   447.08517  -100.16114
   577.0174   -211.27455   369.94003    74.695694  140.05144   263.33292
   340.89572   812.8462  ]] prob tensor([-24.5952])
send select message to client ,select client id  is : [19, 1, 2, 3, 4, 5, 6, 7, 8, 9]
~~~~~~~~~~~~~~~~~~~~~~~~~~~~~~ global model aggragation and  send  to client 
-------------------------------------------------- ------ep_t is 0, t is 11 -Round : 51，Evaluate global mode------------- --------------------------------------------------
Averaged Train Loss: 1.6169
Averaged Test Accurancy: 0.6995
Averaged Test AUC: 0.8832
Std Test Accurancy: 0.2381
Std Test AUC: 0.1812
------------------------------ --------------------- ------------------------------
~~~~~~~~~~~~~~~~~~~~~~~~~~~~~~  action reward is 8.383133187957027
self.total_time is 10000,costtime is 31152.010707616806
round+self.ppomodel.max_timesteps_per_episode 56 200 True
one tragtory collected---------
~~~~~~~~~~~~~~~~~~~~~~~~~~~~~~ global moedl send to all client
~~~~~~~~~~~~~~~~~~~~~~~~~~~~~~ all client start local training
~~~~~~~~~~~~~~~~~~~~~~~~~~~~~~ all client end local training 
##############################  round is 52 ;env state is tensor([[1.2872e+02, 2.3700e+03, 0.0000e+00, 5.1000e+01],
        [1.2907e+01, 2.6120e+03, 0.0000e+00, 0.0000e+00],
        [6.1288e+00, 5.3400e+02, 0.0000e+00, 0.0000e+00],
        [3.9071e+01, 2.1840e+03, 0.0000e+00, 0.0000e+00],
        [6.0666e+01, 8.0400e+03, 0.0000e+00, 0.0000e+00],
        [8.2802e+00, 3.7480e+03, 0.0000e+00, 0.0000e+00],
        [2.1174e+00, 7.9800e+03, 0.0000e+00, 0.0000e+00],
        [4.1350e+01, 1.4140e+03, 0.0000e+00, 0.0000e+00],
        [1.5116e+01, 3.6200e+02, 0.0000e+00, 0.0000e+00],
        [2.6748e+00, 4.0400e+03, 0.0000e+00, 0.0000e+00],
        [2.0962e+01, 2.3860e+03, 0.0000e+00, 5.1000e+01],
        [2.8125e+01, 5.1840e+03, 0.0000e+00, 3.1000e+01],
        [1.2136e+02, 4.9950e+03, 0.0000e+00, 5.1000e+01],
        [9.6762e+00, 1.2150e+03, 0.0000e+00, 5.1000e+01],
        [9.9689e+01, 3.1570e+03, 0.0000e+00, 5.1000e+01],
        [3.1925e-01, 7.8000e+01, 0.0000e+00, 3.4000e+01],
        [1.1241e+01, 4.9950e+03, 0.0000e+00, 3.1000e+01],
        [5.5908e+01, 6.9470e+03, 0.0000e+00, 5.1000e+01],
        [3.3124e+01, 3.8720e+03, 0.0000e+00, 5.1000e+01],
        [4.2044e+01, 3.8870e+03, 0.0000e+00, 0.0000e+00]])
action: [[ 250.13031   221.10136   334.12793    82.22729  -128.5857   -149.39574
   -84.58282   652.933     218.23     -173.3541    445.12943   -99.431885
   576.94965  -210.42816   370.99106    76.44997   139.682     263.35214
   339.70642   814.3398  ]] prob tensor([-20.7530])
send select message to client ,select client id  is : [19, 1, 2, 3, 4, 5, 6, 7, 8, 9]
~~~~~~~~~~~~~~~~~~~~~~~~~~~~~~ global model aggragation and  send  to client 
-------------------------------------------------- ------ep_t is 0, t is 12 -Round : 52，Evaluate global mode------------- --------------------------------------------------
Averaged Train Loss: 1.6149
Averaged Test Accurancy: 0.6997
Averaged Test AUC: 0.8838
Std Test Accurancy: 0.2379
Std Test AUC: 0.1804
------------------------------ --------------------- ------------------------------
~~~~~~~~~~~~~~~~~~~~~~~~~~~~~~  action reward is 8.38505789985172
self.total_time is 10000,costtime is 34345.29881668091
round+self.ppomodel.max_timesteps_per_episode 57 200 True
one tragtory collected---------
~~~~~~~~~~~~~~~~~~~~~~~~~~~~~~ global moedl send to all client
~~~~~~~~~~~~~~~~~~~~~~~~~~~~~~ all client start local training
~~~~~~~~~~~~~~~~~~~~~~~~~~~~~~ all client end local training 
##############################  round is 53 ;env state is tensor([[1.2823e+02, 2.3700e+03, 0.0000e+00, 5.2000e+01],
        [1.2662e+01, 2.6120e+03, 0.0000e+00, 0.0000e+00],
        [6.0599e+00, 5.3400e+02, 0.0000e+00, 0.0000e+00],
        [3.8532e+01, 2.1840e+03, 0.0000e+00, 0.0000e+00],
        [5.8650e+01, 8.0400e+03, 0.0000e+00, 0.0000e+00],
        [8.1635e+00, 3.7480e+03, 0.0000e+00, 0.0000e+00],
        [2.0746e+00, 7.9800e+03, 0.0000e+00, 0.0000e+00],
        [4.0884e+01, 1.4140e+03, 0.0000e+00, 0.0000e+00],
        [1.4969e+01, 3.6200e+02, 0.0000e+00, 0.0000e+00],
        [2.6157e+00, 4.0400e+03, 0.0000e+00, 0.0000e+00],
        [2.0812e+01, 2.3860e+03, 0.0000e+00, 5.2000e+01],
        [2.7829e+01, 5.1840e+03, 0.0000e+00, 3.2000e+01],
        [1.2092e+02, 4.9950e+03, 0.0000e+00, 5.2000e+01],
        [9.6589e+00, 1.2150e+03, 0.0000e+00, 5.2000e+01],
        [9.9413e+01, 3.1570e+03, 0.0000e+00, 5.2000e+01],
        [3.1441e-01, 7.8000e+01, 0.0000e+00, 3.5000e+01],
        [1.1115e+01, 4.9950e+03, 0.0000e+00, 3.2000e+01],
        [5.5733e+01, 6.9470e+03, 0.0000e+00, 5.2000e+01],
        [3.2865e+01, 3.8720e+03, 0.0000e+00, 5.2000e+01],
        [4.1354e+01, 3.8870e+03, 0.0000e+00, 0.0000e+00]])
action: [[ 249.84212   221.63284   333.90305    83.58966  -127.13521  -150.3918
   -85.437675  652.23157   218.4276   -174.67903   445.8338    -99.43329
   576.3873   -211.01329   372.8242     75.44785   140.1816    263.1465
   339.5949    813.68677 ]] prob tensor([-18.3357])
send select message to client ,select client id  is : [19, 1, 2, 3, 4, 5, 6, 7, 8, 9]
~~~~~~~~~~~~~~~~~~~~~~~~~~~~~~ global model aggragation and  send  to client 
-------------------------------------------------- ------ep_t is 0, t is 13 -Round : 53，Evaluate global mode------------- --------------------------------------------------
Averaged Train Loss: 1.6123
Averaged Test Accurancy: 0.7005
Averaged Test AUC: 0.8844
Std Test Accurancy: 0.2372
Std Test AUC: 0.1796
------------------------------ --------------------- ------------------------------
~~~~~~~~~~~~~~~~~~~~~~~~~~~~~~  action reward is 8.387662422611161
self.total_time is 10000,costtime is 37597.73464155197
round+self.ppomodel.max_timesteps_per_episode 58 200 True
one tragtory collected---------
~~~~~~~~~~~~~~~~~~~~~~~~~~~~~~ global moedl send to all client
~~~~~~~~~~~~~~~~~~~~~~~~~~~~~~ all client start local training
~~~~~~~~~~~~~~~~~~~~~~~~~~~~~~ all client end local training 
##############################  round is 54 ;env state is tensor([[1.2787e+02, 2.3700e+03, 0.0000e+00, 5.3000e+01],
        [1.2438e+01, 2.6120e+03, 0.0000e+00, 0.0000e+00],
        [5.9955e+00, 5.3400e+02, 0.0000e+00, 0.0000e+00],
        [3.7987e+01, 2.1840e+03, 0.0000e+00, 0.0000e+00],
        [5.6934e+01, 8.0400e+03, 0.0000e+00, 0.0000e+00],
        [8.0420e+00, 3.7480e+03, 0.0000e+00, 0.0000e+00],
        [2.0345e+00, 7.9800e+03, 0.0000e+00, 0.0000e+00],
        [4.0401e+01, 1.4140e+03, 0.0000e+00, 0.0000e+00],
        [1.4825e+01, 3.6200e+02, 0.0000e+00, 0.0000e+00],
        [2.5631e+00, 4.0400e+03, 0.0000e+00, 0.0000e+00],
        [2.0679e+01, 2.3860e+03, 0.0000e+00, 5.3000e+01],
        [2.7591e+01, 5.1840e+03, 0.0000e+00, 3.3000e+01],
        [1.2017e+02, 4.9950e+03, 0.0000e+00, 5.3000e+01],
        [9.6249e+00, 1.2150e+03, 0.0000e+00, 5.3000e+01],
        [9.8948e+01, 3.1570e+03, 0.0000e+00, 5.3000e+01],
        [3.1034e-01, 7.8000e+01, 0.0000e+00, 3.6000e+01],
        [1.1021e+01, 4.9950e+03, 0.0000e+00, 3.3000e+01],
        [5.5551e+01, 6.9470e+03, 0.0000e+00, 5.3000e+01],
        [3.2688e+01, 3.8720e+03, 0.0000e+00, 5.3000e+01],
        [4.0851e+01, 3.8870e+03, 0.0000e+00, 0.0000e+00]])
action: [[ 248.78893   220.75269   334.19656    82.1896   -127.76653  -149.13971
   -84.99112   652.46173   219.13222  -173.02998   445.77148   -99.9563
   575.5341   -211.45323   372.4767     74.352875  138.88188   262.95255
   340.22125   813.7471  ]] prob tensor([-16.9685])
send select message to client ,select client id  is : [19, 1, 2, 3, 4, 5, 6, 7, 8, 9]
~~~~~~~~~~~~~~~~~~~~~~~~~~~~~~ global model aggragation and  send  to client 
-------------------------------------------------- ------ep_t is 0, t is 14 -Round : 54，Evaluate global mode------------- --------------------------------------------------
Averaged Train Loss: 1.6112
Averaged Test Accurancy: 0.7013
Averaged Test AUC: 0.8849
Std Test Accurancy: 0.2368
Std Test AUC: 0.1788
------------------------------ --------------------- ------------------------------
~~~~~~~~~~~~~~~~~~~~~~~~~~~~~~  action reward is 8.388779554789657
self.total_time is 10000,costtime is 40910.168635606766
round+self.ppomodel.max_timesteps_per_episode 59 200 True
one tragtory collected---------
~~~~~~~~~~~~~~~~~~~~~~~~~~~~~~ global moedl send to all client
~~~~~~~~~~~~~~~~~~~~~~~~~~~~~~ all client start local training
~~~~~~~~~~~~~~~~~~~~~~~~~~~~~~ all client end local training 
##############################  round is 55 ;env state is tensor([[1.2739e+02, 2.3700e+03, 0.0000e+00, 5.4000e+01],
        [1.2224e+01, 2.6120e+03, 0.0000e+00, 0.0000e+00],
        [5.9266e+00, 5.3400e+02, 0.0000e+00, 0.0000e+00],
        [3.7477e+01, 2.1840e+03, 0.0000e+00, 0.0000e+00],
        [5.4839e+01, 8.0400e+03, 0.0000e+00, 0.0000e+00],
        [7.9258e+00, 3.7480e+03, 0.0000e+00, 0.0000e+00],
        [1.9958e+00, 7.9800e+03, 0.0000e+00, 0.0000e+00],
        [4.0067e+01, 1.4140e+03, 0.0000e+00, 0.0000e+00],
        [1.4691e+01, 3.6200e+02, 0.0000e+00, 0.0000e+00],
        [2.5085e+00, 4.0400e+03, 0.0000e+00, 0.0000e+00],
        [2.0548e+01, 2.3860e+03, 0.0000e+00, 5.4000e+01],
        [2.7285e+01, 5.1840e+03, 0.0000e+00, 3.4000e+01],
        [1.1998e+02, 4.9950e+03, 0.0000e+00, 5.4000e+01],
        [9.5715e+00, 1.2150e+03, 0.0000e+00, 5.4000e+01],
        [9.8723e+01, 3.1570e+03, 0.0000e+00, 5.4000e+01],
        [3.0629e-01, 7.8000e+01, 0.0000e+00, 3.7000e+01],
        [1.0923e+01, 4.9950e+03, 0.0000e+00, 3.4000e+01],
        [5.5404e+01, 6.9470e+03, 0.0000e+00, 5.4000e+01],
        [3.2544e+01, 3.8720e+03, 0.0000e+00, 5.4000e+01],
        [4.0009e+01, 3.8870e+03, 0.0000e+00, 0.0000e+00]])
action: [[ 249.2783   220.72845  333.06818   83.0329  -127.80965 -150.17375
   -85.81775  652.5064   219.21048 -174.58344  446.09543 -100.94397
   576.2432  -212.41168  371.43802   74.93105  140.08813  263.49576
   338.8772   814.3957 ]] prob tensor([-20.4856])
send select message to client ,select client id  is : [19, 1, 2, 3, 4, 5, 6, 7, 8, 9]
~~~~~~~~~~~~~~~~~~~~~~~~~~~~~~ global model aggragation and  send  to client 
-------------------------------------------------- ------ep_t is 0, t is 15 -Round : 55，Evaluate global mode------------- --------------------------------------------------
Averaged Train Loss: 1.6083
Averaged Test Accurancy: 0.7024
Averaged Test AUC: 0.8855
Std Test Accurancy: 0.2360
Std Test AUC: 0.1780
------------------------------ --------------------- ------------------------------
~~~~~~~~~~~~~~~~~~~~~~~~~~~~~~  action reward is 8.391737138493614
self.total_time is 10000,costtime is 44282.636021614075
round+self.ppomodel.max_timesteps_per_episode 60 200 True
one tragtory collected---------
~~~~~~~~~~~~~~~~~~~~~~~~~~~~~~ global moedl send to all client
~~~~~~~~~~~~~~~~~~~~~~~~~~~~~~ all client start local training
~~~~~~~~~~~~~~~~~~~~~~~~~~~~~~ all client end local training 
##############################  round is 56 ;env state is tensor([[1.2691e+02, 2.3700e+03, 0.0000e+00, 5.5000e+01],
        [1.2002e+01, 2.6120e+03, 0.0000e+00, 0.0000e+00],
        [5.8611e+00, 5.3400e+02, 0.0000e+00, 0.0000e+00],
        [3.6958e+01, 2.1840e+03, 0.0000e+00, 0.0000e+00],
        [5.3016e+01, 8.0400e+03, 0.0000e+00, 0.0000e+00],
        [7.8109e+00, 3.7480e+03, 0.0000e+00, 0.0000e+00],
        [1.9586e+00, 7.9800e+03, 0.0000e+00, 0.0000e+00],
        [3.9595e+01, 1.4140e+03, 0.0000e+00, 0.0000e+00],
        [1.4563e+01, 3.6200e+02, 0.0000e+00, 0.0000e+00],
        [2.4584e+00, 4.0400e+03, 0.0000e+00, 0.0000e+00],
        [2.0413e+01, 2.3860e+03, 0.0000e+00, 5.5000e+01],
        [2.7100e+01, 5.1840e+03, 0.0000e+00, 3.5000e+01],
        [1.1871e+02, 4.9950e+03, 0.0000e+00, 5.5000e+01],
        [9.5265e+00, 1.2150e+03, 0.0000e+00, 5.5000e+01],
        [9.8271e+01, 3.1570e+03, 0.0000e+00, 5.5000e+01],
        [3.0216e-01, 7.8000e+01, 0.0000e+00, 3.8000e+01],
        [1.0822e+01, 4.9950e+03, 0.0000e+00, 3.5000e+01],
        [5.5217e+01, 6.9470e+03, 0.0000e+00, 5.5000e+01],
        [3.2322e+01, 3.8720e+03, 0.0000e+00, 5.5000e+01],
        [3.9423e+01, 3.8870e+03, 0.0000e+00, 0.0000e+00]])
action: [[ 249.75188   221.05591   334.19345    81.82077  -127.05975  -149.03851
   -85.925606  652.5618    217.77998  -173.36156   444.21497  -101.57744
   576.2925   -210.57341   372.91266    75.846214  139.97676   263.97855
   339.7433    814.4453  ]] prob tensor([-20.9968])
send select message to client ,select client id  is : [19, 1, 2, 3, 4, 5, 6, 7, 8, 9]
~~~~~~~~~~~~~~~~~~~~~~~~~~~~~~ global model aggragation and  send  to client 
-------------------------------------------------- ------ep_t is 0, t is 16 -Round : 56，Evaluate global mode------------- --------------------------------------------------
Averaged Train Loss: 1.6058
Averaged Test Accurancy: 0.7027
Averaged Test AUC: 0.8861
Std Test Accurancy: 0.2360
Std Test AUC: 0.1771
------------------------------ --------------------- ------------------------------
~~~~~~~~~~~~~~~~~~~~~~~~~~~~~~  action reward is 8.394187286752945
self.total_time is 10000,costtime is 47713.90937256813
round+self.ppomodel.max_timesteps_per_episode 61 200 True
one tragtory collected---------
~~~~~~~~~~~~~~~~~~~~~~~~~~~~~~ global moedl send to all client
~~~~~~~~~~~~~~~~~~~~~~~~~~~~~~ all client start local training
~~~~~~~~~~~~~~~~~~~~~~~~~~~~~~ all client end local training 
##############################  round is 57 ;env state is tensor([[1.2644e+02, 2.3700e+03, 0.0000e+00, 5.6000e+01],
        [1.1783e+01, 2.6120e+03, 0.0000e+00, 0.0000e+00],
        [5.7999e+00, 5.3400e+02, 0.0000e+00, 0.0000e+00],
        [3.6379e+01, 2.1840e+03, 0.0000e+00, 0.0000e+00],
        [5.0660e+01, 8.0400e+03, 0.0000e+00, 0.0000e+00],
        [7.6969e+00, 3.7480e+03, 0.0000e+00, 0.0000e+00],
        [1.9232e+00, 7.9800e+03, 0.0000e+00, 0.0000e+00],
        [3.9215e+01, 1.4140e+03, 0.0000e+00, 0.0000e+00],
        [1.4437e+01, 3.6200e+02, 0.0000e+00, 0.0000e+00],
        [2.4109e+00, 4.0400e+03, 0.0000e+00, 0.0000e+00],
        [2.0297e+01, 2.3860e+03, 0.0000e+00, 5.6000e+01],
        [2.6882e+01, 5.1840e+03, 0.0000e+00, 3.6000e+01],
        [1.1809e+02, 4.9950e+03, 0.0000e+00, 5.6000e+01],
        [9.5176e+00, 1.2150e+03, 0.0000e+00, 5.6000e+01],
        [9.7968e+01, 3.1570e+03, 0.0000e+00, 5.6000e+01],
        [2.9817e-01, 7.8000e+01, 0.0000e+00, 3.9000e+01],
        [1.0722e+01, 4.9950e+03, 0.0000e+00, 3.6000e+01],
        [5.5095e+01, 6.9470e+03, 0.0000e+00, 5.6000e+01],
        [3.2181e+01, 3.8720e+03, 0.0000e+00, 5.6000e+01],
        [3.8591e+01, 3.8870e+03, 0.0000e+00, 0.0000e+00]])
action: [[ 250.13943   221.3591    334.13568    82.93741  -126.127144 -148.97804
   -85.55782   653.371     219.09674  -173.57982   445.62238   -99.47621
   576.94543  -210.53423   371.91223    74.92599   140.08022   262.54907
   340.10754   813.3592  ]] prob tensor([-17.5500])
send select message to client ,select client id  is : [19, 1, 2, 3, 4, 5, 6, 7, 8, 9]
~~~~~~~~~~~~~~~~~~~~~~~~~~~~~~ global model aggragation and  send  to client 
-------------------------------------------------- ------ep_t is 0, t is 17 -Round : 57，Evaluate global mode------------- --------------------------------------------------
Averaged Train Loss: 1.6042
Averaged Test Accurancy: 0.7032
Averaged Test AUC: 0.8867
Std Test Accurancy: 0.2357
Std Test AUC: 0.1762
------------------------------ --------------------- ------------------------------
~~~~~~~~~~~~~~~~~~~~~~~~~~~~~~  action reward is 8.395831528790312
self.total_time is 10000,costtime is 51205.637100696564
round+self.ppomodel.max_timesteps_per_episode 62 200 True
one tragtory collected---------
~~~~~~~~~~~~~~~~~~~~~~~~~~~~~~ global moedl send to all client
~~~~~~~~~~~~~~~~~~~~~~~~~~~~~~ all client start local training
~~~~~~~~~~~~~~~~~~~~~~~~~~~~~~ all client end local training 
##############################  round is 58 ;env state is tensor([[1.2611e+02, 2.3700e+03, 0.0000e+00, 5.7000e+01],
        [1.1583e+01, 2.6120e+03, 0.0000e+00, 0.0000e+00],
        [5.7371e+00, 5.3400e+02, 0.0000e+00, 0.0000e+00],
        [3.5928e+01, 2.1840e+03, 0.0000e+00, 0.0000e+00],
        [4.9204e+01, 8.0400e+03, 0.0000e+00, 0.0000e+00],
        [7.5868e+00, 3.7480e+03, 0.0000e+00, 0.0000e+00],
        [1.8864e+00, 7.9800e+03, 0.0000e+00, 0.0000e+00],
        [3.8904e+01, 1.4140e+03, 0.0000e+00, 0.0000e+00],
        [1.4317e+01, 3.6200e+02, 0.0000e+00, 0.0000e+00],
        [2.3634e+00, 4.0400e+03, 0.0000e+00, 0.0000e+00],
        [2.0177e+01, 2.3860e+03, 0.0000e+00, 5.7000e+01],
        [2.6673e+01, 5.1840e+03, 0.0000e+00, 3.7000e+01],
        [1.1702e+02, 4.9950e+03, 0.0000e+00, 5.7000e+01],
        [9.4854e+00, 1.2150e+03, 0.0000e+00, 5.7000e+01],
        [9.7898e+01, 3.1570e+03, 0.0000e+00, 5.7000e+01],
        [2.9430e-01, 7.8000e+01, 0.0000e+00, 4.0000e+01],
        [1.0639e+01, 4.9950e+03, 0.0000e+00, 3.7000e+01],
        [5.4925e+01, 6.9470e+03, 0.0000e+00, 5.7000e+01],
        [3.2058e+01, 3.8720e+03, 0.0000e+00, 5.7000e+01],
        [3.7935e+01, 3.8870e+03, 0.0000e+00, 0.0000e+00]])
action: [[ 250.02025  220.57538  334.01562   81.84306 -128.50078 -149.06126
   -85.4255   652.77423  219.7168  -173.29443  444.91113 -101.35482
   577.0588  -210.88724  372.6026    72.45959  139.65779  263.8033
   339.36835  813.02704]] prob tensor([-23.8977])
send select message to client ,select client id  is : [19, 1, 2, 3, 4, 5, 6, 7, 8, 9]
~~~~~~~~~~~~~~~~~~~~~~~~~~~~~~ global model aggragation and  send  to client 
-------------------------------------------------- ------ep_t is 0, t is 18 -Round : 58，Evaluate global mode------------- --------------------------------------------------
Averaged Train Loss: 1.6014
Averaged Test Accurancy: 0.7035
Averaged Test AUC: 0.8873
Std Test Accurancy: 0.2351
Std Test AUC: 0.1753
------------------------------ --------------------- ------------------------------
~~~~~~~~~~~~~~~~~~~~~~~~~~~~~~  action reward is 8.398591324271745
self.total_time is 10000,costtime is 54757.16850781441
round+self.ppomodel.max_timesteps_per_episode 63 200 True
one tragtory collected---------
~~~~~~~~~~~~~~~~~~~~~~~~~~~~~~ global moedl send to all client
~~~~~~~~~~~~~~~~~~~~~~~~~~~~~~ all client start local training
~~~~~~~~~~~~~~~~~~~~~~~~~~~~~~ all client end local training 
##############################  round is 59 ;env state is tensor([[1.2564e+02, 2.3700e+03, 0.0000e+00, 5.8000e+01],
        [1.1385e+01, 2.6120e+03, 0.0000e+00, 0.0000e+00],
        [5.6776e+00, 5.3400e+02, 0.0000e+00, 0.0000e+00],
        [3.5355e+01, 2.1840e+03, 0.0000e+00, 0.0000e+00],
        [4.7851e+01, 8.0400e+03, 0.0000e+00, 0.0000e+00],
        [7.4750e+00, 3.7480e+03, 0.0000e+00, 0.0000e+00],
        [1.8522e+00, 7.9800e+03, 0.0000e+00, 0.0000e+00],
        [3.8453e+01, 1.4140e+03, 0.0000e+00, 0.0000e+00],
        [1.4200e+01, 3.6200e+02, 0.0000e+00, 0.0000e+00],
        [2.3193e+00, 4.0400e+03, 0.0000e+00, 0.0000e+00],
        [2.0049e+01, 2.3860e+03, 0.0000e+00, 5.8000e+01],
        [2.6446e+01, 5.1840e+03, 0.0000e+00, 3.8000e+01],
        [1.1636e+02, 4.9950e+03, 0.0000e+00, 5.8000e+01],
        [9.4461e+00, 1.2150e+03, 0.0000e+00, 5.8000e+01],
        [9.7586e+01, 3.1570e+03, 0.0000e+00, 5.8000e+01],
        [2.9069e-01, 7.8000e+01, 0.0000e+00, 4.1000e+01],
        [1.0553e+01, 4.9950e+03, 0.0000e+00, 3.8000e+01],
        [5.4784e+01, 6.9470e+03, 0.0000e+00, 5.8000e+01],
        [3.1922e+01, 3.8720e+03, 0.0000e+00, 5.8000e+01],
        [3.7350e+01, 3.8870e+03, 0.0000e+00, 0.0000e+00]])
action: [[ 249.14502  219.82224  333.42715   82.48186 -128.55763 -150.29553
   -86.06848  652.9046   217.60013 -173.10524  445.15512 -100.16729
   577.04974 -210.91342  371.95566   74.46909  139.04106  262.5474
   339.00116  812.7667 ]] prob tensor([-19.5320])
send select message to client ,select client id  is : [19, 1, 2, 3, 4, 5, 6, 7, 8, 9]
~~~~~~~~~~~~~~~~~~~~~~~~~~~~~~ global model aggragation and  send  to client 
-------------------------------------------------- ------ep_t is 0, t is 19 -Round : 59，Evaluate global mode------------- --------------------------------------------------
Averaged Train Loss: 1.5985
Averaged Test Accurancy: 0.7043
Averaged Test AUC: 0.8879
Std Test Accurancy: 0.2347
Std Test AUC: 0.1744
------------------------------ --------------------- ------------------------------
~~~~~~~~~~~~~~~~~~~~~~~~~~~~~~  action reward is 8.401457705168145
self.total_time is 10000,costtime is 58369.79222083092
round+self.ppomodel.max_timesteps_per_episode 64 200 True
one tragtory collected---------
~~~~~~~~~~~~~~~~~~~~~~~~~~~~~~ global moedl send to all client
~~~~~~~~~~~~~~~~~~~~~~~~~~~~~~ all client start local training
~~~~~~~~~~~~~~~~~~~~~~~~~~~~~~ all client end local training 
##############################  round is 60 ;env state is tensor([[1.2527e+02, 2.3700e+03, 0.0000e+00, 5.9000e+01],
        [1.1196e+01, 2.6120e+03, 0.0000e+00, 0.0000e+00],
        [5.6202e+00, 5.3400e+02, 0.0000e+00, 0.0000e+00],
        [3.4880e+01, 2.1840e+03, 0.0000e+00, 0.0000e+00],
        [4.6129e+01, 8.0400e+03, 0.0000e+00, 0.0000e+00],
        [7.3681e+00, 3.7480e+03, 0.0000e+00, 0.0000e+00],
        [1.8180e+00, 7.9800e+03, 0.0000e+00, 0.0000e+00],
        [3.8118e+01, 1.4140e+03, 0.0000e+00, 0.0000e+00],
        [1.4094e+01, 3.6200e+02, 0.0000e+00, 0.0000e+00],
        [2.2773e+00, 4.0400e+03, 0.0000e+00, 0.0000e+00],
        [1.9919e+01, 2.3860e+03, 0.0000e+00, 5.9000e+01],
        [2.6214e+01, 5.1840e+03, 0.0000e+00, 3.9000e+01],
        [1.1600e+02, 4.9950e+03, 0.0000e+00, 5.9000e+01],
        [9.4104e+00, 1.2150e+03, 0.0000e+00, 5.9000e+01],
        [9.7332e+01, 3.1570e+03, 0.0000e+00, 5.9000e+01],
        [2.8710e-01, 7.8000e+01, 0.0000e+00, 4.2000e+01],
        [1.0470e+01, 4.9950e+03, 0.0000e+00, 3.9000e+01],
        [5.4626e+01, 6.9470e+03, 0.0000e+00, 5.9000e+01],
        [3.1788e+01, 3.8720e+03, 0.0000e+00, 5.9000e+01],
        [3.6720e+01, 3.8870e+03, 0.0000e+00, 0.0000e+00]])
action: [[ 249.31244   220.62183   332.28235    82.920044 -127.13651  -149.8866
   -85.04092   651.9683    218.52988  -173.37178   445.3773   -100.28549
   577.11115  -210.3843    372.54935    73.7434    139.1551    263.22308
   339.8416    812.94684 ]] prob tensor([-18.6078])
send select message to client ,select client id  is : [19, 1, 2, 3, 4, 5, 6, 7, 8, 9]
~~~~~~~~~~~~~~~~~~~~~~~~~~~~~~ global model aggragation and  send  to client 
-------------------------------------------------- ------ep_t is 0, t is 20 -Round : 60，Evaluate global mode------------- --------------------------------------------------
Averaged Train Loss: 1.5967
Averaged Test Accurancy: 0.7049
Averaged Test AUC: 0.8884
Std Test Accurancy: 0.2349
Std Test AUC: 0.1735
------------------------------ --------------------- ------------------------------
~~~~~~~~~~~~~~~~~~~~~~~~~~~~~~  action reward is 8.403250203496636
self.total_time is 10000,costtime is 62043.193398952484
round+self.ppomodel.max_timesteps_per_episode 65 200 True
one tragtory collected---------
batch_lens shape is : [4, 1, 1, 1, 1, 1, 1, 1, 1, 1, 1, 1, 1, 1, 1, 1, 1]
############################## rl data collection success-t_so_far is 60,i_so_far is 3-,update network-----
update onece time is : 0.05701613426208496

-------------------- Iteration #3 --------------------
Average Episodic Length: 1.18
Average Episodic Return: 9.86
Average Loss: 0.25343
Timesteps So Far: 60
Iteration took: 1200.99 secs
------------------------------------------------------

################################################## rl  data start -------
~~~~~~~~~~~~~~~~~~~~~~~~~~~~~~ global moedl send to all client
~~~~~~~~~~~~~~~~~~~~~~~~~~~~~~ all client start local training
~~~~~~~~~~~~~~~~~~~~~~~~~~~~~~ all client end local training 
##############################  round is 61 ;env state is tensor([[1.2491e+02, 2.3700e+03, 0.0000e+00, 6.0000e+01],
        [1.0997e+01, 2.6120e+03, 0.0000e+00, 0.0000e+00],
        [5.5642e+00, 5.3400e+02, 0.0000e+00, 0.0000e+00],
        [3.4347e+01, 2.1840e+03, 0.0000e+00, 0.0000e+00],
        [4.4796e+01, 8.0400e+03, 0.0000e+00, 0.0000e+00],
        [7.2607e+00, 3.7480e+03, 0.0000e+00, 0.0000e+00],
        [1.7869e+00, 7.9800e+03, 0.0000e+00, 0.0000e+00],
        [3.7772e+01, 1.4140e+03, 0.0000e+00, 0.0000e+00],
        [1.3991e+01, 3.6200e+02, 0.0000e+00, 0.0000e+00],
        [2.2360e+00, 4.0400e+03, 0.0000e+00, 0.0000e+00],
        [1.9815e+01, 2.3860e+03, 0.0000e+00, 6.0000e+01],
        [2.6021e+01, 5.1840e+03, 0.0000e+00, 4.0000e+01],
        [1.1523e+02, 4.9950e+03, 0.0000e+00, 6.0000e+01],
        [9.3933e+00, 1.2150e+03, 0.0000e+00, 6.0000e+01],
        [9.7143e+01, 3.1570e+03, 0.0000e+00, 6.0000e+01],
        [2.8373e-01, 7.8000e+01, 0.0000e+00, 4.3000e+01],
        [1.0395e+01, 4.9950e+03, 0.0000e+00, 4.0000e+01],
        [5.4520e+01, 6.9470e+03, 0.0000e+00, 6.0000e+01],
        [3.1695e+01, 3.8720e+03, 0.0000e+00, 6.0000e+01],
        [3.5981e+01, 3.8870e+03, 0.0000e+00, 0.0000e+00]])
action: [[ 156.58427   359.3772    474.14258   173.76988   -30.387838  -45.042213
  -191.55164   646.52893   248.83601  -339.9557    598.2034   -242.00067
   733.7558   -267.25342   159.47404   187.6873    292.83716   281.6812
   530.04767   949.4817  ]] prob tensor([-25.6093])
send select message to client ,select client id  is : [19, 1, 2, 3, 4, 5, 6, 7, 8, 9]
~~~~~~~~~~~~~~~~~~~~~~~~~~~~~~ global model aggragation and  send  to client 
-------------------------------------------------- ------ep_t is 0, t is 1 -Round : 61，Evaluate global mode------------- --------------------------------------------------
Averaged Train Loss: 1.5940
Averaged Test Accurancy: 0.7057
Averaged Test AUC: 0.8890
Std Test Accurancy: 0.2343
Std Test AUC: 0.1727
------------------------------ --------------------- ------------------------------
~~~~~~~~~~~~~~~~~~~~~~~~~~~~~~  action reward is 8.406031656042716
~~~~~~~~~~~~~~~~~~~~~~~~~~~~~~ global moedl send to all client
~~~~~~~~~~~~~~~~~~~~~~~~~~~~~~ all client start local training
~~~~~~~~~~~~~~~~~~~~~~~~~~~~~~ all client end local training 
##############################  round is 62 ;env state is tensor([[1.2457e+02, 2.3700e+03, 0.0000e+00, 6.1000e+01],
        [1.0823e+01, 2.6120e+03, 0.0000e+00, 0.0000e+00],
        [5.5114e+00, 5.3400e+02, 0.0000e+00, 0.0000e+00],
        [3.3887e+01, 2.1840e+03, 0.0000e+00, 0.0000e+00],
        [4.3324e+01, 8.0400e+03, 0.0000e+00, 0.0000e+00],
        [7.1560e+00, 3.7480e+03, 0.0000e+00, 0.0000e+00],
        [1.7572e+00, 7.9800e+03, 0.0000e+00, 0.0000e+00],
        [3.7372e+01, 1.4140e+03, 0.0000e+00, 0.0000e+00],
        [1.3899e+01, 3.6200e+02, 0.0000e+00, 0.0000e+00],
        [2.1962e+00, 4.0400e+03, 0.0000e+00, 0.0000e+00],
        [1.9698e+01, 2.3860e+03, 0.0000e+00, 6.1000e+01],
        [2.5829e+01, 5.1840e+03, 0.0000e+00, 4.1000e+01],
        [1.1470e+02, 4.9950e+03, 0.0000e+00, 6.1000e+01],
        [9.3603e+00, 1.2150e+03, 0.0000e+00, 6.1000e+01],
        [9.6879e+01, 3.1570e+03, 0.0000e+00, 6.1000e+01],
        [2.8046e-01, 7.8000e+01, 0.0000e+00, 4.4000e+01],
        [1.0315e+01, 4.9950e+03, 0.0000e+00, 4.1000e+01],
        [5.4378e+01, 6.9470e+03, 0.0000e+00, 6.1000e+01],
        [3.1540e+01, 3.8720e+03, 0.0000e+00, 6.1000e+01],
        [3.5420e+01, 3.8870e+03, 0.0000e+00, 0.0000e+00]])
action: [[ 155.9438    358.9698    475.2027    172.82738   -28.400217  -44.74201
  -192.35287   646.6794    247.46233  -340.16556   597.97186  -240.6469
   732.7238   -267.54407   159.21921   187.09177   292.5117    282.23776
   529.876     950.5323  ]] prob tensor([-19.1847])
send select message to client ,select client id  is : [19, 1, 2, 3, 4, 5, 6, 7, 8, 9]
~~~~~~~~~~~~~~~~~~~~~~~~~~~~~~ global model aggragation and  send  to client 
-------------------------------------------------- ------ep_t is 1, t is 2 -Round : 62，Evaluate global mode------------- --------------------------------------------------
Averaged Train Loss: 1.5909
Averaged Test Accurancy: 0.7060
Averaged Test AUC: 0.8896
Std Test Accurancy: 0.2339
Std Test AUC: 0.1717
------------------------------ --------------------- ------------------------------
~~~~~~~~~~~~~~~~~~~~~~~~~~~~~~  action reward is 8.409118107872814
~~~~~~~~~~~~~~~~~~~~~~~~~~~~~~ global moedl send to all client
~~~~~~~~~~~~~~~~~~~~~~~~~~~~~~ all client start local training
~~~~~~~~~~~~~~~~~~~~~~~~~~~~~~ all client end local training 
##############################  round is 63 ;env state is tensor([[1.2422e+02, 2.3700e+03, 0.0000e+00, 6.2000e+01],
        [1.0645e+01, 2.6120e+03, 0.0000e+00, 0.0000e+00],
        [5.4584e+00, 5.3400e+02, 0.0000e+00, 0.0000e+00],
        [3.3435e+01, 2.1840e+03, 0.0000e+00, 0.0000e+00],
        [4.1868e+01, 8.0400e+03, 0.0000e+00, 0.0000e+00],
        [7.0563e+00, 3.7480e+03, 0.0000e+00, 0.0000e+00],
        [1.7274e+00, 7.9800e+03, 0.0000e+00, 0.0000e+00],
        [3.7046e+01, 1.4140e+03, 0.0000e+00, 0.0000e+00],
        [1.3803e+01, 3.6200e+02, 0.0000e+00, 0.0000e+00],
        [2.1592e+00, 4.0400e+03, 0.0000e+00, 0.0000e+00],
        [1.9592e+01, 2.3860e+03, 0.0000e+00, 6.2000e+01],
        [2.5625e+01, 5.1840e+03, 0.0000e+00, 4.2000e+01],
        [1.1454e+02, 4.9950e+03, 0.0000e+00, 6.2000e+01],
        [9.3292e+00, 1.2150e+03, 0.0000e+00, 6.2000e+01],
        [9.6630e+01, 3.1570e+03, 0.0000e+00, 6.2000e+01],
        [2.7700e-01, 7.8000e+01, 0.0000e+00, 4.5000e+01],
        [1.0232e+01, 4.9950e+03, 0.0000e+00, 4.2000e+01],
        [5.4253e+01, 6.9470e+03, 0.0000e+00, 6.2000e+01],
        [3.1420e+01, 3.8720e+03, 0.0000e+00, 6.2000e+01],
        [3.4789e+01, 3.8870e+03, 0.0000e+00, 0.0000e+00]])
action: [[ 156.27762   358.97748   475.23788   172.70818   -28.516712  -45.05135
  -192.53874   647.4924    246.36157  -340.03586   599.83234  -240.48277
   733.8265   -268.16882   159.89896   188.65251   293.56598   282.3172
   530.87946   950.8412  ]] prob tensor([-21.7813])
send select message to client ,select client id  is : [19, 1, 2, 3, 4, 5, 6, 7, 8, 9]
~~~~~~~~~~~~~~~~~~~~~~~~~~~~~~ global model aggragation and  send  to client 
-------------------------------------------------- ------ep_t is 2, t is 3 -Round : 63，Evaluate global mode------------- --------------------------------------------------
Averaged Train Loss: 1.5880
Averaged Test Accurancy: 0.7067
Averaged Test AUC: 0.8901
Std Test Accurancy: 0.2336
Std Test AUC: 0.1708
------------------------------ --------------------- ------------------------------
~~~~~~~~~~~~~~~~~~~~~~~~~~~~~~  action reward is 8.411980053079347
self.total_time is 10000,costtime is 11382.82951593399
round+self.ppomodel.max_timesteps_per_episode 68 200 True
one tragtory collected---------
~~~~~~~~~~~~~~~~~~~~~~~~~~~~~~ global moedl send to all client
~~~~~~~~~~~~~~~~~~~~~~~~~~~~~~ all client start local training
~~~~~~~~~~~~~~~~~~~~~~~~~~~~~~ all client end local training 
##############################  round is 64 ;env state is tensor([[1.2390e+02, 2.3700e+03, 0.0000e+00, 6.3000e+01],
        [1.0473e+01, 2.6120e+03, 0.0000e+00, 0.0000e+00],
        [5.4083e+00, 5.3400e+02, 0.0000e+00, 0.0000e+00],
        [3.2996e+01, 2.1840e+03, 0.0000e+00, 0.0000e+00],
        [4.0685e+01, 8.0400e+03, 0.0000e+00, 0.0000e+00],
        [6.9528e+00, 3.7480e+03, 0.0000e+00, 0.0000e+00],
        [1.6990e+00, 7.9800e+03, 0.0000e+00, 0.0000e+00],
        [3.6694e+01, 1.4140e+03, 0.0000e+00, 0.0000e+00],
        [1.3713e+01, 3.6200e+02, 0.0000e+00, 0.0000e+00],
        [2.1221e+00, 4.0400e+03, 0.0000e+00, 0.0000e+00],
        [1.9485e+01, 2.3860e+03, 0.0000e+00, 6.3000e+01],
        [2.5482e+01, 5.1840e+03, 0.0000e+00, 4.3000e+01],
        [1.1412e+02, 4.9950e+03, 0.0000e+00, 6.3000e+01],
        [9.2892e+00, 1.2150e+03, 0.0000e+00, 6.3000e+01],
        [9.6469e+01, 3.1570e+03, 0.0000e+00, 6.3000e+01],
        [2.7414e-01, 7.8000e+01, 0.0000e+00, 4.6000e+01],
        [1.0153e+01, 4.9950e+03, 0.0000e+00, 4.3000e+01],
        [5.4148e+01, 6.9470e+03, 0.0000e+00, 6.3000e+01],
        [3.1323e+01, 3.8720e+03, 0.0000e+00, 6.3000e+01],
        [3.4231e+01, 3.8870e+03, 0.0000e+00, 0.0000e+00]])
action: [[ 156.17815  358.7615   474.78098  172.25218  -28.86967  -45.13639
  -192.2441   646.8498   247.36264 -341.97858  599.1398  -240.74553
   734.0946  -266.31314  159.01292  186.4212   293.54813  282.0717
   530.395    951.47797]] prob tensor([-22.8135])
send select message to client ,select client id  is : [19, 1, 2, 3, 4, 5, 6, 7, 8, 9]
~~~~~~~~~~~~~~~~~~~~~~~~~~~~~~ global model aggragation and  send  to client 
-------------------------------------------------- ------ep_t is 0, t is 4 -Round : 64，Evaluate global mode------------- --------------------------------------------------
Averaged Train Loss: 1.5848
Averaged Test Accurancy: 0.7073
Averaged Test AUC: 0.8907
Std Test Accurancy: 0.2334
Std Test AUC: 0.1700
------------------------------ --------------------- ------------------------------
~~~~~~~~~~~~~~~~~~~~~~~~~~~~~~  action reward is 8.415204185064864
self.total_time is 10000,costtime is 15297.096285820007
round+self.ppomodel.max_timesteps_per_episode 69 200 True
one tragtory collected---------
~~~~~~~~~~~~~~~~~~~~~~~~~~~~~~ global moedl send to all client
~~~~~~~~~~~~~~~~~~~~~~~~~~~~~~ all client start local training
~~~~~~~~~~~~~~~~~~~~~~~~~~~~~~ all client end local training 
##############################  round is 65 ;env state is tensor([[1.2359e+02, 2.3700e+03, 0.0000e+00, 6.4000e+01],
        [1.0306e+01, 2.6120e+03, 0.0000e+00, 0.0000e+00],
        [5.3586e+00, 5.3400e+02, 0.0000e+00, 0.0000e+00],
        [3.2559e+01, 2.1840e+03, 0.0000e+00, 0.0000e+00],
        [3.9515e+01, 8.0400e+03, 0.0000e+00, 0.0000e+00],
        [6.8526e+00, 3.7480e+03, 0.0000e+00, 0.0000e+00],
        [1.6722e+00, 7.9800e+03, 0.0000e+00, 0.0000e+00],
        [3.6424e+01, 1.4140e+03, 0.0000e+00, 0.0000e+00],
        [1.3632e+01, 3.6200e+02, 0.0000e+00, 0.0000e+00],
        [2.0853e+00, 4.0400e+03, 0.0000e+00, 0.0000e+00],
        [1.9380e+01, 2.3860e+03, 0.0000e+00, 6.4000e+01],
        [2.5283e+01, 5.1840e+03, 0.0000e+00, 4.4000e+01],
        [1.1391e+02, 4.9950e+03, 0.0000e+00, 6.4000e+01],
        [9.2598e+00, 1.2150e+03, 0.0000e+00, 6.4000e+01],
        [9.6214e+01, 3.1570e+03, 0.0000e+00, 6.4000e+01],
        [2.7119e-01, 7.8000e+01, 0.0000e+00, 4.7000e+01],
        [1.0088e+01, 4.9950e+03, 0.0000e+00, 4.4000e+01],
        [5.4009e+01, 6.9470e+03, 0.0000e+00, 6.4000e+01],
        [3.1169e+01, 3.8720e+03, 0.0000e+00, 6.4000e+01],
        [3.3555e+01, 3.8870e+03, 0.0000e+00, 0.0000e+00]])
action: [[ 155.82924   358.96307   474.31827   173.65257   -29.257442  -45.053566
  -193.05577   645.0084    247.21758  -341.22113   599.06165  -240.85597
   734.79193  -267.04797   158.95682   187.06342   294.63223   282.82983
   530.65076   951.0132  ]] prob tensor([-25.4244])
send select message to client ,select client id  is : [19, 1, 2, 3, 4, 5, 6, 7, 8, 9]
~~~~~~~~~~~~~~~~~~~~~~~~~~~~~~ global model aggragation and  send  to client 
-------------------------------------------------- ------ep_t is 0, t is 5 -Round : 65，Evaluate global mode------------- --------------------------------------------------
Averaged Train Loss: 1.5815
Averaged Test Accurancy: 0.7080
Averaged Test AUC: 0.8913
Std Test Accurancy: 0.2331
Std Test AUC: 0.1690
------------------------------ --------------------- ------------------------------
~~~~~~~~~~~~~~~~~~~~~~~~~~~~~~  action reward is 8.418504443284085
self.total_time is 10000,costtime is 19270.780391693115
round+self.ppomodel.max_timesteps_per_episode 70 200 True
one tragtory collected---------
~~~~~~~~~~~~~~~~~~~~~~~~~~~~~~ global moedl send to all client
~~~~~~~~~~~~~~~~~~~~~~~~~~~~~~ all client start local training
~~~~~~~~~~~~~~~~~~~~~~~~~~~~~~ all client end local training 
##############################  round is 66 ;env state is tensor([[1.2314e+02, 2.3700e+03, 0.0000e+00, 6.5000e+01],
        [1.0144e+01, 2.6120e+03, 0.0000e+00, 0.0000e+00],
        [5.3099e+00, 5.3400e+02, 0.0000e+00, 0.0000e+00],
        [3.2149e+01, 2.1840e+03, 0.0000e+00, 0.0000e+00],
        [3.8246e+01, 8.0400e+03, 0.0000e+00, 0.0000e+00],
        [6.7527e+00, 3.7480e+03, 0.0000e+00, 0.0000e+00],
        [1.6462e+00, 7.9800e+03, 0.0000e+00, 0.0000e+00],
        [3.6040e+01, 1.4140e+03, 0.0000e+00, 0.0000e+00],
        [1.3552e+01, 3.6200e+02, 0.0000e+00, 0.0000e+00],
        [2.0516e+00, 4.0400e+03, 0.0000e+00, 0.0000e+00],
        [1.9279e+01, 2.3860e+03, 0.0000e+00, 6.5000e+01],
        [2.5106e+01, 5.1840e+03, 0.0000e+00, 4.5000e+01],
        [1.1351e+02, 4.9950e+03, 0.0000e+00, 6.5000e+01],
        [9.2348e+00, 1.2150e+03, 0.0000e+00, 6.5000e+01],
        [9.5987e+01, 3.1570e+03, 0.0000e+00, 6.5000e+01],
        [2.6825e-01, 7.8000e+01, 0.0000e+00, 4.8000e+01],
        [1.0017e+01, 4.9950e+03, 0.0000e+00, 4.5000e+01],
        [5.3853e+01, 6.9470e+03, 0.0000e+00, 6.5000e+01],
        [3.1089e+01, 3.8720e+03, 0.0000e+00, 6.5000e+01],
        [3.3047e+01, 3.8870e+03, 0.0000e+00, 0.0000e+00]])
action: [[ 157.33275  358.82547  476.1512   173.0688   -30.68198  -45.16594
  -191.98314  648.0784   247.81693 -341.2902   598.8466  -239.5985
   733.28656 -266.86673  159.98714  186.53249  294.02142  283.05698
   530.8554   950.4027 ]] prob tensor([-19.5905])
send select message to client ,select client id  is : [19, 1, 2, 3, 4, 5, 6, 7, 8, 9]
~~~~~~~~~~~~~~~~~~~~~~~~~~~~~~ global model aggragation and  send  to client 
-------------------------------------------------- ------ep_t is 0, t is 6 -Round : 66，Evaluate global mode------------- --------------------------------------------------
Averaged Train Loss: 1.5790
Averaged Test Accurancy: 0.7084
Averaged Test AUC: 0.8918
Std Test Accurancy: 0.2331
Std Test AUC: 0.1680
------------------------------ --------------------- ------------------------------
~~~~~~~~~~~~~~~~~~~~~~~~~~~~~~  action reward is 8.420981346330993
self.total_time is 10000,costtime is 23305.16063451767
round+self.ppomodel.max_timesteps_per_episode 71 200 True
one tragtory collected---------
~~~~~~~~~~~~~~~~~~~~~~~~~~~~~~ global moedl send to all client
~~~~~~~~~~~~~~~~~~~~~~~~~~~~~~ all client start local training
~~~~~~~~~~~~~~~~~~~~~~~~~~~~~~ all client end local training 
##############################  round is 67 ;env state is tensor([[1.2287e+02, 2.3700e+03, 0.0000e+00, 6.6000e+01],
        [9.9859e+00, 2.6120e+03, 0.0000e+00, 0.0000e+00],
        [5.2613e+00, 5.3400e+02, 0.0000e+00, 0.0000e+00],
        [3.1737e+01, 2.1840e+03, 0.0000e+00, 0.0000e+00],
        [3.7128e+01, 8.0400e+03, 0.0000e+00, 0.0000e+00],
        [6.6564e+00, 3.7480e+03, 0.0000e+00, 0.0000e+00],
        [1.6196e+00, 7.9800e+03, 0.0000e+00, 0.0000e+00],
        [3.5749e+01, 1.4140e+03, 0.0000e+00, 0.0000e+00],
        [1.3475e+01, 3.6200e+02, 0.0000e+00, 0.0000e+00],
        [2.0193e+00, 4.0400e+03, 0.0000e+00, 0.0000e+00],
        [1.9186e+01, 2.3860e+03, 0.0000e+00, 6.6000e+01],
        [2.4867e+01, 5.1840e+03, 0.0000e+00, 4.6000e+01],
        [1.1287e+02, 4.9950e+03, 0.0000e+00, 6.6000e+01],
        [9.2026e+00, 1.2150e+03, 0.0000e+00, 6.6000e+01],
        [9.5766e+01, 3.1570e+03, 0.0000e+00, 6.6000e+01],
        [2.6540e-01, 7.8000e+01, 0.0000e+00, 4.9000e+01],
        [9.9349e+00, 4.9950e+03, 0.0000e+00, 4.6000e+01],
        [5.3734e+01, 6.9470e+03, 0.0000e+00, 6.6000e+01],
        [3.0984e+01, 3.8720e+03, 0.0000e+00, 6.6000e+01],
        [3.2529e+01, 3.8870e+03, 0.0000e+00, 0.0000e+00]])
action: [[ 157.39146   360.47485   476.21234   173.00818   -29.06157   -45.542763
  -193.13922   646.0678    247.03807  -342.3498    597.4298   -238.74374
   733.74347  -267.6214    159.66263   187.63261   293.21075   281.5195
   529.6502    950.62115 ]] prob tensor([-22.7974])
send select message to client ,select client id  is : [19, 1, 2, 3, 4, 5, 6, 7, 8, 9]
~~~~~~~~~~~~~~~~~~~~~~~~~~~~~~ global model aggragation and  send  to client 
-------------------------------------------------- ------ep_t is 0, t is 7 -Round : 67，Evaluate global mode------------- --------------------------------------------------
Averaged Train Loss: 1.5755
Averaged Test Accurancy: 0.7089
Averaged Test AUC: 0.8924
Std Test Accurancy: 0.2331
Std Test AUC: 0.1672
------------------------------ --------------------- ------------------------------
~~~~~~~~~~~~~~~~~~~~~~~~~~~~~~  action reward is 8.424495169401357
self.total_time is 10000,costtime is 27399.996560573578
round+self.ppomodel.max_timesteps_per_episode 72 200 True
one tragtory collected---------
~~~~~~~~~~~~~~~~~~~~~~~~~~~~~~ global moedl send to all client
~~~~~~~~~~~~~~~~~~~~~~~~~~~~~~ all client start local training
~~~~~~~~~~~~~~~~~~~~~~~~~~~~~~ all client end local training 
##############################  round is 68 ;env state is tensor([[1.2258e+02, 2.3700e+03, 0.0000e+00, 6.7000e+01],
        [9.8326e+00, 2.6120e+03, 0.0000e+00, 0.0000e+00],
        [5.2135e+00, 5.3400e+02, 0.0000e+00, 0.0000e+00],
        [3.1335e+01, 2.1840e+03, 0.0000e+00, 0.0000e+00],
        [3.6072e+01, 8.0400e+03, 0.0000e+00, 0.0000e+00],
        [6.5583e+00, 3.7480e+03, 0.0000e+00, 0.0000e+00],
        [1.5951e+00, 7.9800e+03, 0.0000e+00, 0.0000e+00],
        [3.5532e+01, 1.4140e+03, 0.0000e+00, 0.0000e+00],
        [1.3407e+01, 3.6200e+02, 0.0000e+00, 0.0000e+00],
        [1.9884e+00, 4.0400e+03, 0.0000e+00, 0.0000e+00],
        [1.9082e+01, 2.3860e+03, 0.0000e+00, 6.7000e+01],
        [2.4689e+01, 5.1840e+03, 0.0000e+00, 4.7000e+01],
        [1.1303e+02, 4.9950e+03, 0.0000e+00, 6.7000e+01],
        [9.1767e+00, 1.2150e+03, 0.0000e+00, 6.7000e+01],
        [9.5544e+01, 3.1570e+03, 0.0000e+00, 6.7000e+01],
        [2.6256e-01, 7.8000e+01, 0.0000e+00, 5.0000e+01],
        [9.8644e+00, 4.9950e+03, 0.0000e+00, 4.7000e+01],
        [5.3602e+01, 6.9470e+03, 0.0000e+00, 6.7000e+01],
        [3.0878e+01, 3.8720e+03, 0.0000e+00, 6.7000e+01],
        [3.1919e+01, 3.8870e+03, 0.0000e+00, 0.0000e+00]])
action: [[ 156.52527   359.18637   474.65472   173.91368   -30.02398   -44.543793
  -192.3597    646.45575   247.02785  -341.91806   598.83624  -239.61267
   732.62103  -267.72467   161.17906   187.94383   293.89783   282.08524
   530.18427   950.2783  ]] prob tensor([-18.0967])
send select message to client ,select client id  is : [19, 1, 2, 3, 4, 5, 6, 7, 8, 9]
~~~~~~~~~~~~~~~~~~~~~~~~~~~~~~ global model aggragation and  send  to client 
-------------------------------------------------- ------ep_t is 0, t is 8 -Round : 68，Evaluate global mode------------- --------------------------------------------------
Averaged Train Loss: 1.5724
Averaged Test Accurancy: 0.7093
Averaged Test AUC: 0.8929
Std Test Accurancy: 0.2331
Std Test AUC: 0.1663
------------------------------ --------------------- ------------------------------
~~~~~~~~~~~~~~~~~~~~~~~~~~~~~~  action reward is 8.427550320369704
self.total_time is 10000,costtime is 31554.7142496109
round+self.ppomodel.max_timesteps_per_episode 73 200 True
one tragtory collected---------
~~~~~~~~~~~~~~~~~~~~~~~~~~~~~~ global moedl send to all client
~~~~~~~~~~~~~~~~~~~~~~~~~~~~~~ all client start local training
~~~~~~~~~~~~~~~~~~~~~~~~~~~~~~ all client end local training 
##############################  round is 69 ;env state is tensor([[1.2230e+02, 2.3700e+03, 0.0000e+00, 6.8000e+01],
        [9.6852e+00, 2.6120e+03, 0.0000e+00, 0.0000e+00],
        [5.1697e+00, 5.3400e+02, 0.0000e+00, 0.0000e+00],
        [3.0929e+01, 2.1840e+03, 0.0000e+00, 0.0000e+00],
        [3.4942e+01, 8.0400e+03, 0.0000e+00, 0.0000e+00],
        [6.4632e+00, 3.7480e+03, 0.0000e+00, 0.0000e+00],
        [1.5744e+00, 7.9800e+03, 0.0000e+00, 0.0000e+00],
        [3.5161e+01, 1.4140e+03, 0.0000e+00, 0.0000e+00],
        [1.3342e+01, 3.6200e+02, 0.0000e+00, 0.0000e+00],
        [1.9589e+00, 4.0400e+03, 0.0000e+00, 0.0000e+00],
        [1.9000e+01, 2.3860e+03, 0.0000e+00, 6.8000e+01],
        [2.4567e+01, 5.1840e+03, 0.0000e+00, 4.8000e+01],
        [1.1273e+02, 4.9950e+03, 0.0000e+00, 6.8000e+01],
        [9.1472e+00, 1.2150e+03, 0.0000e+00, 6.8000e+01],
        [9.5296e+01, 3.1570e+03, 0.0000e+00, 6.8000e+01],
        [2.5983e-01, 7.8000e+01, 0.0000e+00, 5.1000e+01],
        [9.8065e+00, 4.9950e+03, 0.0000e+00, 4.8000e+01],
        [5.3507e+01, 6.9470e+03, 0.0000e+00, 6.8000e+01],
        [3.0756e+01, 3.8720e+03, 0.0000e+00, 6.8000e+01],
        [3.1191e+01, 3.8870e+03, 0.0000e+00, 0.0000e+00]])
action: [[ 156.79207   358.95203   475.0507    172.9238    -28.968494  -44.497227
  -192.32999   647.2667    245.89926  -341.0966    597.73816  -240.07098
   734.2549   -267.47623   159.898     187.09917   294.3539    281.95377
   531.08154   950.8803  ]] prob tensor([-19.3083])
send select message to client ,select client id  is : [19, 1, 2, 3, 4, 5, 6, 7, 8, 9]
~~~~~~~~~~~~~~~~~~~~~~~~~~~~~~ global model aggragation and  send  to client 
-------------------------------------------------- ------ep_t is 0, t is 9 -Round : 69，Evaluate global mode------------- --------------------------------------------------
Averaged Train Loss: 1.5696
Averaged Test Accurancy: 0.7096
Averaged Test AUC: 0.8934
Std Test Accurancy: 0.2329
Std Test AUC: 0.1654
------------------------------ --------------------- ------------------------------
~~~~~~~~~~~~~~~~~~~~~~~~~~~~~~  action reward is 8.430423980254254
self.total_time is 10000,costtime is 35769.51917362213
round+self.ppomodel.max_timesteps_per_episode 74 200 True
one tragtory collected---------
~~~~~~~~~~~~~~~~~~~~~~~~~~~~~~ global moedl send to all client
~~~~~~~~~~~~~~~~~~~~~~~~~~~~~~ all client start local training
~~~~~~~~~~~~~~~~~~~~~~~~~~~~~~ all client end local training 
##############################  round is 70 ;env state is tensor([[1.2203e+02, 2.3700e+03, 0.0000e+00, 6.9000e+01],
        [9.5375e+00, 2.6120e+03, 0.0000e+00, 0.0000e+00],
        [5.1255e+00, 5.3400e+02, 0.0000e+00, 0.0000e+00],
        [3.0539e+01, 2.1840e+03, 0.0000e+00, 0.0000e+00],
        [3.3984e+01, 8.0400e+03, 0.0000e+00, 0.0000e+00],
        [6.3727e+00, 3.7480e+03, 0.0000e+00, 0.0000e+00],
        [1.5507e+00, 7.9800e+03, 0.0000e+00, 0.0000e+00],
        [3.4832e+01, 1.4140e+03, 0.0000e+00, 0.0000e+00],
        [1.3281e+01, 3.6200e+02, 0.0000e+00, 0.0000e+00],
        [1.9309e+00, 4.0400e+03, 0.0000e+00, 0.0000e+00],
        [1.8912e+01, 2.3860e+03, 0.0000e+00, 6.9000e+01],
        [2.4372e+01, 5.1840e+03, 0.0000e+00, 4.9000e+01],
        [1.1249e+02, 4.9950e+03, 0.0000e+00, 6.9000e+01],
        [9.1203e+00, 1.2150e+03, 0.0000e+00, 6.9000e+01],
        [9.5105e+01, 3.1570e+03, 0.0000e+00, 6.9000e+01],
        [2.5706e-01, 7.8000e+01, 0.0000e+00, 5.2000e+01],
        [9.7433e+00, 4.9950e+03, 0.0000e+00, 4.9000e+01],
        [5.3400e+01, 6.9470e+03, 0.0000e+00, 6.9000e+01],
        [3.0660e+01, 3.8720e+03, 0.0000e+00, 6.9000e+01],
        [3.0699e+01, 3.8870e+03, 0.0000e+00, 0.0000e+00]])
action: [[ 157.98369   358.9521    474.656     173.5379    -28.899734  -44.824333
  -193.30931   648.2359    246.15407  -342.5096    598.5276   -239.74918
   733.6625   -267.61368   159.73851   186.57648   292.56714   281.93454
   529.8977    950.8127  ]] prob tensor([-22.5222])
send select message to client ,select client id  is : [19, 1, 2, 3, 4, 5, 6, 7, 8, 9]
~~~~~~~~~~~~~~~~~~~~~~~~~~~~~~ global model aggragation and  send  to client 
-------------------------------------------------- ------ep_t is 0, t is 10 -Round : 70，Evaluate global mode------------- --------------------------------------------------
Averaged Train Loss: 1.5663
Averaged Test Accurancy: 0.7104
Averaged Test AUC: 0.8940
Std Test Accurancy: 0.2323
Std Test AUC: 0.1645
------------------------------ --------------------- ------------------------------
~~~~~~~~~~~~~~~~~~~~~~~~~~~~~~  action reward is 8.433719239751138
self.total_time is 10000,costtime is 40044.22738170624
round+self.ppomodel.max_timesteps_per_episode 75 200 True
one tragtory collected---------
~~~~~~~~~~~~~~~~~~~~~~~~~~~~~~ global moedl send to all client
~~~~~~~~~~~~~~~~~~~~~~~~~~~~~~ all client start local training
~~~~~~~~~~~~~~~~~~~~~~~~~~~~~~ all client end local training 
##############################  round is 71 ;env state is tensor([[1.2181e+02, 2.3700e+03, 0.0000e+00, 7.0000e+01],
        [9.3925e+00, 2.6120e+03, 0.0000e+00, 0.0000e+00],
        [5.0816e+00, 5.3400e+02, 0.0000e+00, 0.0000e+00],
        [3.0156e+01, 2.1840e+03, 0.0000e+00, 0.0000e+00],
        [3.3340e+01, 8.0400e+03, 0.0000e+00, 0.0000e+00],
        [6.2821e+00, 3.7480e+03, 0.0000e+00, 0.0000e+00],
        [1.5278e+00, 7.9800e+03, 0.0000e+00, 0.0000e+00],
        [3.4573e+01, 1.4140e+03, 0.0000e+00, 0.0000e+00],
        [1.3224e+01, 3.6200e+02, 0.0000e+00, 0.0000e+00],
        [1.9028e+00, 4.0400e+03, 0.0000e+00, 0.0000e+00],
        [1.8841e+01, 2.3860e+03, 0.0000e+00, 7.0000e+01],
        [2.4211e+01, 5.1840e+03, 0.0000e+00, 5.0000e+01],
        [1.1234e+02, 4.9950e+03, 0.0000e+00, 7.0000e+01],
        [9.0907e+00, 1.2150e+03, 0.0000e+00, 7.0000e+01],
        [9.4881e+01, 3.1570e+03, 0.0000e+00, 7.0000e+01],
        [2.5444e-01, 7.8000e+01, 0.0000e+00, 5.3000e+01],
        [9.6964e+00, 4.9950e+03, 0.0000e+00, 5.0000e+01],
        [5.3253e+01, 6.9470e+03, 0.0000e+00, 7.0000e+01],
        [3.0573e+01, 3.8720e+03, 0.0000e+00, 7.0000e+01],
        [3.0175e+01, 3.8870e+03, 0.0000e+00, 0.0000e+00]])
action: [[ 156.86702   358.1667    475.82623   172.95589   -29.283567  -46.25053
  -193.21318   648.2884    246.49316  -341.38904   598.313    -239.97937
   734.02203  -268.2262    159.24925   187.67097   293.7951    283.26117
   530.9819    950.62885 ]] prob tensor([-19.1311])
send select message to client ,select client id  is : [19, 1, 2, 3, 4, 5, 6, 7, 8, 9]
~~~~~~~~~~~~~~~~~~~~~~~~~~~~~~ global model aggragation and  send  to client 
-------------------------------------------------- ------ep_t is 0, t is 11 -Round : 71，Evaluate global mode------------- --------------------------------------------------
Averaged Train Loss: 1.5630
Averaged Test Accurancy: 0.7107
Averaged Test AUC: 0.8945
Std Test Accurancy: 0.2326
Std Test AUC: 0.1636
------------------------------ --------------------- ------------------------------
~~~~~~~~~~~~~~~~~~~~~~~~~~~~~~  action reward is 8.437021585639698
self.total_time is 10000,costtime is 44379.16984462738
round+self.ppomodel.max_timesteps_per_episode 76 200 True
one tragtory collected---------
~~~~~~~~~~~~~~~~~~~~~~~~~~~~~~ global moedl send to all client
~~~~~~~~~~~~~~~~~~~~~~~~~~~~~~ all client start local training
~~~~~~~~~~~~~~~~~~~~~~~~~~~~~~ all client end local training 
##############################  round is 72 ;env state is tensor([[1.2161e+02, 2.3700e+03, 0.0000e+00, 7.1000e+01],
        [9.2516e+00, 2.6120e+03, 0.0000e+00, 0.0000e+00],
        [5.0401e+00, 5.3400e+02, 0.0000e+00, 0.0000e+00],
        [2.9771e+01, 2.1840e+03, 0.0000e+00, 0.0000e+00],
        [3.2023e+01, 8.0400e+03, 0.0000e+00, 0.0000e+00],
        [6.1892e+00, 3.7480e+03, 0.0000e+00, 0.0000e+00],
        [1.5059e+00, 7.9800e+03, 0.0000e+00, 0.0000e+00],
        [3.4370e+01, 1.4140e+03, 0.0000e+00, 0.0000e+00],
        [1.3174e+01, 3.6200e+02, 0.0000e+00, 0.0000e+00],
        [1.8756e+00, 4.0400e+03, 0.0000e+00, 0.0000e+00],
        [1.8762e+01, 2.3860e+03, 0.0000e+00, 7.1000e+01],
        [2.4043e+01, 5.1840e+03, 0.0000e+00, 5.1000e+01],
        [1.1154e+02, 4.9950e+03, 0.0000e+00, 7.1000e+01],
        [9.0693e+00, 1.2150e+03, 0.0000e+00, 7.1000e+01],
        [9.4744e+01, 3.1570e+03, 0.0000e+00, 7.1000e+01],
        [2.5194e-01, 7.8000e+01, 0.0000e+00, 5.4000e+01],
        [9.6416e+00, 4.9950e+03, 0.0000e+00, 5.1000e+01],
        [5.3120e+01, 6.9470e+03, 0.0000e+00, 7.1000e+01],
        [3.0481e+01, 3.8720e+03, 0.0000e+00, 7.1000e+01],
        [2.9673e+01, 3.8870e+03, 0.0000e+00, 0.0000e+00]])
action: [[ 156.2781    357.94305   474.0246    172.95381   -30.738857  -45.72505
  -194.0545    648.7815    247.63623  -341.0523    599.28     -240.09953
   732.4452   -267.44827   159.26143   186.79778   293.66003   283.01318
   529.8334    950.6277  ]] prob tensor([-23.3275])
send select message to client ,select client id  is : [19, 1, 2, 3, 4, 5, 6, 7, 8, 9]
~~~~~~~~~~~~~~~~~~~~~~~~~~~~~~ global model aggragation and  send  to client 
-------------------------------------------------- ------ep_t is 0, t is 12 -Round : 72，Evaluate global mode------------- --------------------------------------------------
Averaged Train Loss: 1.5598
Averaged Test Accurancy: 0.7109
Averaged Test AUC: 0.8950
Std Test Accurancy: 0.2326
Std Test AUC: 0.1626
------------------------------ --------------------- ------------------------------
~~~~~~~~~~~~~~~~~~~~~~~~~~~~~~  action reward is 8.440220610070288
self.total_time is 10000,costtime is 48774.14971756935
round+self.ppomodel.max_timesteps_per_episode 77 200 True
one tragtory collected---------
~~~~~~~~~~~~~~~~~~~~~~~~~~~~~~ global moedl send to all client
~~~~~~~~~~~~~~~~~~~~~~~~~~~~~~ all client start local training
~~~~~~~~~~~~~~~~~~~~~~~~~~~~~~ all client end local training 
##############################  round is 73 ;env state is tensor([[1.2143e+02, 2.3700e+03, 0.0000e+00, 7.2000e+01],
        [9.1145e+00, 2.6120e+03, 0.0000e+00, 0.0000e+00],
        [4.9981e+00, 5.3400e+02, 0.0000e+00, 0.0000e+00],
        [2.9390e+01, 2.1840e+03, 0.0000e+00, 0.0000e+00],
        [3.1495e+01, 8.0400e+03, 0.0000e+00, 0.0000e+00],
        [6.1014e+00, 3.7480e+03, 0.0000e+00, 0.0000e+00],
        [1.4845e+00, 7.9800e+03, 0.0000e+00, 0.0000e+00],
        [3.4099e+01, 1.4140e+03, 0.0000e+00, 0.0000e+00],
        [1.3125e+01, 3.6200e+02, 0.0000e+00, 0.0000e+00],
        [1.8492e+00, 4.0400e+03, 0.0000e+00, 0.0000e+00],
        [1.8681e+01, 2.3860e+03, 0.0000e+00, 7.2000e+01],
        [2.3890e+01, 5.1840e+03, 0.0000e+00, 5.2000e+01],
        [1.1114e+02, 4.9950e+03, 0.0000e+00, 7.2000e+01],
        [9.0436e+00, 1.2150e+03, 0.0000e+00, 7.2000e+01],
        [9.4559e+01, 3.1570e+03, 0.0000e+00, 7.2000e+01],
        [2.4935e-01, 7.8000e+01, 0.0000e+00, 5.5000e+01],
        [9.5939e+00, 4.9950e+03, 0.0000e+00, 5.2000e+01],
        [5.3028e+01, 6.9470e+03, 0.0000e+00, 7.2000e+01],
        [3.0315e+01, 3.8720e+03, 0.0000e+00, 7.2000e+01],
        [2.9031e+01, 3.8870e+03, 0.0000e+00, 0.0000e+00]])
action: [[ 154.5069    359.69235   475.5533    172.95425   -28.891077  -46.35232
  -193.03265   648.2801    246.99554  -341.4163    597.77124  -239.7581
   733.38745  -267.04498   161.21132   187.63284   294.17935   282.7313
   529.0088    950.46765 ]] prob tensor([-21.2629])
send select message to client ,select client id  is : [19, 1, 2, 3, 4, 5, 6, 7, 8, 9]
~~~~~~~~~~~~~~~~~~~~~~~~~~~~~~ global model aggragation and  send  to client 
-------------------------------------------------- ------ep_t is 0, t is 13 -Round : 73，Evaluate global mode------------- --------------------------------------------------
Averaged Train Loss: 1.5566
Averaged Test Accurancy: 0.7110
Averaged Test AUC: 0.8955
Std Test Accurancy: 0.2327
Std Test AUC: 0.1618
------------------------------ --------------------- ------------------------------
~~~~~~~~~~~~~~~~~~~~~~~~~~~~~~  action reward is 8.44344474699269
self.total_time is 10000,costtime is 53229.37467074394
round+self.ppomodel.max_timesteps_per_episode 78 200 True
one tragtory collected---------
~~~~~~~~~~~~~~~~~~~~~~~~~~~~~~ global moedl send to all client
~~~~~~~~~~~~~~~~~~~~~~~~~~~~~~ all client start local training
~~~~~~~~~~~~~~~~~~~~~~~~~~~~~~ all client end local training 
##############################  round is 74 ;env state is tensor([[1.2115e+02, 2.3700e+03, 0.0000e+00, 7.3000e+01],
        [8.9832e+00, 2.6120e+03, 0.0000e+00, 0.0000e+00],
        [4.9577e+00, 5.3400e+02, 0.0000e+00, 0.0000e+00],
        [2.8988e+01, 2.1840e+03, 0.0000e+00, 0.0000e+00],
        [3.0525e+01, 8.0400e+03, 0.0000e+00, 0.0000e+00],
        [6.0165e+00, 3.7480e+03, 0.0000e+00, 0.0000e+00],
        [1.4643e+00, 7.9800e+03, 0.0000e+00, 0.0000e+00],
        [3.3868e+01, 1.4140e+03, 0.0000e+00, 0.0000e+00],
        [1.3079e+01, 3.6200e+02, 0.0000e+00, 0.0000e+00],
        [1.8239e+00, 4.0400e+03, 0.0000e+00, 0.0000e+00],
        [1.8602e+01, 2.3860e+03, 0.0000e+00, 7.3000e+01],
        [2.3704e+01, 5.1840e+03, 0.0000e+00, 5.3000e+01],
        [1.1117e+02, 4.9950e+03, 0.0000e+00, 7.3000e+01],
        [9.0217e+00, 1.2150e+03, 0.0000e+00, 7.3000e+01],
        [9.4365e+01, 3.1570e+03, 0.0000e+00, 7.3000e+01],
        [2.4719e-01, 7.8000e+01, 0.0000e+00, 5.6000e+01],
        [9.5531e+00, 4.9950e+03, 0.0000e+00, 5.3000e+01],
        [5.2916e+01, 6.9470e+03, 0.0000e+00, 7.3000e+01],
        [3.0234e+01, 3.8720e+03, 0.0000e+00, 7.3000e+01],
        [2.8555e+01, 3.8870e+03, 0.0000e+00, 0.0000e+00]])
action: [[ 158.08751   359.61865   476.1037    173.38263   -28.603615  -45.11172
  -194.35175   648.356     247.6625   -341.41367   598.7992   -239.41402
   735.1682   -268.84256   160.01096   186.63806   295.0878    281.40366
   530.4395    949.6475  ]] prob tensor([-28.6796])
send select message to client ,select client id  is : [19, 1, 2, 3, 4, 5, 6, 7, 8, 9]
~~~~~~~~~~~~~~~~~~~~~~~~~~~~~~ global model aggragation and  send  to client 
-------------------------------------------------- ------ep_t is 0, t is 14 -Round : 74，Evaluate global mode------------- --------------------------------------------------
Averaged Train Loss: 1.5530
Averaged Test Accurancy: 0.7112
Averaged Test AUC: 0.8960
Std Test Accurancy: 0.2322
Std Test AUC: 0.1609
------------------------------ --------------------- ------------------------------
~~~~~~~~~~~~~~~~~~~~~~~~~~~~~~  action reward is 8.447035687414404
self.total_time is 10000,costtime is 57744.96991062164
round+self.ppomodel.max_timesteps_per_episode 79 200 True
one tragtory collected---------
~~~~~~~~~~~~~~~~~~~~~~~~~~~~~~ global moedl send to all client
~~~~~~~~~~~~~~~~~~~~~~~~~~~~~~ all client start local training
~~~~~~~~~~~~~~~~~~~~~~~~~~~~~~ all client end local training 
##############################  round is 75 ;env state is tensor([[1.2093e+02, 2.3700e+03, 0.0000e+00, 7.4000e+01],
        [8.8511e+00, 2.6120e+03, 0.0000e+00, 0.0000e+00],
        [4.9191e+00, 5.3400e+02, 0.0000e+00, 0.0000e+00],
        [2.8615e+01, 2.1840e+03, 0.0000e+00, 0.0000e+00],
        [3.0102e+01, 8.0400e+03, 0.0000e+00, 0.0000e+00],
        [5.9307e+00, 3.7480e+03, 0.0000e+00, 0.0000e+00],
        [1.4440e+00, 7.9800e+03, 0.0000e+00, 0.0000e+00],
        [3.3503e+01, 1.4140e+03, 0.0000e+00, 0.0000e+00],
        [1.3025e+01, 3.6200e+02, 0.0000e+00, 0.0000e+00],
        [1.7997e+00, 4.0400e+03, 0.0000e+00, 0.0000e+00],
        [1.8522e+01, 2.3860e+03, 0.0000e+00, 7.4000e+01],
        [2.3567e+01, 5.1840e+03, 0.0000e+00, 5.4000e+01],
        [1.1079e+02, 4.9950e+03, 0.0000e+00, 7.4000e+01],
        [8.9940e+00, 1.2150e+03, 0.0000e+00, 7.4000e+01],
        [9.4151e+01, 3.1570e+03, 0.0000e+00, 7.4000e+01],
        [2.4472e-01, 7.8000e+01, 0.0000e+00, 5.7000e+01],
        [9.5079e+00, 4.9950e+03, 0.0000e+00, 5.4000e+01],
        [5.2796e+01, 6.9470e+03, 0.0000e+00, 7.4000e+01],
        [3.0190e+01, 3.8720e+03, 0.0000e+00, 7.4000e+01],
        [2.7931e+01, 3.8870e+03, 0.0000e+00, 0.0000e+00]])
action: [[ 155.58202   359.1155    474.2953    171.92572   -29.555803  -44.75505
  -192.8098    648.582     246.75253  -340.86563   597.1619   -239.17403
   733.4099   -267.84155   161.33533   186.81264   292.8602    281.91568
   528.9197    950.0841  ]] prob tensor([-21.5076])
send select message to client ,select client id  is : [19, 1, 2, 3, 4, 5, 6, 7, 8, 9]
~~~~~~~~~~~~~~~~~~~~~~~~~~~~~~ global model aggragation and  send  to client 
-------------------------------------------------- ------ep_t is 0, t is 15 -Round : 75，Evaluate global mode------------- --------------------------------------------------
Averaged Train Loss: 1.5495
Averaged Test Accurancy: 0.7118
Averaged Test AUC: 0.8966
Std Test Accurancy: 0.2320
Std Test AUC: 0.1600
------------------------------ --------------------- ------------------------------
~~~~~~~~~~~~~~~~~~~~~~~~~~~~~~  action reward is 8.450462444859223
self.total_time is 10000,costtime is 62321.12451958656
round+self.ppomodel.max_timesteps_per_episode 80 200 True
one tragtory collected---------
~~~~~~~~~~~~~~~~~~~~~~~~~~~~~~ global moedl send to all client
~~~~~~~~~~~~~~~~~~~~~~~~~~~~~~ all client start local training
~~~~~~~~~~~~~~~~~~~~~~~~~~~~~~ all client end local training 
##############################  round is 76 ;env state is tensor([[1.2060e+02, 2.3700e+03, 0.0000e+00, 7.5000e+01],
        [8.7259e+00, 2.6120e+03, 0.0000e+00, 0.0000e+00],
        [4.8818e+00, 5.3400e+02, 0.0000e+00, 0.0000e+00],
        [2.8269e+01, 2.1840e+03, 0.0000e+00, 0.0000e+00],
        [2.9293e+01, 8.0400e+03, 0.0000e+00, 0.0000e+00],
        [5.8505e+00, 3.7480e+03, 0.0000e+00, 0.0000e+00],
        [1.4251e+00, 7.9800e+03, 0.0000e+00, 0.0000e+00],
        [3.3191e+01, 1.4140e+03, 0.0000e+00, 0.0000e+00],
        [1.2978e+01, 3.6200e+02, 0.0000e+00, 0.0000e+00],
        [1.7762e+00, 4.0400e+03, 0.0000e+00, 0.0000e+00],
        [1.8440e+01, 2.3860e+03, 0.0000e+00, 7.5000e+01],
        [2.3342e+01, 5.1840e+03, 0.0000e+00, 5.5000e+01],
        [1.1037e+02, 4.9950e+03, 0.0000e+00, 7.5000e+01],
        [8.9678e+00, 1.2150e+03, 0.0000e+00, 7.5000e+01],
        [9.3991e+01, 3.1570e+03, 0.0000e+00, 7.5000e+01],
        [2.4242e-01, 7.8000e+01, 0.0000e+00, 5.8000e+01],
        [9.4563e+00, 4.9950e+03, 0.0000e+00, 5.5000e+01],
        [5.2685e+01, 6.9470e+03, 0.0000e+00, 7.5000e+01],
        [3.0171e+01, 3.8720e+03, 0.0000e+00, 7.5000e+01],
        [2.7537e+01, 3.8870e+03, 0.0000e+00, 0.0000e+00]])
action: [[ 156.0561    358.79105   473.31747   173.47633   -28.310852  -45.686516
  -191.54817   647.4568    248.13556  -340.80365   597.7012   -238.2497
   734.56274  -268.5136    159.62596   186.234     294.34094   282.6843
   529.0279    950.2557  ]] prob tensor([-24.1567])
send select message to client ,select client id  is : [19, 1, 2, 3, 4, 5, 6, 7, 8, 9]
~~~~~~~~~~~~~~~~~~~~~~~~~~~~~~ global model aggragation and  send  to client 
-------------------------------------------------- ------ep_t is 0, t is 16 -Round : 76，Evaluate global mode------------- --------------------------------------------------
Averaged Train Loss: 1.5464
Averaged Test Accurancy: 0.7121
Averaged Test AUC: 0.8971
Std Test Accurancy: 0.2320
Std Test AUC: 0.1591
------------------------------ --------------------- ------------------------------
~~~~~~~~~~~~~~~~~~~~~~~~~~~~~~  action reward is 8.453570009675788
self.total_time is 10000,costtime is 66958.07578349113
round+self.ppomodel.max_timesteps_per_episode 81 200 True
one tragtory collected---------
~~~~~~~~~~~~~~~~~~~~~~~~~~~~~~ global moedl send to all client
~~~~~~~~~~~~~~~~~~~~~~~~~~~~~~ all client start local training
~~~~~~~~~~~~~~~~~~~~~~~~~~~~~~ all client end local training 
##############################  round is 77 ;env state is tensor([[1.2035e+02, 2.3700e+03, 0.0000e+00, 7.6000e+01],
        [8.6007e+00, 2.6120e+03, 0.0000e+00, 0.0000e+00],
        [4.8445e+00, 5.3400e+02, 0.0000e+00, 0.0000e+00],
        [2.7907e+01, 2.1840e+03, 0.0000e+00, 0.0000e+00],
        [2.8291e+01, 8.0400e+03, 0.0000e+00, 0.0000e+00],
        [5.7685e+00, 3.7480e+03, 0.0000e+00, 0.0000e+00],
        [1.4061e+00, 7.9800e+03, 0.0000e+00, 0.0000e+00],
        [3.2932e+01, 1.4140e+03, 0.0000e+00, 0.0000e+00],
        [1.2935e+01, 3.6200e+02, 0.0000e+00, 0.0000e+00],
        [1.7527e+00, 4.0400e+03, 0.0000e+00, 0.0000e+00],
        [1.8381e+01, 2.3860e+03, 0.0000e+00, 7.6000e+01],
        [2.3174e+01, 5.1840e+03, 0.0000e+00, 5.6000e+01],
        [1.0989e+02, 4.9950e+03, 0.0000e+00, 7.6000e+01],
        [8.9400e+00, 1.2150e+03, 0.0000e+00, 7.6000e+01],
        [9.3818e+01, 3.1570e+03, 0.0000e+00, 7.6000e+01],
        [2.4009e-01, 7.8000e+01, 0.0000e+00, 5.9000e+01],
        [9.4104e+00, 4.9950e+03, 0.0000e+00, 5.6000e+01],
        [5.2578e+01, 6.9470e+03, 0.0000e+00, 7.6000e+01],
        [3.0073e+01, 3.8720e+03, 0.0000e+00, 7.6000e+01],
        [2.6992e+01, 3.8870e+03, 0.0000e+00, 0.0000e+00]])
action: [[ 156.66194   357.47046   474.68494   173.9088    -29.79668   -46.980484
  -193.00888   648.6665    247.9194   -342.9557    598.1154   -239.4611
   732.357    -268.082     160.32536   186.77599   293.11414   281.34225
   529.662     950.43243 ]] prob tensor([-24.5931])
send select message to client ,select client id  is : [19, 1, 2, 3, 4, 5, 6, 7, 8, 9]
~~~~~~~~~~~~~~~~~~~~~~~~~~~~~~ global model aggragation and  send  to client 
-------------------------------------------------- ------ep_t is 0, t is 17 -Round : 77，Evaluate global mode------------- --------------------------------------------------
Averaged Train Loss: 1.5432
Averaged Test Accurancy: 0.7124
Averaged Test AUC: 0.8976
Std Test Accurancy: 0.2322
Std Test AUC: 0.1582
------------------------------ --------------------- ------------------------------
~~~~~~~~~~~~~~~~~~~~~~~~~~~~~~  action reward is 8.456761983456413
self.total_time is 10000,costtime is 71655.19101548195
round+self.ppomodel.max_timesteps_per_episode 82 200 True
one tragtory collected---------
~~~~~~~~~~~~~~~~~~~~~~~~~~~~~~ global moedl send to all client
~~~~~~~~~~~~~~~~~~~~~~~~~~~~~~ all client start local training
~~~~~~~~~~~~~~~~~~~~~~~~~~~~~~ all client end local training 
##############################  round is 78 ;env state is tensor([[1.2011e+02, 2.3700e+03, 0.0000e+00, 7.7000e+01],
        [8.4824e+00, 2.6120e+03, 0.0000e+00, 0.0000e+00],
        [4.8083e+00, 5.3400e+02, 0.0000e+00, 0.0000e+00],
        [2.7560e+01, 2.1840e+03, 0.0000e+00, 0.0000e+00],
        [2.7875e+01, 8.0400e+03, 0.0000e+00, 0.0000e+00],
        [5.6913e+00, 3.7480e+03, 0.0000e+00, 0.0000e+00],
        [1.3869e+00, 7.9800e+03, 0.0000e+00, 0.0000e+00],
        [3.2659e+01, 1.4140e+03, 0.0000e+00, 0.0000e+00],
        [1.2892e+01, 3.6200e+02, 0.0000e+00, 0.0000e+00],
        [1.7288e+00, 4.0400e+03, 0.0000e+00, 0.0000e+00],
        [1.8314e+01, 2.3860e+03, 0.0000e+00, 7.7000e+01],
        [2.3009e+01, 5.1840e+03, 0.0000e+00, 5.7000e+01],
        [1.0947e+02, 4.9950e+03, 0.0000e+00, 7.7000e+01],
        [8.9170e+00, 1.2150e+03, 0.0000e+00, 7.7000e+01],
        [9.3660e+01, 3.1570e+03, 0.0000e+00, 7.7000e+01],
        [2.3780e-01, 7.8000e+01, 0.0000e+00, 6.0000e+01],
        [9.3925e+00, 4.9950e+03, 0.0000e+00, 5.7000e+01],
        [5.2474e+01, 6.9470e+03, 0.0000e+00, 7.7000e+01],
        [3.0024e+01, 3.8720e+03, 0.0000e+00, 7.7000e+01],
        [2.6541e+01, 3.8870e+03, 0.0000e+00, 0.0000e+00]])
action: [[ 156.33055   358.2323    475.58267   172.91911   -29.512312  -45.678234
  -192.26405   648.22815   247.46667  -340.32666   597.6921   -240.78915
   731.9379   -268.16223   158.86053   186.53033   293.2836    282.5545
   529.5589    949.0713  ]] prob tensor([-19.9123])
send select message to client ,select client id  is : [19, 1, 2, 3, 4, 5, 6, 7, 8, 9]
~~~~~~~~~~~~~~~~~~~~~~~~~~~~~~ global model aggragation and  send  to client 
-------------------------------------------------- ------ep_t is 0, t is 18 -Round : 78，Evaluate global mode------------- --------------------------------------------------
Averaged Train Loss: 1.5402
Averaged Test Accurancy: 0.7127
Averaged Test AUC: 0.8980
Std Test Accurancy: 0.2317
Std Test AUC: 0.1573
------------------------------ --------------------- ------------------------------
~~~~~~~~~~~~~~~~~~~~~~~~~~~~~~  action reward is 8.459785685042082
self.total_time is 10000,costtime is 76413.36007452011
round+self.ppomodel.max_timesteps_per_episode 83 200 True
one tragtory collected---------
~~~~~~~~~~~~~~~~~~~~~~~~~~~~~~ global moedl send to all client
~~~~~~~~~~~~~~~~~~~~~~~~~~~~~~ all client start local training
~~~~~~~~~~~~~~~~~~~~~~~~~~~~~~ all client end local training 
##############################  round is 79 ;env state is tensor([[1.1990e+02, 2.3700e+03, 0.0000e+00, 7.8000e+01],
        [8.3664e+00, 2.6120e+03, 0.0000e+00, 0.0000e+00],
        [4.7734e+00, 5.3400e+02, 0.0000e+00, 0.0000e+00],
        [2.7220e+01, 2.1840e+03, 0.0000e+00, 0.0000e+00],
        [2.7281e+01, 8.0400e+03, 0.0000e+00, 0.0000e+00],
        [5.6128e+00, 3.7480e+03, 0.0000e+00, 0.0000e+00],
        [1.3693e+00, 7.9800e+03, 0.0000e+00, 0.0000e+00],
        [3.2405e+01, 1.4140e+03, 0.0000e+00, 0.0000e+00],
        [1.2848e+01, 3.6200e+02, 0.0000e+00, 0.0000e+00],
        [1.7078e+00, 4.0400e+03, 0.0000e+00, 0.0000e+00],
        [1.8253e+01, 2.3860e+03, 0.0000e+00, 7.8000e+01],
        [2.2871e+01, 5.1840e+03, 0.0000e+00, 5.8000e+01],
        [1.0917e+02, 4.9950e+03, 0.0000e+00, 7.8000e+01],
        [8.8912e+00, 1.2150e+03, 0.0000e+00, 7.8000e+01],
        [9.3436e+01, 3.1570e+03, 0.0000e+00, 7.8000e+01],
        [2.3565e-01, 7.8000e+01, 0.0000e+00, 6.1000e+01],
        [9.3509e+00, 4.9950e+03, 0.0000e+00, 5.8000e+01],
        [5.2345e+01, 6.9470e+03, 0.0000e+00, 7.8000e+01],
        [2.9958e+01, 3.8720e+03, 0.0000e+00, 7.8000e+01],
        [2.5888e+01, 3.8870e+03, 0.0000e+00, 0.0000e+00]])
action: [[ 157.00146  357.7083   474.91895  173.53542  -29.35727  -45.51976
  -193.56348  648.20386  248.09995 -340.0836   598.2877  -240.28372
   732.3544  -267.23602  159.94582  187.25162  293.7558   281.5714
   530.97815  948.7685 ]] prob tensor([-22.3477])
send select message to client ,select client id  is : [19, 1, 2, 3, 4, 5, 6, 7, 8, 9]
~~~~~~~~~~~~~~~~~~~~~~~~~~~~~~ global model aggragation and  send  to client 
-------------------------------------------------- ------ep_t is 0, t is 19 -Round : 79，Evaluate global mode------------- --------------------------------------------------
Averaged Train Loss: 1.5368
Averaged Test Accurancy: 0.7128
Averaged Test AUC: 0.8985
Std Test Accurancy: 0.2319
Std Test AUC: 0.1565
------------------------------ --------------------- ------------------------------
~~~~~~~~~~~~~~~~~~~~~~~~~~~~~~  action reward is 8.463214563406126
self.total_time is 10000,costtime is 81231.58507752419
round+self.ppomodel.max_timesteps_per_episode 84 200 True
one tragtory collected---------
~~~~~~~~~~~~~~~~~~~~~~~~~~~~~~ global moedl send to all client
~~~~~~~~~~~~~~~~~~~~~~~~~~~~~~ all client start local training
~~~~~~~~~~~~~~~~~~~~~~~~~~~~~~ all client end local training 
##############################  round is 80 ;env state is tensor([[1.1973e+02, 2.3700e+03, 0.0000e+00, 7.9000e+01],
        [8.2495e+00, 2.6120e+03, 0.0000e+00, 0.0000e+00],
        [4.7387e+00, 5.3400e+02, 0.0000e+00, 0.0000e+00],
        [2.6866e+01, 2.1840e+03, 0.0000e+00, 0.0000e+00],
        [2.6314e+01, 8.0400e+03, 0.0000e+00, 0.0000e+00],
        [5.5364e+00, 3.7480e+03, 0.0000e+00, 0.0000e+00],
        [1.3504e+00, 7.9800e+03, 0.0000e+00, 0.0000e+00],
        [3.2153e+01, 1.4140e+03, 0.0000e+00, 0.0000e+00],
        [1.2815e+01, 3.6200e+02, 0.0000e+00, 0.0000e+00],
        [1.6857e+00, 4.0400e+03, 0.0000e+00, 0.0000e+00],
        [1.8180e+01, 2.3860e+03, 0.0000e+00, 7.9000e+01],
        [2.2740e+01, 5.1840e+03, 0.0000e+00, 5.9000e+01],
        [1.0936e+02, 4.9950e+03, 0.0000e+00, 7.9000e+01],
        [8.8635e+00, 1.2150e+03, 0.0000e+00, 7.9000e+01],
        [9.3259e+01, 3.1570e+03, 0.0000e+00, 7.9000e+01],
        [2.3345e-01, 7.8000e+01, 0.0000e+00, 6.2000e+01],
        [9.2999e+00, 4.9950e+03, 0.0000e+00, 5.9000e+01],
        [5.2256e+01, 6.9470e+03, 0.0000e+00, 7.9000e+01],
        [2.9896e+01, 3.8720e+03, 0.0000e+00, 7.9000e+01],
        [2.5513e+01, 3.8870e+03, 0.0000e+00, 0.0000e+00]])
action: [[ 156.63004   359.4804    475.49963   172.60083   -28.343561  -45.471123
  -193.49944   647.5797    247.23854  -341.37387   599.3056   -239.82072
   733.6377   -267.41528   159.25313   187.48096   295.252     281.90836
   528.41144   950.0094  ]] prob tensor([-19.9183])
send select message to client ,select client id  is : [19, 1, 2, 3, 4, 5, 6, 7, 8, 9]
~~~~~~~~~~~~~~~~~~~~~~~~~~~~~~ global model aggragation and  send  to client 
-------------------------------------------------- ------ep_t is 0, t is 20 -Round : 80，Evaluate global mode------------- --------------------------------------------------
Averaged Train Loss: 1.5338
Averaged Test Accurancy: 0.7131
Averaged Test AUC: 0.8990
Std Test Accurancy: 0.2319
Std Test AUC: 0.1556
------------------------------ --------------------- ------------------------------
~~~~~~~~~~~~~~~~~~~~~~~~~~~~~~  action reward is 8.466165771613692
self.total_time is 10000,costtime is 86110.27942037582
round+self.ppomodel.max_timesteps_per_episode 85 200 True
one tragtory collected---------
batch_lens shape is : [3, 1, 1, 1, 1, 1, 1, 1, 1, 1, 1, 1, 1, 1, 1, 1, 1, 1]
############################## rl data collection success-t_so_far is 80,i_so_far is 4-,update network-----
update onece time is : 0.05602622032165527

-------------------- Iteration #4 --------------------
Average Episodic Length: 1.11
Average Episodic Return: 9.37
Average Loss: 0.20764
Timesteps So Far: 80
Iteration took: 1205.29 secs
------------------------------------------------------

################################################## rl  data start -------
~~~~~~~~~~~~~~~~~~~~~~~~~~~~~~ global moedl send to all client
~~~~~~~~~~~~~~~~~~~~~~~~~~~~~~ all client start local training
~~~~~~~~~~~~~~~~~~~~~~~~~~~~~~ all client end local training 
##############################  round is 81 ;env state is tensor([[1.1950e+02, 2.3700e+03, 0.0000e+00, 8.0000e+01],
        [8.1391e+00, 2.6120e+03, 0.0000e+00, 0.0000e+00],
        [4.7049e+00, 5.3400e+02, 0.0000e+00, 0.0000e+00],
        [2.6534e+01, 2.1840e+03, 0.0000e+00, 0.0000e+00],
        [2.5738e+01, 8.0400e+03, 0.0000e+00, 0.0000e+00],
        [5.4618e+00, 3.7480e+03, 0.0000e+00, 0.0000e+00],
        [1.3344e+00, 7.9800e+03, 0.0000e+00, 0.0000e+00],
        [3.1888e+01, 1.4140e+03, 0.0000e+00, 0.0000e+00],
        [1.2783e+01, 3.6200e+02, 0.0000e+00, 0.0000e+00],
        [1.6636e+00, 4.0400e+03, 0.0000e+00, 0.0000e+00],
        [1.8124e+01, 2.3860e+03, 0.0000e+00, 8.0000e+01],
        [2.2682e+01, 5.1840e+03, 0.0000e+00, 6.0000e+01],
        [1.0934e+02, 4.9950e+03, 0.0000e+00, 8.0000e+01],
        [8.8339e+00, 1.2150e+03, 0.0000e+00, 8.0000e+01],
        [9.3096e+01, 3.1570e+03, 0.0000e+00, 8.0000e+01],
        [2.3128e-01, 7.8000e+01, 0.0000e+00, 6.3000e+01],
        [9.2611e+00, 4.9950e+03, 0.0000e+00, 6.0000e+01],
        [5.2154e+01, 6.9470e+03, 0.0000e+00, 8.0000e+01],
        [2.9829e+01, 3.8720e+03, 0.0000e+00, 8.0000e+01],
        [2.5221e+01, 3.8870e+03, 0.0000e+00, 0.0000e+00]])
action: [[ 122.2263    436.05194   516.8157    173.22914    11.458135   57.23602
  -190.60693   597.7524    320.9943   -378.78992   621.8539   -312.95004
   806.08844  -251.4689     70.8917    207.323     322.79532   230.99506
   565.3362    983.62646 ]] prob tensor([-18.7208])
send select message to client ,select client id  is : [19, 1, 2, 3, 4, 5, 6, 7, 8, 9]
~~~~~~~~~~~~~~~~~~~~~~~~~~~~~~ global model aggragation and  send  to client 
-------------------------------------------------- ------ep_t is 0, t is 1 -Round : 81，Evaluate global mode------------- --------------------------------------------------
Averaged Train Loss: 1.5303
Averaged Test Accurancy: 0.7133
Averaged Test AUC: 0.8995
Std Test Accurancy: 0.2317
Std Test AUC: 0.1548
------------------------------ --------------------- ------------------------------
~~~~~~~~~~~~~~~~~~~~~~~~~~~~~~  action reward is 8.469676270000706
~~~~~~~~~~~~~~~~~~~~~~~~~~~~~~ global moedl send to all client
~~~~~~~~~~~~~~~~~~~~~~~~~~~~~~ all client start local training
~~~~~~~~~~~~~~~~~~~~~~~~~~~~~~ all client end local training 
##############################  round is 82 ;env state is tensor([[1.1931e+02, 2.3700e+03, 0.0000e+00, 8.1000e+01],
        [8.0284e+00, 2.6120e+03, 0.0000e+00, 0.0000e+00],
        [4.6729e+00, 5.3400e+02, 0.0000e+00, 0.0000e+00],
        [2.6204e+01, 2.1840e+03, 0.0000e+00, 0.0000e+00],
        [2.5059e+01, 8.0400e+03, 0.0000e+00, 0.0000e+00],
        [5.3897e+00, 3.7480e+03, 0.0000e+00, 0.0000e+00],
        [1.3166e+00, 7.9800e+03, 0.0000e+00, 0.0000e+00],
        [3.1609e+01, 1.4140e+03, 0.0000e+00, 0.0000e+00],
        [1.2799e+01, 3.6200e+02, 0.0000e+00, 0.0000e+00],
        [1.6434e+00, 4.0400e+03, 0.0000e+00, 0.0000e+00],
        [1.8063e+01, 2.3860e+03, 0.0000e+00, 8.1000e+01],
        [2.2511e+01, 5.1840e+03, 0.0000e+00, 6.1000e+01],
        [1.0888e+02, 4.9950e+03, 0.0000e+00, 8.1000e+01],
        [8.8083e+00, 1.2150e+03, 0.0000e+00, 8.1000e+01],
        [9.2997e+01, 3.1570e+03, 0.0000e+00, 8.1000e+01],
        [2.2922e-01, 7.8000e+01, 0.0000e+00, 6.4000e+01],
        [9.2011e+00, 4.9950e+03, 0.0000e+00, 6.1000e+01],
        [5.2085e+01, 6.9470e+03, 0.0000e+00, 8.1000e+01],
        [2.9820e+01, 3.8720e+03, 0.0000e+00, 8.1000e+01],
        [2.4742e+01, 3.8870e+03, 0.0000e+00, 0.0000e+00]])
action: [[ 121.39445   436.4757    515.70776   172.48051    10.98553    56.815052
  -192.13704   598.4275    320.43518  -376.51807   623.0868   -314.33765
   807.1972   -251.13092    69.24204   206.81374   321.86832   230.73145
   564.4814    982.01636 ]] prob tensor([-25.1052])
send select message to client ,select client id  is : [19, 1, 2, 3, 4, 5, 6, 7, 8, 9]
~~~~~~~~~~~~~~~~~~~~~~~~~~~~~~ global model aggragation and  send  to client 
-------------------------------------------------- ------ep_t is 1, t is 2 -Round : 82，Evaluate global mode------------- --------------------------------------------------
Averaged Train Loss: 1.5270
Averaged Test Accurancy: 0.7136
Averaged Test AUC: 0.8999
Std Test Accurancy: 0.2317
Std Test AUC: 0.1539
------------------------------ --------------------- ------------------------------
~~~~~~~~~~~~~~~~~~~~~~~~~~~~~~  action reward is 8.473022227978577
~~~~~~~~~~~~~~~~~~~~~~~~~~~~~~ global moedl send to all client
~~~~~~~~~~~~~~~~~~~~~~~~~~~~~~ all client start local training
~~~~~~~~~~~~~~~~~~~~~~~~~~~~~~ all client end local training 
##############################  round is 83 ;env state is tensor([[1.1904e+02, 2.3700e+03, 0.0000e+00, 8.2000e+01],
        [7.9200e+00, 2.6120e+03, 0.0000e+00, 0.0000e+00],
        [4.6407e+00, 5.3400e+02, 0.0000e+00, 0.0000e+00],
        [2.5885e+01, 2.1840e+03, 0.0000e+00, 0.0000e+00],
        [2.4614e+01, 8.0400e+03, 0.0000e+00, 0.0000e+00],
        [5.3197e+00, 3.7480e+03, 0.0000e+00, 0.0000e+00],
        [1.3008e+00, 7.9800e+03, 0.0000e+00, 0.0000e+00],
        [3.1445e+01, 1.4140e+03, 0.0000e+00, 0.0000e+00],
        [1.2763e+01, 3.6200e+02, 0.0000e+00, 0.0000e+00],
        [1.6235e+00, 4.0400e+03, 0.0000e+00, 0.0000e+00],
        [1.8000e+01, 2.3860e+03, 0.0000e+00, 8.2000e+01],
        [2.2377e+01, 5.1840e+03, 0.0000e+00, 6.2000e+01],
        [1.0900e+02, 4.9950e+03, 0.0000e+00, 8.2000e+01],
        [8.7846e+00, 1.2150e+03, 0.0000e+00, 8.2000e+01],
        [9.2850e+01, 3.1570e+03, 0.0000e+00, 8.2000e+01],
        [2.2717e-01, 7.8000e+01, 0.0000e+00, 6.5000e+01],
        [9.1591e+00, 4.9950e+03, 0.0000e+00, 6.2000e+01],
        [5.1973e+01, 6.9470e+03, 0.0000e+00, 8.2000e+01],
        [2.9778e+01, 3.8720e+03, 0.0000e+00, 8.2000e+01],
        [2.4249e+01, 3.8870e+03, 0.0000e+00, 0.0000e+00]])
action: [[ 121.696884  435.3753    515.7042    173.0744     12.240886   55.92538
  -192.31279   597.87775   319.86655  -377.8899    622.57117  -314.5091
   806.4743   -250.09782    70.71034   206.84143   323.73343   230.05034
   566.8763    981.88086 ]] prob tensor([-21.9048])
send select message to client ,select client id  is : [19, 1, 2, 3, 4, 5, 6, 7, 8, 9]
~~~~~~~~~~~~~~~~~~~~~~~~~~~~~~ global model aggragation and  send  to client 
-------------------------------------------------- ------ep_t is 2, t is 3 -Round : 83，Evaluate global mode------------- --------------------------------------------------
Averaged Train Loss: 1.5237
Averaged Test Accurancy: 0.7140
Averaged Test AUC: 0.9004
Std Test Accurancy: 0.2317
Std Test AUC: 0.1531
------------------------------ --------------------- ------------------------------
~~~~~~~~~~~~~~~~~~~~~~~~~~~~~~  action reward is 8.476269111637261
self.total_time is 10000,costtime is 14998.112982034683
round+self.ppomodel.max_timesteps_per_episode 88 200 True
one tragtory collected---------
~~~~~~~~~~~~~~~~~~~~~~~~~~~~~~ global moedl send to all client
~~~~~~~~~~~~~~~~~~~~~~~~~~~~~~ all client start local training
~~~~~~~~~~~~~~~~~~~~~~~~~~~~~~ all client end local training 
##############################  round is 84 ;env state is tensor([[1.1890e+02, 2.3700e+03, 0.0000e+00, 8.3000e+01],
        [7.8163e+00, 2.6120e+03, 0.0000e+00, 0.0000e+00],
        [4.6107e+00, 5.3400e+02, 0.0000e+00, 0.0000e+00],
        [2.5555e+01, 2.1840e+03, 0.0000e+00, 0.0000e+00],
        [2.4105e+01, 8.0400e+03, 0.0000e+00, 0.0000e+00],
        [5.2517e+00, 3.7480e+03, 0.0000e+00, 0.0000e+00],
        [1.2854e+00, 7.9800e+03, 0.0000e+00, 0.0000e+00],
        [3.1213e+01, 1.4140e+03, 0.0000e+00, 0.0000e+00],
        [1.2726e+01, 3.6200e+02, 0.0000e+00, 0.0000e+00],
        [1.6046e+00, 4.0400e+03, 0.0000e+00, 0.0000e+00],
        [1.7940e+01, 2.3860e+03, 0.0000e+00, 8.3000e+01],
        [2.2240e+01, 5.1840e+03, 0.0000e+00, 6.3000e+01],
        [1.0849e+02, 4.9950e+03, 0.0000e+00, 8.3000e+01],
        [8.7615e+00, 1.2150e+03, 0.0000e+00, 8.3000e+01],
        [9.2670e+01, 3.1570e+03, 0.0000e+00, 8.3000e+01],
        [2.2513e-01, 7.8000e+01, 0.0000e+00, 6.6000e+01],
        [9.1259e+00, 4.9950e+03, 0.0000e+00, 6.3000e+01],
        [5.1851e+01, 6.9470e+03, 0.0000e+00, 8.3000e+01],
        [2.9700e+01, 3.8720e+03, 0.0000e+00, 8.3000e+01],
        [2.3757e+01, 3.8870e+03, 0.0000e+00, 0.0000e+00]])
action: [[ 121.54742   435.20633   515.7597    171.53622    11.203216   55.707333
  -190.64532   597.36743   320.73956  -378.9776    622.7158   -313.00327
   806.12366  -251.40959    70.65067   206.47472   322.0785    229.90593
   565.26855   982.4061  ]] prob tensor([-17.4258])
send select message to client ,select client id  is : [19, 1, 2, 3, 4, 5, 6, 7, 8, 9]
~~~~~~~~~~~~~~~~~~~~~~~~~~~~~~ global model aggragation and  send  to client 
-------------------------------------------------- ------ep_t is 0, t is 4 -Round : 84，Evaluate global mode------------- --------------------------------------------------
Averaged Train Loss: 1.5204
Averaged Test Accurancy: 0.7147
Averaged Test AUC: 0.9009
Std Test Accurancy: 0.2314
Std Test AUC: 0.1523
------------------------------ --------------------- ------------------------------
~~~~~~~~~~~~~~~~~~~~~~~~~~~~~~  action reward is 8.47959930428293
self.total_time is 10000,costtime is 20118.60597205162
round+self.ppomodel.max_timesteps_per_episode 89 200 True
one tragtory collected---------
~~~~~~~~~~~~~~~~~~~~~~~~~~~~~~ global moedl send to all client
~~~~~~~~~~~~~~~~~~~~~~~~~~~~~~ all client start local training
~~~~~~~~~~~~~~~~~~~~~~~~~~~~~~ all client end local training 
##############################  round is 85 ;env state is tensor([[1.1863e+02, 2.3700e+03, 0.0000e+00, 8.4000e+01],
        [7.7141e+00, 2.6120e+03, 0.0000e+00, 0.0000e+00],
        [4.5804e+00, 5.3400e+02, 0.0000e+00, 0.0000e+00],
        [2.5220e+01, 2.1840e+03, 0.0000e+00, 0.0000e+00],
        [2.3757e+01, 8.0400e+03, 0.0000e+00, 0.0000e+00],
        [5.1842e+00, 3.7480e+03, 0.0000e+00, 0.0000e+00],
        [1.2699e+00, 7.9800e+03, 0.0000e+00, 0.0000e+00],
        [3.0990e+01, 1.4140e+03, 0.0000e+00, 0.0000e+00],
        [1.2696e+01, 3.6200e+02, 0.0000e+00, 0.0000e+00],
        [1.5862e+00, 4.0400e+03, 0.0000e+00, 0.0000e+00],
        [1.7875e+01, 2.3860e+03, 0.0000e+00, 8.4000e+01],
        [2.2097e+01, 5.1840e+03, 0.0000e+00, 6.4000e+01],
        [1.0841e+02, 4.9950e+03, 0.0000e+00, 8.4000e+01],
        [8.7375e+00, 1.2150e+03, 0.0000e+00, 8.4000e+01],
        [9.2509e+01, 3.1570e+03, 0.0000e+00, 8.4000e+01],
        [2.2315e-01, 7.8000e+01, 0.0000e+00, 6.7000e+01],
        [9.0914e+00, 4.9950e+03, 0.0000e+00, 6.4000e+01],
        [5.1759e+01, 6.9470e+03, 0.0000e+00, 8.4000e+01],
        [2.9761e+01, 3.8720e+03, 0.0000e+00, 8.4000e+01],
        [2.3426e+01, 3.8870e+03, 0.0000e+00, 0.0000e+00]])
action: [[ 120.5221    436.19962   516.0233    173.16478    12.518704   55.65538
  -190.904     599.3127    321.00275  -377.77615   622.2031   -313.21262
   805.87134  -250.16316    72.37257   206.26945   323.33044   231.84456
   566.0504    983.0958  ]] prob tensor([-22.5157])
send select message to client ,select client id  is : [19, 1, 2, 3, 4, 5, 6, 7, 8, 9]
~~~~~~~~~~~~~~~~~~~~~~~~~~~~~~ global model aggragation and  send  to client 
-------------------------------------------------- ------ep_t is 0, t is 5 -Round : 85，Evaluate global mode------------- --------------------------------------------------
Averaged Train Loss: 1.5175
Averaged Test Accurancy: 0.7148
Averaged Test AUC: 0.9013
Std Test Accurancy: 0.2317
Std Test AUC: 0.1515
------------------------------ --------------------- ------------------------------
~~~~~~~~~~~~~~~~~~~~~~~~~~~~~~  action reward is 8.482465404526579
self.total_time is 10000,costtime is 25299.32457613945
round+self.ppomodel.max_timesteps_per_episode 90 200 True
one tragtory collected---------
~~~~~~~~~~~~~~~~~~~~~~~~~~~~~~ global moedl send to all client
~~~~~~~~~~~~~~~~~~~~~~~~~~~~~~ all client start local training
~~~~~~~~~~~~~~~~~~~~~~~~~~~~~~ all client end local training 
##############################  round is 86 ;env state is tensor([[1.1852e+02, 2.3700e+03, 0.0000e+00, 8.5000e+01],
        [7.6140e+00, 2.6120e+03, 0.0000e+00, 0.0000e+00],
        [4.5511e+00, 5.3400e+02, 0.0000e+00, 0.0000e+00],
        [2.4908e+01, 2.1840e+03, 0.0000e+00, 0.0000e+00],
        [2.3269e+01, 8.0400e+03, 0.0000e+00, 0.0000e+00],
        [5.1192e+00, 3.7480e+03, 0.0000e+00, 0.0000e+00],
        [1.2542e+00, 7.9800e+03, 0.0000e+00, 0.0000e+00],
        [3.0734e+01, 1.4140e+03, 0.0000e+00, 0.0000e+00],
        [1.2669e+01, 3.6200e+02, 0.0000e+00, 0.0000e+00],
        [1.5680e+00, 4.0400e+03, 0.0000e+00, 0.0000e+00],
        [1.7821e+01, 2.3860e+03, 0.0000e+00, 8.5000e+01],
        [2.1967e+01, 5.1840e+03, 0.0000e+00, 6.5000e+01],
        [1.0798e+02, 4.9950e+03, 0.0000e+00, 8.5000e+01],
        [8.7160e+00, 1.2150e+03, 0.0000e+00, 8.5000e+01],
        [9.2366e+01, 3.1570e+03, 0.0000e+00, 8.5000e+01],
        [2.2124e-01, 7.8000e+01, 0.0000e+00, 6.8000e+01],
        [9.0536e+00, 4.9950e+03, 0.0000e+00, 6.5000e+01],
        [5.1670e+01, 6.9470e+03, 0.0000e+00, 8.5000e+01],
        [2.9727e+01, 3.8720e+03, 0.0000e+00, 8.5000e+01],
        [2.2994e+01, 3.8870e+03, 0.0000e+00, 0.0000e+00]])
action: [[ 120.93039   435.2464    516.6768    172.5552     10.950529   56.529716
  -192.30191   598.878     321.08316  -378.2417    622.52     -312.8805
   806.6597   -250.96227    70.89119   205.91893   323.96234   229.8616
   565.8353    982.4922  ]] prob tensor([-16.7630])
send select message to client ,select client id  is : [19, 1, 2, 3, 4, 5, 6, 7, 8, 9]
~~~~~~~~~~~~~~~~~~~~~~~~~~~~~~ global model aggragation and  send  to client 
-------------------------------------------------- ------ep_t is 0, t is 6 -Round : 86，Evaluate global mode------------- --------------------------------------------------
Averaged Train Loss: 1.5141
Averaged Test Accurancy: 0.7148
Averaged Test AUC: 0.9017
Std Test Accurancy: 0.2316
Std Test AUC: 0.1507
------------------------------ --------------------- ------------------------------
~~~~~~~~~~~~~~~~~~~~~~~~~~~~~~  action reward is 8.485886887330153
self.total_time is 10000,costtime is 30539.695221185684
round+self.ppomodel.max_timesteps_per_episode 91 200 True
one tragtory collected---------
~~~~~~~~~~~~~~~~~~~~~~~~~~~~~~ global moedl send to all client
~~~~~~~~~~~~~~~~~~~~~~~~~~~~~~ all client start local training
~~~~~~~~~~~~~~~~~~~~~~~~~~~~~~ all client end local training 
##############################  round is 87 ;env state is tensor([[1.1831e+02, 2.3700e+03, 0.0000e+00, 8.6000e+01],
        [7.5170e+00, 2.6120e+03, 0.0000e+00, 0.0000e+00],
        [4.5224e+00, 5.3400e+02, 0.0000e+00, 0.0000e+00],
        [2.4618e+01, 2.1840e+03, 0.0000e+00, 0.0000e+00],
        [2.2609e+01, 8.0400e+03, 0.0000e+00, 0.0000e+00],
        [5.0564e+00, 3.7480e+03, 0.0000e+00, 0.0000e+00],
        [1.2417e+00, 7.9800e+03, 0.0000e+00, 0.0000e+00],
        [3.0540e+01, 1.4140e+03, 0.0000e+00, 0.0000e+00],
        [1.2645e+01, 3.6200e+02, 0.0000e+00, 0.0000e+00],
        [1.5502e+00, 4.0400e+03, 0.0000e+00, 0.0000e+00],
        [1.7774e+01, 2.3860e+03, 0.0000e+00, 8.6000e+01],
        [2.1832e+01, 5.1840e+03, 0.0000e+00, 6.6000e+01],
        [1.0737e+02, 4.9950e+03, 0.0000e+00, 8.6000e+01],
        [8.6931e+00, 1.2150e+03, 0.0000e+00, 8.6000e+01],
        [9.2194e+01, 3.1570e+03, 0.0000e+00, 8.6000e+01],
        [2.1934e-01, 7.8000e+01, 0.0000e+00, 6.9000e+01],
        [9.0201e+00, 4.9950e+03, 0.0000e+00, 6.6000e+01],
        [5.1579e+01, 6.9470e+03, 0.0000e+00, 8.6000e+01],
        [2.9706e+01, 3.8720e+03, 0.0000e+00, 8.6000e+01],
        [2.2542e+01, 3.8870e+03, 0.0000e+00, 0.0000e+00]])
action: [[ 120.5641    435.8713    515.5482    173.78922    11.704843   54.90651
  -190.41026   598.00586   320.2401   -378.84204   623.3041   -314.19208
   806.5238   -251.90948    71.17979   207.49179   324.12393   231.04758
   565.4401    983.4772  ]] prob tensor([-22.1980])
send select message to client ,select client id  is : [19, 1, 2, 3, 4, 5, 6, 7, 8, 9]
~~~~~~~~~~~~~~~~~~~~~~~~~~~~~~ global model aggragation and  send  to client 
-------------------------------------------------- ------ep_t is 0, t is 7 -Round : 87，Evaluate global mode------------- --------------------------------------------------
Averaged Train Loss: 1.5110
Averaged Test Accurancy: 0.7147
Averaged Test AUC: 0.9022
Std Test Accurancy: 0.2316
Std Test AUC: 0.1499
------------------------------ --------------------- ------------------------------
~~~~~~~~~~~~~~~~~~~~~~~~~~~~~~  action reward is 8.488995255293649
self.total_time is 10000,costtime is 35840.54647111893
round+self.ppomodel.max_timesteps_per_episode 92 200 True
one tragtory collected---------
~~~~~~~~~~~~~~~~~~~~~~~~~~~~~~ global moedl send to all client
~~~~~~~~~~~~~~~~~~~~~~~~~~~~~~ all client start local training
~~~~~~~~~~~~~~~~~~~~~~~~~~~~~~ all client end local training 
##############################  round is 88 ;env state is tensor([[1.1811e+02, 2.3700e+03, 0.0000e+00, 8.7000e+01],
        [7.4204e+00, 2.6120e+03, 0.0000e+00, 0.0000e+00],
        [4.4938e+00, 5.3400e+02, 0.0000e+00, 0.0000e+00],
        [2.4309e+01, 2.1840e+03, 0.0000e+00, 0.0000e+00],
        [2.2113e+01, 8.0400e+03, 0.0000e+00, 0.0000e+00],
        [4.9921e+00, 3.7480e+03, 0.0000e+00, 0.0000e+00],
        [1.2252e+00, 7.9800e+03, 0.0000e+00, 0.0000e+00],
        [3.0281e+01, 1.4140e+03, 0.0000e+00, 0.0000e+00],
        [1.2668e+01, 3.6200e+02, 0.0000e+00, 0.0000e+00],
        [1.5340e+00, 4.0400e+03, 0.0000e+00, 0.0000e+00],
        [1.7717e+01, 2.3860e+03, 0.0000e+00, 8.7000e+01],
        [2.1723e+01, 5.1840e+03, 0.0000e+00, 6.7000e+01],
        [1.0747e+02, 4.9950e+03, 0.0000e+00, 8.7000e+01],
        [8.6704e+00, 1.2150e+03, 0.0000e+00, 8.7000e+01],
        [9.2154e+01, 3.1570e+03, 0.0000e+00, 8.7000e+01],
        [2.1741e-01, 7.8000e+01, 0.0000e+00, 7.0000e+01],
        [8.9828e+00, 4.9950e+03, 0.0000e+00, 6.7000e+01],
        [5.1489e+01, 6.9470e+03, 0.0000e+00, 8.7000e+01],
        [2.9626e+01, 3.8720e+03, 0.0000e+00, 8.7000e+01],
        [2.2127e+01, 3.8870e+03, 0.0000e+00, 0.0000e+00]])
action: [[ 122.50092   435.28613   516.8793    172.24284    11.866399   58.052593
  -190.68047   598.8237    320.61157  -377.44836   623.6397   -313.4679
   806.021    -252.3371     71.05347   205.05724   323.5664    230.31688
   565.64636   981.8112  ]] prob tensor([-25.4988])
send select message to client ,select client id  is : [19, 1, 2, 3, 4, 5, 6, 7, 8, 9]
~~~~~~~~~~~~~~~~~~~~~~~~~~~~~~ global model aggragation and  send  to client 
-------------------------------------------------- ------ep_t is 0, t is 8 -Round : 88，Evaluate global mode------------- --------------------------------------------------
Averaged Train Loss: 1.5076
Averaged Test Accurancy: 0.7152
Averaged Test AUC: 0.9026
Std Test Accurancy: 0.2311
Std Test AUC: 0.1491
------------------------------ --------------------- ------------------------------
~~~~~~~~~~~~~~~~~~~~~~~~~~~~~~  action reward is 8.492370297429321
self.total_time is 10000,costtime is 41201.74551320076
round+self.ppomodel.max_timesteps_per_episode 93 200 True
one tragtory collected---------
~~~~~~~~~~~~~~~~~~~~~~~~~~~~~~ global moedl send to all client
~~~~~~~~~~~~~~~~~~~~~~~~~~~~~~ all client start local training
~~~~~~~~~~~~~~~~~~~~~~~~~~~~~~ all client end local training 
##############################  round is 89 ;env state is tensor([[1.1792e+02, 2.3700e+03, 0.0000e+00, 8.8000e+01],
        [7.3280e+00, 2.6120e+03, 0.0000e+00, 0.0000e+00],
        [4.4657e+00, 5.3400e+02, 0.0000e+00, 0.0000e+00],
        [2.4004e+01, 2.1840e+03, 0.0000e+00, 0.0000e+00],
        [2.1739e+01, 8.0400e+03, 0.0000e+00, 0.0000e+00],
        [4.9285e+00, 3.7480e+03, 0.0000e+00, 0.0000e+00],
        [1.2119e+00, 7.9800e+03, 0.0000e+00, 0.0000e+00],
        [3.0102e+01, 1.4140e+03, 0.0000e+00, 0.0000e+00],
        [1.2638e+01, 3.6200e+02, 0.0000e+00, 0.0000e+00],
        [1.5170e+00, 4.0400e+03, 0.0000e+00, 0.0000e+00],
        [1.7666e+01, 2.3860e+03, 0.0000e+00, 8.8000e+01],
        [2.1589e+01, 5.1840e+03, 0.0000e+00, 6.8000e+01],
        [1.0727e+02, 4.9950e+03, 0.0000e+00, 8.8000e+01],
        [8.6540e+00, 1.2150e+03, 0.0000e+00, 8.8000e+01],
        [9.2013e+01, 3.1570e+03, 0.0000e+00, 8.8000e+01],
        [2.1557e-01, 7.8000e+01, 0.0000e+00, 7.1000e+01],
        [8.9518e+00, 4.9950e+03, 0.0000e+00, 6.8000e+01],
        [5.1399e+01, 6.9470e+03, 0.0000e+00, 8.8000e+01],
        [2.9553e+01, 3.8720e+03, 0.0000e+00, 8.8000e+01],
        [2.1727e+01, 3.8870e+03, 0.0000e+00, 0.0000e+00]])
action: [[ 121.08495   436.13977   516.573     172.08752    12.310615   57.416126
  -193.09052   597.3998    321.39923  -378.2106    623.5014   -312.43826
   806.98114  -250.02013    70.53741   206.83289   322.89346   230.26903
   565.1411    982.6292  ]] prob tensor([-20.1358])
send select message to client ,select client id  is : [19, 1, 2, 3, 4, 5, 6, 7, 8, 9]
~~~~~~~~~~~~~~~~~~~~~~~~~~~~~~ global model aggragation and  send  to client 
-------------------------------------------------- ------ep_t is 0, t is 9 -Round : 89，Evaluate global mode------------- --------------------------------------------------
Averaged Train Loss: 1.5044
Averaged Test Accurancy: 0.7154
Averaged Test AUC: 0.9030
Std Test Accurancy: 0.2311
Std Test AUC: 0.1483
------------------------------ --------------------- ------------------------------
~~~~~~~~~~~~~~~~~~~~~~~~~~~~~~  action reward is 8.495567980190259
self.total_time is 10000,costtime is 46624.85946035385
round+self.ppomodel.max_timesteps_per_episode 94 200 True
one tragtory collected---------
~~~~~~~~~~~~~~~~~~~~~~~~~~~~~~ global moedl send to all client
~~~~~~~~~~~~~~~~~~~~~~~~~~~~~~ all client start local training
~~~~~~~~~~~~~~~~~~~~~~~~~~~~~~ all client end local training 
##############################  round is 90 ;env state is tensor([[1.1775e+02, 2.3700e+03, 0.0000e+00, 8.9000e+01],
        [7.2392e+00, 2.6120e+03, 0.0000e+00, 0.0000e+00],
        [4.4362e+00, 5.3400e+02, 0.0000e+00, 0.0000e+00],
        [2.3700e+01, 2.1840e+03, 0.0000e+00, 0.0000e+00],
        [2.1454e+01, 8.0400e+03, 0.0000e+00, 0.0000e+00],
        [4.8620e+00, 3.7480e+03, 0.0000e+00, 0.0000e+00],
        [1.1981e+00, 7.9800e+03, 0.0000e+00, 0.0000e+00],
        [2.9882e+01, 1.4140e+03, 0.0000e+00, 0.0000e+00],
        [1.2614e+01, 3.6200e+02, 0.0000e+00, 0.0000e+00],
        [1.4999e+00, 4.0400e+03, 0.0000e+00, 0.0000e+00],
        [1.7619e+01, 2.3860e+03, 0.0000e+00, 8.9000e+01],
        [2.1460e+01, 5.1840e+03, 0.0000e+00, 6.9000e+01],
        [1.0700e+02, 4.9950e+03, 0.0000e+00, 8.9000e+01],
        [8.6372e+00, 1.2150e+03, 0.0000e+00, 8.9000e+01],
        [9.1875e+01, 3.1570e+03, 0.0000e+00, 8.9000e+01],
        [2.1377e-01, 7.8000e+01, 0.0000e+00, 7.2000e+01],
        [8.9208e+00, 4.9950e+03, 0.0000e+00, 6.9000e+01],
        [5.1305e+01, 6.9470e+03, 0.0000e+00, 8.9000e+01],
        [2.9511e+01, 3.8720e+03, 0.0000e+00, 8.9000e+01],
        [2.1331e+01, 3.8870e+03, 0.0000e+00, 0.0000e+00]])
action: [[ 120.91389   435.85333   515.5672    173.10805    11.544647   56.397667
  -191.87619   597.36224   321.88864  -378.04874   622.35834  -314.379
   806.4711   -250.98772    71.61031   206.19937   322.95224   228.97882
   566.03503   983.212   ]] prob tensor([-19.8868])
send select message to client ,select client id  is : [19, 1, 2, 3, 4, 5, 6, 7, 8, 9]
~~~~~~~~~~~~~~~~~~~~~~~~~~~~~~ global model aggragation and  send  to client 
-------------------------------------------------- ------ep_t is 0, t is 10 -Round : 90，Evaluate global mode------------- --------------------------------------------------
Averaged Train Loss: 1.5012
Averaged Test Accurancy: 0.7155
Averaged Test AUC: 0.9035
Std Test Accurancy: 0.2311
Std Test AUC: 0.1476
------------------------------ --------------------- ------------------------------
~~~~~~~~~~~~~~~~~~~~~~~~~~~~~~  action reward is 8.49875746520655
self.total_time is 10000,costtime is 52108.85352039337
round+self.ppomodel.max_timesteps_per_episode 95 200 True
one tragtory collected---------
~~~~~~~~~~~~~~~~~~~~~~~~~~~~~~ global moedl send to all client
~~~~~~~~~~~~~~~~~~~~~~~~~~~~~~ all client start local training
~~~~~~~~~~~~~~~~~~~~~~~~~~~~~~ all client end local training 
##############################  round is 91 ;env state is tensor([[1.1769e+02, 2.3700e+03, 0.0000e+00, 9.0000e+01],
        [7.1524e+00, 2.6120e+03, 0.0000e+00, 0.0000e+00],
        [4.4091e+00, 5.3400e+02, 0.0000e+00, 0.0000e+00],
        [2.3419e+01, 2.1840e+03, 0.0000e+00, 0.0000e+00],
        [2.0900e+01, 8.0400e+03, 0.0000e+00, 0.0000e+00],
        [4.8007e+00, 3.7480e+03, 0.0000e+00, 0.0000e+00],
        [1.1843e+00, 7.9800e+03, 0.0000e+00, 0.0000e+00],
        [2.9732e+01, 1.4140e+03, 0.0000e+00, 0.0000e+00],
        [1.2584e+01, 3.6200e+02, 0.0000e+00, 0.0000e+00],
        [1.4834e+00, 4.0400e+03, 0.0000e+00, 0.0000e+00],
        [1.7559e+01, 2.3860e+03, 0.0000e+00, 9.0000e+01],
        [2.1340e+01, 5.1840e+03, 0.0000e+00, 7.0000e+01],
        [1.0635e+02, 4.9950e+03, 0.0000e+00, 9.0000e+01],
        [8.6105e+00, 1.2150e+03, 0.0000e+00, 9.0000e+01],
        [9.1738e+01, 3.1570e+03, 0.0000e+00, 9.0000e+01],
        [2.1206e-01, 7.8000e+01, 0.0000e+00, 7.3000e+01],
        [8.8906e+00, 4.9950e+03, 0.0000e+00, 7.0000e+01],
        [5.1233e+01, 6.9470e+03, 0.0000e+00, 9.0000e+01],
        [2.9434e+01, 3.8720e+03, 0.0000e+00, 9.0000e+01],
        [2.0936e+01, 3.8870e+03, 0.0000e+00, 0.0000e+00]])
action: [[ 121.67076   435.68594   517.0163    171.40535    11.911907   56.270077
  -192.07861   596.9715    321.16827  -377.99786   623.6285   -312.63287
   807.13855  -250.78825    70.486115  207.75264   323.5235    230.03296
   565.6104    982.6547  ]] prob tensor([-19.7070])
send select message to client ,select client id  is : [19, 1, 2, 3, 4, 5, 6, 7, 8, 9]
~~~~~~~~~~~~~~~~~~~~~~~~~~~~~~ global model aggragation and  send  to client 
-------------------------------------------------- ------ep_t is 0, t is 11 -Round : 91，Evaluate global mode------------- --------------------------------------------------
Averaged Train Loss: 1.4980
Averaged Test Accurancy: 0.7159
Averaged Test AUC: 0.9039
Std Test Accurancy: 0.2313
Std Test AUC: 0.1468
------------------------------ --------------------- ------------------------------
~~~~~~~~~~~~~~~~~~~~~~~~~~~~~~  action reward is 8.501985230841594
self.total_time is 10000,costtime is 57653.243841171265
round+self.ppomodel.max_timesteps_per_episode 96 200 True
one tragtory collected---------
~~~~~~~~~~~~~~~~~~~~~~~~~~~~~~ global moedl send to all client
~~~~~~~~~~~~~~~~~~~~~~~~~~~~~~ all client start local training
~~~~~~~~~~~~~~~~~~~~~~~~~~~~~~ all client end local training 
##############################  round is 92 ;env state is tensor([[1.1751e+02, 2.3700e+03, 0.0000e+00, 9.1000e+01],
        [7.0676e+00, 2.6120e+03, 0.0000e+00, 0.0000e+00],
        [4.3827e+00, 5.3400e+02, 0.0000e+00, 0.0000e+00],
        [2.3127e+01, 2.1840e+03, 0.0000e+00, 0.0000e+00],
        [2.0635e+01, 8.0400e+03, 0.0000e+00, 0.0000e+00],
        [4.7422e+00, 3.7480e+03, 0.0000e+00, 0.0000e+00],
        [1.1747e+00, 7.9800e+03, 0.0000e+00, 0.0000e+00],
        [2.9570e+01, 1.4140e+03, 0.0000e+00, 0.0000e+00],
        [1.2554e+01, 3.6200e+02, 0.0000e+00, 0.0000e+00],
        [1.4672e+00, 4.0400e+03, 0.0000e+00, 0.0000e+00],
        [1.7511e+01, 2.3860e+03, 0.0000e+00, 9.1000e+01],
        [2.1232e+01, 5.1840e+03, 0.0000e+00, 7.1000e+01],
        [1.0606e+02, 4.9950e+03, 0.0000e+00, 9.1000e+01],
        [8.5903e+00, 1.2150e+03, 0.0000e+00, 9.1000e+01],
        [9.1664e+01, 3.1570e+03, 0.0000e+00, 9.1000e+01],
        [2.1027e-01, 7.8000e+01, 0.0000e+00, 7.4000e+01],
        [8.8608e+00, 4.9950e+03, 0.0000e+00, 7.1000e+01],
        [5.1160e+01, 6.9470e+03, 0.0000e+00, 9.1000e+01],
        [2.9382e+01, 3.8720e+03, 0.0000e+00, 9.1000e+01],
        [2.0577e+01, 3.8870e+03, 0.0000e+00, 0.0000e+00]])
action: [[ 122.64379   436.2064    514.9329    172.41203    12.369735   55.834812
  -191.04683   597.17725   320.91098  -379.07892   622.98395  -313.11703
   806.0603   -251.48837    70.92206   206.47162   324.32733   228.84985
   565.7477    982.148   ]] prob tensor([-22.1609])
send select message to client ,select client id  is : [19, 1, 2, 3, 4, 5, 6, 7, 8, 9]
~~~~~~~~~~~~~~~~~~~~~~~~~~~~~~ global model aggragation and  send  to client 
-------------------------------------------------- ------ep_t is 0, t is 12 -Round : 92，Evaluate global mode------------- --------------------------------------------------
Averaged Train Loss: 1.4952
Averaged Test Accurancy: 0.7160
Averaged Test AUC: 0.9043
Std Test Accurancy: 0.2313
Std Test AUC: 0.1461
------------------------------ --------------------- ------------------------------
~~~~~~~~~~~~~~~~~~~~~~~~~~~~~~  action reward is 8.504820629971162
self.total_time is 10000,costtime is 63261.38839125633
round+self.ppomodel.max_timesteps_per_episode 97 200 True
one tragtory collected---------
~~~~~~~~~~~~~~~~~~~~~~~~~~~~~~ global moedl send to all client
~~~~~~~~~~~~~~~~~~~~~~~~~~~~~~ all client start local training
~~~~~~~~~~~~~~~~~~~~~~~~~~~~~~ all client end local training 
##############################  round is 93 ;env state is tensor([[1.1743e+02, 2.3700e+03, 0.0000e+00, 9.2000e+01],
        [6.9796e+00, 2.6120e+03, 0.0000e+00, 0.0000e+00],
        [4.3568e+00, 5.3400e+02, 0.0000e+00, 0.0000e+00],
        [2.2842e+01, 2.1840e+03, 0.0000e+00, 0.0000e+00],
        [2.0200e+01, 8.0400e+03, 0.0000e+00, 0.0000e+00],
        [4.6814e+00, 3.7480e+03, 0.0000e+00, 0.0000e+00],
        [1.1578e+00, 7.9800e+03, 0.0000e+00, 0.0000e+00],
        [2.9342e+01, 1.4140e+03, 0.0000e+00, 0.0000e+00],
        [1.2530e+01, 3.6200e+02, 0.0000e+00, 0.0000e+00],
        [1.4509e+00, 4.0400e+03, 0.0000e+00, 0.0000e+00],
        [1.7463e+01, 2.3860e+03, 0.0000e+00, 9.2000e+01],
        [2.1124e+01, 5.1840e+03, 0.0000e+00, 7.2000e+01],
        [1.0631e+02, 4.9950e+03, 0.0000e+00, 9.2000e+01],
        [8.5712e+00, 1.2150e+03, 0.0000e+00, 9.2000e+01],
        [9.1544e+01, 3.1570e+03, 0.0000e+00, 9.2000e+01],
        [2.0863e-01, 7.8000e+01, 0.0000e+00, 7.5000e+01],
        [8.8362e+00, 4.9950e+03, 0.0000e+00, 7.2000e+01],
        [5.1080e+01, 6.9470e+03, 0.0000e+00, 9.2000e+01],
        [2.9446e+01, 3.8720e+03, 0.0000e+00, 9.2000e+01],
        [2.0205e+01, 3.8870e+03, 0.0000e+00, 0.0000e+00]])
action: [[ 120.182724  436.91342   515.35376   172.9955     12.033735   56.0704
  -190.5821    599.24915   320.21854  -378.36438   623.2214   -312.89905
   806.42834  -252.19748    71.81338   206.68118   323.72308   230.5935
   565.42535   982.06793 ]] prob tensor([-19.1071])
send select message to client ,select client id  is : [19, 1, 2, 3, 4, 5, 6, 7, 8, 9]
~~~~~~~~~~~~~~~~~~~~~~~~~~~~~~ global model aggragation and  send  to client 
-------------------------------------------------- ------ep_t is 0, t is 13 -Round : 93，Evaluate global mode------------- --------------------------------------------------
Averaged Train Loss: 1.4918
Averaged Test Accurancy: 0.7163
Averaged Test AUC: 0.9047
Std Test Accurancy: 0.2311
Std Test AUC: 0.1453
------------------------------ --------------------- ------------------------------
~~~~~~~~~~~~~~~~~~~~~~~~~~~~~~  action reward is 8.508248488200719
self.total_time is 10000,costtime is 68929.51039528847
round+self.ppomodel.max_timesteps_per_episode 98 200 True
one tragtory collected---------
~~~~~~~~~~~~~~~~~~~~~~~~~~~~~~ global moedl send to all client
~~~~~~~~~~~~~~~~~~~~~~~~~~~~~~ all client start local training
~~~~~~~~~~~~~~~~~~~~~~~~~~~~~~ all client end local training 
##############################  round is 94 ;env state is tensor([[1.1731e+02, 2.3700e+03, 0.0000e+00, 9.3000e+01],
        [6.8987e+00, 2.6120e+03, 0.0000e+00, 0.0000e+00],
        [4.3330e+00, 5.3400e+02, 0.0000e+00, 0.0000e+00],
        [2.2591e+01, 2.1840e+03, 0.0000e+00, 0.0000e+00],
        [1.9870e+01, 8.0400e+03, 0.0000e+00, 0.0000e+00],
        [4.6232e+00, 3.7480e+03, 0.0000e+00, 0.0000e+00],
        [1.1482e+00, 7.9800e+03, 0.0000e+00, 0.0000e+00],
        [2.9097e+01, 1.4140e+03, 0.0000e+00, 0.0000e+00],
        [1.2551e+01, 3.6200e+02, 0.0000e+00, 0.0000e+00],
        [1.4359e+00, 4.0400e+03, 0.0000e+00, 0.0000e+00],
        [1.7405e+01, 2.3860e+03, 0.0000e+00, 9.3000e+01],
        [2.0993e+01, 5.1840e+03, 0.0000e+00, 7.3000e+01],
        [1.0586e+02, 4.9950e+03, 0.0000e+00, 9.3000e+01],
        [8.5511e+00, 1.2150e+03, 0.0000e+00, 9.3000e+01],
        [9.1395e+01, 3.1570e+03, 0.0000e+00, 9.3000e+01],
        [2.0682e-01, 7.8000e+01, 0.0000e+00, 7.6000e+01],
        [8.8079e+00, 4.9950e+03, 0.0000e+00, 7.3000e+01],
        [5.1008e+01, 6.9470e+03, 0.0000e+00, 9.3000e+01],
        [2.9351e+01, 3.8720e+03, 0.0000e+00, 9.3000e+01],
        [1.9876e+01, 3.8870e+03, 0.0000e+00, 0.0000e+00]])
action: [[ 120.79797   436.0062    517.47485   172.36197    11.332762   56.89897
  -191.17847   598.8699    321.4587   -377.54227   622.1891   -313.28586
   805.6877   -251.0458     71.24097   206.64441   323.76035   228.20305
   565.76355   984.0929  ]] prob tensor([-23.3939])
send select message to client ,select client id  is : [19, 1, 2, 3, 4, 5, 6, 7, 8, 9]
~~~~~~~~~~~~~~~~~~~~~~~~~~~~~~ global model aggragation and  send  to client 
-------------------------------------------------- ------ep_t is 0, t is 14 -Round : 94，Evaluate global mode------------- --------------------------------------------------
Averaged Train Loss: 1.4892
Averaged Test Accurancy: 0.7164
Averaged Test AUC: 0.9051
Std Test Accurancy: 0.2312
Std Test AUC: 0.1446
------------------------------ --------------------- ------------------------------
~~~~~~~~~~~~~~~~~~~~~~~~~~~~~~  action reward is 8.510794892234138
self.total_time is 10000,costtime is 74657.46217536926
round+self.ppomodel.max_timesteps_per_episode 99 200 True
one tragtory collected---------
~~~~~~~~~~~~~~~~~~~~~~~~~~~~~~ global moedl send to all client
~~~~~~~~~~~~~~~~~~~~~~~~~~~~~~ all client start local training
~~~~~~~~~~~~~~~~~~~~~~~~~~~~~~ all client end local training 
##############################  round is 95 ;env state is tensor([[1.1709e+02, 2.3700e+03, 0.0000e+00, 9.4000e+01],
        [6.8198e+00, 2.6120e+03, 0.0000e+00, 0.0000e+00],
        [4.3087e+00, 5.3400e+02, 0.0000e+00, 0.0000e+00],
        [2.2319e+01, 2.1840e+03, 0.0000e+00, 0.0000e+00],
        [1.9398e+01, 8.0400e+03, 0.0000e+00, 0.0000e+00],
        [4.5643e+00, 3.7480e+03, 0.0000e+00, 0.0000e+00],
        [1.1336e+00, 7.9800e+03, 0.0000e+00, 0.0000e+00],
        [2.8905e+01, 1.4140e+03, 0.0000e+00, 0.0000e+00],
        [1.2524e+01, 3.6200e+02, 0.0000e+00, 0.0000e+00],
        [1.4208e+00, 4.0400e+03, 0.0000e+00, 0.0000e+00],
        [1.7357e+01, 2.3860e+03, 0.0000e+00, 9.4000e+01],
        [2.0922e+01, 5.1840e+03, 0.0000e+00, 7.4000e+01],
        [1.0604e+02, 4.9950e+03, 0.0000e+00, 9.4000e+01],
        [8.5327e+00, 1.2150e+03, 0.0000e+00, 9.4000e+01],
        [9.1299e+01, 3.1570e+03, 0.0000e+00, 9.4000e+01],
        [2.0525e-01, 7.8000e+01, 0.0000e+00, 7.7000e+01],
        [8.7877e+00, 4.9950e+03, 0.0000e+00, 7.4000e+01],
        [5.0926e+01, 6.9470e+03, 0.0000e+00, 9.4000e+01],
        [2.9323e+01, 3.8720e+03, 0.0000e+00, 9.4000e+01],
        [1.9505e+01, 3.8870e+03, 0.0000e+00, 0.0000e+00]])
action: [[ 121.151985  435.7179    516.06915   171.6928     10.877741   54.83678
  -189.53313   597.72595   321.36053  -379.0862    623.06146  -313.18564
   805.5963   -250.92033    71.51493   206.67755   324.62964   230.33408
   564.34344   983.21686 ]] prob tensor([-24.0808])
send select message to client ,select client id  is : [19, 1, 2, 3, 4, 5, 6, 7, 8, 9]
~~~~~~~~~~~~~~~~~~~~~~~~~~~~~~ global model aggragation and  send  to client 
-------------------------------------------------- ------ep_t is 0, t is 15 -Round : 95，Evaluate global mode------------- --------------------------------------------------
Averaged Train Loss: 1.4861
Averaged Test Accurancy: 0.7168
Averaged Test AUC: 0.9055
Std Test Accurancy: 0.2308
Std Test AUC: 0.1439
------------------------------ --------------------- ------------------------------
~~~~~~~~~~~~~~~~~~~~~~~~~~~~~~  action reward is 8.51386689558041
self.total_time is 10000,costtime is 80445.93976950645
round+self.ppomodel.max_timesteps_per_episode 100 200 True
one tragtory collected---------
~~~~~~~~~~~~~~~~~~~~~~~~~~~~~~ global moedl send to all client
~~~~~~~~~~~~~~~~~~~~~~~~~~~~~~ all client start local training
~~~~~~~~~~~~~~~~~~~~~~~~~~~~~~ all client end local training 
##############################  round is 96 ;env state is tensor([[1.1693e+02, 2.3700e+03, 0.0000e+00, 9.5000e+01],
        [6.7404e+00, 2.6120e+03, 0.0000e+00, 0.0000e+00],
        [4.2802e+00, 5.3400e+02, 0.0000e+00, 0.0000e+00],
        [2.2057e+01, 2.1840e+03, 0.0000e+00, 0.0000e+00],
        [1.9167e+01, 8.0400e+03, 0.0000e+00, 0.0000e+00],
        [4.5097e+00, 3.7480e+03, 0.0000e+00, 0.0000e+00],
        [1.1233e+00, 7.9800e+03, 0.0000e+00, 0.0000e+00],
        [2.8699e+01, 1.4140e+03, 0.0000e+00, 0.0000e+00],
        [1.2492e+01, 3.6200e+02, 0.0000e+00, 0.0000e+00],
        [1.4061e+00, 4.0400e+03, 0.0000e+00, 0.0000e+00],
        [1.7309e+01, 2.3860e+03, 0.0000e+00, 9.5000e+01],
        [2.0807e+01, 5.1840e+03, 0.0000e+00, 7.5000e+01],
        [1.0463e+02, 4.9950e+03, 0.0000e+00, 9.5000e+01],
        [8.5139e+00, 1.2150e+03, 0.0000e+00, 9.5000e+01],
        [9.1019e+01, 3.1570e+03, 0.0000e+00, 9.5000e+01],
        [2.0348e-01, 7.8000e+01, 0.0000e+00, 7.8000e+01],
        [8.7640e+00, 4.9950e+03, 0.0000e+00, 7.5000e+01],
        [5.0860e+01, 6.9470e+03, 0.0000e+00, 9.5000e+01],
        [2.9227e+01, 3.8720e+03, 0.0000e+00, 9.5000e+01],
        [1.9162e+01, 3.8870e+03, 0.0000e+00, 0.0000e+00]])
action: [[ 120.626205  437.354     516.53125   171.73177    12.478206   57.118958
  -191.26924   599.05396   320.4215   -379.22415   622.66815  -313.6798
   807.65186  -252.60924    71.44234   206.39369   322.9363    230.461
   564.4567    982.0287  ]] prob tensor([-20.9248])
send select message to client ,select client id  is : [19, 1, 2, 3, 4, 5, 6, 7, 8, 9]
~~~~~~~~~~~~~~~~~~~~~~~~~~~~~~ global model aggragation and  send  to client 
-------------------------------------------------- ------ep_t is 0, t is 16 -Round : 96，Evaluate global mode------------- --------------------------------------------------
Averaged Train Loss: 1.4834
Averaged Test Accurancy: 0.7170
Averaged Test AUC: 0.9058
Std Test Accurancy: 0.2308
Std Test AUC: 0.1431
------------------------------ --------------------- ------------------------------
~~~~~~~~~~~~~~~~~~~~~~~~~~~~~~  action reward is 8.516625170666451
self.total_time is 10000,costtime is 86294.74672555923
round+self.ppomodel.max_timesteps_per_episode 101 200 True
one tragtory collected---------
~~~~~~~~~~~~~~~~~~~~~~~~~~~~~~ global moedl send to all client
~~~~~~~~~~~~~~~~~~~~~~~~~~~~~~ all client start local training
~~~~~~~~~~~~~~~~~~~~~~~~~~~~~~ all client end local training 
##############################  round is 97 ;env state is tensor([[1.1676e+02, 2.3700e+03, 0.0000e+00, 9.6000e+01],
        [6.6625e+00, 2.6120e+03, 0.0000e+00, 0.0000e+00],
        [4.2550e+00, 5.3400e+02, 0.0000e+00, 0.0000e+00],
        [2.1796e+01, 2.1840e+03, 0.0000e+00, 0.0000e+00],
        [1.8748e+01, 8.0400e+03, 0.0000e+00, 0.0000e+00],
        [4.4554e+00, 3.7480e+03, 0.0000e+00, 0.0000e+00],
        [1.1096e+00, 7.9800e+03, 0.0000e+00, 0.0000e+00],
        [2.8484e+01, 1.4140e+03, 0.0000e+00, 0.0000e+00],
        [1.2465e+01, 3.6200e+02, 0.0000e+00, 0.0000e+00],
        [1.3918e+00, 4.0400e+03, 0.0000e+00, 0.0000e+00],
        [1.7263e+01, 2.3860e+03, 0.0000e+00, 9.6000e+01],
        [2.0718e+01, 5.1840e+03, 0.0000e+00, 7.6000e+01],
        [1.0521e+02, 4.9950e+03, 0.0000e+00, 9.6000e+01],
        [8.4960e+00, 1.2150e+03, 0.0000e+00, 9.6000e+01],
        [9.0955e+01, 3.1570e+03, 0.0000e+00, 9.6000e+01],
        [2.0197e-01, 7.8000e+01, 0.0000e+00, 7.9000e+01],
        [8.7394e+00, 4.9950e+03, 0.0000e+00, 7.6000e+01],
        [5.0788e+01, 6.9470e+03, 0.0000e+00, 9.6000e+01],
        [2.8826e+01, 3.8720e+03, 0.0000e+00, 9.6000e+01],
        [1.8839e+01, 3.8870e+03, 0.0000e+00, 0.0000e+00]])
action: [[ 120.418976  434.42392   515.92224   172.09837    10.446032   56.211716
  -192.28615   598.8146    321.42545  -378.59836   622.2412   -312.96957
   807.2165   -251.33948    71.683846  207.62006   324.0121    231.39122
   565.0796    982.81915 ]] prob tensor([-21.6055])
send select message to client ,select client id  is : [19, 1, 2, 3, 4, 5, 6, 7, 8, 9]
~~~~~~~~~~~~~~~~~~~~~~~~~~~~~~ global model aggragation and  send  to client 
-------------------------------------------------- ------ep_t is 0, t is 17 -Round : 97，Evaluate global mode------------- --------------------------------------------------
Averaged Train Loss: 1.4803
Averaged Test Accurancy: 0.7176
Averaged Test AUC: 0.9062
Std Test Accurancy: 0.2306
Std Test AUC: 0.1425
------------------------------ --------------------- ------------------------------
~~~~~~~~~~~~~~~~~~~~~~~~~~~~~~  action reward is 8.519737427850494
self.total_time is 10000,costtime is 92203.61949157715
round+self.ppomodel.max_timesteps_per_episode 102 200 True
one tragtory collected---------
~~~~~~~~~~~~~~~~~~~~~~~~~~~~~~ global moedl send to all client
~~~~~~~~~~~~~~~~~~~~~~~~~~~~~~ all client start local training
~~~~~~~~~~~~~~~~~~~~~~~~~~~~~~ all client end local training 
##############################  round is 98 ;env state is tensor([[1.1660e+02, 2.3700e+03, 0.0000e+00, 9.7000e+01],
        [6.5878e+00, 2.6120e+03, 0.0000e+00, 0.0000e+00],
        [4.2326e+00, 5.3400e+02, 0.0000e+00, 0.0000e+00],
        [2.1537e+01, 2.1840e+03, 0.0000e+00, 0.0000e+00],
        [1.8412e+01, 8.0400e+03, 0.0000e+00, 0.0000e+00],
        [4.3965e+00, 3.7480e+03, 0.0000e+00, 0.0000e+00],
        [1.0998e+00, 7.9800e+03, 0.0000e+00, 0.0000e+00],
        [2.8291e+01, 1.4140e+03, 0.0000e+00, 0.0000e+00],
        [1.2442e+01, 3.6200e+02, 0.0000e+00, 0.0000e+00],
        [1.3778e+00, 4.0400e+03, 0.0000e+00, 0.0000e+00],
        [1.7221e+01, 2.3860e+03, 0.0000e+00, 9.7000e+01],
        [2.0652e+01, 5.1840e+03, 0.0000e+00, 7.7000e+01],
        [1.0515e+02, 4.9950e+03, 0.0000e+00, 9.7000e+01],
        [8.4785e+00, 1.2150e+03, 0.0000e+00, 9.7000e+01],
        [9.0839e+01, 3.1570e+03, 0.0000e+00, 9.7000e+01],
        [2.0031e-01, 7.8000e+01, 0.0000e+00, 8.0000e+01],
        [8.7028e+00, 4.9950e+03, 0.0000e+00, 7.7000e+01],
        [5.0710e+01, 6.9470e+03, 0.0000e+00, 9.7000e+01],
        [2.8871e+01, 3.8720e+03, 0.0000e+00, 9.7000e+01],
        [1.8507e+01, 3.8870e+03, 0.0000e+00, 0.0000e+00]])
action: [[ 121.114815  436.17404   516.73505   171.85193    12.621781   57.680077
  -192.43153   597.9698    320.95547  -378.70752   622.88416  -312.5479
   805.8332   -250.9805     71.12275   207.29167   323.54056   230.18378
   563.29877   982.9684  ]] prob tensor([-18.7603])
send select message to client ,select client id  is : [19, 1, 2, 3, 4, 5, 6, 7, 8, 9]
~~~~~~~~~~~~~~~~~~~~~~~~~~~~~~ global model aggragation and  send  to client 
-------------------------------------------------- ------ep_t is 0, t is 18 -Round : 98，Evaluate global mode------------- --------------------------------------------------
Averaged Train Loss: 1.4778
Averaged Test Accurancy: 0.7177
Averaged Test AUC: 0.9066
Std Test Accurancy: 0.2309
Std Test AUC: 0.1418
------------------------------ --------------------- ------------------------------
~~~~~~~~~~~~~~~~~~~~~~~~~~~~~~  action reward is 8.522244855622882
self.total_time is 10000,costtime is 98173.1442706585
round+self.ppomodel.max_timesteps_per_episode 103 200 True
one tragtory collected---------
~~~~~~~~~~~~~~~~~~~~~~~~~~~~~~ global moedl send to all client
~~~~~~~~~~~~~~~~~~~~~~~~~~~~~~ all client start local training
~~~~~~~~~~~~~~~~~~~~~~~~~~~~~~ all client end local training 
##############################  round is 99 ;env state is tensor([[1.1641e+02, 2.3700e+03, 0.0000e+00, 9.8000e+01],
        [6.5116e+00, 2.6120e+03, 0.0000e+00, 0.0000e+00],
        [4.2091e+00, 5.3400e+02, 0.0000e+00, 0.0000e+00],
        [2.1282e+01, 2.1840e+03, 0.0000e+00, 0.0000e+00],
        [1.8119e+01, 8.0400e+03, 0.0000e+00, 0.0000e+00],
        [4.3426e+00, 3.7480e+03, 0.0000e+00, 0.0000e+00],
        [1.0865e+00, 7.9800e+03, 0.0000e+00, 0.0000e+00],
        [2.8167e+01, 1.4140e+03, 0.0000e+00, 0.0000e+00],
        [1.2419e+01, 3.6200e+02, 0.0000e+00, 0.0000e+00],
        [1.3640e+00, 4.0400e+03, 0.0000e+00, 0.0000e+00],
        [1.7180e+01, 2.3860e+03, 0.0000e+00, 9.8000e+01],
        [2.0500e+01, 5.1840e+03, 0.0000e+00, 7.8000e+01],
        [1.0488e+02, 4.9950e+03, 0.0000e+00, 9.8000e+01],
        [8.4638e+00, 1.2150e+03, 0.0000e+00, 9.8000e+01],
        [9.0774e+01, 3.1570e+03, 0.0000e+00, 9.8000e+01],
        [1.9880e-01, 7.8000e+01, 0.0000e+00, 8.1000e+01],
        [8.6894e+00, 4.9950e+03, 0.0000e+00, 7.8000e+01],
        [5.0646e+01, 6.9470e+03, 0.0000e+00, 9.8000e+01],
        [2.8946e+01, 3.8720e+03, 0.0000e+00, 9.8000e+01],
        [1.8177e+01, 3.8870e+03, 0.0000e+00, 0.0000e+00]])
action: [[ 122.14812   436.68008   515.0196    172.4295     11.580829   56.003906
  -192.60767   598.0643    321.0601   -379.1866    622.5081   -313.4809
   807.8503   -250.98207    70.9414    207.81079   324.27942   229.67557
   564.4154    983.235   ]] prob tensor([-22.0640])
send select message to client ,select client id  is : [19, 1, 2, 3, 4, 5, 6, 7, 8, 9]
~~~~~~~~~~~~~~~~~~~~~~~~~~~~~~ global model aggragation and  send  to client 
-------------------------------------------------- ------ep_t is 0, t is 19 -Round : 99，Evaluate global mode------------- --------------------------------------------------
Averaged Train Loss: 1.4746
Averaged Test Accurancy: 0.7179
Averaged Test AUC: 0.9070
Std Test Accurancy: 0.2307
Std Test AUC: 0.1411
------------------------------ --------------------- ------------------------------
~~~~~~~~~~~~~~~~~~~~~~~~~~~~~~  action reward is 8.525386518224353
self.total_time is 10000,costtime is 104202.57530856133
round+self.ppomodel.max_timesteps_per_episode 104 200 True
one tragtory collected---------
~~~~~~~~~~~~~~~~~~~~~~~~~~~~~~ global moedl send to all client
~~~~~~~~~~~~~~~~~~~~~~~~~~~~~~ all client start local training
~~~~~~~~~~~~~~~~~~~~~~~~~~~~~~ all client end local training 
##############################  round is 100 ;env state is tensor([[1.1621e+02, 2.3700e+03, 0.0000e+00, 9.9000e+01],
        [6.4400e+00, 2.6120e+03, 0.0000e+00, 0.0000e+00],
        [4.1867e+00, 5.3400e+02, 0.0000e+00, 0.0000e+00],
        [2.1028e+01, 2.1840e+03, 0.0000e+00, 0.0000e+00],
        [1.7791e+01, 8.0400e+03, 0.0000e+00, 0.0000e+00],
        [4.2933e+00, 3.7480e+03, 0.0000e+00, 0.0000e+00],
        [1.0768e+00, 7.9800e+03, 0.0000e+00, 0.0000e+00],
        [2.7986e+01, 1.4140e+03, 0.0000e+00, 0.0000e+00],
        [1.2444e+01, 3.6200e+02, 0.0000e+00, 0.0000e+00],
        [1.3507e+00, 4.0400e+03, 0.0000e+00, 0.0000e+00],
        [1.7137e+01, 2.3860e+03, 0.0000e+00, 9.9000e+01],
        [2.0358e+01, 5.1840e+03, 0.0000e+00, 7.9000e+01],
        [1.0483e+02, 4.9950e+03, 0.0000e+00, 9.9000e+01],
        [8.4517e+00, 1.2150e+03, 0.0000e+00, 9.9000e+01],
        [9.0673e+01, 3.1570e+03, 0.0000e+00, 9.9000e+01],
        [1.9722e-01, 7.8000e+01, 0.0000e+00, 8.2000e+01],
        [8.6440e+00, 4.9950e+03, 0.0000e+00, 7.9000e+01],
        [5.0567e+01, 6.9470e+03, 0.0000e+00, 9.9000e+01],
        [2.8754e+01, 3.8720e+03, 0.0000e+00, 9.9000e+01],
        [1.7871e+01, 3.8870e+03, 0.0000e+00, 0.0000e+00]])
action: [[ 120.05132   435.726     516.63574   173.28394    11.447299   56.78485
  -191.32503   597.384     320.75552  -379.14896   623.29724  -313.30646
   805.7904   -251.0809     72.16694   207.32408   323.59045   229.19199
   565.20825   981.75543 ]] prob tensor([-22.0505])
send select message to client ,select client id  is : [19, 1, 2, 3, 4, 5, 6, 7, 8, 9]
~~~~~~~~~~~~~~~~~~~~~~~~~~~~~~ global model aggragation and  send  to client 
-------------------------------------------------- ------ep_t is 0, t is 20 -Round : 100，Evaluate global mode------------- --------------------------------------------------
Averaged Train Loss: 1.4723
Averaged Test Accurancy: 0.7176
Averaged Test AUC: 0.9073
Std Test Accurancy: 0.2307
Std Test AUC: 0.1405
------------------------------ --------------------- ------------------------------
~~~~~~~~~~~~~~~~~~~~~~~~~~~~~~  action reward is 8.527745154583457
self.total_time is 10000,costtime is 110292.32192158699
round+self.ppomodel.max_timesteps_per_episode 105 200 True
one tragtory collected---------
batch_lens shape is : [3, 1, 1, 1, 1, 1, 1, 1, 1, 1, 1, 1, 1, 1, 1, 1, 1, 1]
############################## rl data collection success-t_so_far is 100,i_so_far is 5-,update network-----
update onece time is : 0.05709099769592285

-------------------- Iteration #5 --------------------
Average Episodic Length: 1.11
Average Episodic Return: 9.44
Average Loss: 0.20823
Timesteps So Far: 100
Iteration took: 1211.05 secs
------------------------------------------------------

rl,training is over!
~~~~~~~~~~~~~~~~~~~~~~~~~~~~~~ global model aggragation and  send  to client 

-------------Training  Round number: 101-------------

Evaluate global model
Averaged Train Loss: 1.4696
Averaged Test Accurancy: 0.7180
Averaged Test AUC: 0.9076
Std Test Accurancy: 0.2309
Std Test AUC: 0.1398
res is: ['mnist', 'FedVOI', 101, 1.4696269637540953, 0.7179662953441873, 0.9076389252964178, 0.2308820038061503, 0.1398354422801968, 180.2943843630986]
------------------------- Round is  101 ------------------------- time cost ------------------------- 60.043153047561646
------------------------- Budget is : [84.58488202095032, 87.78808426856995, 84.09102416038513, 62.11084008216858, 62.479140758514404, 60.15249300003052, 59.46004605293274, 59.535752058029175, 59.05656886100769, 59.51739287376404, 58.546687841415405, 59.54336714744568, 60.12155890464783, 58.86408090591431, 59.64257884025574, 59.622902154922485, 59.50944995880127, 60.55329203605652, 59.23235201835632, 59.27186608314514, 60.12679719924927, 59.864394187927246, 59.92988324165344, 59.65527701377869, 59.663031816482544, 59.819064140319824, 59.8156418800354, 60.853636026382446, 60.745179176330566, 60.091312885284424, 59.98015379905701, 60.35956525802612, 59.75596785545349, 59.75128698348999, 59.51348423957825, 60.15871214866638, 59.24671196937561, 59.263036251068115, 59.53028416633606, 60.536794900894165, 59.566641092300415, 60.469403982162476, 59.069092988967896, 59.86602807044983, 59.50624418258667, 59.80940794944763, 60.94348907470703, 61.330214977264404, 59.34154987335205, 60.270190954208374, 60.353535890579224, 60.291236877441406, 59.147621154785156, 59.99807596206665, 60.03334188461304, 58.80587601661682, 60.45428991317749, 59.803590059280396, 61.09221887588501, 60.777377128601074, 60.92022085189819, 59.9450318813324, 59.800957918167114, 60.14120697975159, 59.41724729537964, 60.69604730606079, 60.45559310913086, 59.88167190551758, 60.087149143218994, 59.903194189071655, 60.23416614532471, 60.03732466697693, 60.244985818862915, 60.37019991874695, 60.55929112434387, 60.79651117324829, 60.163880348205566, 61.05373811721802, 60.055858850479126, 60.46925210952759, 60.20346975326538, 60.50187420845032, 60.24444818496704, 60.791666984558105, 60.2255277633667, 59.651963233947754, 60.480462074279785, 60.34769606590271, 61.91481804847717, 60.88002276420593, 60.396175146102905, 63.7541389465332, 59.97736120223999, 59.82968807220459, 60.52572584152222, 60.329275131225586, 60.065725326538086, 60.65192222595215, 59.90617322921753, 60.31548738479614, 60.043153047561646]
~~~~~~~~~~~~~~~~~~~~~~~~~~~~~~ global model aggragation and  send  to client 

-------------Training  Round number: 102-------------

Evaluate global model
Averaged Train Loss: 1.4671
Averaged Test Accurancy: 0.7182
Averaged Test AUC: 0.9080
Std Test Accurancy: 0.2308
Std Test AUC: 0.1392
res is: ['mnist', 'FedVOI', 102, 1.4671120227823733, 0.7181948014852899, 0.907965505174452, 0.230804103325277, 0.13921511952754978, 169.56222181664234]
------------------------- Round is  102 ------------------------- time cost ------------------------- 60.27663493156433
------------------------- Budget is : [84.58488202095032, 87.78808426856995, 84.09102416038513, 62.11084008216858, 62.479140758514404, 60.15249300003052, 59.46004605293274, 59.535752058029175, 59.05656886100769, 59.51739287376404, 58.546687841415405, 59.54336714744568, 60.12155890464783, 58.86408090591431, 59.64257884025574, 59.622902154922485, 59.50944995880127, 60.55329203605652, 59.23235201835632, 59.27186608314514, 60.12679719924927, 59.864394187927246, 59.92988324165344, 59.65527701377869, 59.663031816482544, 59.819064140319824, 59.8156418800354, 60.853636026382446, 60.745179176330566, 60.091312885284424, 59.98015379905701, 60.35956525802612, 59.75596785545349, 59.75128698348999, 59.51348423957825, 60.15871214866638, 59.24671196937561, 59.263036251068115, 59.53028416633606, 60.536794900894165, 59.566641092300415, 60.469403982162476, 59.069092988967896, 59.86602807044983, 59.50624418258667, 59.80940794944763, 60.94348907470703, 61.330214977264404, 59.34154987335205, 60.270190954208374, 60.353535890579224, 60.291236877441406, 59.147621154785156, 59.99807596206665, 60.03334188461304, 58.80587601661682, 60.45428991317749, 59.803590059280396, 61.09221887588501, 60.777377128601074, 60.92022085189819, 59.9450318813324, 59.800957918167114, 60.14120697975159, 59.41724729537964, 60.69604730606079, 60.45559310913086, 59.88167190551758, 60.087149143218994, 59.903194189071655, 60.23416614532471, 60.03732466697693, 60.244985818862915, 60.37019991874695, 60.55929112434387, 60.79651117324829, 60.163880348205566, 61.05373811721802, 60.055858850479126, 60.46925210952759, 60.20346975326538, 60.50187420845032, 60.24444818496704, 60.791666984558105, 60.2255277633667, 59.651963233947754, 60.480462074279785, 60.34769606590271, 61.91481804847717, 60.88002276420593, 60.396175146102905, 63.7541389465332, 59.97736120223999, 59.82968807220459, 60.52572584152222, 60.329275131225586, 60.065725326538086, 60.65192222595215, 59.90617322921753, 60.31548738479614, 60.043153047561646, 60.27663493156433]
~~~~~~~~~~~~~~~~~~~~~~~~~~~~~~ global model aggragation and  send  to client 

-------------Training  Round number: 103-------------

Evaluate global model
Averaged Train Loss: 1.4644
Averaged Test Accurancy: 0.7190
Averaged Test AUC: 0.9083
Std Test Accurancy: 0.2306
Std Test AUC: 0.1386
res is: ['mnist', 'FedVOI', 103, 1.464443614510565, 0.7189945729791488, 0.9083006510315347, 0.23057313200503793, 0.13861528394812736, 181.35124408069495]
------------------------- Round is  103 ------------------------- time cost ------------------------- 59.37998414039612
------------------------- Budget is : [84.58488202095032, 87.78808426856995, 84.09102416038513, 62.11084008216858, 62.479140758514404, 60.15249300003052, 59.46004605293274, 59.535752058029175, 59.05656886100769, 59.51739287376404, 58.546687841415405, 59.54336714744568, 60.12155890464783, 58.86408090591431, 59.64257884025574, 59.622902154922485, 59.50944995880127, 60.55329203605652, 59.23235201835632, 59.27186608314514, 60.12679719924927, 59.864394187927246, 59.92988324165344, 59.65527701377869, 59.663031816482544, 59.819064140319824, 59.8156418800354, 60.853636026382446, 60.745179176330566, 60.091312885284424, 59.98015379905701, 60.35956525802612, 59.75596785545349, 59.75128698348999, 59.51348423957825, 60.15871214866638, 59.24671196937561, 59.263036251068115, 59.53028416633606, 60.536794900894165, 59.566641092300415, 60.469403982162476, 59.069092988967896, 59.86602807044983, 59.50624418258667, 59.80940794944763, 60.94348907470703, 61.330214977264404, 59.34154987335205, 60.270190954208374, 60.353535890579224, 60.291236877441406, 59.147621154785156, 59.99807596206665, 60.03334188461304, 58.80587601661682, 60.45428991317749, 59.803590059280396, 61.09221887588501, 60.777377128601074, 60.92022085189819, 59.9450318813324, 59.800957918167114, 60.14120697975159, 59.41724729537964, 60.69604730606079, 60.45559310913086, 59.88167190551758, 60.087149143218994, 59.903194189071655, 60.23416614532471, 60.03732466697693, 60.244985818862915, 60.37019991874695, 60.55929112434387, 60.79651117324829, 60.163880348205566, 61.05373811721802, 60.055858850479126, 60.46925210952759, 60.20346975326538, 60.50187420845032, 60.24444818496704, 60.791666984558105, 60.2255277633667, 59.651963233947754, 60.480462074279785, 60.34769606590271, 61.91481804847717, 60.88002276420593, 60.396175146102905, 63.7541389465332, 59.97736120223999, 59.82968807220459, 60.52572584152222, 60.329275131225586, 60.065725326538086, 60.65192222595215, 59.90617322921753, 60.31548738479614, 60.043153047561646, 60.27663493156433, 59.37998414039612]
~~~~~~~~~~~~~~~~~~~~~~~~~~~~~~ global model aggragation and  send  to client 

-------------Training  Round number: 104-------------

Evaluate global model
Averaged Train Loss: 1.4619
Averaged Test Accurancy: 0.7192
Averaged Test AUC: 0.9086
Std Test Accurancy: 0.2304
Std Test AUC: 0.1380
res is: ['mnist', 'FedVOI', 104, 1.4618604209172745, 0.7191659525849757, 0.9086230661005329, 0.23037262537761227, 0.13803126258448103, 174.77462053637896]
------------------------- Round is  104 ------------------------- time cost ------------------------- 59.69431924819946
------------------------- Budget is : [84.58488202095032, 87.78808426856995, 84.09102416038513, 62.11084008216858, 62.479140758514404, 60.15249300003052, 59.46004605293274, 59.535752058029175, 59.05656886100769, 59.51739287376404, 58.546687841415405, 59.54336714744568, 60.12155890464783, 58.86408090591431, 59.64257884025574, 59.622902154922485, 59.50944995880127, 60.55329203605652, 59.23235201835632, 59.27186608314514, 60.12679719924927, 59.864394187927246, 59.92988324165344, 59.65527701377869, 59.663031816482544, 59.819064140319824, 59.8156418800354, 60.853636026382446, 60.745179176330566, 60.091312885284424, 59.98015379905701, 60.35956525802612, 59.75596785545349, 59.75128698348999, 59.51348423957825, 60.15871214866638, 59.24671196937561, 59.263036251068115, 59.53028416633606, 60.536794900894165, 59.566641092300415, 60.469403982162476, 59.069092988967896, 59.86602807044983, 59.50624418258667, 59.80940794944763, 60.94348907470703, 61.330214977264404, 59.34154987335205, 60.270190954208374, 60.353535890579224, 60.291236877441406, 59.147621154785156, 59.99807596206665, 60.03334188461304, 58.80587601661682, 60.45428991317749, 59.803590059280396, 61.09221887588501, 60.777377128601074, 60.92022085189819, 59.9450318813324, 59.800957918167114, 60.14120697975159, 59.41724729537964, 60.69604730606079, 60.45559310913086, 59.88167190551758, 60.087149143218994, 59.903194189071655, 60.23416614532471, 60.03732466697693, 60.244985818862915, 60.37019991874695, 60.55929112434387, 60.79651117324829, 60.163880348205566, 61.05373811721802, 60.055858850479126, 60.46925210952759, 60.20346975326538, 60.50187420845032, 60.24444818496704, 60.791666984558105, 60.2255277633667, 59.651963233947754, 60.480462074279785, 60.34769606590271, 61.91481804847717, 60.88002276420593, 60.396175146102905, 63.7541389465332, 59.97736120223999, 59.82968807220459, 60.52572584152222, 60.329275131225586, 60.065725326538086, 60.65192222595215, 59.90617322921753, 60.31548738479614, 60.043153047561646, 60.27663493156433, 59.37998414039612, 59.69431924819946]
~~~~~~~~~~~~~~~~~~~~~~~~~~~~~~ global model aggragation and  send  to client 

-------------Training  Round number: 105-------------

Evaluate global model
Averaged Train Loss: 1.4594
Averaged Test Accurancy: 0.7194
Averaged Test AUC: 0.9089
Std Test Accurancy: 0.2304
Std Test AUC: 0.1375
res is: ['mnist', 'FedVOI', 105, 1.4593721376886568, 0.7193944587260782, 0.9089482907186487, 0.23043981763919244, 0.13745656628637795, 175.4636486445999]
------------------------- Round is  105 ------------------------- time cost ------------------------- 59.3624529838562
------------------------- Budget is : [84.58488202095032, 87.78808426856995, 84.09102416038513, 62.11084008216858, 62.479140758514404, 60.15249300003052, 59.46004605293274, 59.535752058029175, 59.05656886100769, 59.51739287376404, 58.546687841415405, 59.54336714744568, 60.12155890464783, 58.86408090591431, 59.64257884025574, 59.622902154922485, 59.50944995880127, 60.55329203605652, 59.23235201835632, 59.27186608314514, 60.12679719924927, 59.864394187927246, 59.92988324165344, 59.65527701377869, 59.663031816482544, 59.819064140319824, 59.8156418800354, 60.853636026382446, 60.745179176330566, 60.091312885284424, 59.98015379905701, 60.35956525802612, 59.75596785545349, 59.75128698348999, 59.51348423957825, 60.15871214866638, 59.24671196937561, 59.263036251068115, 59.53028416633606, 60.536794900894165, 59.566641092300415, 60.469403982162476, 59.069092988967896, 59.86602807044983, 59.50624418258667, 59.80940794944763, 60.94348907470703, 61.330214977264404, 59.34154987335205, 60.270190954208374, 60.353535890579224, 60.291236877441406, 59.147621154785156, 59.99807596206665, 60.03334188461304, 58.80587601661682, 60.45428991317749, 59.803590059280396, 61.09221887588501, 60.777377128601074, 60.92022085189819, 59.9450318813324, 59.800957918167114, 60.14120697975159, 59.41724729537964, 60.69604730606079, 60.45559310913086, 59.88167190551758, 60.087149143218994, 59.903194189071655, 60.23416614532471, 60.03732466697693, 60.244985818862915, 60.37019991874695, 60.55929112434387, 60.79651117324829, 60.163880348205566, 61.05373811721802, 60.055858850479126, 60.46925210952759, 60.20346975326538, 60.50187420845032, 60.24444818496704, 60.791666984558105, 60.2255277633667, 59.651963233947754, 60.480462074279785, 60.34769606590271, 61.91481804847717, 60.88002276420593, 60.396175146102905, 63.7541389465332, 59.97736120223999, 59.82968807220459, 60.52572584152222, 60.329275131225586, 60.065725326538086, 60.65192222595215, 59.90617322921753, 60.31548738479614, 60.043153047561646, 60.27663493156433, 59.37998414039612, 59.69431924819946, 59.3624529838562]
~~~~~~~~~~~~~~~~~~~~~~~~~~~~~~ global model aggragation and  send  to client 

-------------Training  Round number: 106-------------

Evaluate global model
Averaged Train Loss: 1.4571
Averaged Test Accurancy: 0.7197
Averaged Test AUC: 0.9093
Std Test Accurancy: 0.2291
Std Test AUC: 0.1369
res is: ['mnist', 'FedVOI', 106, 1.457124715571162, 0.7196800914024565, 0.9092533227297145, 0.22914370169257944, 0.136882401390354, 174.8678682873961]
------------------------- Round is  106 ------------------------- time cost ------------------------- 59.7642719745636
------------------------- Budget is : [84.58488202095032, 87.78808426856995, 84.09102416038513, 62.11084008216858, 62.479140758514404, 60.15249300003052, 59.46004605293274, 59.535752058029175, 59.05656886100769, 59.51739287376404, 58.546687841415405, 59.54336714744568, 60.12155890464783, 58.86408090591431, 59.64257884025574, 59.622902154922485, 59.50944995880127, 60.55329203605652, 59.23235201835632, 59.27186608314514, 60.12679719924927, 59.864394187927246, 59.92988324165344, 59.65527701377869, 59.663031816482544, 59.819064140319824, 59.8156418800354, 60.853636026382446, 60.745179176330566, 60.091312885284424, 59.98015379905701, 60.35956525802612, 59.75596785545349, 59.75128698348999, 59.51348423957825, 60.15871214866638, 59.24671196937561, 59.263036251068115, 59.53028416633606, 60.536794900894165, 59.566641092300415, 60.469403982162476, 59.069092988967896, 59.86602807044983, 59.50624418258667, 59.80940794944763, 60.94348907470703, 61.330214977264404, 59.34154987335205, 60.270190954208374, 60.353535890579224, 60.291236877441406, 59.147621154785156, 59.99807596206665, 60.03334188461304, 58.80587601661682, 60.45428991317749, 59.803590059280396, 61.09221887588501, 60.777377128601074, 60.92022085189819, 59.9450318813324, 59.800957918167114, 60.14120697975159, 59.41724729537964, 60.69604730606079, 60.45559310913086, 59.88167190551758, 60.087149143218994, 59.903194189071655, 60.23416614532471, 60.03732466697693, 60.244985818862915, 60.37019991874695, 60.55929112434387, 60.79651117324829, 60.163880348205566, 61.05373811721802, 60.055858850479126, 60.46925210952759, 60.20346975326538, 60.50187420845032, 60.24444818496704, 60.791666984558105, 60.2255277633667, 59.651963233947754, 60.480462074279785, 60.34769606590271, 61.91481804847717, 60.88002276420593, 60.396175146102905, 63.7541389465332, 59.97736120223999, 59.82968807220459, 60.52572584152222, 60.329275131225586, 60.065725326538086, 60.65192222595215, 59.90617322921753, 60.31548738479614, 60.043153047561646, 60.27663493156433, 59.37998414039612, 59.69431924819946, 59.3624529838562, 59.7642719745636]
~~~~~~~~~~~~~~~~~~~~~~~~~~~~~~ global model aggragation and  send  to client 

-------------Training  Round number: 107-------------

Evaluate global model
Averaged Train Loss: 1.4547
Averaged Test Accurancy: 0.7201
Averaged Test AUC: 0.9096
Std Test Accurancy: 0.2292
Std Test AUC: 0.1363
res is: ['mnist', 'FedVOI', 107, 1.4546807659656946, 0.7201371036846616, 0.9095734542111784, 0.22918721378531318, 0.13630795535911638, 170.56696909020948]
------------------------- Round is  107 ------------------------- time cost ------------------------- 59.87918281555176
------------------------- Budget is : [84.58488202095032, 87.78808426856995, 84.09102416038513, 62.11084008216858, 62.479140758514404, 60.15249300003052, 59.46004605293274, 59.535752058029175, 59.05656886100769, 59.51739287376404, 58.546687841415405, 59.54336714744568, 60.12155890464783, 58.86408090591431, 59.64257884025574, 59.622902154922485, 59.50944995880127, 60.55329203605652, 59.23235201835632, 59.27186608314514, 60.12679719924927, 59.864394187927246, 59.92988324165344, 59.65527701377869, 59.663031816482544, 59.819064140319824, 59.8156418800354, 60.853636026382446, 60.745179176330566, 60.091312885284424, 59.98015379905701, 60.35956525802612, 59.75596785545349, 59.75128698348999, 59.51348423957825, 60.15871214866638, 59.24671196937561, 59.263036251068115, 59.53028416633606, 60.536794900894165, 59.566641092300415, 60.469403982162476, 59.069092988967896, 59.86602807044983, 59.50624418258667, 59.80940794944763, 60.94348907470703, 61.330214977264404, 59.34154987335205, 60.270190954208374, 60.353535890579224, 60.291236877441406, 59.147621154785156, 59.99807596206665, 60.03334188461304, 58.80587601661682, 60.45428991317749, 59.803590059280396, 61.09221887588501, 60.777377128601074, 60.92022085189819, 59.9450318813324, 59.800957918167114, 60.14120697975159, 59.41724729537964, 60.69604730606079, 60.45559310913086, 59.88167190551758, 60.087149143218994, 59.903194189071655, 60.23416614532471, 60.03732466697693, 60.244985818862915, 60.37019991874695, 60.55929112434387, 60.79651117324829, 60.163880348205566, 61.05373811721802, 60.055858850479126, 60.46925210952759, 60.20346975326538, 60.50187420845032, 60.24444818496704, 60.791666984558105, 60.2255277633667, 59.651963233947754, 60.480462074279785, 60.34769606590271, 61.91481804847717, 60.88002276420593, 60.396175146102905, 63.7541389465332, 59.97736120223999, 59.82968807220459, 60.52572584152222, 60.329275131225586, 60.065725326538086, 60.65192222595215, 59.90617322921753, 60.31548738479614, 60.043153047561646, 60.27663493156433, 59.37998414039612, 59.69431924819946, 59.3624529838562, 59.7642719745636, 59.87918281555176]
~~~~~~~~~~~~~~~~~~~~~~~~~~~~~~ global model aggragation and  send  to client 

-------------Training  Round number: 108-------------

Evaluate global model
Averaged Train Loss: 1.4525
Averaged Test Accurancy: 0.7203
Averaged Test AUC: 0.9099
Std Test Accurancy: 0.2291
Std Test AUC: 0.1357
res is: ['mnist', 'FedVOI', 108, 1.4524904715504208, 0.7203084832904885, 0.9098750895752277, 0.22906539663126446, 0.13574921381756982, 181.07903904559686]
------------------------- Round is  108 ------------------------- time cost ------------------------- 60.94079899787903
------------------------- Budget is : [84.58488202095032, 87.78808426856995, 84.09102416038513, 62.11084008216858, 62.479140758514404, 60.15249300003052, 59.46004605293274, 59.535752058029175, 59.05656886100769, 59.51739287376404, 58.546687841415405, 59.54336714744568, 60.12155890464783, 58.86408090591431, 59.64257884025574, 59.622902154922485, 59.50944995880127, 60.55329203605652, 59.23235201835632, 59.27186608314514, 60.12679719924927, 59.864394187927246, 59.92988324165344, 59.65527701377869, 59.663031816482544, 59.819064140319824, 59.8156418800354, 60.853636026382446, 60.745179176330566, 60.091312885284424, 59.98015379905701, 60.35956525802612, 59.75596785545349, 59.75128698348999, 59.51348423957825, 60.15871214866638, 59.24671196937561, 59.263036251068115, 59.53028416633606, 60.536794900894165, 59.566641092300415, 60.469403982162476, 59.069092988967896, 59.86602807044983, 59.50624418258667, 59.80940794944763, 60.94348907470703, 61.330214977264404, 59.34154987335205, 60.270190954208374, 60.353535890579224, 60.291236877441406, 59.147621154785156, 59.99807596206665, 60.03334188461304, 58.80587601661682, 60.45428991317749, 59.803590059280396, 61.09221887588501, 60.777377128601074, 60.92022085189819, 59.9450318813324, 59.800957918167114, 60.14120697975159, 59.41724729537964, 60.69604730606079, 60.45559310913086, 59.88167190551758, 60.087149143218994, 59.903194189071655, 60.23416614532471, 60.03732466697693, 60.244985818862915, 60.37019991874695, 60.55929112434387, 60.79651117324829, 60.163880348205566, 61.05373811721802, 60.055858850479126, 60.46925210952759, 60.20346975326538, 60.50187420845032, 60.24444818496704, 60.791666984558105, 60.2255277633667, 59.651963233947754, 60.480462074279785, 60.34769606590271, 61.91481804847717, 60.88002276420593, 60.396175146102905, 63.7541389465332, 59.97736120223999, 59.82968807220459, 60.52572584152222, 60.329275131225586, 60.065725326538086, 60.65192222595215, 59.90617322921753, 60.31548738479614, 60.043153047561646, 60.27663493156433, 59.37998414039612, 59.69431924819946, 59.3624529838562, 59.7642719745636, 59.87918281555176, 60.94079899787903]
~~~~~~~~~~~~~~~~~~~~~~~~~~~~~~ global model aggragation and  send  to client 

-------------Training  Round number: 109-------------

Evaluate global model
Averaged Train Loss: 1.4502
Averaged Test Accurancy: 0.7207
Averaged Test AUC: 0.9102
Std Test Accurancy: 0.2292
Std Test AUC: 0.1352
res is: ['mnist', 'FedVOI', 109, 1.4502220970516246, 0.7206512425021423, 0.9101667456856471, 0.2291891088335791, 0.13521505264788253, 175.4636486445999]
------------------------- Round is  109 ------------------------- time cost ------------------------- 60.5971519947052
------------------------- Budget is : [84.58488202095032, 87.78808426856995, 84.09102416038513, 62.11084008216858, 62.479140758514404, 60.15249300003052, 59.46004605293274, 59.535752058029175, 59.05656886100769, 59.51739287376404, 58.546687841415405, 59.54336714744568, 60.12155890464783, 58.86408090591431, 59.64257884025574, 59.622902154922485, 59.50944995880127, 60.55329203605652, 59.23235201835632, 59.27186608314514, 60.12679719924927, 59.864394187927246, 59.92988324165344, 59.65527701377869, 59.663031816482544, 59.819064140319824, 59.8156418800354, 60.853636026382446, 60.745179176330566, 60.091312885284424, 59.98015379905701, 60.35956525802612, 59.75596785545349, 59.75128698348999, 59.51348423957825, 60.15871214866638, 59.24671196937561, 59.263036251068115, 59.53028416633606, 60.536794900894165, 59.566641092300415, 60.469403982162476, 59.069092988967896, 59.86602807044983, 59.50624418258667, 59.80940794944763, 60.94348907470703, 61.330214977264404, 59.34154987335205, 60.270190954208374, 60.353535890579224, 60.291236877441406, 59.147621154785156, 59.99807596206665, 60.03334188461304, 58.80587601661682, 60.45428991317749, 59.803590059280396, 61.09221887588501, 60.777377128601074, 60.92022085189819, 59.9450318813324, 59.800957918167114, 60.14120697975159, 59.41724729537964, 60.69604730606079, 60.45559310913086, 59.88167190551758, 60.087149143218994, 59.903194189071655, 60.23416614532471, 60.03732466697693, 60.244985818862915, 60.37019991874695, 60.55929112434387, 60.79651117324829, 60.163880348205566, 61.05373811721802, 60.055858850479126, 60.46925210952759, 60.20346975326538, 60.50187420845032, 60.24444818496704, 60.791666984558105, 60.2255277633667, 59.651963233947754, 60.480462074279785, 60.34769606590271, 61.91481804847717, 60.88002276420593, 60.396175146102905, 63.7541389465332, 59.97736120223999, 59.82968807220459, 60.52572584152222, 60.329275131225586, 60.065725326538086, 60.65192222595215, 59.90617322921753, 60.31548738479614, 60.043153047561646, 60.27663493156433, 59.37998414039612, 59.69431924819946, 59.3624529838562, 59.7642719745636, 59.87918281555176, 60.94079899787903, 60.5971519947052]
~~~~~~~~~~~~~~~~~~~~~~~~~~~~~~ global model aggragation and  send  to client 

-------------Training  Round number: 110-------------

Evaluate global model
Averaged Train Loss: 1.4480
Averaged Test Accurancy: 0.7212
Averaged Test AUC: 0.9104
Std Test Accurancy: 0.2290
Std Test AUC: 0.1347
res is: ['mnist', 'FedVOI', 110, 1.4480125392496743, 0.7211653813196229, 0.9104479556880413, 0.22900631732805807, 0.1347087764023472, 180.2943843630986]
------------------------- Round is  110 ------------------------- time cost ------------------------- 59.862837076187134
------------------------- Budget is : [84.58488202095032, 87.78808426856995, 84.09102416038513, 62.11084008216858, 62.479140758514404, 60.15249300003052, 59.46004605293274, 59.535752058029175, 59.05656886100769, 59.51739287376404, 58.546687841415405, 59.54336714744568, 60.12155890464783, 58.86408090591431, 59.64257884025574, 59.622902154922485, 59.50944995880127, 60.55329203605652, 59.23235201835632, 59.27186608314514, 60.12679719924927, 59.864394187927246, 59.92988324165344, 59.65527701377869, 59.663031816482544, 59.819064140319824, 59.8156418800354, 60.853636026382446, 60.745179176330566, 60.091312885284424, 59.98015379905701, 60.35956525802612, 59.75596785545349, 59.75128698348999, 59.51348423957825, 60.15871214866638, 59.24671196937561, 59.263036251068115, 59.53028416633606, 60.536794900894165, 59.566641092300415, 60.469403982162476, 59.069092988967896, 59.86602807044983, 59.50624418258667, 59.80940794944763, 60.94348907470703, 61.330214977264404, 59.34154987335205, 60.270190954208374, 60.353535890579224, 60.291236877441406, 59.147621154785156, 59.99807596206665, 60.03334188461304, 58.80587601661682, 60.45428991317749, 59.803590059280396, 61.09221887588501, 60.777377128601074, 60.92022085189819, 59.9450318813324, 59.800957918167114, 60.14120697975159, 59.41724729537964, 60.69604730606079, 60.45559310913086, 59.88167190551758, 60.087149143218994, 59.903194189071655, 60.23416614532471, 60.03732466697693, 60.244985818862915, 60.37019991874695, 60.55929112434387, 60.79651117324829, 60.163880348205566, 61.05373811721802, 60.055858850479126, 60.46925210952759, 60.20346975326538, 60.50187420845032, 60.24444818496704, 60.791666984558105, 60.2255277633667, 59.651963233947754, 60.480462074279785, 60.34769606590271, 61.91481804847717, 60.88002276420593, 60.396175146102905, 63.7541389465332, 59.97736120223999, 59.82968807220459, 60.52572584152222, 60.329275131225586, 60.065725326538086, 60.65192222595215, 59.90617322921753, 60.31548738479614, 60.043153047561646, 60.27663493156433, 59.37998414039612, 59.69431924819946, 59.3624529838562, 59.7642719745636, 59.87918281555176, 60.94079899787903, 60.5971519947052, 59.862837076187134]
~~~~~~~~~~~~~~~~~~~~~~~~~~~~~~ global model aggragation and  send  to client 

-------------Training  Round number: 111-------------

Evaluate global model
Averaged Train Loss: 1.4460
Averaged Test Accurancy: 0.7213
Averaged Test AUC: 0.9107
Std Test Accurancy: 0.2292
Std Test AUC: 0.1342
res is: ['mnist', 'FedVOI', 111, 1.4459682306745365, 0.7212796343901743, 0.9107174142822438, 0.22922582160623084, 0.13420812641281496, 175.4636486445999]
------------------------- Round is  111 ------------------------- time cost ------------------------- 59.7517569065094
------------------------- Budget is : [84.58488202095032, 87.78808426856995, 84.09102416038513, 62.11084008216858, 62.479140758514404, 60.15249300003052, 59.46004605293274, 59.535752058029175, 59.05656886100769, 59.51739287376404, 58.546687841415405, 59.54336714744568, 60.12155890464783, 58.86408090591431, 59.64257884025574, 59.622902154922485, 59.50944995880127, 60.55329203605652, 59.23235201835632, 59.27186608314514, 60.12679719924927, 59.864394187927246, 59.92988324165344, 59.65527701377869, 59.663031816482544, 59.819064140319824, 59.8156418800354, 60.853636026382446, 60.745179176330566, 60.091312885284424, 59.98015379905701, 60.35956525802612, 59.75596785545349, 59.75128698348999, 59.51348423957825, 60.15871214866638, 59.24671196937561, 59.263036251068115, 59.53028416633606, 60.536794900894165, 59.566641092300415, 60.469403982162476, 59.069092988967896, 59.86602807044983, 59.50624418258667, 59.80940794944763, 60.94348907470703, 61.330214977264404, 59.34154987335205, 60.270190954208374, 60.353535890579224, 60.291236877441406, 59.147621154785156, 59.99807596206665, 60.03334188461304, 58.80587601661682, 60.45428991317749, 59.803590059280396, 61.09221887588501, 60.777377128601074, 60.92022085189819, 59.9450318813324, 59.800957918167114, 60.14120697975159, 59.41724729537964, 60.69604730606079, 60.45559310913086, 59.88167190551758, 60.087149143218994, 59.903194189071655, 60.23416614532471, 60.03732466697693, 60.244985818862915, 60.37019991874695, 60.55929112434387, 60.79651117324829, 60.163880348205566, 61.05373811721802, 60.055858850479126, 60.46925210952759, 60.20346975326538, 60.50187420845032, 60.24444818496704, 60.791666984558105, 60.2255277633667, 59.651963233947754, 60.480462074279785, 60.34769606590271, 61.91481804847717, 60.88002276420593, 60.396175146102905, 63.7541389465332, 59.97736120223999, 59.82968807220459, 60.52572584152222, 60.329275131225586, 60.065725326538086, 60.65192222595215, 59.90617322921753, 60.31548738479614, 60.043153047561646, 60.27663493156433, 59.37998414039612, 59.69431924819946, 59.3624529838562, 59.7642719745636, 59.87918281555176, 60.94079899787903, 60.5971519947052, 59.862837076187134, 59.7517569065094]
~~~~~~~~~~~~~~~~~~~~~~~~~~~~~~ global model aggragation and  send  to client 

-------------Training  Round number: 112-------------

Evaluate global model
Averaged Train Loss: 1.4440
Averaged Test Accurancy: 0.7215
Averaged Test AUC: 0.9110
Std Test Accurancy: 0.2291
Std Test AUC: 0.1337
res is: ['mnist', 'FedVOI', 112, 1.4439798102594013, 0.7214510139960011, 0.9109980367366837, 0.22913814325298598, 0.13370169225246706, 181.07903904559686]
------------------------- Round is  112 ------------------------- time cost ------------------------- 60.22457408905029
------------------------- Budget is : [84.58488202095032, 87.78808426856995, 84.09102416038513, 62.11084008216858, 62.479140758514404, 60.15249300003052, 59.46004605293274, 59.535752058029175, 59.05656886100769, 59.51739287376404, 58.546687841415405, 59.54336714744568, 60.12155890464783, 58.86408090591431, 59.64257884025574, 59.622902154922485, 59.50944995880127, 60.55329203605652, 59.23235201835632, 59.27186608314514, 60.12679719924927, 59.864394187927246, 59.92988324165344, 59.65527701377869, 59.663031816482544, 59.819064140319824, 59.8156418800354, 60.853636026382446, 60.745179176330566, 60.091312885284424, 59.98015379905701, 60.35956525802612, 59.75596785545349, 59.75128698348999, 59.51348423957825, 60.15871214866638, 59.24671196937561, 59.263036251068115, 59.53028416633606, 60.536794900894165, 59.566641092300415, 60.469403982162476, 59.069092988967896, 59.86602807044983, 59.50624418258667, 59.80940794944763, 60.94348907470703, 61.330214977264404, 59.34154987335205, 60.270190954208374, 60.353535890579224, 60.291236877441406, 59.147621154785156, 59.99807596206665, 60.03334188461304, 58.80587601661682, 60.45428991317749, 59.803590059280396, 61.09221887588501, 60.777377128601074, 60.92022085189819, 59.9450318813324, 59.800957918167114, 60.14120697975159, 59.41724729537964, 60.69604730606079, 60.45559310913086, 59.88167190551758, 60.087149143218994, 59.903194189071655, 60.23416614532471, 60.03732466697693, 60.244985818862915, 60.37019991874695, 60.55929112434387, 60.79651117324829, 60.163880348205566, 61.05373811721802, 60.055858850479126, 60.46925210952759, 60.20346975326538, 60.50187420845032, 60.24444818496704, 60.791666984558105, 60.2255277633667, 59.651963233947754, 60.480462074279785, 60.34769606590271, 61.91481804847717, 60.88002276420593, 60.396175146102905, 63.7541389465332, 59.97736120223999, 59.82968807220459, 60.52572584152222, 60.329275131225586, 60.065725326538086, 60.65192222595215, 59.90617322921753, 60.31548738479614, 60.043153047561646, 60.27663493156433, 59.37998414039612, 59.69431924819946, 59.3624529838562, 59.7642719745636, 59.87918281555176, 60.94079899787903, 60.5971519947052, 59.862837076187134, 59.7517569065094, 60.22457408905029]
~~~~~~~~~~~~~~~~~~~~~~~~~~~~~~ global model aggragation and  send  to client 

-------------Training  Round number: 113-------------

Evaluate global model
Averaged Train Loss: 1.4419
Averaged Test Accurancy: 0.7219
Averaged Test AUC: 0.9113
Std Test Accurancy: 0.2282
Std Test AUC: 0.1332
res is: ['mnist', 'FedVOI', 113, 1.441866580570345, 0.7219080262782063, 0.9112640884025976, 0.22817636102608008, 0.13322288605886295, 177.27036557616654]
------------------------- Round is  113 ------------------------- time cost ------------------------- 60.130526304244995
------------------------- Budget is : [84.58488202095032, 87.78808426856995, 84.09102416038513, 62.11084008216858, 62.479140758514404, 60.15249300003052, 59.46004605293274, 59.535752058029175, 59.05656886100769, 59.51739287376404, 58.546687841415405, 59.54336714744568, 60.12155890464783, 58.86408090591431, 59.64257884025574, 59.622902154922485, 59.50944995880127, 60.55329203605652, 59.23235201835632, 59.27186608314514, 60.12679719924927, 59.864394187927246, 59.92988324165344, 59.65527701377869, 59.663031816482544, 59.819064140319824, 59.8156418800354, 60.853636026382446, 60.745179176330566, 60.091312885284424, 59.98015379905701, 60.35956525802612, 59.75596785545349, 59.75128698348999, 59.51348423957825, 60.15871214866638, 59.24671196937561, 59.263036251068115, 59.53028416633606, 60.536794900894165, 59.566641092300415, 60.469403982162476, 59.069092988967896, 59.86602807044983, 59.50624418258667, 59.80940794944763, 60.94348907470703, 61.330214977264404, 59.34154987335205, 60.270190954208374, 60.353535890579224, 60.291236877441406, 59.147621154785156, 59.99807596206665, 60.03334188461304, 58.80587601661682, 60.45428991317749, 59.803590059280396, 61.09221887588501, 60.777377128601074, 60.92022085189819, 59.9450318813324, 59.800957918167114, 60.14120697975159, 59.41724729537964, 60.69604730606079, 60.45559310913086, 59.88167190551758, 60.087149143218994, 59.903194189071655, 60.23416614532471, 60.03732466697693, 60.244985818862915, 60.37019991874695, 60.55929112434387, 60.79651117324829, 60.163880348205566, 61.05373811721802, 60.055858850479126, 60.46925210952759, 60.20346975326538, 60.50187420845032, 60.24444818496704, 60.791666984558105, 60.2255277633667, 59.651963233947754, 60.480462074279785, 60.34769606590271, 61.91481804847717, 60.88002276420593, 60.396175146102905, 63.7541389465332, 59.97736120223999, 59.82968807220459, 60.52572584152222, 60.329275131225586, 60.065725326538086, 60.65192222595215, 59.90617322921753, 60.31548738479614, 60.043153047561646, 60.27663493156433, 59.37998414039612, 59.69431924819946, 59.3624529838562, 59.7642719745636, 59.87918281555176, 60.94079899787903, 60.5971519947052, 59.862837076187134, 59.7517569065094, 60.22457408905029, 60.130526304244995]
~~~~~~~~~~~~~~~~~~~~~~~~~~~~~~ global model aggragation and  send  to client 

-------------Training  Round number: 114-------------

Evaluate global model
Averaged Train Loss: 1.4400
Averaged Test Accurancy: 0.7221
Averaged Test AUC: 0.9115
Std Test Accurancy: 0.2283
Std Test AUC: 0.1327
res is: ['mnist', 'FedVOI', 114, 1.4399954689287477, 0.7220794058840332, 0.9115355871893756, 0.2283038040646428, 0.1327326211979467, 178.19314489644913]
------------------------- Round is  114 ------------------------- time cost ------------------------- 60.26601028442383
------------------------- Budget is : [84.58488202095032, 87.78808426856995, 84.09102416038513, 62.11084008216858, 62.479140758514404, 60.15249300003052, 59.46004605293274, 59.535752058029175, 59.05656886100769, 59.51739287376404, 58.546687841415405, 59.54336714744568, 60.12155890464783, 58.86408090591431, 59.64257884025574, 59.622902154922485, 59.50944995880127, 60.55329203605652, 59.23235201835632, 59.27186608314514, 60.12679719924927, 59.864394187927246, 59.92988324165344, 59.65527701377869, 59.663031816482544, 59.819064140319824, 59.8156418800354, 60.853636026382446, 60.745179176330566, 60.091312885284424, 59.98015379905701, 60.35956525802612, 59.75596785545349, 59.75128698348999, 59.51348423957825, 60.15871214866638, 59.24671196937561, 59.263036251068115, 59.53028416633606, 60.536794900894165, 59.566641092300415, 60.469403982162476, 59.069092988967896, 59.86602807044983, 59.50624418258667, 59.80940794944763, 60.94348907470703, 61.330214977264404, 59.34154987335205, 60.270190954208374, 60.353535890579224, 60.291236877441406, 59.147621154785156, 59.99807596206665, 60.03334188461304, 58.80587601661682, 60.45428991317749, 59.803590059280396, 61.09221887588501, 60.777377128601074, 60.92022085189819, 59.9450318813324, 59.800957918167114, 60.14120697975159, 59.41724729537964, 60.69604730606079, 60.45559310913086, 59.88167190551758, 60.087149143218994, 59.903194189071655, 60.23416614532471, 60.03732466697693, 60.244985818862915, 60.37019991874695, 60.55929112434387, 60.79651117324829, 60.163880348205566, 61.05373811721802, 60.055858850479126, 60.46925210952759, 60.20346975326538, 60.50187420845032, 60.24444818496704, 60.791666984558105, 60.2255277633667, 59.651963233947754, 60.480462074279785, 60.34769606590271, 61.91481804847717, 60.88002276420593, 60.396175146102905, 63.7541389465332, 59.97736120223999, 59.82968807220459, 60.52572584152222, 60.329275131225586, 60.065725326538086, 60.65192222595215, 59.90617322921753, 60.31548738479614, 60.043153047561646, 60.27663493156433, 59.37998414039612, 59.69431924819946, 59.3624529838562, 59.7642719745636, 59.87918281555176, 60.94079899787903, 60.5971519947052, 59.862837076187134, 59.7517569065094, 60.22457408905029, 60.130526304244995, 60.26601028442383]
~~~~~~~~~~~~~~~~~~~~~~~~~~~~~~ global model aggragation and  send  to client 

-------------Training  Round number: 115-------------

Evaluate global model
Averaged Train Loss: 1.4382
Averaged Test Accurancy: 0.7223
Averaged Test AUC: 0.9118
Std Test Accurancy: 0.2283
Std Test AUC: 0.1323
res is: ['mnist', 'FedVOI', 115, 1.4381711566949507, 0.72225078548986, 0.9117894903673657, 0.2282674501122856, 0.13226688806844838, 175.4636486445999]
------------------------- Round is  115 ------------------------- time cost ------------------------- 59.49840188026428
------------------------- Budget is : [84.58488202095032, 87.78808426856995, 84.09102416038513, 62.11084008216858, 62.479140758514404, 60.15249300003052, 59.46004605293274, 59.535752058029175, 59.05656886100769, 59.51739287376404, 58.546687841415405, 59.54336714744568, 60.12155890464783, 58.86408090591431, 59.64257884025574, 59.622902154922485, 59.50944995880127, 60.55329203605652, 59.23235201835632, 59.27186608314514, 60.12679719924927, 59.864394187927246, 59.92988324165344, 59.65527701377869, 59.663031816482544, 59.819064140319824, 59.8156418800354, 60.853636026382446, 60.745179176330566, 60.091312885284424, 59.98015379905701, 60.35956525802612, 59.75596785545349, 59.75128698348999, 59.51348423957825, 60.15871214866638, 59.24671196937561, 59.263036251068115, 59.53028416633606, 60.536794900894165, 59.566641092300415, 60.469403982162476, 59.069092988967896, 59.86602807044983, 59.50624418258667, 59.80940794944763, 60.94348907470703, 61.330214977264404, 59.34154987335205, 60.270190954208374, 60.353535890579224, 60.291236877441406, 59.147621154785156, 59.99807596206665, 60.03334188461304, 58.80587601661682, 60.45428991317749, 59.803590059280396, 61.09221887588501, 60.777377128601074, 60.92022085189819, 59.9450318813324, 59.800957918167114, 60.14120697975159, 59.41724729537964, 60.69604730606079, 60.45559310913086, 59.88167190551758, 60.087149143218994, 59.903194189071655, 60.23416614532471, 60.03732466697693, 60.244985818862915, 60.37019991874695, 60.55929112434387, 60.79651117324829, 60.163880348205566, 61.05373811721802, 60.055858850479126, 60.46925210952759, 60.20346975326538, 60.50187420845032, 60.24444818496704, 60.791666984558105, 60.2255277633667, 59.651963233947754, 60.480462074279785, 60.34769606590271, 61.91481804847717, 60.88002276420593, 60.396175146102905, 63.7541389465332, 59.97736120223999, 59.82968807220459, 60.52572584152222, 60.329275131225586, 60.065725326538086, 60.65192222595215, 59.90617322921753, 60.31548738479614, 60.043153047561646, 60.27663493156433, 59.37998414039612, 59.69431924819946, 59.3624529838562, 59.7642719745636, 59.87918281555176, 60.94079899787903, 60.5971519947052, 59.862837076187134, 59.7517569065094, 60.22457408905029, 60.130526304244995, 60.26601028442383, 59.49840188026428]
~~~~~~~~~~~~~~~~~~~~~~~~~~~~~~ global model aggragation and  send  to client 

-------------Training  Round number: 116-------------

Evaluate global model
Averaged Train Loss: 1.4363
Averaged Test Accurancy: 0.7224
Averaged Test AUC: 0.9121
Std Test Accurancy: 0.2282
Std Test AUC: 0.1318
res is: ['mnist', 'FedVOI', 116, 1.4363433249184996, 0.7224221650956869, 0.9120558002894307, 0.2281626886265399, 0.13178331063022075, 173.30644498313856]
------------------------- Round is  116 ------------------------- time cost ------------------------- 60.815085887908936
------------------------- Budget is : [84.58488202095032, 87.78808426856995, 84.09102416038513, 62.11084008216858, 62.479140758514404, 60.15249300003052, 59.46004605293274, 59.535752058029175, 59.05656886100769, 59.51739287376404, 58.546687841415405, 59.54336714744568, 60.12155890464783, 58.86408090591431, 59.64257884025574, 59.622902154922485, 59.50944995880127, 60.55329203605652, 59.23235201835632, 59.27186608314514, 60.12679719924927, 59.864394187927246, 59.92988324165344, 59.65527701377869, 59.663031816482544, 59.819064140319824, 59.8156418800354, 60.853636026382446, 60.745179176330566, 60.091312885284424, 59.98015379905701, 60.35956525802612, 59.75596785545349, 59.75128698348999, 59.51348423957825, 60.15871214866638, 59.24671196937561, 59.263036251068115, 59.53028416633606, 60.536794900894165, 59.566641092300415, 60.469403982162476, 59.069092988967896, 59.86602807044983, 59.50624418258667, 59.80940794944763, 60.94348907470703, 61.330214977264404, 59.34154987335205, 60.270190954208374, 60.353535890579224, 60.291236877441406, 59.147621154785156, 59.99807596206665, 60.03334188461304, 58.80587601661682, 60.45428991317749, 59.803590059280396, 61.09221887588501, 60.777377128601074, 60.92022085189819, 59.9450318813324, 59.800957918167114, 60.14120697975159, 59.41724729537964, 60.69604730606079, 60.45559310913086, 59.88167190551758, 60.087149143218994, 59.903194189071655, 60.23416614532471, 60.03732466697693, 60.244985818862915, 60.37019991874695, 60.55929112434387, 60.79651117324829, 60.163880348205566, 61.05373811721802, 60.055858850479126, 60.46925210952759, 60.20346975326538, 60.50187420845032, 60.24444818496704, 60.791666984558105, 60.2255277633667, 59.651963233947754, 60.480462074279785, 60.34769606590271, 61.91481804847717, 60.88002276420593, 60.396175146102905, 63.7541389465332, 59.97736120223999, 59.82968807220459, 60.52572584152222, 60.329275131225586, 60.065725326538086, 60.65192222595215, 59.90617322921753, 60.31548738479614, 60.043153047561646, 60.27663493156433, 59.37998414039612, 59.69431924819946, 59.3624529838562, 59.7642719745636, 59.87918281555176, 60.94079899787903, 60.5971519947052, 59.862837076187134, 59.7517569065094, 60.22457408905029, 60.130526304244995, 60.26601028442383, 59.49840188026428, 60.815085887908936]
~~~~~~~~~~~~~~~~~~~~~~~~~~~~~~ global model aggragation and  send  to client 

-------------Training  Round number: 117-------------

Evaluate global model
Averaged Train Loss: 1.4344
Averaged Test Accurancy: 0.7228
Averaged Test AUC: 0.9123
Std Test Accurancy: 0.2280
Std Test AUC: 0.1313
res is: ['mnist', 'FedVOI', 117, 1.4344446673563154, 0.7227649243073407, 0.9123069111234816, 0.2279687270660259, 0.1313351745625727, 166.78258478912414]
------------------------- Round is  117 ------------------------- time cost ------------------------- 59.57386016845703
------------------------- Budget is : [84.58488202095032, 87.78808426856995, 84.09102416038513, 62.11084008216858, 62.479140758514404, 60.15249300003052, 59.46004605293274, 59.535752058029175, 59.05656886100769, 59.51739287376404, 58.546687841415405, 59.54336714744568, 60.12155890464783, 58.86408090591431, 59.64257884025574, 59.622902154922485, 59.50944995880127, 60.55329203605652, 59.23235201835632, 59.27186608314514, 60.12679719924927, 59.864394187927246, 59.92988324165344, 59.65527701377869, 59.663031816482544, 59.819064140319824, 59.8156418800354, 60.853636026382446, 60.745179176330566, 60.091312885284424, 59.98015379905701, 60.35956525802612, 59.75596785545349, 59.75128698348999, 59.51348423957825, 60.15871214866638, 59.24671196937561, 59.263036251068115, 59.53028416633606, 60.536794900894165, 59.566641092300415, 60.469403982162476, 59.069092988967896, 59.86602807044983, 59.50624418258667, 59.80940794944763, 60.94348907470703, 61.330214977264404, 59.34154987335205, 60.270190954208374, 60.353535890579224, 60.291236877441406, 59.147621154785156, 59.99807596206665, 60.03334188461304, 58.80587601661682, 60.45428991317749, 59.803590059280396, 61.09221887588501, 60.777377128601074, 60.92022085189819, 59.9450318813324, 59.800957918167114, 60.14120697975159, 59.41724729537964, 60.69604730606079, 60.45559310913086, 59.88167190551758, 60.087149143218994, 59.903194189071655, 60.23416614532471, 60.03732466697693, 60.244985818862915, 60.37019991874695, 60.55929112434387, 60.79651117324829, 60.163880348205566, 61.05373811721802, 60.055858850479126, 60.46925210952759, 60.20346975326538, 60.50187420845032, 60.24444818496704, 60.791666984558105, 60.2255277633667, 59.651963233947754, 60.480462074279785, 60.34769606590271, 61.91481804847717, 60.88002276420593, 60.396175146102905, 63.7541389465332, 59.97736120223999, 59.82968807220459, 60.52572584152222, 60.329275131225586, 60.065725326538086, 60.65192222595215, 59.90617322921753, 60.31548738479614, 60.043153047561646, 60.27663493156433, 59.37998414039612, 59.69431924819946, 59.3624529838562, 59.7642719745636, 59.87918281555176, 60.94079899787903, 60.5971519947052, 59.862837076187134, 59.7517569065094, 60.22457408905029, 60.130526304244995, 60.26601028442383, 59.49840188026428, 60.815085887908936, 59.57386016845703]
~~~~~~~~~~~~~~~~~~~~~~~~~~~~~~ global model aggragation and  send  to client 

-------------Training  Round number: 118-------------

Evaluate global model
Averaged Train Loss: 1.4328
Averaged Test Accurancy: 0.7231
Averaged Test AUC: 0.9126
Std Test Accurancy: 0.2278
Std Test AUC: 0.1309
res is: ['mnist', 'FedVOI', 118, 1.4327531359725731, 0.7230505569837189, 0.9125523580675788, 0.22777055502176005, 0.1308977079539595, 168.78738686567038]
------------------------- Round is  118 ------------------------- time cost ------------------------- 59.961474895477295
------------------------- Budget is : [84.58488202095032, 87.78808426856995, 84.09102416038513, 62.11084008216858, 62.479140758514404, 60.15249300003052, 59.46004605293274, 59.535752058029175, 59.05656886100769, 59.51739287376404, 58.546687841415405, 59.54336714744568, 60.12155890464783, 58.86408090591431, 59.64257884025574, 59.622902154922485, 59.50944995880127, 60.55329203605652, 59.23235201835632, 59.27186608314514, 60.12679719924927, 59.864394187927246, 59.92988324165344, 59.65527701377869, 59.663031816482544, 59.819064140319824, 59.8156418800354, 60.853636026382446, 60.745179176330566, 60.091312885284424, 59.98015379905701, 60.35956525802612, 59.75596785545349, 59.75128698348999, 59.51348423957825, 60.15871214866638, 59.24671196937561, 59.263036251068115, 59.53028416633606, 60.536794900894165, 59.566641092300415, 60.469403982162476, 59.069092988967896, 59.86602807044983, 59.50624418258667, 59.80940794944763, 60.94348907470703, 61.330214977264404, 59.34154987335205, 60.270190954208374, 60.353535890579224, 60.291236877441406, 59.147621154785156, 59.99807596206665, 60.03334188461304, 58.80587601661682, 60.45428991317749, 59.803590059280396, 61.09221887588501, 60.777377128601074, 60.92022085189819, 59.9450318813324, 59.800957918167114, 60.14120697975159, 59.41724729537964, 60.69604730606079, 60.45559310913086, 59.88167190551758, 60.087149143218994, 59.903194189071655, 60.23416614532471, 60.03732466697693, 60.244985818862915, 60.37019991874695, 60.55929112434387, 60.79651117324829, 60.163880348205566, 61.05373811721802, 60.055858850479126, 60.46925210952759, 60.20346975326538, 60.50187420845032, 60.24444818496704, 60.791666984558105, 60.2255277633667, 59.651963233947754, 60.480462074279785, 60.34769606590271, 61.91481804847717, 60.88002276420593, 60.396175146102905, 63.7541389465332, 59.97736120223999, 59.82968807220459, 60.52572584152222, 60.329275131225586, 60.065725326538086, 60.65192222595215, 59.90617322921753, 60.31548738479614, 60.043153047561646, 60.27663493156433, 59.37998414039612, 59.69431924819946, 59.3624529838562, 59.7642719745636, 59.87918281555176, 60.94079899787903, 60.5971519947052, 59.862837076187134, 59.7517569065094, 60.22457408905029, 60.130526304244995, 60.26601028442383, 59.49840188026428, 60.815085887908936, 59.57386016845703, 59.961474895477295]
~~~~~~~~~~~~~~~~~~~~~~~~~~~~~~ global model aggragation and  send  to client 

-------------Training  Round number: 119-------------

Evaluate global model
Averaged Train Loss: 1.4311
Averaged Test Accurancy: 0.7230
Averaged Test AUC: 0.9128
Std Test Accurancy: 0.2278
Std Test AUC: 0.1305
res is: ['mnist', 'FedVOI', 119, 1.43108829086019, 0.7229934304484433, 0.9127963065500586, 0.2277960525597523, 0.1304521278541992, 166.78258478912414]
------------------------- Round is  119 ------------------------- time cost ------------------------- 60.136605978012085
------------------------- Budget is : [84.58488202095032, 87.78808426856995, 84.09102416038513, 62.11084008216858, 62.479140758514404, 60.15249300003052, 59.46004605293274, 59.535752058029175, 59.05656886100769, 59.51739287376404, 58.546687841415405, 59.54336714744568, 60.12155890464783, 58.86408090591431, 59.64257884025574, 59.622902154922485, 59.50944995880127, 60.55329203605652, 59.23235201835632, 59.27186608314514, 60.12679719924927, 59.864394187927246, 59.92988324165344, 59.65527701377869, 59.663031816482544, 59.819064140319824, 59.8156418800354, 60.853636026382446, 60.745179176330566, 60.091312885284424, 59.98015379905701, 60.35956525802612, 59.75596785545349, 59.75128698348999, 59.51348423957825, 60.15871214866638, 59.24671196937561, 59.263036251068115, 59.53028416633606, 60.536794900894165, 59.566641092300415, 60.469403982162476, 59.069092988967896, 59.86602807044983, 59.50624418258667, 59.80940794944763, 60.94348907470703, 61.330214977264404, 59.34154987335205, 60.270190954208374, 60.353535890579224, 60.291236877441406, 59.147621154785156, 59.99807596206665, 60.03334188461304, 58.80587601661682, 60.45428991317749, 59.803590059280396, 61.09221887588501, 60.777377128601074, 60.92022085189819, 59.9450318813324, 59.800957918167114, 60.14120697975159, 59.41724729537964, 60.69604730606079, 60.45559310913086, 59.88167190551758, 60.087149143218994, 59.903194189071655, 60.23416614532471, 60.03732466697693, 60.244985818862915, 60.37019991874695, 60.55929112434387, 60.79651117324829, 60.163880348205566, 61.05373811721802, 60.055858850479126, 60.46925210952759, 60.20346975326538, 60.50187420845032, 60.24444818496704, 60.791666984558105, 60.2255277633667, 59.651963233947754, 60.480462074279785, 60.34769606590271, 61.91481804847717, 60.88002276420593, 60.396175146102905, 63.7541389465332, 59.97736120223999, 59.82968807220459, 60.52572584152222, 60.329275131225586, 60.065725326538086, 60.65192222595215, 59.90617322921753, 60.31548738479614, 60.043153047561646, 60.27663493156433, 59.37998414039612, 59.69431924819946, 59.3624529838562, 59.7642719745636, 59.87918281555176, 60.94079899787903, 60.5971519947052, 59.862837076187134, 59.7517569065094, 60.22457408905029, 60.130526304244995, 60.26601028442383, 59.49840188026428, 60.815085887908936, 59.57386016845703, 59.961474895477295, 60.136605978012085]
~~~~~~~~~~~~~~~~~~~~~~~~~~~~~~ global model aggragation and  send  to client 

-------------Training  Round number: 120-------------

Evaluate global model
Averaged Train Loss: 1.4297
Averaged Test Accurancy: 0.7229
Averaged Test AUC: 0.9130
Std Test Accurancy: 0.2277
Std Test AUC: 0.1300
res is: ['mnist', 'FedVOI', 120, 1.4296606510384904, 0.722879177377892, 0.9130267406185246, 0.22771676585532566, 0.13003004187680434, 174.77462053637896]
------------------------- Round is  120 ------------------------- time cost ------------------------- 59.79427409172058
------------------------- Budget is : [84.58488202095032, 87.78808426856995, 84.09102416038513, 62.11084008216858, 62.479140758514404, 60.15249300003052, 59.46004605293274, 59.535752058029175, 59.05656886100769, 59.51739287376404, 58.546687841415405, 59.54336714744568, 60.12155890464783, 58.86408090591431, 59.64257884025574, 59.622902154922485, 59.50944995880127, 60.55329203605652, 59.23235201835632, 59.27186608314514, 60.12679719924927, 59.864394187927246, 59.92988324165344, 59.65527701377869, 59.663031816482544, 59.819064140319824, 59.8156418800354, 60.853636026382446, 60.745179176330566, 60.091312885284424, 59.98015379905701, 60.35956525802612, 59.75596785545349, 59.75128698348999, 59.51348423957825, 60.15871214866638, 59.24671196937561, 59.263036251068115, 59.53028416633606, 60.536794900894165, 59.566641092300415, 60.469403982162476, 59.069092988967896, 59.86602807044983, 59.50624418258667, 59.80940794944763, 60.94348907470703, 61.330214977264404, 59.34154987335205, 60.270190954208374, 60.353535890579224, 60.291236877441406, 59.147621154785156, 59.99807596206665, 60.03334188461304, 58.80587601661682, 60.45428991317749, 59.803590059280396, 61.09221887588501, 60.777377128601074, 60.92022085189819, 59.9450318813324, 59.800957918167114, 60.14120697975159, 59.41724729537964, 60.69604730606079, 60.45559310913086, 59.88167190551758, 60.087149143218994, 59.903194189071655, 60.23416614532471, 60.03732466697693, 60.244985818862915, 60.37019991874695, 60.55929112434387, 60.79651117324829, 60.163880348205566, 61.05373811721802, 60.055858850479126, 60.46925210952759, 60.20346975326538, 60.50187420845032, 60.24444818496704, 60.791666984558105, 60.2255277633667, 59.651963233947754, 60.480462074279785, 60.34769606590271, 61.91481804847717, 60.88002276420593, 60.396175146102905, 63.7541389465332, 59.97736120223999, 59.82968807220459, 60.52572584152222, 60.329275131225586, 60.065725326538086, 60.65192222595215, 59.90617322921753, 60.31548738479614, 60.043153047561646, 60.27663493156433, 59.37998414039612, 59.69431924819946, 59.3624529838562, 59.7642719745636, 59.87918281555176, 60.94079899787903, 60.5971519947052, 59.862837076187134, 59.7517569065094, 60.22457408905029, 60.130526304244995, 60.26601028442383, 59.49840188026428, 60.815085887908936, 59.57386016845703, 59.961474895477295, 60.136605978012085, 59.79427409172058]
~~~~~~~~~~~~~~~~~~~~~~~~~~~~~~ global model aggragation and  send  to client 

-------------Training  Round number: 121-------------

Evaluate global model
Averaged Train Loss: 1.4279
Averaged Test Accurancy: 0.7232
Averaged Test AUC: 0.9133
Std Test Accurancy: 0.2278
Std Test AUC: 0.1296
res is: ['mnist', 'FedVOI', 121, 1.4279266933943506, 0.7231648100542702, 0.9132545823972456, 0.22777143134108244, 0.1296298134106988, 174.77462053637896]
------------------------- Round is  121 ------------------------- time cost ------------------------- 60.6828510761261
------------------------- Budget is : [84.58488202095032, 87.78808426856995, 84.09102416038513, 62.11084008216858, 62.479140758514404, 60.15249300003052, 59.46004605293274, 59.535752058029175, 59.05656886100769, 59.51739287376404, 58.546687841415405, 59.54336714744568, 60.12155890464783, 58.86408090591431, 59.64257884025574, 59.622902154922485, 59.50944995880127, 60.55329203605652, 59.23235201835632, 59.27186608314514, 60.12679719924927, 59.864394187927246, 59.92988324165344, 59.65527701377869, 59.663031816482544, 59.819064140319824, 59.8156418800354, 60.853636026382446, 60.745179176330566, 60.091312885284424, 59.98015379905701, 60.35956525802612, 59.75596785545349, 59.75128698348999, 59.51348423957825, 60.15871214866638, 59.24671196937561, 59.263036251068115, 59.53028416633606, 60.536794900894165, 59.566641092300415, 60.469403982162476, 59.069092988967896, 59.86602807044983, 59.50624418258667, 59.80940794944763, 60.94348907470703, 61.330214977264404, 59.34154987335205, 60.270190954208374, 60.353535890579224, 60.291236877441406, 59.147621154785156, 59.99807596206665, 60.03334188461304, 58.80587601661682, 60.45428991317749, 59.803590059280396, 61.09221887588501, 60.777377128601074, 60.92022085189819, 59.9450318813324, 59.800957918167114, 60.14120697975159, 59.41724729537964, 60.69604730606079, 60.45559310913086, 59.88167190551758, 60.087149143218994, 59.903194189071655, 60.23416614532471, 60.03732466697693, 60.244985818862915, 60.37019991874695, 60.55929112434387, 60.79651117324829, 60.163880348205566, 61.05373811721802, 60.055858850479126, 60.46925210952759, 60.20346975326538, 60.50187420845032, 60.24444818496704, 60.791666984558105, 60.2255277633667, 59.651963233947754, 60.480462074279785, 60.34769606590271, 61.91481804847717, 60.88002276420593, 60.396175146102905, 63.7541389465332, 59.97736120223999, 59.82968807220459, 60.52572584152222, 60.329275131225586, 60.065725326538086, 60.65192222595215, 59.90617322921753, 60.31548738479614, 60.043153047561646, 60.27663493156433, 59.37998414039612, 59.69431924819946, 59.3624529838562, 59.7642719745636, 59.87918281555176, 60.94079899787903, 60.5971519947052, 59.862837076187134, 59.7517569065094, 60.22457408905029, 60.130526304244995, 60.26601028442383, 59.49840188026428, 60.815085887908936, 59.57386016845703, 59.961474895477295, 60.136605978012085, 59.79427409172058, 60.6828510761261]
~~~~~~~~~~~~~~~~~~~~~~~~~~~~~~ global model aggragation and  send  to client 

-------------Training  Round number: 122-------------

Evaluate global model
Averaged Train Loss: 1.4264
Averaged Test Accurancy: 0.7233
Averaged Test AUC: 0.9135
Std Test Accurancy: 0.2276
Std Test AUC: 0.1292
res is: ['mnist', 'FedVOI', 122, 1.4263823966279021, 0.7233361896600972, 0.9134805087641072, 0.22759408337192202, 0.12922534606443747, 181.07903904559686]
------------------------- Round is  122 ------------------------- time cost ------------------------- 59.48848509788513
------------------------- Budget is : [84.58488202095032, 87.78808426856995, 84.09102416038513, 62.11084008216858, 62.479140758514404, 60.15249300003052, 59.46004605293274, 59.535752058029175, 59.05656886100769, 59.51739287376404, 58.546687841415405, 59.54336714744568, 60.12155890464783, 58.86408090591431, 59.64257884025574, 59.622902154922485, 59.50944995880127, 60.55329203605652, 59.23235201835632, 59.27186608314514, 60.12679719924927, 59.864394187927246, 59.92988324165344, 59.65527701377869, 59.663031816482544, 59.819064140319824, 59.8156418800354, 60.853636026382446, 60.745179176330566, 60.091312885284424, 59.98015379905701, 60.35956525802612, 59.75596785545349, 59.75128698348999, 59.51348423957825, 60.15871214866638, 59.24671196937561, 59.263036251068115, 59.53028416633606, 60.536794900894165, 59.566641092300415, 60.469403982162476, 59.069092988967896, 59.86602807044983, 59.50624418258667, 59.80940794944763, 60.94348907470703, 61.330214977264404, 59.34154987335205, 60.270190954208374, 60.353535890579224, 60.291236877441406, 59.147621154785156, 59.99807596206665, 60.03334188461304, 58.80587601661682, 60.45428991317749, 59.803590059280396, 61.09221887588501, 60.777377128601074, 60.92022085189819, 59.9450318813324, 59.800957918167114, 60.14120697975159, 59.41724729537964, 60.69604730606079, 60.45559310913086, 59.88167190551758, 60.087149143218994, 59.903194189071655, 60.23416614532471, 60.03732466697693, 60.244985818862915, 60.37019991874695, 60.55929112434387, 60.79651117324829, 60.163880348205566, 61.05373811721802, 60.055858850479126, 60.46925210952759, 60.20346975326538, 60.50187420845032, 60.24444818496704, 60.791666984558105, 60.2255277633667, 59.651963233947754, 60.480462074279785, 60.34769606590271, 61.91481804847717, 60.88002276420593, 60.396175146102905, 63.7541389465332, 59.97736120223999, 59.82968807220459, 60.52572584152222, 60.329275131225586, 60.065725326538086, 60.65192222595215, 59.90617322921753, 60.31548738479614, 60.043153047561646, 60.27663493156433, 59.37998414039612, 59.69431924819946, 59.3624529838562, 59.7642719745636, 59.87918281555176, 60.94079899787903, 60.5971519947052, 59.862837076187134, 59.7517569065094, 60.22457408905029, 60.130526304244995, 60.26601028442383, 59.49840188026428, 60.815085887908936, 59.57386016845703, 59.961474895477295, 60.136605978012085, 59.79427409172058, 60.6828510761261, 59.48848509788513]
~~~~~~~~~~~~~~~~~~~~~~~~~~~~~~ global model aggragation and  send  to client 

-------------Training  Round number: 123-------------

Evaluate global model
Averaged Train Loss: 1.4250
Averaged Test Accurancy: 0.7233
Averaged Test AUC: 0.9137
Std Test Accurancy: 0.2278
Std Test AUC: 0.1288
res is: ['mnist', 'FedVOI', 123, 1.4250116448316408, 0.7233361896600972, 0.9137001233572739, 0.22781678401434244, 0.12883524767456858, 178.19314489644913]
------------------------- Round is  123 ------------------------- time cost ------------------------- 60.55464792251587
------------------------- Budget is : [84.58488202095032, 87.78808426856995, 84.09102416038513, 62.11084008216858, 62.479140758514404, 60.15249300003052, 59.46004605293274, 59.535752058029175, 59.05656886100769, 59.51739287376404, 58.546687841415405, 59.54336714744568, 60.12155890464783, 58.86408090591431, 59.64257884025574, 59.622902154922485, 59.50944995880127, 60.55329203605652, 59.23235201835632, 59.27186608314514, 60.12679719924927, 59.864394187927246, 59.92988324165344, 59.65527701377869, 59.663031816482544, 59.819064140319824, 59.8156418800354, 60.853636026382446, 60.745179176330566, 60.091312885284424, 59.98015379905701, 60.35956525802612, 59.75596785545349, 59.75128698348999, 59.51348423957825, 60.15871214866638, 59.24671196937561, 59.263036251068115, 59.53028416633606, 60.536794900894165, 59.566641092300415, 60.469403982162476, 59.069092988967896, 59.86602807044983, 59.50624418258667, 59.80940794944763, 60.94348907470703, 61.330214977264404, 59.34154987335205, 60.270190954208374, 60.353535890579224, 60.291236877441406, 59.147621154785156, 59.99807596206665, 60.03334188461304, 58.80587601661682, 60.45428991317749, 59.803590059280396, 61.09221887588501, 60.777377128601074, 60.92022085189819, 59.9450318813324, 59.800957918167114, 60.14120697975159, 59.41724729537964, 60.69604730606079, 60.45559310913086, 59.88167190551758, 60.087149143218994, 59.903194189071655, 60.23416614532471, 60.03732466697693, 60.244985818862915, 60.37019991874695, 60.55929112434387, 60.79651117324829, 60.163880348205566, 61.05373811721802, 60.055858850479126, 60.46925210952759, 60.20346975326538, 60.50187420845032, 60.24444818496704, 60.791666984558105, 60.2255277633667, 59.651963233947754, 60.480462074279785, 60.34769606590271, 61.91481804847717, 60.88002276420593, 60.396175146102905, 63.7541389465332, 59.97736120223999, 59.82968807220459, 60.52572584152222, 60.329275131225586, 60.065725326538086, 60.65192222595215, 59.90617322921753, 60.31548738479614, 60.043153047561646, 60.27663493156433, 59.37998414039612, 59.69431924819946, 59.3624529838562, 59.7642719745636, 59.87918281555176, 60.94079899787903, 60.5971519947052, 59.862837076187134, 59.7517569065094, 60.22457408905029, 60.130526304244995, 60.26601028442383, 59.49840188026428, 60.815085887908936, 59.57386016845703, 59.961474895477295, 60.136605978012085, 59.79427409172058, 60.6828510761261, 59.48848509788513, 60.55464792251587]
~~~~~~~~~~~~~~~~~~~~~~~~~~~~~~ global model aggragation and  send  to client 

-------------Training  Round number: 124-------------

Evaluate global model
Averaged Train Loss: 1.4238
Averaged Test Accurancy: 0.7235
Averaged Test AUC: 0.9139
Std Test Accurancy: 0.2276
Std Test AUC: 0.1285
res is: ['mnist', 'FedVOI', 124, 1.423827908936413, 0.7234504427306484, 0.9139040925786024, 0.22756506881570546, 0.1284505064403701, 174.77462053637896]
------------------------- Round is  124 ------------------------- time cost ------------------------- 60.07144021987915
------------------------- Budget is : [84.58488202095032, 87.78808426856995, 84.09102416038513, 62.11084008216858, 62.479140758514404, 60.15249300003052, 59.46004605293274, 59.535752058029175, 59.05656886100769, 59.51739287376404, 58.546687841415405, 59.54336714744568, 60.12155890464783, 58.86408090591431, 59.64257884025574, 59.622902154922485, 59.50944995880127, 60.55329203605652, 59.23235201835632, 59.27186608314514, 60.12679719924927, 59.864394187927246, 59.92988324165344, 59.65527701377869, 59.663031816482544, 59.819064140319824, 59.8156418800354, 60.853636026382446, 60.745179176330566, 60.091312885284424, 59.98015379905701, 60.35956525802612, 59.75596785545349, 59.75128698348999, 59.51348423957825, 60.15871214866638, 59.24671196937561, 59.263036251068115, 59.53028416633606, 60.536794900894165, 59.566641092300415, 60.469403982162476, 59.069092988967896, 59.86602807044983, 59.50624418258667, 59.80940794944763, 60.94348907470703, 61.330214977264404, 59.34154987335205, 60.270190954208374, 60.353535890579224, 60.291236877441406, 59.147621154785156, 59.99807596206665, 60.03334188461304, 58.80587601661682, 60.45428991317749, 59.803590059280396, 61.09221887588501, 60.777377128601074, 60.92022085189819, 59.9450318813324, 59.800957918167114, 60.14120697975159, 59.41724729537964, 60.69604730606079, 60.45559310913086, 59.88167190551758, 60.087149143218994, 59.903194189071655, 60.23416614532471, 60.03732466697693, 60.244985818862915, 60.37019991874695, 60.55929112434387, 60.79651117324829, 60.163880348205566, 61.05373811721802, 60.055858850479126, 60.46925210952759, 60.20346975326538, 60.50187420845032, 60.24444818496704, 60.791666984558105, 60.2255277633667, 59.651963233947754, 60.480462074279785, 60.34769606590271, 61.91481804847717, 60.88002276420593, 60.396175146102905, 63.7541389465332, 59.97736120223999, 59.82968807220459, 60.52572584152222, 60.329275131225586, 60.065725326538086, 60.65192222595215, 59.90617322921753, 60.31548738479614, 60.043153047561646, 60.27663493156433, 59.37998414039612, 59.69431924819946, 59.3624529838562, 59.7642719745636, 59.87918281555176, 60.94079899787903, 60.5971519947052, 59.862837076187134, 59.7517569065094, 60.22457408905029, 60.130526304244995, 60.26601028442383, 59.49840188026428, 60.815085887908936, 59.57386016845703, 59.961474895477295, 60.136605978012085, 59.79427409172058, 60.6828510761261, 59.48848509788513, 60.55464792251587, 60.07144021987915]
~~~~~~~~~~~~~~~~~~~~~~~~~~~~~~ global model aggragation and  send  to client 

-------------Training  Round number: 125-------------

Evaluate global model
Averaged Train Loss: 1.4224
Averaged Test Accurancy: 0.7235
Averaged Test AUC: 0.9141
Std Test Accurancy: 0.2275
Std Test AUC: 0.1281
res is: ['mnist', 'FedVOI', 125, 1.4224102548209914, 0.723507569265924, 0.9141208610974756, 0.22751980225615995, 0.12808206023820398, 171.31149375252784]
------------------------- Round is  125 ------------------------- time cost ------------------------- 60.06381416320801
------------------------- Budget is : [84.58488202095032, 87.78808426856995, 84.09102416038513, 62.11084008216858, 62.479140758514404, 60.15249300003052, 59.46004605293274, 59.535752058029175, 59.05656886100769, 59.51739287376404, 58.546687841415405, 59.54336714744568, 60.12155890464783, 58.86408090591431, 59.64257884025574, 59.622902154922485, 59.50944995880127, 60.55329203605652, 59.23235201835632, 59.27186608314514, 60.12679719924927, 59.864394187927246, 59.92988324165344, 59.65527701377869, 59.663031816482544, 59.819064140319824, 59.8156418800354, 60.853636026382446, 60.745179176330566, 60.091312885284424, 59.98015379905701, 60.35956525802612, 59.75596785545349, 59.75128698348999, 59.51348423957825, 60.15871214866638, 59.24671196937561, 59.263036251068115, 59.53028416633606, 60.536794900894165, 59.566641092300415, 60.469403982162476, 59.069092988967896, 59.86602807044983, 59.50624418258667, 59.80940794944763, 60.94348907470703, 61.330214977264404, 59.34154987335205, 60.270190954208374, 60.353535890579224, 60.291236877441406, 59.147621154785156, 59.99807596206665, 60.03334188461304, 58.80587601661682, 60.45428991317749, 59.803590059280396, 61.09221887588501, 60.777377128601074, 60.92022085189819, 59.9450318813324, 59.800957918167114, 60.14120697975159, 59.41724729537964, 60.69604730606079, 60.45559310913086, 59.88167190551758, 60.087149143218994, 59.903194189071655, 60.23416614532471, 60.03732466697693, 60.244985818862915, 60.37019991874695, 60.55929112434387, 60.79651117324829, 60.163880348205566, 61.05373811721802, 60.055858850479126, 60.46925210952759, 60.20346975326538, 60.50187420845032, 60.24444818496704, 60.791666984558105, 60.2255277633667, 59.651963233947754, 60.480462074279785, 60.34769606590271, 61.91481804847717, 60.88002276420593, 60.396175146102905, 63.7541389465332, 59.97736120223999, 59.82968807220459, 60.52572584152222, 60.329275131225586, 60.065725326538086, 60.65192222595215, 59.90617322921753, 60.31548738479614, 60.043153047561646, 60.27663493156433, 59.37998414039612, 59.69431924819946, 59.3624529838562, 59.7642719745636, 59.87918281555176, 60.94079899787903, 60.5971519947052, 59.862837076187134, 59.7517569065094, 60.22457408905029, 60.130526304244995, 60.26601028442383, 59.49840188026428, 60.815085887908936, 59.57386016845703, 59.961474895477295, 60.136605978012085, 59.79427409172058, 60.6828510761261, 59.48848509788513, 60.55464792251587, 60.07144021987915, 60.06381416320801]
~~~~~~~~~~~~~~~~~~~~~~~~~~~~~~ global model aggragation and  send  to client 

-------------Training  Round number: 126-------------

Evaluate global model
Averaged Train Loss: 1.4211
Averaged Test Accurancy: 0.7237
Averaged Test AUC: 0.9143
Std Test Accurancy: 0.2276
Std Test AUC: 0.1277
res is: ['mnist', 'FedVOI', 126, 1.4211314676546358, 0.7236789488717509, 0.9143179824913749, 0.22759511672349916, 0.12771978907474907, 168.78738686567038]
------------------------- Round is  126 ------------------------- time cost ------------------------- 60.2520170211792
------------------------- Budget is : [84.58488202095032, 87.78808426856995, 84.09102416038513, 62.11084008216858, 62.479140758514404, 60.15249300003052, 59.46004605293274, 59.535752058029175, 59.05656886100769, 59.51739287376404, 58.546687841415405, 59.54336714744568, 60.12155890464783, 58.86408090591431, 59.64257884025574, 59.622902154922485, 59.50944995880127, 60.55329203605652, 59.23235201835632, 59.27186608314514, 60.12679719924927, 59.864394187927246, 59.92988324165344, 59.65527701377869, 59.663031816482544, 59.819064140319824, 59.8156418800354, 60.853636026382446, 60.745179176330566, 60.091312885284424, 59.98015379905701, 60.35956525802612, 59.75596785545349, 59.75128698348999, 59.51348423957825, 60.15871214866638, 59.24671196937561, 59.263036251068115, 59.53028416633606, 60.536794900894165, 59.566641092300415, 60.469403982162476, 59.069092988967896, 59.86602807044983, 59.50624418258667, 59.80940794944763, 60.94348907470703, 61.330214977264404, 59.34154987335205, 60.270190954208374, 60.353535890579224, 60.291236877441406, 59.147621154785156, 59.99807596206665, 60.03334188461304, 58.80587601661682, 60.45428991317749, 59.803590059280396, 61.09221887588501, 60.777377128601074, 60.92022085189819, 59.9450318813324, 59.800957918167114, 60.14120697975159, 59.41724729537964, 60.69604730606079, 60.45559310913086, 59.88167190551758, 60.087149143218994, 59.903194189071655, 60.23416614532471, 60.03732466697693, 60.244985818862915, 60.37019991874695, 60.55929112434387, 60.79651117324829, 60.163880348205566, 61.05373811721802, 60.055858850479126, 60.46925210952759, 60.20346975326538, 60.50187420845032, 60.24444818496704, 60.791666984558105, 60.2255277633667, 59.651963233947754, 60.480462074279785, 60.34769606590271, 61.91481804847717, 60.88002276420593, 60.396175146102905, 63.7541389465332, 59.97736120223999, 59.82968807220459, 60.52572584152222, 60.329275131225586, 60.065725326538086, 60.65192222595215, 59.90617322921753, 60.31548738479614, 60.043153047561646, 60.27663493156433, 59.37998414039612, 59.69431924819946, 59.3624529838562, 59.7642719745636, 59.87918281555176, 60.94079899787903, 60.5971519947052, 59.862837076187134, 59.7517569065094, 60.22457408905029, 60.130526304244995, 60.26601028442383, 59.49840188026428, 60.815085887908936, 59.57386016845703, 59.961474895477295, 60.136605978012085, 59.79427409172058, 60.6828510761261, 59.48848509788513, 60.55464792251587, 60.07144021987915, 60.06381416320801, 60.2520170211792]
~~~~~~~~~~~~~~~~~~~~~~~~~~~~~~ global model aggragation and  send  to client 

-------------Training  Round number: 127-------------

Evaluate global model
Averaged Train Loss: 1.4198
Averaged Test Accurancy: 0.7240
Averaged Test AUC: 0.9145
Std Test Accurancy: 0.2273
Std Test AUC: 0.1274
res is: ['mnist', 'FedVOI', 127, 1.4197713275273238, 0.7239645815481291, 0.9145195810316118, 0.2273386602223748, 0.12738480388119106, 177.27036557616654]
------------------------- Round is  127 ------------------------- time cost ------------------------- 60.17770600318909
------------------------- Budget is : [84.58488202095032, 87.78808426856995, 84.09102416038513, 62.11084008216858, 62.479140758514404, 60.15249300003052, 59.46004605293274, 59.535752058029175, 59.05656886100769, 59.51739287376404, 58.546687841415405, 59.54336714744568, 60.12155890464783, 58.86408090591431, 59.64257884025574, 59.622902154922485, 59.50944995880127, 60.55329203605652, 59.23235201835632, 59.27186608314514, 60.12679719924927, 59.864394187927246, 59.92988324165344, 59.65527701377869, 59.663031816482544, 59.819064140319824, 59.8156418800354, 60.853636026382446, 60.745179176330566, 60.091312885284424, 59.98015379905701, 60.35956525802612, 59.75596785545349, 59.75128698348999, 59.51348423957825, 60.15871214866638, 59.24671196937561, 59.263036251068115, 59.53028416633606, 60.536794900894165, 59.566641092300415, 60.469403982162476, 59.069092988967896, 59.86602807044983, 59.50624418258667, 59.80940794944763, 60.94348907470703, 61.330214977264404, 59.34154987335205, 60.270190954208374, 60.353535890579224, 60.291236877441406, 59.147621154785156, 59.99807596206665, 60.03334188461304, 58.80587601661682, 60.45428991317749, 59.803590059280396, 61.09221887588501, 60.777377128601074, 60.92022085189819, 59.9450318813324, 59.800957918167114, 60.14120697975159, 59.41724729537964, 60.69604730606079, 60.45559310913086, 59.88167190551758, 60.087149143218994, 59.903194189071655, 60.23416614532471, 60.03732466697693, 60.244985818862915, 60.37019991874695, 60.55929112434387, 60.79651117324829, 60.163880348205566, 61.05373811721802, 60.055858850479126, 60.46925210952759, 60.20346975326538, 60.50187420845032, 60.24444818496704, 60.791666984558105, 60.2255277633667, 59.651963233947754, 60.480462074279785, 60.34769606590271, 61.91481804847717, 60.88002276420593, 60.396175146102905, 63.7541389465332, 59.97736120223999, 59.82968807220459, 60.52572584152222, 60.329275131225586, 60.065725326538086, 60.65192222595215, 59.90617322921753, 60.31548738479614, 60.043153047561646, 60.27663493156433, 59.37998414039612, 59.69431924819946, 59.3624529838562, 59.7642719745636, 59.87918281555176, 60.94079899787903, 60.5971519947052, 59.862837076187134, 59.7517569065094, 60.22457408905029, 60.130526304244995, 60.26601028442383, 59.49840188026428, 60.815085887908936, 59.57386016845703, 59.961474895477295, 60.136605978012085, 59.79427409172058, 60.6828510761261, 59.48848509788513, 60.55464792251587, 60.07144021987915, 60.06381416320801, 60.2520170211792, 60.17770600318909]
~~~~~~~~~~~~~~~~~~~~~~~~~~~~~~ global model aggragation and  send  to client 

-------------Training  Round number: 128-------------

Evaluate global model
Averaged Train Loss: 1.4188
Averaged Test Accurancy: 0.7242
Averaged Test AUC: 0.9147
Std Test Accurancy: 0.2274
Std Test AUC: 0.1270
res is: ['mnist', 'FedVOI', 128, 1.4187772393585667, 0.7241930876892316, 0.9147029164271516, 0.2274446008257589, 0.12704214748286374, 184.55005558709823]
------------------------- Round is  128 ------------------------- time cost ------------------------- 60.58199501037598
------------------------- Budget is : [84.58488202095032, 87.78808426856995, 84.09102416038513, 62.11084008216858, 62.479140758514404, 60.15249300003052, 59.46004605293274, 59.535752058029175, 59.05656886100769, 59.51739287376404, 58.546687841415405, 59.54336714744568, 60.12155890464783, 58.86408090591431, 59.64257884025574, 59.622902154922485, 59.50944995880127, 60.55329203605652, 59.23235201835632, 59.27186608314514, 60.12679719924927, 59.864394187927246, 59.92988324165344, 59.65527701377869, 59.663031816482544, 59.819064140319824, 59.8156418800354, 60.853636026382446, 60.745179176330566, 60.091312885284424, 59.98015379905701, 60.35956525802612, 59.75596785545349, 59.75128698348999, 59.51348423957825, 60.15871214866638, 59.24671196937561, 59.263036251068115, 59.53028416633606, 60.536794900894165, 59.566641092300415, 60.469403982162476, 59.069092988967896, 59.86602807044983, 59.50624418258667, 59.80940794944763, 60.94348907470703, 61.330214977264404, 59.34154987335205, 60.270190954208374, 60.353535890579224, 60.291236877441406, 59.147621154785156, 59.99807596206665, 60.03334188461304, 58.80587601661682, 60.45428991317749, 59.803590059280396, 61.09221887588501, 60.777377128601074, 60.92022085189819, 59.9450318813324, 59.800957918167114, 60.14120697975159, 59.41724729537964, 60.69604730606079, 60.45559310913086, 59.88167190551758, 60.087149143218994, 59.903194189071655, 60.23416614532471, 60.03732466697693, 60.244985818862915, 60.37019991874695, 60.55929112434387, 60.79651117324829, 60.163880348205566, 61.05373811721802, 60.055858850479126, 60.46925210952759, 60.20346975326538, 60.50187420845032, 60.24444818496704, 60.791666984558105, 60.2255277633667, 59.651963233947754, 60.480462074279785, 60.34769606590271, 61.91481804847717, 60.88002276420593, 60.396175146102905, 63.7541389465332, 59.97736120223999, 59.82968807220459, 60.52572584152222, 60.329275131225586, 60.065725326538086, 60.65192222595215, 59.90617322921753, 60.31548738479614, 60.043153047561646, 60.27663493156433, 59.37998414039612, 59.69431924819946, 59.3624529838562, 59.7642719745636, 59.87918281555176, 60.94079899787903, 60.5971519947052, 59.862837076187134, 59.7517569065094, 60.22457408905029, 60.130526304244995, 60.26601028442383, 59.49840188026428, 60.815085887908936, 59.57386016845703, 59.961474895477295, 60.136605978012085, 59.79427409172058, 60.6828510761261, 59.48848509788513, 60.55464792251587, 60.07144021987915, 60.06381416320801, 60.2520170211792, 60.17770600318909, 60.58199501037598]
~~~~~~~~~~~~~~~~~~~~~~~~~~~~~~ global model aggragation and  send  to client 

-------------Training  Round number: 129-------------

Evaluate global model
Averaged Train Loss: 1.4179
Averaged Test Accurancy: 0.7241
Averaged Test AUC: 0.9149
Std Test Accurancy: 0.2276
Std Test AUC: 0.1267
res is: ['mnist', 'FedVOI', 129, 1.4178866067641407, 0.7241359611539561, 0.9148960507435944, 0.2275850900465276, 0.1266984855984069, 178.19314489644913]
------------------------- Round is  129 ------------------------- time cost ------------------------- 60.15740990638733
------------------------- Budget is : [84.58488202095032, 87.78808426856995, 84.09102416038513, 62.11084008216858, 62.479140758514404, 60.15249300003052, 59.46004605293274, 59.535752058029175, 59.05656886100769, 59.51739287376404, 58.546687841415405, 59.54336714744568, 60.12155890464783, 58.86408090591431, 59.64257884025574, 59.622902154922485, 59.50944995880127, 60.55329203605652, 59.23235201835632, 59.27186608314514, 60.12679719924927, 59.864394187927246, 59.92988324165344, 59.65527701377869, 59.663031816482544, 59.819064140319824, 59.8156418800354, 60.853636026382446, 60.745179176330566, 60.091312885284424, 59.98015379905701, 60.35956525802612, 59.75596785545349, 59.75128698348999, 59.51348423957825, 60.15871214866638, 59.24671196937561, 59.263036251068115, 59.53028416633606, 60.536794900894165, 59.566641092300415, 60.469403982162476, 59.069092988967896, 59.86602807044983, 59.50624418258667, 59.80940794944763, 60.94348907470703, 61.330214977264404, 59.34154987335205, 60.270190954208374, 60.353535890579224, 60.291236877441406, 59.147621154785156, 59.99807596206665, 60.03334188461304, 58.80587601661682, 60.45428991317749, 59.803590059280396, 61.09221887588501, 60.777377128601074, 60.92022085189819, 59.9450318813324, 59.800957918167114, 60.14120697975159, 59.41724729537964, 60.69604730606079, 60.45559310913086, 59.88167190551758, 60.087149143218994, 59.903194189071655, 60.23416614532471, 60.03732466697693, 60.244985818862915, 60.37019991874695, 60.55929112434387, 60.79651117324829, 60.163880348205566, 61.05373811721802, 60.055858850479126, 60.46925210952759, 60.20346975326538, 60.50187420845032, 60.24444818496704, 60.791666984558105, 60.2255277633667, 59.651963233947754, 60.480462074279785, 60.34769606590271, 61.91481804847717, 60.88002276420593, 60.396175146102905, 63.7541389465332, 59.97736120223999, 59.82968807220459, 60.52572584152222, 60.329275131225586, 60.065725326538086, 60.65192222595215, 59.90617322921753, 60.31548738479614, 60.043153047561646, 60.27663493156433, 59.37998414039612, 59.69431924819946, 59.3624529838562, 59.7642719745636, 59.87918281555176, 60.94079899787903, 60.5971519947052, 59.862837076187134, 59.7517569065094, 60.22457408905029, 60.130526304244995, 60.26601028442383, 59.49840188026428, 60.815085887908936, 59.57386016845703, 59.961474895477295, 60.136605978012085, 59.79427409172058, 60.6828510761261, 59.48848509788513, 60.55464792251587, 60.07144021987915, 60.06381416320801, 60.2520170211792, 60.17770600318909, 60.58199501037598, 60.15740990638733]
~~~~~~~~~~~~~~~~~~~~~~~~~~~~~~ global model aggragation and  send  to client 

-------------Training  Round number: 130-------------

Evaluate global model
Averaged Train Loss: 1.4167
Averaged Test Accurancy: 0.7244
Averaged Test AUC: 0.9151
Std Test Accurancy: 0.2273
Std Test AUC: 0.1264
res is: ['mnist', 'FedVOI', 130, 1.4167372756550465, 0.7244215938303342, 0.9150888211837266, 0.22729643365108446, 0.12636285820117324, 166.78258478912414]
------------------------- Round is  130 ------------------------- time cost ------------------------- 59.671602964401245
------------------------- Budget is : [84.58488202095032, 87.78808426856995, 84.09102416038513, 62.11084008216858, 62.479140758514404, 60.15249300003052, 59.46004605293274, 59.535752058029175, 59.05656886100769, 59.51739287376404, 58.546687841415405, 59.54336714744568, 60.12155890464783, 58.86408090591431, 59.64257884025574, 59.622902154922485, 59.50944995880127, 60.55329203605652, 59.23235201835632, 59.27186608314514, 60.12679719924927, 59.864394187927246, 59.92988324165344, 59.65527701377869, 59.663031816482544, 59.819064140319824, 59.8156418800354, 60.853636026382446, 60.745179176330566, 60.091312885284424, 59.98015379905701, 60.35956525802612, 59.75596785545349, 59.75128698348999, 59.51348423957825, 60.15871214866638, 59.24671196937561, 59.263036251068115, 59.53028416633606, 60.536794900894165, 59.566641092300415, 60.469403982162476, 59.069092988967896, 59.86602807044983, 59.50624418258667, 59.80940794944763, 60.94348907470703, 61.330214977264404, 59.34154987335205, 60.270190954208374, 60.353535890579224, 60.291236877441406, 59.147621154785156, 59.99807596206665, 60.03334188461304, 58.80587601661682, 60.45428991317749, 59.803590059280396, 61.09221887588501, 60.777377128601074, 60.92022085189819, 59.9450318813324, 59.800957918167114, 60.14120697975159, 59.41724729537964, 60.69604730606079, 60.45559310913086, 59.88167190551758, 60.087149143218994, 59.903194189071655, 60.23416614532471, 60.03732466697693, 60.244985818862915, 60.37019991874695, 60.55929112434387, 60.79651117324829, 60.163880348205566, 61.05373811721802, 60.055858850479126, 60.46925210952759, 60.20346975326538, 60.50187420845032, 60.24444818496704, 60.791666984558105, 60.2255277633667, 59.651963233947754, 60.480462074279785, 60.34769606590271, 61.91481804847717, 60.88002276420593, 60.396175146102905, 63.7541389465332, 59.97736120223999, 59.82968807220459, 60.52572584152222, 60.329275131225586, 60.065725326538086, 60.65192222595215, 59.90617322921753, 60.31548738479614, 60.043153047561646, 60.27663493156433, 59.37998414039612, 59.69431924819946, 59.3624529838562, 59.7642719745636, 59.87918281555176, 60.94079899787903, 60.5971519947052, 59.862837076187134, 59.7517569065094, 60.22457408905029, 60.130526304244995, 60.26601028442383, 59.49840188026428, 60.815085887908936, 59.57386016845703, 59.961474895477295, 60.136605978012085, 59.79427409172058, 60.6828510761261, 59.48848509788513, 60.55464792251587, 60.07144021987915, 60.06381416320801, 60.2520170211792, 60.17770600318909, 60.58199501037598, 60.15740990638733, 59.671602964401245]
~~~~~~~~~~~~~~~~~~~~~~~~~~~~~~ global model aggragation and  send  to client 

-------------Training  Round number: 131-------------

Evaluate global model
Averaged Train Loss: 1.4156
Averaged Test Accurancy: 0.7245
Averaged Test AUC: 0.9153
Std Test Accurancy: 0.2273
Std Test AUC: 0.1260
res is: ['mnist', 'FedVOI', 131, 1.4155942215020616, 0.7245358469008855, 0.9152715324025518, 0.22730986611666848, 0.12604866979304713, 174.8678682873961]
------------------------- Round is  131 ------------------------- time cost ------------------------- 60.49706506729126
------------------------- Budget is : [84.58488202095032, 87.78808426856995, 84.09102416038513, 62.11084008216858, 62.479140758514404, 60.15249300003052, 59.46004605293274, 59.535752058029175, 59.05656886100769, 59.51739287376404, 58.546687841415405, 59.54336714744568, 60.12155890464783, 58.86408090591431, 59.64257884025574, 59.622902154922485, 59.50944995880127, 60.55329203605652, 59.23235201835632, 59.27186608314514, 60.12679719924927, 59.864394187927246, 59.92988324165344, 59.65527701377869, 59.663031816482544, 59.819064140319824, 59.8156418800354, 60.853636026382446, 60.745179176330566, 60.091312885284424, 59.98015379905701, 60.35956525802612, 59.75596785545349, 59.75128698348999, 59.51348423957825, 60.15871214866638, 59.24671196937561, 59.263036251068115, 59.53028416633606, 60.536794900894165, 59.566641092300415, 60.469403982162476, 59.069092988967896, 59.86602807044983, 59.50624418258667, 59.80940794944763, 60.94348907470703, 61.330214977264404, 59.34154987335205, 60.270190954208374, 60.353535890579224, 60.291236877441406, 59.147621154785156, 59.99807596206665, 60.03334188461304, 58.80587601661682, 60.45428991317749, 59.803590059280396, 61.09221887588501, 60.777377128601074, 60.92022085189819, 59.9450318813324, 59.800957918167114, 60.14120697975159, 59.41724729537964, 60.69604730606079, 60.45559310913086, 59.88167190551758, 60.087149143218994, 59.903194189071655, 60.23416614532471, 60.03732466697693, 60.244985818862915, 60.37019991874695, 60.55929112434387, 60.79651117324829, 60.163880348205566, 61.05373811721802, 60.055858850479126, 60.46925210952759, 60.20346975326538, 60.50187420845032, 60.24444818496704, 60.791666984558105, 60.2255277633667, 59.651963233947754, 60.480462074279785, 60.34769606590271, 61.91481804847717, 60.88002276420593, 60.396175146102905, 63.7541389465332, 59.97736120223999, 59.82968807220459, 60.52572584152222, 60.329275131225586, 60.065725326538086, 60.65192222595215, 59.90617322921753, 60.31548738479614, 60.043153047561646, 60.27663493156433, 59.37998414039612, 59.69431924819946, 59.3624529838562, 59.7642719745636, 59.87918281555176, 60.94079899787903, 60.5971519947052, 59.862837076187134, 59.7517569065094, 60.22457408905029, 60.130526304244995, 60.26601028442383, 59.49840188026428, 60.815085887908936, 59.57386016845703, 59.961474895477295, 60.136605978012085, 59.79427409172058, 60.6828510761261, 59.48848509788513, 60.55464792251587, 60.07144021987915, 60.06381416320801, 60.2520170211792, 60.17770600318909, 60.58199501037598, 60.15740990638733, 59.671602964401245, 60.49706506729126]
~~~~~~~~~~~~~~~~~~~~~~~~~~~~~~ global model aggragation and  send  to client 

-------------Training  Round number: 132-------------

Evaluate global model
Averaged Train Loss: 1.4147
Averaged Test Accurancy: 0.7247
Averaged Test AUC: 0.9155
Std Test Accurancy: 0.2273
Std Test AUC: 0.1257
res is: ['mnist', 'FedVOI', 132, 1.4146919746006816, 0.7247072265067124, 0.9154522463782152, 0.22732293566724993, 0.12573442360955456, 176.74105245269047]
------------------------- Round is  132 ------------------------- time cost ------------------------- 60.084238052368164
------------------------- Budget is : [84.58488202095032, 87.78808426856995, 84.09102416038513, 62.11084008216858, 62.479140758514404, 60.15249300003052, 59.46004605293274, 59.535752058029175, 59.05656886100769, 59.51739287376404, 58.546687841415405, 59.54336714744568, 60.12155890464783, 58.86408090591431, 59.64257884025574, 59.622902154922485, 59.50944995880127, 60.55329203605652, 59.23235201835632, 59.27186608314514, 60.12679719924927, 59.864394187927246, 59.92988324165344, 59.65527701377869, 59.663031816482544, 59.819064140319824, 59.8156418800354, 60.853636026382446, 60.745179176330566, 60.091312885284424, 59.98015379905701, 60.35956525802612, 59.75596785545349, 59.75128698348999, 59.51348423957825, 60.15871214866638, 59.24671196937561, 59.263036251068115, 59.53028416633606, 60.536794900894165, 59.566641092300415, 60.469403982162476, 59.069092988967896, 59.86602807044983, 59.50624418258667, 59.80940794944763, 60.94348907470703, 61.330214977264404, 59.34154987335205, 60.270190954208374, 60.353535890579224, 60.291236877441406, 59.147621154785156, 59.99807596206665, 60.03334188461304, 58.80587601661682, 60.45428991317749, 59.803590059280396, 61.09221887588501, 60.777377128601074, 60.92022085189819, 59.9450318813324, 59.800957918167114, 60.14120697975159, 59.41724729537964, 60.69604730606079, 60.45559310913086, 59.88167190551758, 60.087149143218994, 59.903194189071655, 60.23416614532471, 60.03732466697693, 60.244985818862915, 60.37019991874695, 60.55929112434387, 60.79651117324829, 60.163880348205566, 61.05373811721802, 60.055858850479126, 60.46925210952759, 60.20346975326538, 60.50187420845032, 60.24444818496704, 60.791666984558105, 60.2255277633667, 59.651963233947754, 60.480462074279785, 60.34769606590271, 61.91481804847717, 60.88002276420593, 60.396175146102905, 63.7541389465332, 59.97736120223999, 59.82968807220459, 60.52572584152222, 60.329275131225586, 60.065725326538086, 60.65192222595215, 59.90617322921753, 60.31548738479614, 60.043153047561646, 60.27663493156433, 59.37998414039612, 59.69431924819946, 59.3624529838562, 59.7642719745636, 59.87918281555176, 60.94079899787903, 60.5971519947052, 59.862837076187134, 59.7517569065094, 60.22457408905029, 60.130526304244995, 60.26601028442383, 59.49840188026428, 60.815085887908936, 59.57386016845703, 59.961474895477295, 60.136605978012085, 59.79427409172058, 60.6828510761261, 59.48848509788513, 60.55464792251587, 60.07144021987915, 60.06381416320801, 60.2520170211792, 60.17770600318909, 60.58199501037598, 60.15740990638733, 59.671602964401245, 60.49706506729126, 60.084238052368164]
~~~~~~~~~~~~~~~~~~~~~~~~~~~~~~ global model aggragation and  send  to client 

-------------Training  Round number: 133-------------

Evaluate global model
Averaged Train Loss: 1.4138
Averaged Test Accurancy: 0.7250
Averaged Test AUC: 0.9156
Std Test Accurancy: 0.2274
Std Test AUC: 0.1254
res is: ['mnist', 'FedVOI', 133, 1.413754905711861, 0.7249928591830905, 0.9156166886458723, 0.22738664672797854, 0.12544161917692306, 168.2594959959101]
------------------------- Round is  133 ------------------------- time cost ------------------------- 60.57961082458496
------------------------- Budget is : [84.58488202095032, 87.78808426856995, 84.09102416038513, 62.11084008216858, 62.479140758514404, 60.15249300003052, 59.46004605293274, 59.535752058029175, 59.05656886100769, 59.51739287376404, 58.546687841415405, 59.54336714744568, 60.12155890464783, 58.86408090591431, 59.64257884025574, 59.622902154922485, 59.50944995880127, 60.55329203605652, 59.23235201835632, 59.27186608314514, 60.12679719924927, 59.864394187927246, 59.92988324165344, 59.65527701377869, 59.663031816482544, 59.819064140319824, 59.8156418800354, 60.853636026382446, 60.745179176330566, 60.091312885284424, 59.98015379905701, 60.35956525802612, 59.75596785545349, 59.75128698348999, 59.51348423957825, 60.15871214866638, 59.24671196937561, 59.263036251068115, 59.53028416633606, 60.536794900894165, 59.566641092300415, 60.469403982162476, 59.069092988967896, 59.86602807044983, 59.50624418258667, 59.80940794944763, 60.94348907470703, 61.330214977264404, 59.34154987335205, 60.270190954208374, 60.353535890579224, 60.291236877441406, 59.147621154785156, 59.99807596206665, 60.03334188461304, 58.80587601661682, 60.45428991317749, 59.803590059280396, 61.09221887588501, 60.777377128601074, 60.92022085189819, 59.9450318813324, 59.800957918167114, 60.14120697975159, 59.41724729537964, 60.69604730606079, 60.45559310913086, 59.88167190551758, 60.087149143218994, 59.903194189071655, 60.23416614532471, 60.03732466697693, 60.244985818862915, 60.37019991874695, 60.55929112434387, 60.79651117324829, 60.163880348205566, 61.05373811721802, 60.055858850479126, 60.46925210952759, 60.20346975326538, 60.50187420845032, 60.24444818496704, 60.791666984558105, 60.2255277633667, 59.651963233947754, 60.480462074279785, 60.34769606590271, 61.91481804847717, 60.88002276420593, 60.396175146102905, 63.7541389465332, 59.97736120223999, 59.82968807220459, 60.52572584152222, 60.329275131225586, 60.065725326538086, 60.65192222595215, 59.90617322921753, 60.31548738479614, 60.043153047561646, 60.27663493156433, 59.37998414039612, 59.69431924819946, 59.3624529838562, 59.7642719745636, 59.87918281555176, 60.94079899787903, 60.5971519947052, 59.862837076187134, 59.7517569065094, 60.22457408905029, 60.130526304244995, 60.26601028442383, 59.49840188026428, 60.815085887908936, 59.57386016845703, 59.961474895477295, 60.136605978012085, 59.79427409172058, 60.6828510761261, 59.48848509788513, 60.55464792251587, 60.07144021987915, 60.06381416320801, 60.2520170211792, 60.17770600318909, 60.58199501037598, 60.15740990638733, 59.671602964401245, 60.49706506729126, 60.084238052368164, 60.57961082458496]
~~~~~~~~~~~~~~~~~~~~~~~~~~~~~~ global model aggragation and  send  to client 

-------------Training  Round number: 134-------------

Evaluate global model
Averaged Train Loss: 1.4127
Averaged Test Accurancy: 0.7253
Averaged Test AUC: 0.9158
Std Test Accurancy: 0.2272
Std Test AUC: 0.1251
res is: ['mnist', 'FedVOI', 134, 1.41269627511307, 0.7252784918594687, 0.9157917001652975, 0.22724340392040127, 0.12514979444090288, 171.31149375252784]
------------------------- Round is  134 ------------------------- time cost ------------------------- 59.988845109939575
------------------------- Budget is : [84.58488202095032, 87.78808426856995, 84.09102416038513, 62.11084008216858, 62.479140758514404, 60.15249300003052, 59.46004605293274, 59.535752058029175, 59.05656886100769, 59.51739287376404, 58.546687841415405, 59.54336714744568, 60.12155890464783, 58.86408090591431, 59.64257884025574, 59.622902154922485, 59.50944995880127, 60.55329203605652, 59.23235201835632, 59.27186608314514, 60.12679719924927, 59.864394187927246, 59.92988324165344, 59.65527701377869, 59.663031816482544, 59.819064140319824, 59.8156418800354, 60.853636026382446, 60.745179176330566, 60.091312885284424, 59.98015379905701, 60.35956525802612, 59.75596785545349, 59.75128698348999, 59.51348423957825, 60.15871214866638, 59.24671196937561, 59.263036251068115, 59.53028416633606, 60.536794900894165, 59.566641092300415, 60.469403982162476, 59.069092988967896, 59.86602807044983, 59.50624418258667, 59.80940794944763, 60.94348907470703, 61.330214977264404, 59.34154987335205, 60.270190954208374, 60.353535890579224, 60.291236877441406, 59.147621154785156, 59.99807596206665, 60.03334188461304, 58.80587601661682, 60.45428991317749, 59.803590059280396, 61.09221887588501, 60.777377128601074, 60.92022085189819, 59.9450318813324, 59.800957918167114, 60.14120697975159, 59.41724729537964, 60.69604730606079, 60.45559310913086, 59.88167190551758, 60.087149143218994, 59.903194189071655, 60.23416614532471, 60.03732466697693, 60.244985818862915, 60.37019991874695, 60.55929112434387, 60.79651117324829, 60.163880348205566, 61.05373811721802, 60.055858850479126, 60.46925210952759, 60.20346975326538, 60.50187420845032, 60.24444818496704, 60.791666984558105, 60.2255277633667, 59.651963233947754, 60.480462074279785, 60.34769606590271, 61.91481804847717, 60.88002276420593, 60.396175146102905, 63.7541389465332, 59.97736120223999, 59.82968807220459, 60.52572584152222, 60.329275131225586, 60.065725326538086, 60.65192222595215, 59.90617322921753, 60.31548738479614, 60.043153047561646, 60.27663493156433, 59.37998414039612, 59.69431924819946, 59.3624529838562, 59.7642719745636, 59.87918281555176, 60.94079899787903, 60.5971519947052, 59.862837076187134, 59.7517569065094, 60.22457408905029, 60.130526304244995, 60.26601028442383, 59.49840188026428, 60.815085887908936, 59.57386016845703, 59.961474895477295, 60.136605978012085, 59.79427409172058, 60.6828510761261, 59.48848509788513, 60.55464792251587, 60.07144021987915, 60.06381416320801, 60.2520170211792, 60.17770600318909, 60.58199501037598, 60.15740990638733, 59.671602964401245, 60.49706506729126, 60.084238052368164, 60.57961082458496, 59.988845109939575]
~~~~~~~~~~~~~~~~~~~~~~~~~~~~~~ global model aggragation and  send  to client 

-------------Training  Round number: 135-------------

Evaluate global model
Averaged Train Loss: 1.4118
Averaged Test Accurancy: 0.7254
Averaged Test AUC: 0.9160
Std Test Accurancy: 0.2271
Std Test AUC: 0.1249
res is: ['mnist', 'FedVOI', 135, 1.411763414230421, 0.72539274493002, 0.9159616542145168, 0.22713812173476547, 0.12486067705153155, 170.56696909020948]
------------------------- Round is  135 ------------------------- time cost ------------------------- 60.06888794898987
------------------------- Budget is : [84.58488202095032, 87.78808426856995, 84.09102416038513, 62.11084008216858, 62.479140758514404, 60.15249300003052, 59.46004605293274, 59.535752058029175, 59.05656886100769, 59.51739287376404, 58.546687841415405, 59.54336714744568, 60.12155890464783, 58.86408090591431, 59.64257884025574, 59.622902154922485, 59.50944995880127, 60.55329203605652, 59.23235201835632, 59.27186608314514, 60.12679719924927, 59.864394187927246, 59.92988324165344, 59.65527701377869, 59.663031816482544, 59.819064140319824, 59.8156418800354, 60.853636026382446, 60.745179176330566, 60.091312885284424, 59.98015379905701, 60.35956525802612, 59.75596785545349, 59.75128698348999, 59.51348423957825, 60.15871214866638, 59.24671196937561, 59.263036251068115, 59.53028416633606, 60.536794900894165, 59.566641092300415, 60.469403982162476, 59.069092988967896, 59.86602807044983, 59.50624418258667, 59.80940794944763, 60.94348907470703, 61.330214977264404, 59.34154987335205, 60.270190954208374, 60.353535890579224, 60.291236877441406, 59.147621154785156, 59.99807596206665, 60.03334188461304, 58.80587601661682, 60.45428991317749, 59.803590059280396, 61.09221887588501, 60.777377128601074, 60.92022085189819, 59.9450318813324, 59.800957918167114, 60.14120697975159, 59.41724729537964, 60.69604730606079, 60.45559310913086, 59.88167190551758, 60.087149143218994, 59.903194189071655, 60.23416614532471, 60.03732466697693, 60.244985818862915, 60.37019991874695, 60.55929112434387, 60.79651117324829, 60.163880348205566, 61.05373811721802, 60.055858850479126, 60.46925210952759, 60.20346975326538, 60.50187420845032, 60.24444818496704, 60.791666984558105, 60.2255277633667, 59.651963233947754, 60.480462074279785, 60.34769606590271, 61.91481804847717, 60.88002276420593, 60.396175146102905, 63.7541389465332, 59.97736120223999, 59.82968807220459, 60.52572584152222, 60.329275131225586, 60.065725326538086, 60.65192222595215, 59.90617322921753, 60.31548738479614, 60.043153047561646, 60.27663493156433, 59.37998414039612, 59.69431924819946, 59.3624529838562, 59.7642719745636, 59.87918281555176, 60.94079899787903, 60.5971519947052, 59.862837076187134, 59.7517569065094, 60.22457408905029, 60.130526304244995, 60.26601028442383, 59.49840188026428, 60.815085887908936, 59.57386016845703, 59.961474895477295, 60.136605978012085, 59.79427409172058, 60.6828510761261, 59.48848509788513, 60.55464792251587, 60.07144021987915, 60.06381416320801, 60.2520170211792, 60.17770600318909, 60.58199501037598, 60.15740990638733, 59.671602964401245, 60.49706506729126, 60.084238052368164, 60.57961082458496, 59.988845109939575, 60.06888794898987]
~~~~~~~~~~~~~~~~~~~~~~~~~~~~~~ global model aggragation and  send  to client 

-------------Training  Round number: 136-------------

Evaluate global model
Averaged Train Loss: 1.4110
Averaged Test Accurancy: 0.7251
Averaged Test AUC: 0.9161
Std Test Accurancy: 0.2273
Std Test AUC: 0.1246
res is: ['mnist', 'FedVOI', 136, 1.4110011130286246, 0.7251071122536418, 0.9161249264980142, 0.22725017251299184, 0.12457979948274592, 168.78738686567038]
------------------------- Round is  136 ------------------------- time cost ------------------------- 60.94177985191345
------------------------- Budget is : [84.58488202095032, 87.78808426856995, 84.09102416038513, 62.11084008216858, 62.479140758514404, 60.15249300003052, 59.46004605293274, 59.535752058029175, 59.05656886100769, 59.51739287376404, 58.546687841415405, 59.54336714744568, 60.12155890464783, 58.86408090591431, 59.64257884025574, 59.622902154922485, 59.50944995880127, 60.55329203605652, 59.23235201835632, 59.27186608314514, 60.12679719924927, 59.864394187927246, 59.92988324165344, 59.65527701377869, 59.663031816482544, 59.819064140319824, 59.8156418800354, 60.853636026382446, 60.745179176330566, 60.091312885284424, 59.98015379905701, 60.35956525802612, 59.75596785545349, 59.75128698348999, 59.51348423957825, 60.15871214866638, 59.24671196937561, 59.263036251068115, 59.53028416633606, 60.536794900894165, 59.566641092300415, 60.469403982162476, 59.069092988967896, 59.86602807044983, 59.50624418258667, 59.80940794944763, 60.94348907470703, 61.330214977264404, 59.34154987335205, 60.270190954208374, 60.353535890579224, 60.291236877441406, 59.147621154785156, 59.99807596206665, 60.03334188461304, 58.80587601661682, 60.45428991317749, 59.803590059280396, 61.09221887588501, 60.777377128601074, 60.92022085189819, 59.9450318813324, 59.800957918167114, 60.14120697975159, 59.41724729537964, 60.69604730606079, 60.45559310913086, 59.88167190551758, 60.087149143218994, 59.903194189071655, 60.23416614532471, 60.03732466697693, 60.244985818862915, 60.37019991874695, 60.55929112434387, 60.79651117324829, 60.163880348205566, 61.05373811721802, 60.055858850479126, 60.46925210952759, 60.20346975326538, 60.50187420845032, 60.24444818496704, 60.791666984558105, 60.2255277633667, 59.651963233947754, 60.480462074279785, 60.34769606590271, 61.91481804847717, 60.88002276420593, 60.396175146102905, 63.7541389465332, 59.97736120223999, 59.82968807220459, 60.52572584152222, 60.329275131225586, 60.065725326538086, 60.65192222595215, 59.90617322921753, 60.31548738479614, 60.043153047561646, 60.27663493156433, 59.37998414039612, 59.69431924819946, 59.3624529838562, 59.7642719745636, 59.87918281555176, 60.94079899787903, 60.5971519947052, 59.862837076187134, 59.7517569065094, 60.22457408905029, 60.130526304244995, 60.26601028442383, 59.49840188026428, 60.815085887908936, 59.57386016845703, 59.961474895477295, 60.136605978012085, 59.79427409172058, 60.6828510761261, 59.48848509788513, 60.55464792251587, 60.07144021987915, 60.06381416320801, 60.2520170211792, 60.17770600318909, 60.58199501037598, 60.15740990638733, 59.671602964401245, 60.49706506729126, 60.084238052368164, 60.57961082458496, 59.988845109939575, 60.06888794898987, 60.94177985191345]
~~~~~~~~~~~~~~~~~~~~~~~~~~~~~~ global model aggragation and  send  to client 

-------------Training  Round number: 137-------------

Evaluate global model
Averaged Train Loss: 1.4103
Averaged Test Accurancy: 0.7254
Averaged Test AUC: 0.9163
Std Test Accurancy: 0.2271
Std Test AUC: 0.1243
res is: ['mnist', 'FedVOI', 137, 1.4102535311284652, 0.72539274493002, 0.9162842821604037, 0.22712131043408765, 0.12430161079951935, 173.30644498313856]
------------------------- Round is  137 ------------------------- time cost ------------------------- 59.71456813812256
------------------------- Budget is : [84.58488202095032, 87.78808426856995, 84.09102416038513, 62.11084008216858, 62.479140758514404, 60.15249300003052, 59.46004605293274, 59.535752058029175, 59.05656886100769, 59.51739287376404, 58.546687841415405, 59.54336714744568, 60.12155890464783, 58.86408090591431, 59.64257884025574, 59.622902154922485, 59.50944995880127, 60.55329203605652, 59.23235201835632, 59.27186608314514, 60.12679719924927, 59.864394187927246, 59.92988324165344, 59.65527701377869, 59.663031816482544, 59.819064140319824, 59.8156418800354, 60.853636026382446, 60.745179176330566, 60.091312885284424, 59.98015379905701, 60.35956525802612, 59.75596785545349, 59.75128698348999, 59.51348423957825, 60.15871214866638, 59.24671196937561, 59.263036251068115, 59.53028416633606, 60.536794900894165, 59.566641092300415, 60.469403982162476, 59.069092988967896, 59.86602807044983, 59.50624418258667, 59.80940794944763, 60.94348907470703, 61.330214977264404, 59.34154987335205, 60.270190954208374, 60.353535890579224, 60.291236877441406, 59.147621154785156, 59.99807596206665, 60.03334188461304, 58.80587601661682, 60.45428991317749, 59.803590059280396, 61.09221887588501, 60.777377128601074, 60.92022085189819, 59.9450318813324, 59.800957918167114, 60.14120697975159, 59.41724729537964, 60.69604730606079, 60.45559310913086, 59.88167190551758, 60.087149143218994, 59.903194189071655, 60.23416614532471, 60.03732466697693, 60.244985818862915, 60.37019991874695, 60.55929112434387, 60.79651117324829, 60.163880348205566, 61.05373811721802, 60.055858850479126, 60.46925210952759, 60.20346975326538, 60.50187420845032, 60.24444818496704, 60.791666984558105, 60.2255277633667, 59.651963233947754, 60.480462074279785, 60.34769606590271, 61.91481804847717, 60.88002276420593, 60.396175146102905, 63.7541389465332, 59.97736120223999, 59.82968807220459, 60.52572584152222, 60.329275131225586, 60.065725326538086, 60.65192222595215, 59.90617322921753, 60.31548738479614, 60.043153047561646, 60.27663493156433, 59.37998414039612, 59.69431924819946, 59.3624529838562, 59.7642719745636, 59.87918281555176, 60.94079899787903, 60.5971519947052, 59.862837076187134, 59.7517569065094, 60.22457408905029, 60.130526304244995, 60.26601028442383, 59.49840188026428, 60.815085887908936, 59.57386016845703, 59.961474895477295, 60.136605978012085, 59.79427409172058, 60.6828510761261, 59.48848509788513, 60.55464792251587, 60.07144021987915, 60.06381416320801, 60.2520170211792, 60.17770600318909, 60.58199501037598, 60.15740990638733, 59.671602964401245, 60.49706506729126, 60.084238052368164, 60.57961082458496, 59.988845109939575, 60.06888794898987, 60.94177985191345, 59.71456813812256]
~~~~~~~~~~~~~~~~~~~~~~~~~~~~~~ global model aggragation and  send  to client 

-------------Training  Round number: 138-------------

Evaluate global model
Averaged Train Loss: 1.4095
Averaged Test Accurancy: 0.7254
Averaged Test AUC: 0.9164
Std Test Accurancy: 0.2273
Std Test AUC: 0.1240
res is: ['mnist', 'FedVOI', 138, 1.4094850670272363, 0.72539274493002, 0.9164344312528464, 0.22731246304623337, 0.1240417583682533, 168.2594959959101]
------------------------- Round is  138 ------------------------- time cost ------------------------- 60.54480504989624
------------------------- Budget is : [84.58488202095032, 87.78808426856995, 84.09102416038513, 62.11084008216858, 62.479140758514404, 60.15249300003052, 59.46004605293274, 59.535752058029175, 59.05656886100769, 59.51739287376404, 58.546687841415405, 59.54336714744568, 60.12155890464783, 58.86408090591431, 59.64257884025574, 59.622902154922485, 59.50944995880127, 60.55329203605652, 59.23235201835632, 59.27186608314514, 60.12679719924927, 59.864394187927246, 59.92988324165344, 59.65527701377869, 59.663031816482544, 59.819064140319824, 59.8156418800354, 60.853636026382446, 60.745179176330566, 60.091312885284424, 59.98015379905701, 60.35956525802612, 59.75596785545349, 59.75128698348999, 59.51348423957825, 60.15871214866638, 59.24671196937561, 59.263036251068115, 59.53028416633606, 60.536794900894165, 59.566641092300415, 60.469403982162476, 59.069092988967896, 59.86602807044983, 59.50624418258667, 59.80940794944763, 60.94348907470703, 61.330214977264404, 59.34154987335205, 60.270190954208374, 60.353535890579224, 60.291236877441406, 59.147621154785156, 59.99807596206665, 60.03334188461304, 58.80587601661682, 60.45428991317749, 59.803590059280396, 61.09221887588501, 60.777377128601074, 60.92022085189819, 59.9450318813324, 59.800957918167114, 60.14120697975159, 59.41724729537964, 60.69604730606079, 60.45559310913086, 59.88167190551758, 60.087149143218994, 59.903194189071655, 60.23416614532471, 60.03732466697693, 60.244985818862915, 60.37019991874695, 60.55929112434387, 60.79651117324829, 60.163880348205566, 61.05373811721802, 60.055858850479126, 60.46925210952759, 60.20346975326538, 60.50187420845032, 60.24444818496704, 60.791666984558105, 60.2255277633667, 59.651963233947754, 60.480462074279785, 60.34769606590271, 61.91481804847717, 60.88002276420593, 60.396175146102905, 63.7541389465332, 59.97736120223999, 59.82968807220459, 60.52572584152222, 60.329275131225586, 60.065725326538086, 60.65192222595215, 59.90617322921753, 60.31548738479614, 60.043153047561646, 60.27663493156433, 59.37998414039612, 59.69431924819946, 59.3624529838562, 59.7642719745636, 59.87918281555176, 60.94079899787903, 60.5971519947052, 59.862837076187134, 59.7517569065094, 60.22457408905029, 60.130526304244995, 60.26601028442383, 59.49840188026428, 60.815085887908936, 59.57386016845703, 59.961474895477295, 60.136605978012085, 59.79427409172058, 60.6828510761261, 59.48848509788513, 60.55464792251587, 60.07144021987915, 60.06381416320801, 60.2520170211792, 60.17770600318909, 60.58199501037598, 60.15740990638733, 59.671602964401245, 60.49706506729126, 60.084238052368164, 60.57961082458496, 59.988845109939575, 60.06888794898987, 60.94177985191345, 59.71456813812256, 60.54480504989624]
~~~~~~~~~~~~~~~~~~~~~~~~~~~~~~ global model aggragation and  send  to client 

-------------Training  Round number: 139-------------

Evaluate global model
Averaged Train Loss: 1.4088
Averaged Test Accurancy: 0.7256
Averaged Test AUC: 0.9166
Std Test Accurancy: 0.2273
Std Test AUC: 0.1238
res is: ['mnist', 'FedVOI', 139, 1.408844977889945, 0.7256212510711225, 0.9165849763567231, 0.2272992080803913, 0.12378046772624415, 181.07903904559686]
------------------------- Round is  139 ------------------------- time cost ------------------------- 59.87868070602417
------------------------- Budget is : [84.58488202095032, 87.78808426856995, 84.09102416038513, 62.11084008216858, 62.479140758514404, 60.15249300003052, 59.46004605293274, 59.535752058029175, 59.05656886100769, 59.51739287376404, 58.546687841415405, 59.54336714744568, 60.12155890464783, 58.86408090591431, 59.64257884025574, 59.622902154922485, 59.50944995880127, 60.55329203605652, 59.23235201835632, 59.27186608314514, 60.12679719924927, 59.864394187927246, 59.92988324165344, 59.65527701377869, 59.663031816482544, 59.819064140319824, 59.8156418800354, 60.853636026382446, 60.745179176330566, 60.091312885284424, 59.98015379905701, 60.35956525802612, 59.75596785545349, 59.75128698348999, 59.51348423957825, 60.15871214866638, 59.24671196937561, 59.263036251068115, 59.53028416633606, 60.536794900894165, 59.566641092300415, 60.469403982162476, 59.069092988967896, 59.86602807044983, 59.50624418258667, 59.80940794944763, 60.94348907470703, 61.330214977264404, 59.34154987335205, 60.270190954208374, 60.353535890579224, 60.291236877441406, 59.147621154785156, 59.99807596206665, 60.03334188461304, 58.80587601661682, 60.45428991317749, 59.803590059280396, 61.09221887588501, 60.777377128601074, 60.92022085189819, 59.9450318813324, 59.800957918167114, 60.14120697975159, 59.41724729537964, 60.69604730606079, 60.45559310913086, 59.88167190551758, 60.087149143218994, 59.903194189071655, 60.23416614532471, 60.03732466697693, 60.244985818862915, 60.37019991874695, 60.55929112434387, 60.79651117324829, 60.163880348205566, 61.05373811721802, 60.055858850479126, 60.46925210952759, 60.20346975326538, 60.50187420845032, 60.24444818496704, 60.791666984558105, 60.2255277633667, 59.651963233947754, 60.480462074279785, 60.34769606590271, 61.91481804847717, 60.88002276420593, 60.396175146102905, 63.7541389465332, 59.97736120223999, 59.82968807220459, 60.52572584152222, 60.329275131225586, 60.065725326538086, 60.65192222595215, 59.90617322921753, 60.31548738479614, 60.043153047561646, 60.27663493156433, 59.37998414039612, 59.69431924819946, 59.3624529838562, 59.7642719745636, 59.87918281555176, 60.94079899787903, 60.5971519947052, 59.862837076187134, 59.7517569065094, 60.22457408905029, 60.130526304244995, 60.26601028442383, 59.49840188026428, 60.815085887908936, 59.57386016845703, 59.961474895477295, 60.136605978012085, 59.79427409172058, 60.6828510761261, 59.48848509788513, 60.55464792251587, 60.07144021987915, 60.06381416320801, 60.2520170211792, 60.17770600318909, 60.58199501037598, 60.15740990638733, 59.671602964401245, 60.49706506729126, 60.084238052368164, 60.57961082458496, 59.988845109939575, 60.06888794898987, 60.94177985191345, 59.71456813812256, 60.54480504989624, 59.87868070602417]
~~~~~~~~~~~~~~~~~~~~~~~~~~~~~~ global model aggragation and  send  to client 

-------------Training  Round number: 140-------------

Evaluate global model
Averaged Train Loss: 1.4081
Averaged Test Accurancy: 0.7258
Averaged Test AUC: 0.9167
Std Test Accurancy: 0.2272
Std Test AUC: 0.1235
res is: ['mnist', 'FedVOI', 140, 1.4081259531488413, 0.7258497572122251, 0.9167401829246025, 0.2271552166348921, 0.12352650920086643, 166.78258478912414]
------------------------- Round is  140 ------------------------- time cost ------------------------- 60.415857791900635
------------------------- Budget is : [84.58488202095032, 87.78808426856995, 84.09102416038513, 62.11084008216858, 62.479140758514404, 60.15249300003052, 59.46004605293274, 59.535752058029175, 59.05656886100769, 59.51739287376404, 58.546687841415405, 59.54336714744568, 60.12155890464783, 58.86408090591431, 59.64257884025574, 59.622902154922485, 59.50944995880127, 60.55329203605652, 59.23235201835632, 59.27186608314514, 60.12679719924927, 59.864394187927246, 59.92988324165344, 59.65527701377869, 59.663031816482544, 59.819064140319824, 59.8156418800354, 60.853636026382446, 60.745179176330566, 60.091312885284424, 59.98015379905701, 60.35956525802612, 59.75596785545349, 59.75128698348999, 59.51348423957825, 60.15871214866638, 59.24671196937561, 59.263036251068115, 59.53028416633606, 60.536794900894165, 59.566641092300415, 60.469403982162476, 59.069092988967896, 59.86602807044983, 59.50624418258667, 59.80940794944763, 60.94348907470703, 61.330214977264404, 59.34154987335205, 60.270190954208374, 60.353535890579224, 60.291236877441406, 59.147621154785156, 59.99807596206665, 60.03334188461304, 58.80587601661682, 60.45428991317749, 59.803590059280396, 61.09221887588501, 60.777377128601074, 60.92022085189819, 59.9450318813324, 59.800957918167114, 60.14120697975159, 59.41724729537964, 60.69604730606079, 60.45559310913086, 59.88167190551758, 60.087149143218994, 59.903194189071655, 60.23416614532471, 60.03732466697693, 60.244985818862915, 60.37019991874695, 60.55929112434387, 60.79651117324829, 60.163880348205566, 61.05373811721802, 60.055858850479126, 60.46925210952759, 60.20346975326538, 60.50187420845032, 60.24444818496704, 60.791666984558105, 60.2255277633667, 59.651963233947754, 60.480462074279785, 60.34769606590271, 61.91481804847717, 60.88002276420593, 60.396175146102905, 63.7541389465332, 59.97736120223999, 59.82968807220459, 60.52572584152222, 60.329275131225586, 60.065725326538086, 60.65192222595215, 59.90617322921753, 60.31548738479614, 60.043153047561646, 60.27663493156433, 59.37998414039612, 59.69431924819946, 59.3624529838562, 59.7642719745636, 59.87918281555176, 60.94079899787903, 60.5971519947052, 59.862837076187134, 59.7517569065094, 60.22457408905029, 60.130526304244995, 60.26601028442383, 59.49840188026428, 60.815085887908936, 59.57386016845703, 59.961474895477295, 60.136605978012085, 59.79427409172058, 60.6828510761261, 59.48848509788513, 60.55464792251587, 60.07144021987915, 60.06381416320801, 60.2520170211792, 60.17770600318909, 60.58199501037598, 60.15740990638733, 59.671602964401245, 60.49706506729126, 60.084238052368164, 60.57961082458496, 59.988845109939575, 60.06888794898987, 60.94177985191345, 59.71456813812256, 60.54480504989624, 59.87868070602417, 60.415857791900635]
~~~~~~~~~~~~~~~~~~~~~~~~~~~~~~ global model aggragation and  send  to client 

-------------Training  Round number: 141-------------

Evaluate global model
Averaged Train Loss: 1.4074
Averaged Test Accurancy: 0.7261
Averaged Test AUC: 0.9169
Std Test Accurancy: 0.2271
Std Test AUC: 0.1233
res is: ['mnist', 'FedVOI', 141, 1.4073845324142018, 0.7260782633533276, 0.9168827275238299, 0.22710494222920227, 0.12328920663678111, 175.4636486445999]
------------------------- Round is  141 ------------------------- time cost ------------------------- 60.02049994468689
------------------------- Budget is : [84.58488202095032, 87.78808426856995, 84.09102416038513, 62.11084008216858, 62.479140758514404, 60.15249300003052, 59.46004605293274, 59.535752058029175, 59.05656886100769, 59.51739287376404, 58.546687841415405, 59.54336714744568, 60.12155890464783, 58.86408090591431, 59.64257884025574, 59.622902154922485, 59.50944995880127, 60.55329203605652, 59.23235201835632, 59.27186608314514, 60.12679719924927, 59.864394187927246, 59.92988324165344, 59.65527701377869, 59.663031816482544, 59.819064140319824, 59.8156418800354, 60.853636026382446, 60.745179176330566, 60.091312885284424, 59.98015379905701, 60.35956525802612, 59.75596785545349, 59.75128698348999, 59.51348423957825, 60.15871214866638, 59.24671196937561, 59.263036251068115, 59.53028416633606, 60.536794900894165, 59.566641092300415, 60.469403982162476, 59.069092988967896, 59.86602807044983, 59.50624418258667, 59.80940794944763, 60.94348907470703, 61.330214977264404, 59.34154987335205, 60.270190954208374, 60.353535890579224, 60.291236877441406, 59.147621154785156, 59.99807596206665, 60.03334188461304, 58.80587601661682, 60.45428991317749, 59.803590059280396, 61.09221887588501, 60.777377128601074, 60.92022085189819, 59.9450318813324, 59.800957918167114, 60.14120697975159, 59.41724729537964, 60.69604730606079, 60.45559310913086, 59.88167190551758, 60.087149143218994, 59.903194189071655, 60.23416614532471, 60.03732466697693, 60.244985818862915, 60.37019991874695, 60.55929112434387, 60.79651117324829, 60.163880348205566, 61.05373811721802, 60.055858850479126, 60.46925210952759, 60.20346975326538, 60.50187420845032, 60.24444818496704, 60.791666984558105, 60.2255277633667, 59.651963233947754, 60.480462074279785, 60.34769606590271, 61.91481804847717, 60.88002276420593, 60.396175146102905, 63.7541389465332, 59.97736120223999, 59.82968807220459, 60.52572584152222, 60.329275131225586, 60.065725326538086, 60.65192222595215, 59.90617322921753, 60.31548738479614, 60.043153047561646, 60.27663493156433, 59.37998414039612, 59.69431924819946, 59.3624529838562, 59.7642719745636, 59.87918281555176, 60.94079899787903, 60.5971519947052, 59.862837076187134, 59.7517569065094, 60.22457408905029, 60.130526304244995, 60.26601028442383, 59.49840188026428, 60.815085887908936, 59.57386016845703, 59.961474895477295, 60.136605978012085, 59.79427409172058, 60.6828510761261, 59.48848509788513, 60.55464792251587, 60.07144021987915, 60.06381416320801, 60.2520170211792, 60.17770600318909, 60.58199501037598, 60.15740990638733, 59.671602964401245, 60.49706506729126, 60.084238052368164, 60.57961082458496, 59.988845109939575, 60.06888794898987, 60.94177985191345, 59.71456813812256, 60.54480504989624, 59.87868070602417, 60.415857791900635, 60.02049994468689]
~~~~~~~~~~~~~~~~~~~~~~~~~~~~~~ global model aggragation and  send  to client 

-------------Training  Round number: 142-------------

Evaluate global model
Averaged Train Loss: 1.4066
Averaged Test Accurancy: 0.7261
Averaged Test AUC: 0.9170
Std Test Accurancy: 0.2271
Std Test AUC: 0.1231
res is: ['mnist', 'FedVOI', 142, 1.4066174264105504, 0.7261353898886033, 0.9170321914753375, 0.22713877457357828, 0.12305184091046303, 173.30644498313856]
------------------------- Round is  142 ------------------------- time cost ------------------------- 60.07554078102112
------------------------- Budget is : [84.58488202095032, 87.78808426856995, 84.09102416038513, 62.11084008216858, 62.479140758514404, 60.15249300003052, 59.46004605293274, 59.535752058029175, 59.05656886100769, 59.51739287376404, 58.546687841415405, 59.54336714744568, 60.12155890464783, 58.86408090591431, 59.64257884025574, 59.622902154922485, 59.50944995880127, 60.55329203605652, 59.23235201835632, 59.27186608314514, 60.12679719924927, 59.864394187927246, 59.92988324165344, 59.65527701377869, 59.663031816482544, 59.819064140319824, 59.8156418800354, 60.853636026382446, 60.745179176330566, 60.091312885284424, 59.98015379905701, 60.35956525802612, 59.75596785545349, 59.75128698348999, 59.51348423957825, 60.15871214866638, 59.24671196937561, 59.263036251068115, 59.53028416633606, 60.536794900894165, 59.566641092300415, 60.469403982162476, 59.069092988967896, 59.86602807044983, 59.50624418258667, 59.80940794944763, 60.94348907470703, 61.330214977264404, 59.34154987335205, 60.270190954208374, 60.353535890579224, 60.291236877441406, 59.147621154785156, 59.99807596206665, 60.03334188461304, 58.80587601661682, 60.45428991317749, 59.803590059280396, 61.09221887588501, 60.777377128601074, 60.92022085189819, 59.9450318813324, 59.800957918167114, 60.14120697975159, 59.41724729537964, 60.69604730606079, 60.45559310913086, 59.88167190551758, 60.087149143218994, 59.903194189071655, 60.23416614532471, 60.03732466697693, 60.244985818862915, 60.37019991874695, 60.55929112434387, 60.79651117324829, 60.163880348205566, 61.05373811721802, 60.055858850479126, 60.46925210952759, 60.20346975326538, 60.50187420845032, 60.24444818496704, 60.791666984558105, 60.2255277633667, 59.651963233947754, 60.480462074279785, 60.34769606590271, 61.91481804847717, 60.88002276420593, 60.396175146102905, 63.7541389465332, 59.97736120223999, 59.82968807220459, 60.52572584152222, 60.329275131225586, 60.065725326538086, 60.65192222595215, 59.90617322921753, 60.31548738479614, 60.043153047561646, 60.27663493156433, 59.37998414039612, 59.69431924819946, 59.3624529838562, 59.7642719745636, 59.87918281555176, 60.94079899787903, 60.5971519947052, 59.862837076187134, 59.7517569065094, 60.22457408905029, 60.130526304244995, 60.26601028442383, 59.49840188026428, 60.815085887908936, 59.57386016845703, 59.961474895477295, 60.136605978012085, 59.79427409172058, 60.6828510761261, 59.48848509788513, 60.55464792251587, 60.07144021987915, 60.06381416320801, 60.2520170211792, 60.17770600318909, 60.58199501037598, 60.15740990638733, 59.671602964401245, 60.49706506729126, 60.084238052368164, 60.57961082458496, 59.988845109939575, 60.06888794898987, 60.94177985191345, 59.71456813812256, 60.54480504989624, 59.87868070602417, 60.415857791900635, 60.02049994468689, 60.07554078102112]
~~~~~~~~~~~~~~~~~~~~~~~~~~~~~~ global model aggragation and  send  to client 

-------------Training  Round number: 143-------------

Evaluate global model
Averaged Train Loss: 1.4060
Averaged Test Accurancy: 0.7264
Averaged Test AUC: 0.9172
Std Test Accurancy: 0.2268
Std Test AUC: 0.1228
res is: ['mnist', 'FedVOI', 143, 1.4059986219139522, 0.7263638960297057, 0.917177053359749, 0.22680926746191213, 0.12281462300443237, 174.77462053637896]
------------------------- Round is  143 ------------------------- time cost ------------------------- 60.80923128128052
------------------------- Budget is : [84.58488202095032, 87.78808426856995, 84.09102416038513, 62.11084008216858, 62.479140758514404, 60.15249300003052, 59.46004605293274, 59.535752058029175, 59.05656886100769, 59.51739287376404, 58.546687841415405, 59.54336714744568, 60.12155890464783, 58.86408090591431, 59.64257884025574, 59.622902154922485, 59.50944995880127, 60.55329203605652, 59.23235201835632, 59.27186608314514, 60.12679719924927, 59.864394187927246, 59.92988324165344, 59.65527701377869, 59.663031816482544, 59.819064140319824, 59.8156418800354, 60.853636026382446, 60.745179176330566, 60.091312885284424, 59.98015379905701, 60.35956525802612, 59.75596785545349, 59.75128698348999, 59.51348423957825, 60.15871214866638, 59.24671196937561, 59.263036251068115, 59.53028416633606, 60.536794900894165, 59.566641092300415, 60.469403982162476, 59.069092988967896, 59.86602807044983, 59.50624418258667, 59.80940794944763, 60.94348907470703, 61.330214977264404, 59.34154987335205, 60.270190954208374, 60.353535890579224, 60.291236877441406, 59.147621154785156, 59.99807596206665, 60.03334188461304, 58.80587601661682, 60.45428991317749, 59.803590059280396, 61.09221887588501, 60.777377128601074, 60.92022085189819, 59.9450318813324, 59.800957918167114, 60.14120697975159, 59.41724729537964, 60.69604730606079, 60.45559310913086, 59.88167190551758, 60.087149143218994, 59.903194189071655, 60.23416614532471, 60.03732466697693, 60.244985818862915, 60.37019991874695, 60.55929112434387, 60.79651117324829, 60.163880348205566, 61.05373811721802, 60.055858850479126, 60.46925210952759, 60.20346975326538, 60.50187420845032, 60.24444818496704, 60.791666984558105, 60.2255277633667, 59.651963233947754, 60.480462074279785, 60.34769606590271, 61.91481804847717, 60.88002276420593, 60.396175146102905, 63.7541389465332, 59.97736120223999, 59.82968807220459, 60.52572584152222, 60.329275131225586, 60.065725326538086, 60.65192222595215, 59.90617322921753, 60.31548738479614, 60.043153047561646, 60.27663493156433, 59.37998414039612, 59.69431924819946, 59.3624529838562, 59.7642719745636, 59.87918281555176, 60.94079899787903, 60.5971519947052, 59.862837076187134, 59.7517569065094, 60.22457408905029, 60.130526304244995, 60.26601028442383, 59.49840188026428, 60.815085887908936, 59.57386016845703, 59.961474895477295, 60.136605978012085, 59.79427409172058, 60.6828510761261, 59.48848509788513, 60.55464792251587, 60.07144021987915, 60.06381416320801, 60.2520170211792, 60.17770600318909, 60.58199501037598, 60.15740990638733, 59.671602964401245, 60.49706506729126, 60.084238052368164, 60.57961082458496, 59.988845109939575, 60.06888794898987, 60.94177985191345, 59.71456813812256, 60.54480504989624, 59.87868070602417, 60.415857791900635, 60.02049994468689, 60.07554078102112, 60.80923128128052]
~~~~~~~~~~~~~~~~~~~~~~~~~~~~~~ global model aggragation and  send  to client 

-------------Training  Round number: 144-------------

Evaluate global model
Averaged Train Loss: 1.4055
Averaged Test Accurancy: 0.7264
Averaged Test AUC: 0.9173
Std Test Accurancy: 0.2268
Std Test AUC: 0.1226
res is: ['mnist', 'FedVOI', 144, 1.4054692768072323, 0.7264210225649814, 0.9173106838870346, 0.2268256839227672, 0.12259585496982614, 173.30644498313856]
------------------------- Round is  144 ------------------------- time cost ------------------------- 60.89206004142761
------------------------- Budget is : [84.58488202095032, 87.78808426856995, 84.09102416038513, 62.11084008216858, 62.479140758514404, 60.15249300003052, 59.46004605293274, 59.535752058029175, 59.05656886100769, 59.51739287376404, 58.546687841415405, 59.54336714744568, 60.12155890464783, 58.86408090591431, 59.64257884025574, 59.622902154922485, 59.50944995880127, 60.55329203605652, 59.23235201835632, 59.27186608314514, 60.12679719924927, 59.864394187927246, 59.92988324165344, 59.65527701377869, 59.663031816482544, 59.819064140319824, 59.8156418800354, 60.853636026382446, 60.745179176330566, 60.091312885284424, 59.98015379905701, 60.35956525802612, 59.75596785545349, 59.75128698348999, 59.51348423957825, 60.15871214866638, 59.24671196937561, 59.263036251068115, 59.53028416633606, 60.536794900894165, 59.566641092300415, 60.469403982162476, 59.069092988967896, 59.86602807044983, 59.50624418258667, 59.80940794944763, 60.94348907470703, 61.330214977264404, 59.34154987335205, 60.270190954208374, 60.353535890579224, 60.291236877441406, 59.147621154785156, 59.99807596206665, 60.03334188461304, 58.80587601661682, 60.45428991317749, 59.803590059280396, 61.09221887588501, 60.777377128601074, 60.92022085189819, 59.9450318813324, 59.800957918167114, 60.14120697975159, 59.41724729537964, 60.69604730606079, 60.45559310913086, 59.88167190551758, 60.087149143218994, 59.903194189071655, 60.23416614532471, 60.03732466697693, 60.244985818862915, 60.37019991874695, 60.55929112434387, 60.79651117324829, 60.163880348205566, 61.05373811721802, 60.055858850479126, 60.46925210952759, 60.20346975326538, 60.50187420845032, 60.24444818496704, 60.791666984558105, 60.2255277633667, 59.651963233947754, 60.480462074279785, 60.34769606590271, 61.91481804847717, 60.88002276420593, 60.396175146102905, 63.7541389465332, 59.97736120223999, 59.82968807220459, 60.52572584152222, 60.329275131225586, 60.065725326538086, 60.65192222595215, 59.90617322921753, 60.31548738479614, 60.043153047561646, 60.27663493156433, 59.37998414039612, 59.69431924819946, 59.3624529838562, 59.7642719745636, 59.87918281555176, 60.94079899787903, 60.5971519947052, 59.862837076187134, 59.7517569065094, 60.22457408905029, 60.130526304244995, 60.26601028442383, 59.49840188026428, 60.815085887908936, 59.57386016845703, 59.961474895477295, 60.136605978012085, 59.79427409172058, 60.6828510761261, 59.48848509788513, 60.55464792251587, 60.07144021987915, 60.06381416320801, 60.2520170211792, 60.17770600318909, 60.58199501037598, 60.15740990638733, 59.671602964401245, 60.49706506729126, 60.084238052368164, 60.57961082458496, 59.988845109939575, 60.06888794898987, 60.94177985191345, 59.71456813812256, 60.54480504989624, 59.87868070602417, 60.415857791900635, 60.02049994468689, 60.07554078102112, 60.80923128128052, 60.89206004142761]
~~~~~~~~~~~~~~~~~~~~~~~~~~~~~~ global model aggragation and  send  to client 

-------------Training  Round number: 145-------------

Evaluate global model
Averaged Train Loss: 1.4048
Averaged Test Accurancy: 0.7265
Averaged Test AUC: 0.9174
Std Test Accurancy: 0.2270
Std Test AUC: 0.1224
res is: ['mnist', 'FedVOI', 145, 1.404843727724329, 0.7264781491002571, 0.9174439834742131, 0.2269500295127679, 0.12238077703726259, 166.78258478912414]
------------------------- Round is  145 ------------------------- time cost ------------------------- 61.95392823219299
------------------------- Budget is : [84.58488202095032, 87.78808426856995, 84.09102416038513, 62.11084008216858, 62.479140758514404, 60.15249300003052, 59.46004605293274, 59.535752058029175, 59.05656886100769, 59.51739287376404, 58.546687841415405, 59.54336714744568, 60.12155890464783, 58.86408090591431, 59.64257884025574, 59.622902154922485, 59.50944995880127, 60.55329203605652, 59.23235201835632, 59.27186608314514, 60.12679719924927, 59.864394187927246, 59.92988324165344, 59.65527701377869, 59.663031816482544, 59.819064140319824, 59.8156418800354, 60.853636026382446, 60.745179176330566, 60.091312885284424, 59.98015379905701, 60.35956525802612, 59.75596785545349, 59.75128698348999, 59.51348423957825, 60.15871214866638, 59.24671196937561, 59.263036251068115, 59.53028416633606, 60.536794900894165, 59.566641092300415, 60.469403982162476, 59.069092988967896, 59.86602807044983, 59.50624418258667, 59.80940794944763, 60.94348907470703, 61.330214977264404, 59.34154987335205, 60.270190954208374, 60.353535890579224, 60.291236877441406, 59.147621154785156, 59.99807596206665, 60.03334188461304, 58.80587601661682, 60.45428991317749, 59.803590059280396, 61.09221887588501, 60.777377128601074, 60.92022085189819, 59.9450318813324, 59.800957918167114, 60.14120697975159, 59.41724729537964, 60.69604730606079, 60.45559310913086, 59.88167190551758, 60.087149143218994, 59.903194189071655, 60.23416614532471, 60.03732466697693, 60.244985818862915, 60.37019991874695, 60.55929112434387, 60.79651117324829, 60.163880348205566, 61.05373811721802, 60.055858850479126, 60.46925210952759, 60.20346975326538, 60.50187420845032, 60.24444818496704, 60.791666984558105, 60.2255277633667, 59.651963233947754, 60.480462074279785, 60.34769606590271, 61.91481804847717, 60.88002276420593, 60.396175146102905, 63.7541389465332, 59.97736120223999, 59.82968807220459, 60.52572584152222, 60.329275131225586, 60.065725326538086, 60.65192222595215, 59.90617322921753, 60.31548738479614, 60.043153047561646, 60.27663493156433, 59.37998414039612, 59.69431924819946, 59.3624529838562, 59.7642719745636, 59.87918281555176, 60.94079899787903, 60.5971519947052, 59.862837076187134, 59.7517569065094, 60.22457408905029, 60.130526304244995, 60.26601028442383, 59.49840188026428, 60.815085887908936, 59.57386016845703, 59.961474895477295, 60.136605978012085, 59.79427409172058, 60.6828510761261, 59.48848509788513, 60.55464792251587, 60.07144021987915, 60.06381416320801, 60.2520170211792, 60.17770600318909, 60.58199501037598, 60.15740990638733, 59.671602964401245, 60.49706506729126, 60.084238052368164, 60.57961082458496, 59.988845109939575, 60.06888794898987, 60.94177985191345, 59.71456813812256, 60.54480504989624, 59.87868070602417, 60.415857791900635, 60.02049994468689, 60.07554078102112, 60.80923128128052, 60.89206004142761, 61.95392823219299]
~~~~~~~~~~~~~~~~~~~~~~~~~~~~~~ global model aggragation and  send  to client 

-------------Training  Round number: 146-------------

Evaluate global model
Averaged Train Loss: 1.4041
Averaged Test Accurancy: 0.7265
Averaged Test AUC: 0.9176
Std Test Accurancy: 0.2271
Std Test AUC: 0.1222
res is: ['mnist', 'FedVOI', 146, 1.4041093499098705, 0.7265352756355327, 0.9175810710749965, 0.227068637290303, 0.12216640173921436, 177.27036557616654]
------------------------- Round is  146 ------------------------- time cost ------------------------- 59.6044659614563
------------------------- Budget is : [84.58488202095032, 87.78808426856995, 84.09102416038513, 62.11084008216858, 62.479140758514404, 60.15249300003052, 59.46004605293274, 59.535752058029175, 59.05656886100769, 59.51739287376404, 58.546687841415405, 59.54336714744568, 60.12155890464783, 58.86408090591431, 59.64257884025574, 59.622902154922485, 59.50944995880127, 60.55329203605652, 59.23235201835632, 59.27186608314514, 60.12679719924927, 59.864394187927246, 59.92988324165344, 59.65527701377869, 59.663031816482544, 59.819064140319824, 59.8156418800354, 60.853636026382446, 60.745179176330566, 60.091312885284424, 59.98015379905701, 60.35956525802612, 59.75596785545349, 59.75128698348999, 59.51348423957825, 60.15871214866638, 59.24671196937561, 59.263036251068115, 59.53028416633606, 60.536794900894165, 59.566641092300415, 60.469403982162476, 59.069092988967896, 59.86602807044983, 59.50624418258667, 59.80940794944763, 60.94348907470703, 61.330214977264404, 59.34154987335205, 60.270190954208374, 60.353535890579224, 60.291236877441406, 59.147621154785156, 59.99807596206665, 60.03334188461304, 58.80587601661682, 60.45428991317749, 59.803590059280396, 61.09221887588501, 60.777377128601074, 60.92022085189819, 59.9450318813324, 59.800957918167114, 60.14120697975159, 59.41724729537964, 60.69604730606079, 60.45559310913086, 59.88167190551758, 60.087149143218994, 59.903194189071655, 60.23416614532471, 60.03732466697693, 60.244985818862915, 60.37019991874695, 60.55929112434387, 60.79651117324829, 60.163880348205566, 61.05373811721802, 60.055858850479126, 60.46925210952759, 60.20346975326538, 60.50187420845032, 60.24444818496704, 60.791666984558105, 60.2255277633667, 59.651963233947754, 60.480462074279785, 60.34769606590271, 61.91481804847717, 60.88002276420593, 60.396175146102905, 63.7541389465332, 59.97736120223999, 59.82968807220459, 60.52572584152222, 60.329275131225586, 60.065725326538086, 60.65192222595215, 59.90617322921753, 60.31548738479614, 60.043153047561646, 60.27663493156433, 59.37998414039612, 59.69431924819946, 59.3624529838562, 59.7642719745636, 59.87918281555176, 60.94079899787903, 60.5971519947052, 59.862837076187134, 59.7517569065094, 60.22457408905029, 60.130526304244995, 60.26601028442383, 59.49840188026428, 60.815085887908936, 59.57386016845703, 59.961474895477295, 60.136605978012085, 59.79427409172058, 60.6828510761261, 59.48848509788513, 60.55464792251587, 60.07144021987915, 60.06381416320801, 60.2520170211792, 60.17770600318909, 60.58199501037598, 60.15740990638733, 59.671602964401245, 60.49706506729126, 60.084238052368164, 60.57961082458496, 59.988845109939575, 60.06888794898987, 60.94177985191345, 59.71456813812256, 60.54480504989624, 59.87868070602417, 60.415857791900635, 60.02049994468689, 60.07554078102112, 60.80923128128052, 60.89206004142761, 61.95392823219299, 59.6044659614563]
~~~~~~~~~~~~~~~~~~~~~~~~~~~~~~ global model aggragation and  send  to client 

-------------Training  Round number: 147-------------

Evaluate global model
Averaged Train Loss: 1.4038
Averaged Test Accurancy: 0.7265
Averaged Test AUC: 0.9177
Std Test Accurancy: 0.2271
Std Test AUC: 0.1220
res is: ['mnist', 'FedVOI', 147, 1.4038169528907511, 0.7265352756355327, 0.9177090047553021, 0.22710507937050609, 0.12195345844944626, 166.78258478912414]
------------------------- Round is  147 ------------------------- time cost ------------------------- 60.29902100563049
------------------------- Budget is : [84.58488202095032, 87.78808426856995, 84.09102416038513, 62.11084008216858, 62.479140758514404, 60.15249300003052, 59.46004605293274, 59.535752058029175, 59.05656886100769, 59.51739287376404, 58.546687841415405, 59.54336714744568, 60.12155890464783, 58.86408090591431, 59.64257884025574, 59.622902154922485, 59.50944995880127, 60.55329203605652, 59.23235201835632, 59.27186608314514, 60.12679719924927, 59.864394187927246, 59.92988324165344, 59.65527701377869, 59.663031816482544, 59.819064140319824, 59.8156418800354, 60.853636026382446, 60.745179176330566, 60.091312885284424, 59.98015379905701, 60.35956525802612, 59.75596785545349, 59.75128698348999, 59.51348423957825, 60.15871214866638, 59.24671196937561, 59.263036251068115, 59.53028416633606, 60.536794900894165, 59.566641092300415, 60.469403982162476, 59.069092988967896, 59.86602807044983, 59.50624418258667, 59.80940794944763, 60.94348907470703, 61.330214977264404, 59.34154987335205, 60.270190954208374, 60.353535890579224, 60.291236877441406, 59.147621154785156, 59.99807596206665, 60.03334188461304, 58.80587601661682, 60.45428991317749, 59.803590059280396, 61.09221887588501, 60.777377128601074, 60.92022085189819, 59.9450318813324, 59.800957918167114, 60.14120697975159, 59.41724729537964, 60.69604730606079, 60.45559310913086, 59.88167190551758, 60.087149143218994, 59.903194189071655, 60.23416614532471, 60.03732466697693, 60.244985818862915, 60.37019991874695, 60.55929112434387, 60.79651117324829, 60.163880348205566, 61.05373811721802, 60.055858850479126, 60.46925210952759, 60.20346975326538, 60.50187420845032, 60.24444818496704, 60.791666984558105, 60.2255277633667, 59.651963233947754, 60.480462074279785, 60.34769606590271, 61.91481804847717, 60.88002276420593, 60.396175146102905, 63.7541389465332, 59.97736120223999, 59.82968807220459, 60.52572584152222, 60.329275131225586, 60.065725326538086, 60.65192222595215, 59.90617322921753, 60.31548738479614, 60.043153047561646, 60.27663493156433, 59.37998414039612, 59.69431924819946, 59.3624529838562, 59.7642719745636, 59.87918281555176, 60.94079899787903, 60.5971519947052, 59.862837076187134, 59.7517569065094, 60.22457408905029, 60.130526304244995, 60.26601028442383, 59.49840188026428, 60.815085887908936, 59.57386016845703, 59.961474895477295, 60.136605978012085, 59.79427409172058, 60.6828510761261, 59.48848509788513, 60.55464792251587, 60.07144021987915, 60.06381416320801, 60.2520170211792, 60.17770600318909, 60.58199501037598, 60.15740990638733, 59.671602964401245, 60.49706506729126, 60.084238052368164, 60.57961082458496, 59.988845109939575, 60.06888794898987, 60.94177985191345, 59.71456813812256, 60.54480504989624, 59.87868070602417, 60.415857791900635, 60.02049994468689, 60.07554078102112, 60.80923128128052, 60.89206004142761, 61.95392823219299, 59.6044659614563, 60.29902100563049]
~~~~~~~~~~~~~~~~~~~~~~~~~~~~~~ global model aggragation and  send  to client 

-------------Training  Round number: 148-------------

Evaluate global model
Averaged Train Loss: 1.4032
Averaged Test Accurancy: 0.7266
Averaged Test AUC: 0.9178
Std Test Accurancy: 0.2272
Std Test AUC: 0.1217
res is: ['mnist', 'FedVOI', 148, 1.4032307818682588, 0.7265924021708083, 0.9178453537576599, 0.22717093621896714, 0.12173912781251531, 168.78738686567038]
------------------------- Round is  148 ------------------------- time cost ------------------------- 59.882588148117065
------------------------- Budget is : [84.58488202095032, 87.78808426856995, 84.09102416038513, 62.11084008216858, 62.479140758514404, 60.15249300003052, 59.46004605293274, 59.535752058029175, 59.05656886100769, 59.51739287376404, 58.546687841415405, 59.54336714744568, 60.12155890464783, 58.86408090591431, 59.64257884025574, 59.622902154922485, 59.50944995880127, 60.55329203605652, 59.23235201835632, 59.27186608314514, 60.12679719924927, 59.864394187927246, 59.92988324165344, 59.65527701377869, 59.663031816482544, 59.819064140319824, 59.8156418800354, 60.853636026382446, 60.745179176330566, 60.091312885284424, 59.98015379905701, 60.35956525802612, 59.75596785545349, 59.75128698348999, 59.51348423957825, 60.15871214866638, 59.24671196937561, 59.263036251068115, 59.53028416633606, 60.536794900894165, 59.566641092300415, 60.469403982162476, 59.069092988967896, 59.86602807044983, 59.50624418258667, 59.80940794944763, 60.94348907470703, 61.330214977264404, 59.34154987335205, 60.270190954208374, 60.353535890579224, 60.291236877441406, 59.147621154785156, 59.99807596206665, 60.03334188461304, 58.80587601661682, 60.45428991317749, 59.803590059280396, 61.09221887588501, 60.777377128601074, 60.92022085189819, 59.9450318813324, 59.800957918167114, 60.14120697975159, 59.41724729537964, 60.69604730606079, 60.45559310913086, 59.88167190551758, 60.087149143218994, 59.903194189071655, 60.23416614532471, 60.03732466697693, 60.244985818862915, 60.37019991874695, 60.55929112434387, 60.79651117324829, 60.163880348205566, 61.05373811721802, 60.055858850479126, 60.46925210952759, 60.20346975326538, 60.50187420845032, 60.24444818496704, 60.791666984558105, 60.2255277633667, 59.651963233947754, 60.480462074279785, 60.34769606590271, 61.91481804847717, 60.88002276420593, 60.396175146102905, 63.7541389465332, 59.97736120223999, 59.82968807220459, 60.52572584152222, 60.329275131225586, 60.065725326538086, 60.65192222595215, 59.90617322921753, 60.31548738479614, 60.043153047561646, 60.27663493156433, 59.37998414039612, 59.69431924819946, 59.3624529838562, 59.7642719745636, 59.87918281555176, 60.94079899787903, 60.5971519947052, 59.862837076187134, 59.7517569065094, 60.22457408905029, 60.130526304244995, 60.26601028442383, 59.49840188026428, 60.815085887908936, 59.57386016845703, 59.961474895477295, 60.136605978012085, 59.79427409172058, 60.6828510761261, 59.48848509788513, 60.55464792251587, 60.07144021987915, 60.06381416320801, 60.2520170211792, 60.17770600318909, 60.58199501037598, 60.15740990638733, 59.671602964401245, 60.49706506729126, 60.084238052368164, 60.57961082458496, 59.988845109939575, 60.06888794898987, 60.94177985191345, 59.71456813812256, 60.54480504989624, 59.87868070602417, 60.415857791900635, 60.02049994468689, 60.07554078102112, 60.80923128128052, 60.89206004142761, 61.95392823219299, 59.6044659614563, 60.29902100563049, 59.882588148117065]
~~~~~~~~~~~~~~~~~~~~~~~~~~~~~~ global model aggragation and  send  to client 

-------------Training  Round number: 149-------------

Evaluate global model
Averaged Train Loss: 1.4027
Averaged Test Accurancy: 0.7266
Averaged Test AUC: 0.9180
Std Test Accurancy: 0.2271
Std Test AUC: 0.1215
res is: ['mnist', 'FedVOI', 149, 1.4026882520686574, 0.7265924021708083, 0.9179787781073115, 0.22714582929550614, 0.12152742784144296, 175.4636486445999]
------------------------- Round is  149 ------------------------- time cost ------------------------- 60.63527512550354
------------------------- Budget is : [84.58488202095032, 87.78808426856995, 84.09102416038513, 62.11084008216858, 62.479140758514404, 60.15249300003052, 59.46004605293274, 59.535752058029175, 59.05656886100769, 59.51739287376404, 58.546687841415405, 59.54336714744568, 60.12155890464783, 58.86408090591431, 59.64257884025574, 59.622902154922485, 59.50944995880127, 60.55329203605652, 59.23235201835632, 59.27186608314514, 60.12679719924927, 59.864394187927246, 59.92988324165344, 59.65527701377869, 59.663031816482544, 59.819064140319824, 59.8156418800354, 60.853636026382446, 60.745179176330566, 60.091312885284424, 59.98015379905701, 60.35956525802612, 59.75596785545349, 59.75128698348999, 59.51348423957825, 60.15871214866638, 59.24671196937561, 59.263036251068115, 59.53028416633606, 60.536794900894165, 59.566641092300415, 60.469403982162476, 59.069092988967896, 59.86602807044983, 59.50624418258667, 59.80940794944763, 60.94348907470703, 61.330214977264404, 59.34154987335205, 60.270190954208374, 60.353535890579224, 60.291236877441406, 59.147621154785156, 59.99807596206665, 60.03334188461304, 58.80587601661682, 60.45428991317749, 59.803590059280396, 61.09221887588501, 60.777377128601074, 60.92022085189819, 59.9450318813324, 59.800957918167114, 60.14120697975159, 59.41724729537964, 60.69604730606079, 60.45559310913086, 59.88167190551758, 60.087149143218994, 59.903194189071655, 60.23416614532471, 60.03732466697693, 60.244985818862915, 60.37019991874695, 60.55929112434387, 60.79651117324829, 60.163880348205566, 61.05373811721802, 60.055858850479126, 60.46925210952759, 60.20346975326538, 60.50187420845032, 60.24444818496704, 60.791666984558105, 60.2255277633667, 59.651963233947754, 60.480462074279785, 60.34769606590271, 61.91481804847717, 60.88002276420593, 60.396175146102905, 63.7541389465332, 59.97736120223999, 59.82968807220459, 60.52572584152222, 60.329275131225586, 60.065725326538086, 60.65192222595215, 59.90617322921753, 60.31548738479614, 60.043153047561646, 60.27663493156433, 59.37998414039612, 59.69431924819946, 59.3624529838562, 59.7642719745636, 59.87918281555176, 60.94079899787903, 60.5971519947052, 59.862837076187134, 59.7517569065094, 60.22457408905029, 60.130526304244995, 60.26601028442383, 59.49840188026428, 60.815085887908936, 59.57386016845703, 59.961474895477295, 60.136605978012085, 59.79427409172058, 60.6828510761261, 59.48848509788513, 60.55464792251587, 60.07144021987915, 60.06381416320801, 60.2520170211792, 60.17770600318909, 60.58199501037598, 60.15740990638733, 59.671602964401245, 60.49706506729126, 60.084238052368164, 60.57961082458496, 59.988845109939575, 60.06888794898987, 60.94177985191345, 59.71456813812256, 60.54480504989624, 59.87868070602417, 60.415857791900635, 60.02049994468689, 60.07554078102112, 60.80923128128052, 60.89206004142761, 61.95392823219299, 59.6044659614563, 60.29902100563049, 59.882588148117065, 60.63527512550354]
~~~~~~~~~~~~~~~~~~~~~~~~~~~~~~ global model aggragation and  send  to client 

-------------Training  Round number: 150-------------

Evaluate global model
Averaged Train Loss: 1.4024
Averaged Test Accurancy: 0.7266
Averaged Test AUC: 0.9181
Std Test Accurancy: 0.2271
Std Test AUC: 0.1213
res is: ['mnist', 'FedVOI', 150, 1.4023638719637184, 0.726649528706084, 0.9181010348523229, 0.22710442623687982, 0.12132133017990378, 177.27036557616654]
------------------------- Round is  150 ------------------------- time cost ------------------------- 59.61977291107178
------------------------- Budget is : [84.58488202095032, 87.78808426856995, 84.09102416038513, 62.11084008216858, 62.479140758514404, 60.15249300003052, 59.46004605293274, 59.535752058029175, 59.05656886100769, 59.51739287376404, 58.546687841415405, 59.54336714744568, 60.12155890464783, 58.86408090591431, 59.64257884025574, 59.622902154922485, 59.50944995880127, 60.55329203605652, 59.23235201835632, 59.27186608314514, 60.12679719924927, 59.864394187927246, 59.92988324165344, 59.65527701377869, 59.663031816482544, 59.819064140319824, 59.8156418800354, 60.853636026382446, 60.745179176330566, 60.091312885284424, 59.98015379905701, 60.35956525802612, 59.75596785545349, 59.75128698348999, 59.51348423957825, 60.15871214866638, 59.24671196937561, 59.263036251068115, 59.53028416633606, 60.536794900894165, 59.566641092300415, 60.469403982162476, 59.069092988967896, 59.86602807044983, 59.50624418258667, 59.80940794944763, 60.94348907470703, 61.330214977264404, 59.34154987335205, 60.270190954208374, 60.353535890579224, 60.291236877441406, 59.147621154785156, 59.99807596206665, 60.03334188461304, 58.80587601661682, 60.45428991317749, 59.803590059280396, 61.09221887588501, 60.777377128601074, 60.92022085189819, 59.9450318813324, 59.800957918167114, 60.14120697975159, 59.41724729537964, 60.69604730606079, 60.45559310913086, 59.88167190551758, 60.087149143218994, 59.903194189071655, 60.23416614532471, 60.03732466697693, 60.244985818862915, 60.37019991874695, 60.55929112434387, 60.79651117324829, 60.163880348205566, 61.05373811721802, 60.055858850479126, 60.46925210952759, 60.20346975326538, 60.50187420845032, 60.24444818496704, 60.791666984558105, 60.2255277633667, 59.651963233947754, 60.480462074279785, 60.34769606590271, 61.91481804847717, 60.88002276420593, 60.396175146102905, 63.7541389465332, 59.97736120223999, 59.82968807220459, 60.52572584152222, 60.329275131225586, 60.065725326538086, 60.65192222595215, 59.90617322921753, 60.31548738479614, 60.043153047561646, 60.27663493156433, 59.37998414039612, 59.69431924819946, 59.3624529838562, 59.7642719745636, 59.87918281555176, 60.94079899787903, 60.5971519947052, 59.862837076187134, 59.7517569065094, 60.22457408905029, 60.130526304244995, 60.26601028442383, 59.49840188026428, 60.815085887908936, 59.57386016845703, 59.961474895477295, 60.136605978012085, 59.79427409172058, 60.6828510761261, 59.48848509788513, 60.55464792251587, 60.07144021987915, 60.06381416320801, 60.2520170211792, 60.17770600318909, 60.58199501037598, 60.15740990638733, 59.671602964401245, 60.49706506729126, 60.084238052368164, 60.57961082458496, 59.988845109939575, 60.06888794898987, 60.94177985191345, 59.71456813812256, 60.54480504989624, 59.87868070602417, 60.415857791900635, 60.02049994468689, 60.07554078102112, 60.80923128128052, 60.89206004142761, 61.95392823219299, 59.6044659614563, 60.29902100563049, 59.882588148117065, 60.63527512550354, 59.61977291107178]
~~~~~~~~~~~~~~~~~~~~~~~~~~~~~~ global model aggragation and  send  to client 

-------------Training  Round number: 151-------------

Evaluate global model
Averaged Train Loss: 1.4017
Averaged Test Accurancy: 0.7266
Averaged Test AUC: 0.9182
Std Test Accurancy: 0.2273
Std Test AUC: 0.1211
res is: ['mnist', 'FedVOI', 151, 1.4017417807241934, 0.726649528706084, 0.918226411446528, 0.22726472237773768, 0.12112876662135261, 168.78738686567038]
------------------------- Round is  151 ------------------------- time cost ------------------------- 60.496713161468506
------------------------- Budget is : [84.58488202095032, 87.78808426856995, 84.09102416038513, 62.11084008216858, 62.479140758514404, 60.15249300003052, 59.46004605293274, 59.535752058029175, 59.05656886100769, 59.51739287376404, 58.546687841415405, 59.54336714744568, 60.12155890464783, 58.86408090591431, 59.64257884025574, 59.622902154922485, 59.50944995880127, 60.55329203605652, 59.23235201835632, 59.27186608314514, 60.12679719924927, 59.864394187927246, 59.92988324165344, 59.65527701377869, 59.663031816482544, 59.819064140319824, 59.8156418800354, 60.853636026382446, 60.745179176330566, 60.091312885284424, 59.98015379905701, 60.35956525802612, 59.75596785545349, 59.75128698348999, 59.51348423957825, 60.15871214866638, 59.24671196937561, 59.263036251068115, 59.53028416633606, 60.536794900894165, 59.566641092300415, 60.469403982162476, 59.069092988967896, 59.86602807044983, 59.50624418258667, 59.80940794944763, 60.94348907470703, 61.330214977264404, 59.34154987335205, 60.270190954208374, 60.353535890579224, 60.291236877441406, 59.147621154785156, 59.99807596206665, 60.03334188461304, 58.80587601661682, 60.45428991317749, 59.803590059280396, 61.09221887588501, 60.777377128601074, 60.92022085189819, 59.9450318813324, 59.800957918167114, 60.14120697975159, 59.41724729537964, 60.69604730606079, 60.45559310913086, 59.88167190551758, 60.087149143218994, 59.903194189071655, 60.23416614532471, 60.03732466697693, 60.244985818862915, 60.37019991874695, 60.55929112434387, 60.79651117324829, 60.163880348205566, 61.05373811721802, 60.055858850479126, 60.46925210952759, 60.20346975326538, 60.50187420845032, 60.24444818496704, 60.791666984558105, 60.2255277633667, 59.651963233947754, 60.480462074279785, 60.34769606590271, 61.91481804847717, 60.88002276420593, 60.396175146102905, 63.7541389465332, 59.97736120223999, 59.82968807220459, 60.52572584152222, 60.329275131225586, 60.065725326538086, 60.65192222595215, 59.90617322921753, 60.31548738479614, 60.043153047561646, 60.27663493156433, 59.37998414039612, 59.69431924819946, 59.3624529838562, 59.7642719745636, 59.87918281555176, 60.94079899787903, 60.5971519947052, 59.862837076187134, 59.7517569065094, 60.22457408905029, 60.130526304244995, 60.26601028442383, 59.49840188026428, 60.815085887908936, 59.57386016845703, 59.961474895477295, 60.136605978012085, 59.79427409172058, 60.6828510761261, 59.48848509788513, 60.55464792251587, 60.07144021987915, 60.06381416320801, 60.2520170211792, 60.17770600318909, 60.58199501037598, 60.15740990638733, 59.671602964401245, 60.49706506729126, 60.084238052368164, 60.57961082458496, 59.988845109939575, 60.06888794898987, 60.94177985191345, 59.71456813812256, 60.54480504989624, 59.87868070602417, 60.415857791900635, 60.02049994468689, 60.07554078102112, 60.80923128128052, 60.89206004142761, 61.95392823219299, 59.6044659614563, 60.29902100563049, 59.882588148117065, 60.63527512550354, 59.61977291107178, 60.496713161468506]
~~~~~~~~~~~~~~~~~~~~~~~~~~~~~~ global model aggragation and  send  to client 

-------------Training  Round number: 152-------------

Evaluate global model
Averaged Train Loss: 1.4012
Averaged Test Accurancy: 0.7269
Averaged Test AUC: 0.9183
Std Test Accurancy: 0.2271
Std Test AUC: 0.1209
res is: ['mnist', 'FedVOI', 152, 1.4012048729141635, 0.7269351613824622, 0.9183490485708138, 0.22714349730183248, 0.12094679173607298, 178.19314489644913]
------------------------- Round is  152 ------------------------- time cost ------------------------- 60.69276309013367
------------------------- Budget is : [84.58488202095032, 87.78808426856995, 84.09102416038513, 62.11084008216858, 62.479140758514404, 60.15249300003052, 59.46004605293274, 59.535752058029175, 59.05656886100769, 59.51739287376404, 58.546687841415405, 59.54336714744568, 60.12155890464783, 58.86408090591431, 59.64257884025574, 59.622902154922485, 59.50944995880127, 60.55329203605652, 59.23235201835632, 59.27186608314514, 60.12679719924927, 59.864394187927246, 59.92988324165344, 59.65527701377869, 59.663031816482544, 59.819064140319824, 59.8156418800354, 60.853636026382446, 60.745179176330566, 60.091312885284424, 59.98015379905701, 60.35956525802612, 59.75596785545349, 59.75128698348999, 59.51348423957825, 60.15871214866638, 59.24671196937561, 59.263036251068115, 59.53028416633606, 60.536794900894165, 59.566641092300415, 60.469403982162476, 59.069092988967896, 59.86602807044983, 59.50624418258667, 59.80940794944763, 60.94348907470703, 61.330214977264404, 59.34154987335205, 60.270190954208374, 60.353535890579224, 60.291236877441406, 59.147621154785156, 59.99807596206665, 60.03334188461304, 58.80587601661682, 60.45428991317749, 59.803590059280396, 61.09221887588501, 60.777377128601074, 60.92022085189819, 59.9450318813324, 59.800957918167114, 60.14120697975159, 59.41724729537964, 60.69604730606079, 60.45559310913086, 59.88167190551758, 60.087149143218994, 59.903194189071655, 60.23416614532471, 60.03732466697693, 60.244985818862915, 60.37019991874695, 60.55929112434387, 60.79651117324829, 60.163880348205566, 61.05373811721802, 60.055858850479126, 60.46925210952759, 60.20346975326538, 60.50187420845032, 60.24444818496704, 60.791666984558105, 60.2255277633667, 59.651963233947754, 60.480462074279785, 60.34769606590271, 61.91481804847717, 60.88002276420593, 60.396175146102905, 63.7541389465332, 59.97736120223999, 59.82968807220459, 60.52572584152222, 60.329275131225586, 60.065725326538086, 60.65192222595215, 59.90617322921753, 60.31548738479614, 60.043153047561646, 60.27663493156433, 59.37998414039612, 59.69431924819946, 59.3624529838562, 59.7642719745636, 59.87918281555176, 60.94079899787903, 60.5971519947052, 59.862837076187134, 59.7517569065094, 60.22457408905029, 60.130526304244995, 60.26601028442383, 59.49840188026428, 60.815085887908936, 59.57386016845703, 59.961474895477295, 60.136605978012085, 59.79427409172058, 60.6828510761261, 59.48848509788513, 60.55464792251587, 60.07144021987915, 60.06381416320801, 60.2520170211792, 60.17770600318909, 60.58199501037598, 60.15740990638733, 59.671602964401245, 60.49706506729126, 60.084238052368164, 60.57961082458496, 59.988845109939575, 60.06888794898987, 60.94177985191345, 59.71456813812256, 60.54480504989624, 59.87868070602417, 60.415857791900635, 60.02049994468689, 60.07554078102112, 60.80923128128052, 60.89206004142761, 61.95392823219299, 59.6044659614563, 60.29902100563049, 59.882588148117065, 60.63527512550354, 59.61977291107178, 60.496713161468506, 60.69276309013367]
~~~~~~~~~~~~~~~~~~~~~~~~~~~~~~ global model aggragation and  send  to client 

-------------Training  Round number: 153-------------

Evaluate global model
Averaged Train Loss: 1.4009
Averaged Test Accurancy: 0.7273
Averaged Test AUC: 0.9185
Std Test Accurancy: 0.2272
Std Test AUC: 0.1208
res is: ['mnist', 'FedVOI', 153, 1.4009243183522906, 0.727277920594116, 0.9184632074792874, 0.22716747730569362, 0.12076063510795454, 168.2594959959101]
------------------------- Round is  153 ------------------------- time cost ------------------------- 60.56303906440735
------------------------- Budget is : [84.58488202095032, 87.78808426856995, 84.09102416038513, 62.11084008216858, 62.479140758514404, 60.15249300003052, 59.46004605293274, 59.535752058029175, 59.05656886100769, 59.51739287376404, 58.546687841415405, 59.54336714744568, 60.12155890464783, 58.86408090591431, 59.64257884025574, 59.622902154922485, 59.50944995880127, 60.55329203605652, 59.23235201835632, 59.27186608314514, 60.12679719924927, 59.864394187927246, 59.92988324165344, 59.65527701377869, 59.663031816482544, 59.819064140319824, 59.8156418800354, 60.853636026382446, 60.745179176330566, 60.091312885284424, 59.98015379905701, 60.35956525802612, 59.75596785545349, 59.75128698348999, 59.51348423957825, 60.15871214866638, 59.24671196937561, 59.263036251068115, 59.53028416633606, 60.536794900894165, 59.566641092300415, 60.469403982162476, 59.069092988967896, 59.86602807044983, 59.50624418258667, 59.80940794944763, 60.94348907470703, 61.330214977264404, 59.34154987335205, 60.270190954208374, 60.353535890579224, 60.291236877441406, 59.147621154785156, 59.99807596206665, 60.03334188461304, 58.80587601661682, 60.45428991317749, 59.803590059280396, 61.09221887588501, 60.777377128601074, 60.92022085189819, 59.9450318813324, 59.800957918167114, 60.14120697975159, 59.41724729537964, 60.69604730606079, 60.45559310913086, 59.88167190551758, 60.087149143218994, 59.903194189071655, 60.23416614532471, 60.03732466697693, 60.244985818862915, 60.37019991874695, 60.55929112434387, 60.79651117324829, 60.163880348205566, 61.05373811721802, 60.055858850479126, 60.46925210952759, 60.20346975326538, 60.50187420845032, 60.24444818496704, 60.791666984558105, 60.2255277633667, 59.651963233947754, 60.480462074279785, 60.34769606590271, 61.91481804847717, 60.88002276420593, 60.396175146102905, 63.7541389465332, 59.97736120223999, 59.82968807220459, 60.52572584152222, 60.329275131225586, 60.065725326538086, 60.65192222595215, 59.90617322921753, 60.31548738479614, 60.043153047561646, 60.27663493156433, 59.37998414039612, 59.69431924819946, 59.3624529838562, 59.7642719745636, 59.87918281555176, 60.94079899787903, 60.5971519947052, 59.862837076187134, 59.7517569065094, 60.22457408905029, 60.130526304244995, 60.26601028442383, 59.49840188026428, 60.815085887908936, 59.57386016845703, 59.961474895477295, 60.136605978012085, 59.79427409172058, 60.6828510761261, 59.48848509788513, 60.55464792251587, 60.07144021987915, 60.06381416320801, 60.2520170211792, 60.17770600318909, 60.58199501037598, 60.15740990638733, 59.671602964401245, 60.49706506729126, 60.084238052368164, 60.57961082458496, 59.988845109939575, 60.06888794898987, 60.94177985191345, 59.71456813812256, 60.54480504989624, 59.87868070602417, 60.415857791900635, 60.02049994468689, 60.07554078102112, 60.80923128128052, 60.89206004142761, 61.95392823219299, 59.6044659614563, 60.29902100563049, 59.882588148117065, 60.63527512550354, 59.61977291107178, 60.496713161468506, 60.69276309013367, 60.56303906440735]
~~~~~~~~~~~~~~~~~~~~~~~~~~~~~~ global model aggragation and  send  to client 

-------------Training  Round number: 154-------------

Evaluate global model
Averaged Train Loss: 1.4006
Averaged Test Accurancy: 0.7274
Averaged Test AUC: 0.9186
Std Test Accurancy: 0.2270
Std Test AUC: 0.1206
res is: ['mnist', 'FedVOI', 154, 1.4005793786344216, 0.7274493001999429, 0.9185808844926183, 0.22704907216585282, 0.12058196899813241, 170.56696909020948]
------------------------- Round is  154 ------------------------- time cost ------------------------- 60.49797296524048
------------------------- Budget is : [84.58488202095032, 87.78808426856995, 84.09102416038513, 62.11084008216858, 62.479140758514404, 60.15249300003052, 59.46004605293274, 59.535752058029175, 59.05656886100769, 59.51739287376404, 58.546687841415405, 59.54336714744568, 60.12155890464783, 58.86408090591431, 59.64257884025574, 59.622902154922485, 59.50944995880127, 60.55329203605652, 59.23235201835632, 59.27186608314514, 60.12679719924927, 59.864394187927246, 59.92988324165344, 59.65527701377869, 59.663031816482544, 59.819064140319824, 59.8156418800354, 60.853636026382446, 60.745179176330566, 60.091312885284424, 59.98015379905701, 60.35956525802612, 59.75596785545349, 59.75128698348999, 59.51348423957825, 60.15871214866638, 59.24671196937561, 59.263036251068115, 59.53028416633606, 60.536794900894165, 59.566641092300415, 60.469403982162476, 59.069092988967896, 59.86602807044983, 59.50624418258667, 59.80940794944763, 60.94348907470703, 61.330214977264404, 59.34154987335205, 60.270190954208374, 60.353535890579224, 60.291236877441406, 59.147621154785156, 59.99807596206665, 60.03334188461304, 58.80587601661682, 60.45428991317749, 59.803590059280396, 61.09221887588501, 60.777377128601074, 60.92022085189819, 59.9450318813324, 59.800957918167114, 60.14120697975159, 59.41724729537964, 60.69604730606079, 60.45559310913086, 59.88167190551758, 60.087149143218994, 59.903194189071655, 60.23416614532471, 60.03732466697693, 60.244985818862915, 60.37019991874695, 60.55929112434387, 60.79651117324829, 60.163880348205566, 61.05373811721802, 60.055858850479126, 60.46925210952759, 60.20346975326538, 60.50187420845032, 60.24444818496704, 60.791666984558105, 60.2255277633667, 59.651963233947754, 60.480462074279785, 60.34769606590271, 61.91481804847717, 60.88002276420593, 60.396175146102905, 63.7541389465332, 59.97736120223999, 59.82968807220459, 60.52572584152222, 60.329275131225586, 60.065725326538086, 60.65192222595215, 59.90617322921753, 60.31548738479614, 60.043153047561646, 60.27663493156433, 59.37998414039612, 59.69431924819946, 59.3624529838562, 59.7642719745636, 59.87918281555176, 60.94079899787903, 60.5971519947052, 59.862837076187134, 59.7517569065094, 60.22457408905029, 60.130526304244995, 60.26601028442383, 59.49840188026428, 60.815085887908936, 59.57386016845703, 59.961474895477295, 60.136605978012085, 59.79427409172058, 60.6828510761261, 59.48848509788513, 60.55464792251587, 60.07144021987915, 60.06381416320801, 60.2520170211792, 60.17770600318909, 60.58199501037598, 60.15740990638733, 59.671602964401245, 60.49706506729126, 60.084238052368164, 60.57961082458496, 59.988845109939575, 60.06888794898987, 60.94177985191345, 59.71456813812256, 60.54480504989624, 59.87868070602417, 60.415857791900635, 60.02049994468689, 60.07554078102112, 60.80923128128052, 60.89206004142761, 61.95392823219299, 59.6044659614563, 60.29902100563049, 59.882588148117065, 60.63527512550354, 59.61977291107178, 60.496713161468506, 60.69276309013367, 60.56303906440735, 60.49797296524048]
~~~~~~~~~~~~~~~~~~~~~~~~~~~~~~ global model aggragation and  send  to client 

-------------Training  Round number: 155-------------

Evaluate global model
Averaged Train Loss: 1.4004
Averaged Test Accurancy: 0.7276
Averaged Test AUC: 0.9187
Std Test Accurancy: 0.2268
Std Test AUC: 0.1204
res is: ['mnist', 'FedVOI', 155, 1.4003747027594464, 0.7276206798057698, 0.918689774943501, 0.2268324496495066, 0.12041281051008236, 177.27036557616654]
------------------------- Round is  155 ------------------------- time cost ------------------------- 59.43401479721069
------------------------- Budget is : [84.58488202095032, 87.78808426856995, 84.09102416038513, 62.11084008216858, 62.479140758514404, 60.15249300003052, 59.46004605293274, 59.535752058029175, 59.05656886100769, 59.51739287376404, 58.546687841415405, 59.54336714744568, 60.12155890464783, 58.86408090591431, 59.64257884025574, 59.622902154922485, 59.50944995880127, 60.55329203605652, 59.23235201835632, 59.27186608314514, 60.12679719924927, 59.864394187927246, 59.92988324165344, 59.65527701377869, 59.663031816482544, 59.819064140319824, 59.8156418800354, 60.853636026382446, 60.745179176330566, 60.091312885284424, 59.98015379905701, 60.35956525802612, 59.75596785545349, 59.75128698348999, 59.51348423957825, 60.15871214866638, 59.24671196937561, 59.263036251068115, 59.53028416633606, 60.536794900894165, 59.566641092300415, 60.469403982162476, 59.069092988967896, 59.86602807044983, 59.50624418258667, 59.80940794944763, 60.94348907470703, 61.330214977264404, 59.34154987335205, 60.270190954208374, 60.353535890579224, 60.291236877441406, 59.147621154785156, 59.99807596206665, 60.03334188461304, 58.80587601661682, 60.45428991317749, 59.803590059280396, 61.09221887588501, 60.777377128601074, 60.92022085189819, 59.9450318813324, 59.800957918167114, 60.14120697975159, 59.41724729537964, 60.69604730606079, 60.45559310913086, 59.88167190551758, 60.087149143218994, 59.903194189071655, 60.23416614532471, 60.03732466697693, 60.244985818862915, 60.37019991874695, 60.55929112434387, 60.79651117324829, 60.163880348205566, 61.05373811721802, 60.055858850479126, 60.46925210952759, 60.20346975326538, 60.50187420845032, 60.24444818496704, 60.791666984558105, 60.2255277633667, 59.651963233947754, 60.480462074279785, 60.34769606590271, 61.91481804847717, 60.88002276420593, 60.396175146102905, 63.7541389465332, 59.97736120223999, 59.82968807220459, 60.52572584152222, 60.329275131225586, 60.065725326538086, 60.65192222595215, 59.90617322921753, 60.31548738479614, 60.043153047561646, 60.27663493156433, 59.37998414039612, 59.69431924819946, 59.3624529838562, 59.7642719745636, 59.87918281555176, 60.94079899787903, 60.5971519947052, 59.862837076187134, 59.7517569065094, 60.22457408905029, 60.130526304244995, 60.26601028442383, 59.49840188026428, 60.815085887908936, 59.57386016845703, 59.961474895477295, 60.136605978012085, 59.79427409172058, 60.6828510761261, 59.48848509788513, 60.55464792251587, 60.07144021987915, 60.06381416320801, 60.2520170211792, 60.17770600318909, 60.58199501037598, 60.15740990638733, 59.671602964401245, 60.49706506729126, 60.084238052368164, 60.57961082458496, 59.988845109939575, 60.06888794898987, 60.94177985191345, 59.71456813812256, 60.54480504989624, 59.87868070602417, 60.415857791900635, 60.02049994468689, 60.07554078102112, 60.80923128128052, 60.89206004142761, 61.95392823219299, 59.6044659614563, 60.29902100563049, 59.882588148117065, 60.63527512550354, 59.61977291107178, 60.496713161468506, 60.69276309013367, 60.56303906440735, 60.49797296524048, 59.43401479721069]
~~~~~~~~~~~~~~~~~~~~~~~~~~~~~~ global model aggragation and  send  to client 

-------------Training  Round number: 156-------------

Evaluate global model
Averaged Train Loss: 1.4000
Averaged Test Accurancy: 0.7276
Averaged Test AUC: 0.9188
Std Test Accurancy: 0.2268
Std Test AUC: 0.1202
res is: ['mnist', 'FedVOI', 156, 1.4000277173281093, 0.7276206798057698, 0.9188042428213988, 0.22683447717041486, 0.12023146999278961, 181.07903904559686]
------------------------- Round is  156 ------------------------- time cost ------------------------- 60.01009798049927
------------------------- Budget is : [84.58488202095032, 87.78808426856995, 84.09102416038513, 62.11084008216858, 62.479140758514404, 60.15249300003052, 59.46004605293274, 59.535752058029175, 59.05656886100769, 59.51739287376404, 58.546687841415405, 59.54336714744568, 60.12155890464783, 58.86408090591431, 59.64257884025574, 59.622902154922485, 59.50944995880127, 60.55329203605652, 59.23235201835632, 59.27186608314514, 60.12679719924927, 59.864394187927246, 59.92988324165344, 59.65527701377869, 59.663031816482544, 59.819064140319824, 59.8156418800354, 60.853636026382446, 60.745179176330566, 60.091312885284424, 59.98015379905701, 60.35956525802612, 59.75596785545349, 59.75128698348999, 59.51348423957825, 60.15871214866638, 59.24671196937561, 59.263036251068115, 59.53028416633606, 60.536794900894165, 59.566641092300415, 60.469403982162476, 59.069092988967896, 59.86602807044983, 59.50624418258667, 59.80940794944763, 60.94348907470703, 61.330214977264404, 59.34154987335205, 60.270190954208374, 60.353535890579224, 60.291236877441406, 59.147621154785156, 59.99807596206665, 60.03334188461304, 58.80587601661682, 60.45428991317749, 59.803590059280396, 61.09221887588501, 60.777377128601074, 60.92022085189819, 59.9450318813324, 59.800957918167114, 60.14120697975159, 59.41724729537964, 60.69604730606079, 60.45559310913086, 59.88167190551758, 60.087149143218994, 59.903194189071655, 60.23416614532471, 60.03732466697693, 60.244985818862915, 60.37019991874695, 60.55929112434387, 60.79651117324829, 60.163880348205566, 61.05373811721802, 60.055858850479126, 60.46925210952759, 60.20346975326538, 60.50187420845032, 60.24444818496704, 60.791666984558105, 60.2255277633667, 59.651963233947754, 60.480462074279785, 60.34769606590271, 61.91481804847717, 60.88002276420593, 60.396175146102905, 63.7541389465332, 59.97736120223999, 59.82968807220459, 60.52572584152222, 60.329275131225586, 60.065725326538086, 60.65192222595215, 59.90617322921753, 60.31548738479614, 60.043153047561646, 60.27663493156433, 59.37998414039612, 59.69431924819946, 59.3624529838562, 59.7642719745636, 59.87918281555176, 60.94079899787903, 60.5971519947052, 59.862837076187134, 59.7517569065094, 60.22457408905029, 60.130526304244995, 60.26601028442383, 59.49840188026428, 60.815085887908936, 59.57386016845703, 59.961474895477295, 60.136605978012085, 59.79427409172058, 60.6828510761261, 59.48848509788513, 60.55464792251587, 60.07144021987915, 60.06381416320801, 60.2520170211792, 60.17770600318909, 60.58199501037598, 60.15740990638733, 59.671602964401245, 60.49706506729126, 60.084238052368164, 60.57961082458496, 59.988845109939575, 60.06888794898987, 60.94177985191345, 59.71456813812256, 60.54480504989624, 59.87868070602417, 60.415857791900635, 60.02049994468689, 60.07554078102112, 60.80923128128052, 60.89206004142761, 61.95392823219299, 59.6044659614563, 60.29902100563049, 59.882588148117065, 60.63527512550354, 59.61977291107178, 60.496713161468506, 60.69276309013367, 60.56303906440735, 60.49797296524048, 59.43401479721069, 60.01009798049927]
~~~~~~~~~~~~~~~~~~~~~~~~~~~~~~ global model aggragation and  send  to client 

-------------Training  Round number: 157-------------

Evaluate global model
Averaged Train Loss: 1.3995
Averaged Test Accurancy: 0.7277
Averaged Test AUC: 0.9189
Std Test Accurancy: 0.2268
Std Test AUC: 0.1201
res is: ['mnist', 'FedVOI', 157, 1.399548755469739, 0.7277349328763211, 0.9189258517439343, 0.22683993620133516, 0.12006100158748306, 174.77462053637896]
------------------------- Round is  157 ------------------------- time cost ------------------------- 60.105215072631836
------------------------- Budget is : [84.58488202095032, 87.78808426856995, 84.09102416038513, 62.11084008216858, 62.479140758514404, 60.15249300003052, 59.46004605293274, 59.535752058029175, 59.05656886100769, 59.51739287376404, 58.546687841415405, 59.54336714744568, 60.12155890464783, 58.86408090591431, 59.64257884025574, 59.622902154922485, 59.50944995880127, 60.55329203605652, 59.23235201835632, 59.27186608314514, 60.12679719924927, 59.864394187927246, 59.92988324165344, 59.65527701377869, 59.663031816482544, 59.819064140319824, 59.8156418800354, 60.853636026382446, 60.745179176330566, 60.091312885284424, 59.98015379905701, 60.35956525802612, 59.75596785545349, 59.75128698348999, 59.51348423957825, 60.15871214866638, 59.24671196937561, 59.263036251068115, 59.53028416633606, 60.536794900894165, 59.566641092300415, 60.469403982162476, 59.069092988967896, 59.86602807044983, 59.50624418258667, 59.80940794944763, 60.94348907470703, 61.330214977264404, 59.34154987335205, 60.270190954208374, 60.353535890579224, 60.291236877441406, 59.147621154785156, 59.99807596206665, 60.03334188461304, 58.80587601661682, 60.45428991317749, 59.803590059280396, 61.09221887588501, 60.777377128601074, 60.92022085189819, 59.9450318813324, 59.800957918167114, 60.14120697975159, 59.41724729537964, 60.69604730606079, 60.45559310913086, 59.88167190551758, 60.087149143218994, 59.903194189071655, 60.23416614532471, 60.03732466697693, 60.244985818862915, 60.37019991874695, 60.55929112434387, 60.79651117324829, 60.163880348205566, 61.05373811721802, 60.055858850479126, 60.46925210952759, 60.20346975326538, 60.50187420845032, 60.24444818496704, 60.791666984558105, 60.2255277633667, 59.651963233947754, 60.480462074279785, 60.34769606590271, 61.91481804847717, 60.88002276420593, 60.396175146102905, 63.7541389465332, 59.97736120223999, 59.82968807220459, 60.52572584152222, 60.329275131225586, 60.065725326538086, 60.65192222595215, 59.90617322921753, 60.31548738479614, 60.043153047561646, 60.27663493156433, 59.37998414039612, 59.69431924819946, 59.3624529838562, 59.7642719745636, 59.87918281555176, 60.94079899787903, 60.5971519947052, 59.862837076187134, 59.7517569065094, 60.22457408905029, 60.130526304244995, 60.26601028442383, 59.49840188026428, 60.815085887908936, 59.57386016845703, 59.961474895477295, 60.136605978012085, 59.79427409172058, 60.6828510761261, 59.48848509788513, 60.55464792251587, 60.07144021987915, 60.06381416320801, 60.2520170211792, 60.17770600318909, 60.58199501037598, 60.15740990638733, 59.671602964401245, 60.49706506729126, 60.084238052368164, 60.57961082458496, 59.988845109939575, 60.06888794898987, 60.94177985191345, 59.71456813812256, 60.54480504989624, 59.87868070602417, 60.415857791900635, 60.02049994468689, 60.07554078102112, 60.80923128128052, 60.89206004142761, 61.95392823219299, 59.6044659614563, 60.29902100563049, 59.882588148117065, 60.63527512550354, 59.61977291107178, 60.496713161468506, 60.69276309013367, 60.56303906440735, 60.49797296524048, 59.43401479721069, 60.01009798049927, 60.105215072631836]
~~~~~~~~~~~~~~~~~~~~~~~~~~~~~~ global model aggragation and  send  to client 

-------------Training  Round number: 158-------------

Evaluate global model
Averaged Train Loss: 1.3993
Averaged Test Accurancy: 0.7278
Averaged Test AUC: 0.9190
Std Test Accurancy: 0.2270
Std Test AUC: 0.1199
res is: ['mnist', 'FedVOI', 158, 1.399258902033436, 0.7278491859468723, 0.9190301944850932, 0.22699718810897093, 0.11989630936723177, 174.8678682873961]
------------------------- Round is  158 ------------------------- time cost ------------------------- 60.947640895843506
------------------------- Budget is : [84.58488202095032, 87.78808426856995, 84.09102416038513, 62.11084008216858, 62.479140758514404, 60.15249300003052, 59.46004605293274, 59.535752058029175, 59.05656886100769, 59.51739287376404, 58.546687841415405, 59.54336714744568, 60.12155890464783, 58.86408090591431, 59.64257884025574, 59.622902154922485, 59.50944995880127, 60.55329203605652, 59.23235201835632, 59.27186608314514, 60.12679719924927, 59.864394187927246, 59.92988324165344, 59.65527701377869, 59.663031816482544, 59.819064140319824, 59.8156418800354, 60.853636026382446, 60.745179176330566, 60.091312885284424, 59.98015379905701, 60.35956525802612, 59.75596785545349, 59.75128698348999, 59.51348423957825, 60.15871214866638, 59.24671196937561, 59.263036251068115, 59.53028416633606, 60.536794900894165, 59.566641092300415, 60.469403982162476, 59.069092988967896, 59.86602807044983, 59.50624418258667, 59.80940794944763, 60.94348907470703, 61.330214977264404, 59.34154987335205, 60.270190954208374, 60.353535890579224, 60.291236877441406, 59.147621154785156, 59.99807596206665, 60.03334188461304, 58.80587601661682, 60.45428991317749, 59.803590059280396, 61.09221887588501, 60.777377128601074, 60.92022085189819, 59.9450318813324, 59.800957918167114, 60.14120697975159, 59.41724729537964, 60.69604730606079, 60.45559310913086, 59.88167190551758, 60.087149143218994, 59.903194189071655, 60.23416614532471, 60.03732466697693, 60.244985818862915, 60.37019991874695, 60.55929112434387, 60.79651117324829, 60.163880348205566, 61.05373811721802, 60.055858850479126, 60.46925210952759, 60.20346975326538, 60.50187420845032, 60.24444818496704, 60.791666984558105, 60.2255277633667, 59.651963233947754, 60.480462074279785, 60.34769606590271, 61.91481804847717, 60.88002276420593, 60.396175146102905, 63.7541389465332, 59.97736120223999, 59.82968807220459, 60.52572584152222, 60.329275131225586, 60.065725326538086, 60.65192222595215, 59.90617322921753, 60.31548738479614, 60.043153047561646, 60.27663493156433, 59.37998414039612, 59.69431924819946, 59.3624529838562, 59.7642719745636, 59.87918281555176, 60.94079899787903, 60.5971519947052, 59.862837076187134, 59.7517569065094, 60.22457408905029, 60.130526304244995, 60.26601028442383, 59.49840188026428, 60.815085887908936, 59.57386016845703, 59.961474895477295, 60.136605978012085, 59.79427409172058, 60.6828510761261, 59.48848509788513, 60.55464792251587, 60.07144021987915, 60.06381416320801, 60.2520170211792, 60.17770600318909, 60.58199501037598, 60.15740990638733, 59.671602964401245, 60.49706506729126, 60.084238052368164, 60.57961082458496, 59.988845109939575, 60.06888794898987, 60.94177985191345, 59.71456813812256, 60.54480504989624, 59.87868070602417, 60.415857791900635, 60.02049994468689, 60.07554078102112, 60.80923128128052, 60.89206004142761, 61.95392823219299, 59.6044659614563, 60.29902100563049, 59.882588148117065, 60.63527512550354, 59.61977291107178, 60.496713161468506, 60.69276309013367, 60.56303906440735, 60.49797296524048, 59.43401479721069, 60.01009798049927, 60.105215072631836, 60.947640895843506]
~~~~~~~~~~~~~~~~~~~~~~~~~~~~~~ global model aggragation and  send  to client 

-------------Training  Round number: 159-------------

Evaluate global model
Averaged Train Loss: 1.3990
Averaged Test Accurancy: 0.7280
Averaged Test AUC: 0.9191
Std Test Accurancy: 0.2270
Std Test AUC: 0.1197
res is: ['mnist', 'FedVOI', 159, 1.3989605323308836, 0.7279634390174236, 0.9191412660495244, 0.22698895228046656, 0.1197326969137088, 169.56222181664234]
------------------------- Round is  159 ------------------------- time cost ------------------------- 60.13416385650635
------------------------- Budget is : [84.58488202095032, 87.78808426856995, 84.09102416038513, 62.11084008216858, 62.479140758514404, 60.15249300003052, 59.46004605293274, 59.535752058029175, 59.05656886100769, 59.51739287376404, 58.546687841415405, 59.54336714744568, 60.12155890464783, 58.86408090591431, 59.64257884025574, 59.622902154922485, 59.50944995880127, 60.55329203605652, 59.23235201835632, 59.27186608314514, 60.12679719924927, 59.864394187927246, 59.92988324165344, 59.65527701377869, 59.663031816482544, 59.819064140319824, 59.8156418800354, 60.853636026382446, 60.745179176330566, 60.091312885284424, 59.98015379905701, 60.35956525802612, 59.75596785545349, 59.75128698348999, 59.51348423957825, 60.15871214866638, 59.24671196937561, 59.263036251068115, 59.53028416633606, 60.536794900894165, 59.566641092300415, 60.469403982162476, 59.069092988967896, 59.86602807044983, 59.50624418258667, 59.80940794944763, 60.94348907470703, 61.330214977264404, 59.34154987335205, 60.270190954208374, 60.353535890579224, 60.291236877441406, 59.147621154785156, 59.99807596206665, 60.03334188461304, 58.80587601661682, 60.45428991317749, 59.803590059280396, 61.09221887588501, 60.777377128601074, 60.92022085189819, 59.9450318813324, 59.800957918167114, 60.14120697975159, 59.41724729537964, 60.69604730606079, 60.45559310913086, 59.88167190551758, 60.087149143218994, 59.903194189071655, 60.23416614532471, 60.03732466697693, 60.244985818862915, 60.37019991874695, 60.55929112434387, 60.79651117324829, 60.163880348205566, 61.05373811721802, 60.055858850479126, 60.46925210952759, 60.20346975326538, 60.50187420845032, 60.24444818496704, 60.791666984558105, 60.2255277633667, 59.651963233947754, 60.480462074279785, 60.34769606590271, 61.91481804847717, 60.88002276420593, 60.396175146102905, 63.7541389465332, 59.97736120223999, 59.82968807220459, 60.52572584152222, 60.329275131225586, 60.065725326538086, 60.65192222595215, 59.90617322921753, 60.31548738479614, 60.043153047561646, 60.27663493156433, 59.37998414039612, 59.69431924819946, 59.3624529838562, 59.7642719745636, 59.87918281555176, 60.94079899787903, 60.5971519947052, 59.862837076187134, 59.7517569065094, 60.22457408905029, 60.130526304244995, 60.26601028442383, 59.49840188026428, 60.815085887908936, 59.57386016845703, 59.961474895477295, 60.136605978012085, 59.79427409172058, 60.6828510761261, 59.48848509788513, 60.55464792251587, 60.07144021987915, 60.06381416320801, 60.2520170211792, 60.17770600318909, 60.58199501037598, 60.15740990638733, 59.671602964401245, 60.49706506729126, 60.084238052368164, 60.57961082458496, 59.988845109939575, 60.06888794898987, 60.94177985191345, 59.71456813812256, 60.54480504989624, 59.87868070602417, 60.415857791900635, 60.02049994468689, 60.07554078102112, 60.80923128128052, 60.89206004142761, 61.95392823219299, 59.6044659614563, 60.29902100563049, 59.882588148117065, 60.63527512550354, 59.61977291107178, 60.496713161468506, 60.69276309013367, 60.56303906440735, 60.49797296524048, 59.43401479721069, 60.01009798049927, 60.105215072631836, 60.947640895843506, 60.13416385650635]
~~~~~~~~~~~~~~~~~~~~~~~~~~~~~~ global model aggragation and  send  to client 

-------------Training  Round number: 160-------------

Evaluate global model
Averaged Train Loss: 1.3989
Averaged Test Accurancy: 0.7282
Averaged Test AUC: 0.9192
Std Test Accurancy: 0.2268
Std Test AUC: 0.1196
res is: ['mnist', 'FedVOI', 160, 1.3989212487172626, 0.7282490716938018, 0.9192340835738736, 0.22683033676178857, 0.1195708156389614, 175.4636486445999]
------------------------- Round is  160 ------------------------- time cost ------------------------- 59.7154860496521
------------------------- Budget is : [84.58488202095032, 87.78808426856995, 84.09102416038513, 62.11084008216858, 62.479140758514404, 60.15249300003052, 59.46004605293274, 59.535752058029175, 59.05656886100769, 59.51739287376404, 58.546687841415405, 59.54336714744568, 60.12155890464783, 58.86408090591431, 59.64257884025574, 59.622902154922485, 59.50944995880127, 60.55329203605652, 59.23235201835632, 59.27186608314514, 60.12679719924927, 59.864394187927246, 59.92988324165344, 59.65527701377869, 59.663031816482544, 59.819064140319824, 59.8156418800354, 60.853636026382446, 60.745179176330566, 60.091312885284424, 59.98015379905701, 60.35956525802612, 59.75596785545349, 59.75128698348999, 59.51348423957825, 60.15871214866638, 59.24671196937561, 59.263036251068115, 59.53028416633606, 60.536794900894165, 59.566641092300415, 60.469403982162476, 59.069092988967896, 59.86602807044983, 59.50624418258667, 59.80940794944763, 60.94348907470703, 61.330214977264404, 59.34154987335205, 60.270190954208374, 60.353535890579224, 60.291236877441406, 59.147621154785156, 59.99807596206665, 60.03334188461304, 58.80587601661682, 60.45428991317749, 59.803590059280396, 61.09221887588501, 60.777377128601074, 60.92022085189819, 59.9450318813324, 59.800957918167114, 60.14120697975159, 59.41724729537964, 60.69604730606079, 60.45559310913086, 59.88167190551758, 60.087149143218994, 59.903194189071655, 60.23416614532471, 60.03732466697693, 60.244985818862915, 60.37019991874695, 60.55929112434387, 60.79651117324829, 60.163880348205566, 61.05373811721802, 60.055858850479126, 60.46925210952759, 60.20346975326538, 60.50187420845032, 60.24444818496704, 60.791666984558105, 60.2255277633667, 59.651963233947754, 60.480462074279785, 60.34769606590271, 61.91481804847717, 60.88002276420593, 60.396175146102905, 63.7541389465332, 59.97736120223999, 59.82968807220459, 60.52572584152222, 60.329275131225586, 60.065725326538086, 60.65192222595215, 59.90617322921753, 60.31548738479614, 60.043153047561646, 60.27663493156433, 59.37998414039612, 59.69431924819946, 59.3624529838562, 59.7642719745636, 59.87918281555176, 60.94079899787903, 60.5971519947052, 59.862837076187134, 59.7517569065094, 60.22457408905029, 60.130526304244995, 60.26601028442383, 59.49840188026428, 60.815085887908936, 59.57386016845703, 59.961474895477295, 60.136605978012085, 59.79427409172058, 60.6828510761261, 59.48848509788513, 60.55464792251587, 60.07144021987915, 60.06381416320801, 60.2520170211792, 60.17770600318909, 60.58199501037598, 60.15740990638733, 59.671602964401245, 60.49706506729126, 60.084238052368164, 60.57961082458496, 59.988845109939575, 60.06888794898987, 60.94177985191345, 59.71456813812256, 60.54480504989624, 59.87868070602417, 60.415857791900635, 60.02049994468689, 60.07554078102112, 60.80923128128052, 60.89206004142761, 61.95392823219299, 59.6044659614563, 60.29902100563049, 59.882588148117065, 60.63527512550354, 59.61977291107178, 60.496713161468506, 60.69276309013367, 60.56303906440735, 60.49797296524048, 59.43401479721069, 60.01009798049927, 60.105215072631836, 60.947640895843506, 60.13416385650635, 59.7154860496521]
~~~~~~~~~~~~~~~~~~~~~~~~~~~~~~ global model aggragation and  send  to client 

-------------Training  Round number: 161-------------

Evaluate global model
Averaged Train Loss: 1.3987
Averaged Test Accurancy: 0.7284
Averaged Test AUC: 0.9193
Std Test Accurancy: 0.2270
Std Test AUC: 0.1194
res is: ['mnist', 'FedVOI', 161, 1.3986637404208742, 0.7284204512996286, 0.9193379657949887, 0.22696353175662118, 0.11941408084790767, 177.27036557616654]
------------------------- Round is  161 ------------------------- time cost ------------------------- 60.8104031085968
------------------------- Budget is : [84.58488202095032, 87.78808426856995, 84.09102416038513, 62.11084008216858, 62.479140758514404, 60.15249300003052, 59.46004605293274, 59.535752058029175, 59.05656886100769, 59.51739287376404, 58.546687841415405, 59.54336714744568, 60.12155890464783, 58.86408090591431, 59.64257884025574, 59.622902154922485, 59.50944995880127, 60.55329203605652, 59.23235201835632, 59.27186608314514, 60.12679719924927, 59.864394187927246, 59.92988324165344, 59.65527701377869, 59.663031816482544, 59.819064140319824, 59.8156418800354, 60.853636026382446, 60.745179176330566, 60.091312885284424, 59.98015379905701, 60.35956525802612, 59.75596785545349, 59.75128698348999, 59.51348423957825, 60.15871214866638, 59.24671196937561, 59.263036251068115, 59.53028416633606, 60.536794900894165, 59.566641092300415, 60.469403982162476, 59.069092988967896, 59.86602807044983, 59.50624418258667, 59.80940794944763, 60.94348907470703, 61.330214977264404, 59.34154987335205, 60.270190954208374, 60.353535890579224, 60.291236877441406, 59.147621154785156, 59.99807596206665, 60.03334188461304, 58.80587601661682, 60.45428991317749, 59.803590059280396, 61.09221887588501, 60.777377128601074, 60.92022085189819, 59.9450318813324, 59.800957918167114, 60.14120697975159, 59.41724729537964, 60.69604730606079, 60.45559310913086, 59.88167190551758, 60.087149143218994, 59.903194189071655, 60.23416614532471, 60.03732466697693, 60.244985818862915, 60.37019991874695, 60.55929112434387, 60.79651117324829, 60.163880348205566, 61.05373811721802, 60.055858850479126, 60.46925210952759, 60.20346975326538, 60.50187420845032, 60.24444818496704, 60.791666984558105, 60.2255277633667, 59.651963233947754, 60.480462074279785, 60.34769606590271, 61.91481804847717, 60.88002276420593, 60.396175146102905, 63.7541389465332, 59.97736120223999, 59.82968807220459, 60.52572584152222, 60.329275131225586, 60.065725326538086, 60.65192222595215, 59.90617322921753, 60.31548738479614, 60.043153047561646, 60.27663493156433, 59.37998414039612, 59.69431924819946, 59.3624529838562, 59.7642719745636, 59.87918281555176, 60.94079899787903, 60.5971519947052, 59.862837076187134, 59.7517569065094, 60.22457408905029, 60.130526304244995, 60.26601028442383, 59.49840188026428, 60.815085887908936, 59.57386016845703, 59.961474895477295, 60.136605978012085, 59.79427409172058, 60.6828510761261, 59.48848509788513, 60.55464792251587, 60.07144021987915, 60.06381416320801, 60.2520170211792, 60.17770600318909, 60.58199501037598, 60.15740990638733, 59.671602964401245, 60.49706506729126, 60.084238052368164, 60.57961082458496, 59.988845109939575, 60.06888794898987, 60.94177985191345, 59.71456813812256, 60.54480504989624, 59.87868070602417, 60.415857791900635, 60.02049994468689, 60.07554078102112, 60.80923128128052, 60.89206004142761, 61.95392823219299, 59.6044659614563, 60.29902100563049, 59.882588148117065, 60.63527512550354, 59.61977291107178, 60.496713161468506, 60.69276309013367, 60.56303906440735, 60.49797296524048, 59.43401479721069, 60.01009798049927, 60.105215072631836, 60.947640895843506, 60.13416385650635, 59.7154860496521, 60.8104031085968]
~~~~~~~~~~~~~~~~~~~~~~~~~~~~~~ global model aggragation and  send  to client 

-------------Training  Round number: 162-------------

Evaluate global model
Averaged Train Loss: 1.3984
Averaged Test Accurancy: 0.7285
Averaged Test AUC: 0.9194
Std Test Accurancy: 0.2270
Std Test AUC: 0.1193
res is: ['mnist', 'FedVOI', 162, 1.3983777628112224, 0.7284775778349043, 0.9194475240008567, 0.2269792644693228, 0.11925746694952831, 173.92749948867672]
------------------------- Round is  162 ------------------------- time cost ------------------------- 59.998109102249146
------------------------- Budget is : [84.58488202095032, 87.78808426856995, 84.09102416038513, 62.11084008216858, 62.479140758514404, 60.15249300003052, 59.46004605293274, 59.535752058029175, 59.05656886100769, 59.51739287376404, 58.546687841415405, 59.54336714744568, 60.12155890464783, 58.86408090591431, 59.64257884025574, 59.622902154922485, 59.50944995880127, 60.55329203605652, 59.23235201835632, 59.27186608314514, 60.12679719924927, 59.864394187927246, 59.92988324165344, 59.65527701377869, 59.663031816482544, 59.819064140319824, 59.8156418800354, 60.853636026382446, 60.745179176330566, 60.091312885284424, 59.98015379905701, 60.35956525802612, 59.75596785545349, 59.75128698348999, 59.51348423957825, 60.15871214866638, 59.24671196937561, 59.263036251068115, 59.53028416633606, 60.536794900894165, 59.566641092300415, 60.469403982162476, 59.069092988967896, 59.86602807044983, 59.50624418258667, 59.80940794944763, 60.94348907470703, 61.330214977264404, 59.34154987335205, 60.270190954208374, 60.353535890579224, 60.291236877441406, 59.147621154785156, 59.99807596206665, 60.03334188461304, 58.80587601661682, 60.45428991317749, 59.803590059280396, 61.09221887588501, 60.777377128601074, 60.92022085189819, 59.9450318813324, 59.800957918167114, 60.14120697975159, 59.41724729537964, 60.69604730606079, 60.45559310913086, 59.88167190551758, 60.087149143218994, 59.903194189071655, 60.23416614532471, 60.03732466697693, 60.244985818862915, 60.37019991874695, 60.55929112434387, 60.79651117324829, 60.163880348205566, 61.05373811721802, 60.055858850479126, 60.46925210952759, 60.20346975326538, 60.50187420845032, 60.24444818496704, 60.791666984558105, 60.2255277633667, 59.651963233947754, 60.480462074279785, 60.34769606590271, 61.91481804847717, 60.88002276420593, 60.396175146102905, 63.7541389465332, 59.97736120223999, 59.82968807220459, 60.52572584152222, 60.329275131225586, 60.065725326538086, 60.65192222595215, 59.90617322921753, 60.31548738479614, 60.043153047561646, 60.27663493156433, 59.37998414039612, 59.69431924819946, 59.3624529838562, 59.7642719745636, 59.87918281555176, 60.94079899787903, 60.5971519947052, 59.862837076187134, 59.7517569065094, 60.22457408905029, 60.130526304244995, 60.26601028442383, 59.49840188026428, 60.815085887908936, 59.57386016845703, 59.961474895477295, 60.136605978012085, 59.79427409172058, 60.6828510761261, 59.48848509788513, 60.55464792251587, 60.07144021987915, 60.06381416320801, 60.2520170211792, 60.17770600318909, 60.58199501037598, 60.15740990638733, 59.671602964401245, 60.49706506729126, 60.084238052368164, 60.57961082458496, 59.988845109939575, 60.06888794898987, 60.94177985191345, 59.71456813812256, 60.54480504989624, 59.87868070602417, 60.415857791900635, 60.02049994468689, 60.07554078102112, 60.80923128128052, 60.89206004142761, 61.95392823219299, 59.6044659614563, 60.29902100563049, 59.882588148117065, 60.63527512550354, 59.61977291107178, 60.496713161468506, 60.69276309013367, 60.56303906440735, 60.49797296524048, 59.43401479721069, 60.01009798049927, 60.105215072631836, 60.947640895843506, 60.13416385650635, 59.7154860496521, 60.8104031085968, 59.998109102249146]
~~~~~~~~~~~~~~~~~~~~~~~~~~~~~~ global model aggragation and  send  to client 

-------------Training  Round number: 163-------------

Evaluate global model
Averaged Train Loss: 1.3981
Averaged Test Accurancy: 0.7290
Averaged Test AUC: 0.9196
Std Test Accurancy: 0.2269
Std Test AUC: 0.1191
res is: ['mnist', 'FedVOI', 163, 1.398127732112423, 0.728991716652385, 0.9195529198904958, 0.22690134586702562, 0.11910058991692271, 174.8678682873961]
------------------------- Round is  163 ------------------------- time cost ------------------------- 60.99436283111572
------------------------- Budget is : [84.58488202095032, 87.78808426856995, 84.09102416038513, 62.11084008216858, 62.479140758514404, 60.15249300003052, 59.46004605293274, 59.535752058029175, 59.05656886100769, 59.51739287376404, 58.546687841415405, 59.54336714744568, 60.12155890464783, 58.86408090591431, 59.64257884025574, 59.622902154922485, 59.50944995880127, 60.55329203605652, 59.23235201835632, 59.27186608314514, 60.12679719924927, 59.864394187927246, 59.92988324165344, 59.65527701377869, 59.663031816482544, 59.819064140319824, 59.8156418800354, 60.853636026382446, 60.745179176330566, 60.091312885284424, 59.98015379905701, 60.35956525802612, 59.75596785545349, 59.75128698348999, 59.51348423957825, 60.15871214866638, 59.24671196937561, 59.263036251068115, 59.53028416633606, 60.536794900894165, 59.566641092300415, 60.469403982162476, 59.069092988967896, 59.86602807044983, 59.50624418258667, 59.80940794944763, 60.94348907470703, 61.330214977264404, 59.34154987335205, 60.270190954208374, 60.353535890579224, 60.291236877441406, 59.147621154785156, 59.99807596206665, 60.03334188461304, 58.80587601661682, 60.45428991317749, 59.803590059280396, 61.09221887588501, 60.777377128601074, 60.92022085189819, 59.9450318813324, 59.800957918167114, 60.14120697975159, 59.41724729537964, 60.69604730606079, 60.45559310913086, 59.88167190551758, 60.087149143218994, 59.903194189071655, 60.23416614532471, 60.03732466697693, 60.244985818862915, 60.37019991874695, 60.55929112434387, 60.79651117324829, 60.163880348205566, 61.05373811721802, 60.055858850479126, 60.46925210952759, 60.20346975326538, 60.50187420845032, 60.24444818496704, 60.791666984558105, 60.2255277633667, 59.651963233947754, 60.480462074279785, 60.34769606590271, 61.91481804847717, 60.88002276420593, 60.396175146102905, 63.7541389465332, 59.97736120223999, 59.82968807220459, 60.52572584152222, 60.329275131225586, 60.065725326538086, 60.65192222595215, 59.90617322921753, 60.31548738479614, 60.043153047561646, 60.27663493156433, 59.37998414039612, 59.69431924819946, 59.3624529838562, 59.7642719745636, 59.87918281555176, 60.94079899787903, 60.5971519947052, 59.862837076187134, 59.7517569065094, 60.22457408905029, 60.130526304244995, 60.26601028442383, 59.49840188026428, 60.815085887908936, 59.57386016845703, 59.961474895477295, 60.136605978012085, 59.79427409172058, 60.6828510761261, 59.48848509788513, 60.55464792251587, 60.07144021987915, 60.06381416320801, 60.2520170211792, 60.17770600318909, 60.58199501037598, 60.15740990638733, 59.671602964401245, 60.49706506729126, 60.084238052368164, 60.57961082458496, 59.988845109939575, 60.06888794898987, 60.94177985191345, 59.71456813812256, 60.54480504989624, 59.87868070602417, 60.415857791900635, 60.02049994468689, 60.07554078102112, 60.80923128128052, 60.89206004142761, 61.95392823219299, 59.6044659614563, 60.29902100563049, 59.882588148117065, 60.63527512550354, 59.61977291107178, 60.496713161468506, 60.69276309013367, 60.56303906440735, 60.49797296524048, 59.43401479721069, 60.01009798049927, 60.105215072631836, 60.947640895843506, 60.13416385650635, 59.7154860496521, 60.8104031085968, 59.998109102249146, 60.99436283111572]
~~~~~~~~~~~~~~~~~~~~~~~~~~~~~~ global model aggragation and  send  to client 

-------------Training  Round number: 164-------------

Evaluate global model
Averaged Train Loss: 1.3980
Averaged Test Accurancy: 0.7290
Averaged Test AUC: 0.9196
Std Test Accurancy: 0.2268
Std Test AUC: 0.1190
res is: ['mnist', 'FedVOI', 164, 1.3980172660145174, 0.7290488431876607, 0.9196421073450959, 0.22684245600531372, 0.11896258414580581, 170.56696909020948]
------------------------- Round is  164 ------------------------- time cost ------------------------- 60.016183853149414
------------------------- Budget is : [84.58488202095032, 87.78808426856995, 84.09102416038513, 62.11084008216858, 62.479140758514404, 60.15249300003052, 59.46004605293274, 59.535752058029175, 59.05656886100769, 59.51739287376404, 58.546687841415405, 59.54336714744568, 60.12155890464783, 58.86408090591431, 59.64257884025574, 59.622902154922485, 59.50944995880127, 60.55329203605652, 59.23235201835632, 59.27186608314514, 60.12679719924927, 59.864394187927246, 59.92988324165344, 59.65527701377869, 59.663031816482544, 59.819064140319824, 59.8156418800354, 60.853636026382446, 60.745179176330566, 60.091312885284424, 59.98015379905701, 60.35956525802612, 59.75596785545349, 59.75128698348999, 59.51348423957825, 60.15871214866638, 59.24671196937561, 59.263036251068115, 59.53028416633606, 60.536794900894165, 59.566641092300415, 60.469403982162476, 59.069092988967896, 59.86602807044983, 59.50624418258667, 59.80940794944763, 60.94348907470703, 61.330214977264404, 59.34154987335205, 60.270190954208374, 60.353535890579224, 60.291236877441406, 59.147621154785156, 59.99807596206665, 60.03334188461304, 58.80587601661682, 60.45428991317749, 59.803590059280396, 61.09221887588501, 60.777377128601074, 60.92022085189819, 59.9450318813324, 59.800957918167114, 60.14120697975159, 59.41724729537964, 60.69604730606079, 60.45559310913086, 59.88167190551758, 60.087149143218994, 59.903194189071655, 60.23416614532471, 60.03732466697693, 60.244985818862915, 60.37019991874695, 60.55929112434387, 60.79651117324829, 60.163880348205566, 61.05373811721802, 60.055858850479126, 60.46925210952759, 60.20346975326538, 60.50187420845032, 60.24444818496704, 60.791666984558105, 60.2255277633667, 59.651963233947754, 60.480462074279785, 60.34769606590271, 61.91481804847717, 60.88002276420593, 60.396175146102905, 63.7541389465332, 59.97736120223999, 59.82968807220459, 60.52572584152222, 60.329275131225586, 60.065725326538086, 60.65192222595215, 59.90617322921753, 60.31548738479614, 60.043153047561646, 60.27663493156433, 59.37998414039612, 59.69431924819946, 59.3624529838562, 59.7642719745636, 59.87918281555176, 60.94079899787903, 60.5971519947052, 59.862837076187134, 59.7517569065094, 60.22457408905029, 60.130526304244995, 60.26601028442383, 59.49840188026428, 60.815085887908936, 59.57386016845703, 59.961474895477295, 60.136605978012085, 59.79427409172058, 60.6828510761261, 59.48848509788513, 60.55464792251587, 60.07144021987915, 60.06381416320801, 60.2520170211792, 60.17770600318909, 60.58199501037598, 60.15740990638733, 59.671602964401245, 60.49706506729126, 60.084238052368164, 60.57961082458496, 59.988845109939575, 60.06888794898987, 60.94177985191345, 59.71456813812256, 60.54480504989624, 59.87868070602417, 60.415857791900635, 60.02049994468689, 60.07554078102112, 60.80923128128052, 60.89206004142761, 61.95392823219299, 59.6044659614563, 60.29902100563049, 59.882588148117065, 60.63527512550354, 59.61977291107178, 60.496713161468506, 60.69276309013367, 60.56303906440735, 60.49797296524048, 59.43401479721069, 60.01009798049927, 60.105215072631836, 60.947640895843506, 60.13416385650635, 59.7154860496521, 60.8104031085968, 59.998109102249146, 60.99436283111572, 60.016183853149414]
~~~~~~~~~~~~~~~~~~~~~~~~~~~~~~ global model aggragation and  send  to client 

-------------Training  Round number: 165-------------

Evaluate global model
Averaged Train Loss: 1.3977
Averaged Test Accurancy: 0.7290
Averaged Test AUC: 0.9197
Std Test Accurancy: 0.2268
Std Test AUC: 0.1188
res is: ['mnist', 'FedVOI', 165, 1.3977112902000177, 0.7290488431876607, 0.919744913339436, 0.22684245600531372, 0.11881595824968667, 174.77462053637896]
------------------------- Round is  165 ------------------------- time cost ------------------------- 60.0407338142395
------------------------- Budget is : [84.58488202095032, 87.78808426856995, 84.09102416038513, 62.11084008216858, 62.479140758514404, 60.15249300003052, 59.46004605293274, 59.535752058029175, 59.05656886100769, 59.51739287376404, 58.546687841415405, 59.54336714744568, 60.12155890464783, 58.86408090591431, 59.64257884025574, 59.622902154922485, 59.50944995880127, 60.55329203605652, 59.23235201835632, 59.27186608314514, 60.12679719924927, 59.864394187927246, 59.92988324165344, 59.65527701377869, 59.663031816482544, 59.819064140319824, 59.8156418800354, 60.853636026382446, 60.745179176330566, 60.091312885284424, 59.98015379905701, 60.35956525802612, 59.75596785545349, 59.75128698348999, 59.51348423957825, 60.15871214866638, 59.24671196937561, 59.263036251068115, 59.53028416633606, 60.536794900894165, 59.566641092300415, 60.469403982162476, 59.069092988967896, 59.86602807044983, 59.50624418258667, 59.80940794944763, 60.94348907470703, 61.330214977264404, 59.34154987335205, 60.270190954208374, 60.353535890579224, 60.291236877441406, 59.147621154785156, 59.99807596206665, 60.03334188461304, 58.80587601661682, 60.45428991317749, 59.803590059280396, 61.09221887588501, 60.777377128601074, 60.92022085189819, 59.9450318813324, 59.800957918167114, 60.14120697975159, 59.41724729537964, 60.69604730606079, 60.45559310913086, 59.88167190551758, 60.087149143218994, 59.903194189071655, 60.23416614532471, 60.03732466697693, 60.244985818862915, 60.37019991874695, 60.55929112434387, 60.79651117324829, 60.163880348205566, 61.05373811721802, 60.055858850479126, 60.46925210952759, 60.20346975326538, 60.50187420845032, 60.24444818496704, 60.791666984558105, 60.2255277633667, 59.651963233947754, 60.480462074279785, 60.34769606590271, 61.91481804847717, 60.88002276420593, 60.396175146102905, 63.7541389465332, 59.97736120223999, 59.82968807220459, 60.52572584152222, 60.329275131225586, 60.065725326538086, 60.65192222595215, 59.90617322921753, 60.31548738479614, 60.043153047561646, 60.27663493156433, 59.37998414039612, 59.69431924819946, 59.3624529838562, 59.7642719745636, 59.87918281555176, 60.94079899787903, 60.5971519947052, 59.862837076187134, 59.7517569065094, 60.22457408905029, 60.130526304244995, 60.26601028442383, 59.49840188026428, 60.815085887908936, 59.57386016845703, 59.961474895477295, 60.136605978012085, 59.79427409172058, 60.6828510761261, 59.48848509788513, 60.55464792251587, 60.07144021987915, 60.06381416320801, 60.2520170211792, 60.17770600318909, 60.58199501037598, 60.15740990638733, 59.671602964401245, 60.49706506729126, 60.084238052368164, 60.57961082458496, 59.988845109939575, 60.06888794898987, 60.94177985191345, 59.71456813812256, 60.54480504989624, 59.87868070602417, 60.415857791900635, 60.02049994468689, 60.07554078102112, 60.80923128128052, 60.89206004142761, 61.95392823219299, 59.6044659614563, 60.29902100563049, 59.882588148117065, 60.63527512550354, 59.61977291107178, 60.496713161468506, 60.69276309013367, 60.56303906440735, 60.49797296524048, 59.43401479721069, 60.01009798049927, 60.105215072631836, 60.947640895843506, 60.13416385650635, 59.7154860496521, 60.8104031085968, 59.998109102249146, 60.99436283111572, 60.016183853149414, 60.0407338142395]
~~~~~~~~~~~~~~~~~~~~~~~~~~~~~~ global model aggragation and  send  to client 

-------------Training  Round number: 166-------------

Evaluate global model
Averaged Train Loss: 1.3976
Averaged Test Accurancy: 0.7290
Averaged Test AUC: 0.9198
Std Test Accurancy: 0.2268
Std Test AUC: 0.1187
res is: ['mnist', 'FedVOI', 166, 1.3975601646470397, 0.7290488431876607, 0.9198425002064973, 0.22675989399557347, 0.11866776079149965, 180.2943843630986]
------------------------- Round is  166 ------------------------- time cost ------------------------- 59.83441090583801
------------------------- Budget is : [84.58488202095032, 87.78808426856995, 84.09102416038513, 62.11084008216858, 62.479140758514404, 60.15249300003052, 59.46004605293274, 59.535752058029175, 59.05656886100769, 59.51739287376404, 58.546687841415405, 59.54336714744568, 60.12155890464783, 58.86408090591431, 59.64257884025574, 59.622902154922485, 59.50944995880127, 60.55329203605652, 59.23235201835632, 59.27186608314514, 60.12679719924927, 59.864394187927246, 59.92988324165344, 59.65527701377869, 59.663031816482544, 59.819064140319824, 59.8156418800354, 60.853636026382446, 60.745179176330566, 60.091312885284424, 59.98015379905701, 60.35956525802612, 59.75596785545349, 59.75128698348999, 59.51348423957825, 60.15871214866638, 59.24671196937561, 59.263036251068115, 59.53028416633606, 60.536794900894165, 59.566641092300415, 60.469403982162476, 59.069092988967896, 59.86602807044983, 59.50624418258667, 59.80940794944763, 60.94348907470703, 61.330214977264404, 59.34154987335205, 60.270190954208374, 60.353535890579224, 60.291236877441406, 59.147621154785156, 59.99807596206665, 60.03334188461304, 58.80587601661682, 60.45428991317749, 59.803590059280396, 61.09221887588501, 60.777377128601074, 60.92022085189819, 59.9450318813324, 59.800957918167114, 60.14120697975159, 59.41724729537964, 60.69604730606079, 60.45559310913086, 59.88167190551758, 60.087149143218994, 59.903194189071655, 60.23416614532471, 60.03732466697693, 60.244985818862915, 60.37019991874695, 60.55929112434387, 60.79651117324829, 60.163880348205566, 61.05373811721802, 60.055858850479126, 60.46925210952759, 60.20346975326538, 60.50187420845032, 60.24444818496704, 60.791666984558105, 60.2255277633667, 59.651963233947754, 60.480462074279785, 60.34769606590271, 61.91481804847717, 60.88002276420593, 60.396175146102905, 63.7541389465332, 59.97736120223999, 59.82968807220459, 60.52572584152222, 60.329275131225586, 60.065725326538086, 60.65192222595215, 59.90617322921753, 60.31548738479614, 60.043153047561646, 60.27663493156433, 59.37998414039612, 59.69431924819946, 59.3624529838562, 59.7642719745636, 59.87918281555176, 60.94079899787903, 60.5971519947052, 59.862837076187134, 59.7517569065094, 60.22457408905029, 60.130526304244995, 60.26601028442383, 59.49840188026428, 60.815085887908936, 59.57386016845703, 59.961474895477295, 60.136605978012085, 59.79427409172058, 60.6828510761261, 59.48848509788513, 60.55464792251587, 60.07144021987915, 60.06381416320801, 60.2520170211792, 60.17770600318909, 60.58199501037598, 60.15740990638733, 59.671602964401245, 60.49706506729126, 60.084238052368164, 60.57961082458496, 59.988845109939575, 60.06888794898987, 60.94177985191345, 59.71456813812256, 60.54480504989624, 59.87868070602417, 60.415857791900635, 60.02049994468689, 60.07554078102112, 60.80923128128052, 60.89206004142761, 61.95392823219299, 59.6044659614563, 60.29902100563049, 59.882588148117065, 60.63527512550354, 59.61977291107178, 60.496713161468506, 60.69276309013367, 60.56303906440735, 60.49797296524048, 59.43401479721069, 60.01009798049927, 60.105215072631836, 60.947640895843506, 60.13416385650635, 59.7154860496521, 60.8104031085968, 59.998109102249146, 60.99436283111572, 60.016183853149414, 60.0407338142395, 59.83441090583801]
~~~~~~~~~~~~~~~~~~~~~~~~~~~~~~ global model aggragation and  send  to client 

-------------Training  Round number: 167-------------

Evaluate global model
Averaged Train Loss: 1.3973
Averaged Test Accurancy: 0.7291
Averaged Test AUC: 0.9199
Std Test Accurancy: 0.2267
Std Test AUC: 0.1185
res is: ['mnist', 'FedVOI', 167, 1.3972828276713734, 0.7291059697229363, 0.9199408867314243, 0.22670451780956724, 0.11853312369787418, 181.07903904559686]
------------------------- Round is  167 ------------------------- time cost ------------------------- 60.50286316871643
------------------------- Budget is : [84.58488202095032, 87.78808426856995, 84.09102416038513, 62.11084008216858, 62.479140758514404, 60.15249300003052, 59.46004605293274, 59.535752058029175, 59.05656886100769, 59.51739287376404, 58.546687841415405, 59.54336714744568, 60.12155890464783, 58.86408090591431, 59.64257884025574, 59.622902154922485, 59.50944995880127, 60.55329203605652, 59.23235201835632, 59.27186608314514, 60.12679719924927, 59.864394187927246, 59.92988324165344, 59.65527701377869, 59.663031816482544, 59.819064140319824, 59.8156418800354, 60.853636026382446, 60.745179176330566, 60.091312885284424, 59.98015379905701, 60.35956525802612, 59.75596785545349, 59.75128698348999, 59.51348423957825, 60.15871214866638, 59.24671196937561, 59.263036251068115, 59.53028416633606, 60.536794900894165, 59.566641092300415, 60.469403982162476, 59.069092988967896, 59.86602807044983, 59.50624418258667, 59.80940794944763, 60.94348907470703, 61.330214977264404, 59.34154987335205, 60.270190954208374, 60.353535890579224, 60.291236877441406, 59.147621154785156, 59.99807596206665, 60.03334188461304, 58.80587601661682, 60.45428991317749, 59.803590059280396, 61.09221887588501, 60.777377128601074, 60.92022085189819, 59.9450318813324, 59.800957918167114, 60.14120697975159, 59.41724729537964, 60.69604730606079, 60.45559310913086, 59.88167190551758, 60.087149143218994, 59.903194189071655, 60.23416614532471, 60.03732466697693, 60.244985818862915, 60.37019991874695, 60.55929112434387, 60.79651117324829, 60.163880348205566, 61.05373811721802, 60.055858850479126, 60.46925210952759, 60.20346975326538, 60.50187420845032, 60.24444818496704, 60.791666984558105, 60.2255277633667, 59.651963233947754, 60.480462074279785, 60.34769606590271, 61.91481804847717, 60.88002276420593, 60.396175146102905, 63.7541389465332, 59.97736120223999, 59.82968807220459, 60.52572584152222, 60.329275131225586, 60.065725326538086, 60.65192222595215, 59.90617322921753, 60.31548738479614, 60.043153047561646, 60.27663493156433, 59.37998414039612, 59.69431924819946, 59.3624529838562, 59.7642719745636, 59.87918281555176, 60.94079899787903, 60.5971519947052, 59.862837076187134, 59.7517569065094, 60.22457408905029, 60.130526304244995, 60.26601028442383, 59.49840188026428, 60.815085887908936, 59.57386016845703, 59.961474895477295, 60.136605978012085, 59.79427409172058, 60.6828510761261, 59.48848509788513, 60.55464792251587, 60.07144021987915, 60.06381416320801, 60.2520170211792, 60.17770600318909, 60.58199501037598, 60.15740990638733, 59.671602964401245, 60.49706506729126, 60.084238052368164, 60.57961082458496, 59.988845109939575, 60.06888794898987, 60.94177985191345, 59.71456813812256, 60.54480504989624, 59.87868070602417, 60.415857791900635, 60.02049994468689, 60.07554078102112, 60.80923128128052, 60.89206004142761, 61.95392823219299, 59.6044659614563, 60.29902100563049, 59.882588148117065, 60.63527512550354, 59.61977291107178, 60.496713161468506, 60.69276309013367, 60.56303906440735, 60.49797296524048, 59.43401479721069, 60.01009798049927, 60.105215072631836, 60.947640895843506, 60.13416385650635, 59.7154860496521, 60.8104031085968, 59.998109102249146, 60.99436283111572, 60.016183853149414, 60.0407338142395, 59.83441090583801, 60.50286316871643]
~~~~~~~~~~~~~~~~~~~~~~~~~~~~~~ global model aggragation and  send  to client 

-------------Training  Round number: 168-------------

Evaluate global model
Averaged Train Loss: 1.3971
Averaged Test Accurancy: 0.7292
Averaged Test AUC: 0.9200
Std Test Accurancy: 0.2267
Std Test AUC: 0.1184
res is: ['mnist', 'FedVOI', 168, 1.3971399230992851, 0.7292202227934875, 0.9200365552641779, 0.22669076290878537, 0.11839864449194863, 168.2594959959101]
------------------------- Round is  168 ------------------------- time cost ------------------------- 60.4694881439209
------------------------- Budget is : [84.58488202095032, 87.78808426856995, 84.09102416038513, 62.11084008216858, 62.479140758514404, 60.15249300003052, 59.46004605293274, 59.535752058029175, 59.05656886100769, 59.51739287376404, 58.546687841415405, 59.54336714744568, 60.12155890464783, 58.86408090591431, 59.64257884025574, 59.622902154922485, 59.50944995880127, 60.55329203605652, 59.23235201835632, 59.27186608314514, 60.12679719924927, 59.864394187927246, 59.92988324165344, 59.65527701377869, 59.663031816482544, 59.819064140319824, 59.8156418800354, 60.853636026382446, 60.745179176330566, 60.091312885284424, 59.98015379905701, 60.35956525802612, 59.75596785545349, 59.75128698348999, 59.51348423957825, 60.15871214866638, 59.24671196937561, 59.263036251068115, 59.53028416633606, 60.536794900894165, 59.566641092300415, 60.469403982162476, 59.069092988967896, 59.86602807044983, 59.50624418258667, 59.80940794944763, 60.94348907470703, 61.330214977264404, 59.34154987335205, 60.270190954208374, 60.353535890579224, 60.291236877441406, 59.147621154785156, 59.99807596206665, 60.03334188461304, 58.80587601661682, 60.45428991317749, 59.803590059280396, 61.09221887588501, 60.777377128601074, 60.92022085189819, 59.9450318813324, 59.800957918167114, 60.14120697975159, 59.41724729537964, 60.69604730606079, 60.45559310913086, 59.88167190551758, 60.087149143218994, 59.903194189071655, 60.23416614532471, 60.03732466697693, 60.244985818862915, 60.37019991874695, 60.55929112434387, 60.79651117324829, 60.163880348205566, 61.05373811721802, 60.055858850479126, 60.46925210952759, 60.20346975326538, 60.50187420845032, 60.24444818496704, 60.791666984558105, 60.2255277633667, 59.651963233947754, 60.480462074279785, 60.34769606590271, 61.91481804847717, 60.88002276420593, 60.396175146102905, 63.7541389465332, 59.97736120223999, 59.82968807220459, 60.52572584152222, 60.329275131225586, 60.065725326538086, 60.65192222595215, 59.90617322921753, 60.31548738479614, 60.043153047561646, 60.27663493156433, 59.37998414039612, 59.69431924819946, 59.3624529838562, 59.7642719745636, 59.87918281555176, 60.94079899787903, 60.5971519947052, 59.862837076187134, 59.7517569065094, 60.22457408905029, 60.130526304244995, 60.26601028442383, 59.49840188026428, 60.815085887908936, 59.57386016845703, 59.961474895477295, 60.136605978012085, 59.79427409172058, 60.6828510761261, 59.48848509788513, 60.55464792251587, 60.07144021987915, 60.06381416320801, 60.2520170211792, 60.17770600318909, 60.58199501037598, 60.15740990638733, 59.671602964401245, 60.49706506729126, 60.084238052368164, 60.57961082458496, 59.988845109939575, 60.06888794898987, 60.94177985191345, 59.71456813812256, 60.54480504989624, 59.87868070602417, 60.415857791900635, 60.02049994468689, 60.07554078102112, 60.80923128128052, 60.89206004142761, 61.95392823219299, 59.6044659614563, 60.29902100563049, 59.882588148117065, 60.63527512550354, 59.61977291107178, 60.496713161468506, 60.69276309013367, 60.56303906440735, 60.49797296524048, 59.43401479721069, 60.01009798049927, 60.105215072631836, 60.947640895843506, 60.13416385650635, 59.7154860496521, 60.8104031085968, 59.998109102249146, 60.99436283111572, 60.016183853149414, 60.0407338142395, 59.83441090583801, 60.50286316871643, 60.4694881439209]
~~~~~~~~~~~~~~~~~~~~~~~~~~~~~~ global model aggragation and  send  to client 

-------------Training  Round number: 169-------------

Evaluate global model
Averaged Train Loss: 1.3967
Averaged Test Accurancy: 0.7293
Averaged Test AUC: 0.9201
Std Test Accurancy: 0.2267
Std Test AUC: 0.1183
res is: ['mnist', 'FedVOI', 169, 1.3967075725158358, 0.7293344758640389, 0.920139297988621, 0.22672572876611377, 0.11825587132750466, 176.52644364632104]
------------------------- Round is  169 ------------------------- time cost ------------------------- 60.733726978302
------------------------- Budget is : [84.58488202095032, 87.78808426856995, 84.09102416038513, 62.11084008216858, 62.479140758514404, 60.15249300003052, 59.46004605293274, 59.535752058029175, 59.05656886100769, 59.51739287376404, 58.546687841415405, 59.54336714744568, 60.12155890464783, 58.86408090591431, 59.64257884025574, 59.622902154922485, 59.50944995880127, 60.55329203605652, 59.23235201835632, 59.27186608314514, 60.12679719924927, 59.864394187927246, 59.92988324165344, 59.65527701377869, 59.663031816482544, 59.819064140319824, 59.8156418800354, 60.853636026382446, 60.745179176330566, 60.091312885284424, 59.98015379905701, 60.35956525802612, 59.75596785545349, 59.75128698348999, 59.51348423957825, 60.15871214866638, 59.24671196937561, 59.263036251068115, 59.53028416633606, 60.536794900894165, 59.566641092300415, 60.469403982162476, 59.069092988967896, 59.86602807044983, 59.50624418258667, 59.80940794944763, 60.94348907470703, 61.330214977264404, 59.34154987335205, 60.270190954208374, 60.353535890579224, 60.291236877441406, 59.147621154785156, 59.99807596206665, 60.03334188461304, 58.80587601661682, 60.45428991317749, 59.803590059280396, 61.09221887588501, 60.777377128601074, 60.92022085189819, 59.9450318813324, 59.800957918167114, 60.14120697975159, 59.41724729537964, 60.69604730606079, 60.45559310913086, 59.88167190551758, 60.087149143218994, 59.903194189071655, 60.23416614532471, 60.03732466697693, 60.244985818862915, 60.37019991874695, 60.55929112434387, 60.79651117324829, 60.163880348205566, 61.05373811721802, 60.055858850479126, 60.46925210952759, 60.20346975326538, 60.50187420845032, 60.24444818496704, 60.791666984558105, 60.2255277633667, 59.651963233947754, 60.480462074279785, 60.34769606590271, 61.91481804847717, 60.88002276420593, 60.396175146102905, 63.7541389465332, 59.97736120223999, 59.82968807220459, 60.52572584152222, 60.329275131225586, 60.065725326538086, 60.65192222595215, 59.90617322921753, 60.31548738479614, 60.043153047561646, 60.27663493156433, 59.37998414039612, 59.69431924819946, 59.3624529838562, 59.7642719745636, 59.87918281555176, 60.94079899787903, 60.5971519947052, 59.862837076187134, 59.7517569065094, 60.22457408905029, 60.130526304244995, 60.26601028442383, 59.49840188026428, 60.815085887908936, 59.57386016845703, 59.961474895477295, 60.136605978012085, 59.79427409172058, 60.6828510761261, 59.48848509788513, 60.55464792251587, 60.07144021987915, 60.06381416320801, 60.2520170211792, 60.17770600318909, 60.58199501037598, 60.15740990638733, 59.671602964401245, 60.49706506729126, 60.084238052368164, 60.57961082458496, 59.988845109939575, 60.06888794898987, 60.94177985191345, 59.71456813812256, 60.54480504989624, 59.87868070602417, 60.415857791900635, 60.02049994468689, 60.07554078102112, 60.80923128128052, 60.89206004142761, 61.95392823219299, 59.6044659614563, 60.29902100563049, 59.882588148117065, 60.63527512550354, 59.61977291107178, 60.496713161468506, 60.69276309013367, 60.56303906440735, 60.49797296524048, 59.43401479721069, 60.01009798049927, 60.105215072631836, 60.947640895843506, 60.13416385650635, 59.7154860496521, 60.8104031085968, 59.998109102249146, 60.99436283111572, 60.016183853149414, 60.0407338142395, 59.83441090583801, 60.50286316871643, 60.4694881439209, 60.733726978302]
~~~~~~~~~~~~~~~~~~~~~~~~~~~~~~ global model aggragation and  send  to client 

-------------Training  Round number: 170-------------

Evaluate global model
Averaged Train Loss: 1.3965
Averaged Test Accurancy: 0.7296
Averaged Test AUC: 0.9202
Std Test Accurancy: 0.2266
Std Test AUC: 0.1181
res is: ['mnist', 'FedVOI', 170, 1.3965230680823912, 0.7295629820051414, 0.9202300527044729, 0.2266224864434416, 0.11812933008656169, 166.78258478912414]
------------------------- Round is  170 ------------------------- time cost ------------------------- 59.88238000869751
------------------------- Budget is : [84.58488202095032, 87.78808426856995, 84.09102416038513, 62.11084008216858, 62.479140758514404, 60.15249300003052, 59.46004605293274, 59.535752058029175, 59.05656886100769, 59.51739287376404, 58.546687841415405, 59.54336714744568, 60.12155890464783, 58.86408090591431, 59.64257884025574, 59.622902154922485, 59.50944995880127, 60.55329203605652, 59.23235201835632, 59.27186608314514, 60.12679719924927, 59.864394187927246, 59.92988324165344, 59.65527701377869, 59.663031816482544, 59.819064140319824, 59.8156418800354, 60.853636026382446, 60.745179176330566, 60.091312885284424, 59.98015379905701, 60.35956525802612, 59.75596785545349, 59.75128698348999, 59.51348423957825, 60.15871214866638, 59.24671196937561, 59.263036251068115, 59.53028416633606, 60.536794900894165, 59.566641092300415, 60.469403982162476, 59.069092988967896, 59.86602807044983, 59.50624418258667, 59.80940794944763, 60.94348907470703, 61.330214977264404, 59.34154987335205, 60.270190954208374, 60.353535890579224, 60.291236877441406, 59.147621154785156, 59.99807596206665, 60.03334188461304, 58.80587601661682, 60.45428991317749, 59.803590059280396, 61.09221887588501, 60.777377128601074, 60.92022085189819, 59.9450318813324, 59.800957918167114, 60.14120697975159, 59.41724729537964, 60.69604730606079, 60.45559310913086, 59.88167190551758, 60.087149143218994, 59.903194189071655, 60.23416614532471, 60.03732466697693, 60.244985818862915, 60.37019991874695, 60.55929112434387, 60.79651117324829, 60.163880348205566, 61.05373811721802, 60.055858850479126, 60.46925210952759, 60.20346975326538, 60.50187420845032, 60.24444818496704, 60.791666984558105, 60.2255277633667, 59.651963233947754, 60.480462074279785, 60.34769606590271, 61.91481804847717, 60.88002276420593, 60.396175146102905, 63.7541389465332, 59.97736120223999, 59.82968807220459, 60.52572584152222, 60.329275131225586, 60.065725326538086, 60.65192222595215, 59.90617322921753, 60.31548738479614, 60.043153047561646, 60.27663493156433, 59.37998414039612, 59.69431924819946, 59.3624529838562, 59.7642719745636, 59.87918281555176, 60.94079899787903, 60.5971519947052, 59.862837076187134, 59.7517569065094, 60.22457408905029, 60.130526304244995, 60.26601028442383, 59.49840188026428, 60.815085887908936, 59.57386016845703, 59.961474895477295, 60.136605978012085, 59.79427409172058, 60.6828510761261, 59.48848509788513, 60.55464792251587, 60.07144021987915, 60.06381416320801, 60.2520170211792, 60.17770600318909, 60.58199501037598, 60.15740990638733, 59.671602964401245, 60.49706506729126, 60.084238052368164, 60.57961082458496, 59.988845109939575, 60.06888794898987, 60.94177985191345, 59.71456813812256, 60.54480504989624, 59.87868070602417, 60.415857791900635, 60.02049994468689, 60.07554078102112, 60.80923128128052, 60.89206004142761, 61.95392823219299, 59.6044659614563, 60.29902100563049, 59.882588148117065, 60.63527512550354, 59.61977291107178, 60.496713161468506, 60.69276309013367, 60.56303906440735, 60.49797296524048, 59.43401479721069, 60.01009798049927, 60.105215072631836, 60.947640895843506, 60.13416385650635, 59.7154860496521, 60.8104031085968, 59.998109102249146, 60.99436283111572, 60.016183853149414, 60.0407338142395, 59.83441090583801, 60.50286316871643, 60.4694881439209, 60.733726978302, 59.88238000869751]
~~~~~~~~~~~~~~~~~~~~~~~~~~~~~~ global model aggragation and  send  to client 

-------------Training  Round number: 171-------------

Evaluate global model
Averaged Train Loss: 1.3964
Averaged Test Accurancy: 0.7296
Averaged Test AUC: 0.9203
Std Test Accurancy: 0.2269
Std Test AUC: 0.1180
res is: ['mnist', 'FedVOI', 171, 1.396399204987934, 0.729620108540417, 0.9203234905396219, 0.22687726766104252, 0.11799761269520867, 170.56696909020948]
------------------------- Round is  171 ------------------------- time cost ------------------------- 61.413135051727295
------------------------- Budget is : [84.58488202095032, 87.78808426856995, 84.09102416038513, 62.11084008216858, 62.479140758514404, 60.15249300003052, 59.46004605293274, 59.535752058029175, 59.05656886100769, 59.51739287376404, 58.546687841415405, 59.54336714744568, 60.12155890464783, 58.86408090591431, 59.64257884025574, 59.622902154922485, 59.50944995880127, 60.55329203605652, 59.23235201835632, 59.27186608314514, 60.12679719924927, 59.864394187927246, 59.92988324165344, 59.65527701377869, 59.663031816482544, 59.819064140319824, 59.8156418800354, 60.853636026382446, 60.745179176330566, 60.091312885284424, 59.98015379905701, 60.35956525802612, 59.75596785545349, 59.75128698348999, 59.51348423957825, 60.15871214866638, 59.24671196937561, 59.263036251068115, 59.53028416633606, 60.536794900894165, 59.566641092300415, 60.469403982162476, 59.069092988967896, 59.86602807044983, 59.50624418258667, 59.80940794944763, 60.94348907470703, 61.330214977264404, 59.34154987335205, 60.270190954208374, 60.353535890579224, 60.291236877441406, 59.147621154785156, 59.99807596206665, 60.03334188461304, 58.80587601661682, 60.45428991317749, 59.803590059280396, 61.09221887588501, 60.777377128601074, 60.92022085189819, 59.9450318813324, 59.800957918167114, 60.14120697975159, 59.41724729537964, 60.69604730606079, 60.45559310913086, 59.88167190551758, 60.087149143218994, 59.903194189071655, 60.23416614532471, 60.03732466697693, 60.244985818862915, 60.37019991874695, 60.55929112434387, 60.79651117324829, 60.163880348205566, 61.05373811721802, 60.055858850479126, 60.46925210952759, 60.20346975326538, 60.50187420845032, 60.24444818496704, 60.791666984558105, 60.2255277633667, 59.651963233947754, 60.480462074279785, 60.34769606590271, 61.91481804847717, 60.88002276420593, 60.396175146102905, 63.7541389465332, 59.97736120223999, 59.82968807220459, 60.52572584152222, 60.329275131225586, 60.065725326538086, 60.65192222595215, 59.90617322921753, 60.31548738479614, 60.043153047561646, 60.27663493156433, 59.37998414039612, 59.69431924819946, 59.3624529838562, 59.7642719745636, 59.87918281555176, 60.94079899787903, 60.5971519947052, 59.862837076187134, 59.7517569065094, 60.22457408905029, 60.130526304244995, 60.26601028442383, 59.49840188026428, 60.815085887908936, 59.57386016845703, 59.961474895477295, 60.136605978012085, 59.79427409172058, 60.6828510761261, 59.48848509788513, 60.55464792251587, 60.07144021987915, 60.06381416320801, 60.2520170211792, 60.17770600318909, 60.58199501037598, 60.15740990638733, 59.671602964401245, 60.49706506729126, 60.084238052368164, 60.57961082458496, 59.988845109939575, 60.06888794898987, 60.94177985191345, 59.71456813812256, 60.54480504989624, 59.87868070602417, 60.415857791900635, 60.02049994468689, 60.07554078102112, 60.80923128128052, 60.89206004142761, 61.95392823219299, 59.6044659614563, 60.29902100563049, 59.882588148117065, 60.63527512550354, 59.61977291107178, 60.496713161468506, 60.69276309013367, 60.56303906440735, 60.49797296524048, 59.43401479721069, 60.01009798049927, 60.105215072631836, 60.947640895843506, 60.13416385650635, 59.7154860496521, 60.8104031085968, 59.998109102249146, 60.99436283111572, 60.016183853149414, 60.0407338142395, 59.83441090583801, 60.50286316871643, 60.4694881439209, 60.733726978302, 59.88238000869751, 61.413135051727295]
~~~~~~~~~~~~~~~~~~~~~~~~~~~~~~ global model aggragation and  send  to client 

-------------Training  Round number: 172-------------

Evaluate global model
Averaged Train Loss: 1.3964
Averaged Test Accurancy: 0.7296
Averaged Test AUC: 0.9204
Std Test Accurancy: 0.2267
Std Test AUC: 0.1179
res is: ['mnist', 'FedVOI', 172, 1.3964477847497665, 0.7295629820051414, 0.9204125382058986, 0.2267287228303318, 0.11786575754436274, 181.07903904559686]
------------------------- Round is  172 ------------------------- time cost ------------------------- 60.377163887023926
------------------------- Budget is : [84.58488202095032, 87.78808426856995, 84.09102416038513, 62.11084008216858, 62.479140758514404, 60.15249300003052, 59.46004605293274, 59.535752058029175, 59.05656886100769, 59.51739287376404, 58.546687841415405, 59.54336714744568, 60.12155890464783, 58.86408090591431, 59.64257884025574, 59.622902154922485, 59.50944995880127, 60.55329203605652, 59.23235201835632, 59.27186608314514, 60.12679719924927, 59.864394187927246, 59.92988324165344, 59.65527701377869, 59.663031816482544, 59.819064140319824, 59.8156418800354, 60.853636026382446, 60.745179176330566, 60.091312885284424, 59.98015379905701, 60.35956525802612, 59.75596785545349, 59.75128698348999, 59.51348423957825, 60.15871214866638, 59.24671196937561, 59.263036251068115, 59.53028416633606, 60.536794900894165, 59.566641092300415, 60.469403982162476, 59.069092988967896, 59.86602807044983, 59.50624418258667, 59.80940794944763, 60.94348907470703, 61.330214977264404, 59.34154987335205, 60.270190954208374, 60.353535890579224, 60.291236877441406, 59.147621154785156, 59.99807596206665, 60.03334188461304, 58.80587601661682, 60.45428991317749, 59.803590059280396, 61.09221887588501, 60.777377128601074, 60.92022085189819, 59.9450318813324, 59.800957918167114, 60.14120697975159, 59.41724729537964, 60.69604730606079, 60.45559310913086, 59.88167190551758, 60.087149143218994, 59.903194189071655, 60.23416614532471, 60.03732466697693, 60.244985818862915, 60.37019991874695, 60.55929112434387, 60.79651117324829, 60.163880348205566, 61.05373811721802, 60.055858850479126, 60.46925210952759, 60.20346975326538, 60.50187420845032, 60.24444818496704, 60.791666984558105, 60.2255277633667, 59.651963233947754, 60.480462074279785, 60.34769606590271, 61.91481804847717, 60.88002276420593, 60.396175146102905, 63.7541389465332, 59.97736120223999, 59.82968807220459, 60.52572584152222, 60.329275131225586, 60.065725326538086, 60.65192222595215, 59.90617322921753, 60.31548738479614, 60.043153047561646, 60.27663493156433, 59.37998414039612, 59.69431924819946, 59.3624529838562, 59.7642719745636, 59.87918281555176, 60.94079899787903, 60.5971519947052, 59.862837076187134, 59.7517569065094, 60.22457408905029, 60.130526304244995, 60.26601028442383, 59.49840188026428, 60.815085887908936, 59.57386016845703, 59.961474895477295, 60.136605978012085, 59.79427409172058, 60.6828510761261, 59.48848509788513, 60.55464792251587, 60.07144021987915, 60.06381416320801, 60.2520170211792, 60.17770600318909, 60.58199501037598, 60.15740990638733, 59.671602964401245, 60.49706506729126, 60.084238052368164, 60.57961082458496, 59.988845109939575, 60.06888794898987, 60.94177985191345, 59.71456813812256, 60.54480504989624, 59.87868070602417, 60.415857791900635, 60.02049994468689, 60.07554078102112, 60.80923128128052, 60.89206004142761, 61.95392823219299, 59.6044659614563, 60.29902100563049, 59.882588148117065, 60.63527512550354, 59.61977291107178, 60.496713161468506, 60.69276309013367, 60.56303906440735, 60.49797296524048, 59.43401479721069, 60.01009798049927, 60.105215072631836, 60.947640895843506, 60.13416385650635, 59.7154860496521, 60.8104031085968, 59.998109102249146, 60.99436283111572, 60.016183853149414, 60.0407338142395, 59.83441090583801, 60.50286316871643, 60.4694881439209, 60.733726978302, 59.88238000869751, 61.413135051727295, 60.377163887023926]
~~~~~~~~~~~~~~~~~~~~~~~~~~~~~~ global model aggragation and  send  to client 

-------------Training  Round number: 173-------------

Evaluate global model
Averaged Train Loss: 1.3962
Averaged Test Accurancy: 0.7296
Averaged Test AUC: 0.9205
Std Test Accurancy: 0.2268
Std Test AUC: 0.1177
res is: ['mnist', 'FedVOI', 173, 1.396235545693423, 0.7295629820051414, 0.9205042966833243, 0.22676345058871583, 0.11773472547009495, 171.31149375252784]
------------------------- Round is  173 ------------------------- time cost ------------------------- 60.72525215148926
------------------------- Budget is : [84.58488202095032, 87.78808426856995, 84.09102416038513, 62.11084008216858, 62.479140758514404, 60.15249300003052, 59.46004605293274, 59.535752058029175, 59.05656886100769, 59.51739287376404, 58.546687841415405, 59.54336714744568, 60.12155890464783, 58.86408090591431, 59.64257884025574, 59.622902154922485, 59.50944995880127, 60.55329203605652, 59.23235201835632, 59.27186608314514, 60.12679719924927, 59.864394187927246, 59.92988324165344, 59.65527701377869, 59.663031816482544, 59.819064140319824, 59.8156418800354, 60.853636026382446, 60.745179176330566, 60.091312885284424, 59.98015379905701, 60.35956525802612, 59.75596785545349, 59.75128698348999, 59.51348423957825, 60.15871214866638, 59.24671196937561, 59.263036251068115, 59.53028416633606, 60.536794900894165, 59.566641092300415, 60.469403982162476, 59.069092988967896, 59.86602807044983, 59.50624418258667, 59.80940794944763, 60.94348907470703, 61.330214977264404, 59.34154987335205, 60.270190954208374, 60.353535890579224, 60.291236877441406, 59.147621154785156, 59.99807596206665, 60.03334188461304, 58.80587601661682, 60.45428991317749, 59.803590059280396, 61.09221887588501, 60.777377128601074, 60.92022085189819, 59.9450318813324, 59.800957918167114, 60.14120697975159, 59.41724729537964, 60.69604730606079, 60.45559310913086, 59.88167190551758, 60.087149143218994, 59.903194189071655, 60.23416614532471, 60.03732466697693, 60.244985818862915, 60.37019991874695, 60.55929112434387, 60.79651117324829, 60.163880348205566, 61.05373811721802, 60.055858850479126, 60.46925210952759, 60.20346975326538, 60.50187420845032, 60.24444818496704, 60.791666984558105, 60.2255277633667, 59.651963233947754, 60.480462074279785, 60.34769606590271, 61.91481804847717, 60.88002276420593, 60.396175146102905, 63.7541389465332, 59.97736120223999, 59.82968807220459, 60.52572584152222, 60.329275131225586, 60.065725326538086, 60.65192222595215, 59.90617322921753, 60.31548738479614, 60.043153047561646, 60.27663493156433, 59.37998414039612, 59.69431924819946, 59.3624529838562, 59.7642719745636, 59.87918281555176, 60.94079899787903, 60.5971519947052, 59.862837076187134, 59.7517569065094, 60.22457408905029, 60.130526304244995, 60.26601028442383, 59.49840188026428, 60.815085887908936, 59.57386016845703, 59.961474895477295, 60.136605978012085, 59.79427409172058, 60.6828510761261, 59.48848509788513, 60.55464792251587, 60.07144021987915, 60.06381416320801, 60.2520170211792, 60.17770600318909, 60.58199501037598, 60.15740990638733, 59.671602964401245, 60.49706506729126, 60.084238052368164, 60.57961082458496, 59.988845109939575, 60.06888794898987, 60.94177985191345, 59.71456813812256, 60.54480504989624, 59.87868070602417, 60.415857791900635, 60.02049994468689, 60.07554078102112, 60.80923128128052, 60.89206004142761, 61.95392823219299, 59.6044659614563, 60.29902100563049, 59.882588148117065, 60.63527512550354, 59.61977291107178, 60.496713161468506, 60.69276309013367, 60.56303906440735, 60.49797296524048, 59.43401479721069, 60.01009798049927, 60.105215072631836, 60.947640895843506, 60.13416385650635, 59.7154860496521, 60.8104031085968, 59.998109102249146, 60.99436283111572, 60.016183853149414, 60.0407338142395, 59.83441090583801, 60.50286316871643, 60.4694881439209, 60.733726978302, 59.88238000869751, 61.413135051727295, 60.377163887023926, 60.72525215148926]
~~~~~~~~~~~~~~~~~~~~~~~~~~~~~~ global model aggragation and  send  to client 

-------------Training  Round number: 174-------------

Evaluate global model
Averaged Train Loss: 1.3963
Averaged Test Accurancy: 0.7297
Averaged Test AUC: 0.9206
Std Test Accurancy: 0.2268
Std Test AUC: 0.1176
res is: ['mnist', 'FedVOI', 174, 1.3962706507933995, 0.7297343616109683, 0.9205842412196141, 0.226780058828907, 0.1176142711714308, 175.4636486445999]
------------------------- Round is  174 ------------------------- time cost ------------------------- 60.50687265396118
------------------------- Budget is : [84.58488202095032, 87.78808426856995, 84.09102416038513, 62.11084008216858, 62.479140758514404, 60.15249300003052, 59.46004605293274, 59.535752058029175, 59.05656886100769, 59.51739287376404, 58.546687841415405, 59.54336714744568, 60.12155890464783, 58.86408090591431, 59.64257884025574, 59.622902154922485, 59.50944995880127, 60.55329203605652, 59.23235201835632, 59.27186608314514, 60.12679719924927, 59.864394187927246, 59.92988324165344, 59.65527701377869, 59.663031816482544, 59.819064140319824, 59.8156418800354, 60.853636026382446, 60.745179176330566, 60.091312885284424, 59.98015379905701, 60.35956525802612, 59.75596785545349, 59.75128698348999, 59.51348423957825, 60.15871214866638, 59.24671196937561, 59.263036251068115, 59.53028416633606, 60.536794900894165, 59.566641092300415, 60.469403982162476, 59.069092988967896, 59.86602807044983, 59.50624418258667, 59.80940794944763, 60.94348907470703, 61.330214977264404, 59.34154987335205, 60.270190954208374, 60.353535890579224, 60.291236877441406, 59.147621154785156, 59.99807596206665, 60.03334188461304, 58.80587601661682, 60.45428991317749, 59.803590059280396, 61.09221887588501, 60.777377128601074, 60.92022085189819, 59.9450318813324, 59.800957918167114, 60.14120697975159, 59.41724729537964, 60.69604730606079, 60.45559310913086, 59.88167190551758, 60.087149143218994, 59.903194189071655, 60.23416614532471, 60.03732466697693, 60.244985818862915, 60.37019991874695, 60.55929112434387, 60.79651117324829, 60.163880348205566, 61.05373811721802, 60.055858850479126, 60.46925210952759, 60.20346975326538, 60.50187420845032, 60.24444818496704, 60.791666984558105, 60.2255277633667, 59.651963233947754, 60.480462074279785, 60.34769606590271, 61.91481804847717, 60.88002276420593, 60.396175146102905, 63.7541389465332, 59.97736120223999, 59.82968807220459, 60.52572584152222, 60.329275131225586, 60.065725326538086, 60.65192222595215, 59.90617322921753, 60.31548738479614, 60.043153047561646, 60.27663493156433, 59.37998414039612, 59.69431924819946, 59.3624529838562, 59.7642719745636, 59.87918281555176, 60.94079899787903, 60.5971519947052, 59.862837076187134, 59.7517569065094, 60.22457408905029, 60.130526304244995, 60.26601028442383, 59.49840188026428, 60.815085887908936, 59.57386016845703, 59.961474895477295, 60.136605978012085, 59.79427409172058, 60.6828510761261, 59.48848509788513, 60.55464792251587, 60.07144021987915, 60.06381416320801, 60.2520170211792, 60.17770600318909, 60.58199501037598, 60.15740990638733, 59.671602964401245, 60.49706506729126, 60.084238052368164, 60.57961082458496, 59.988845109939575, 60.06888794898987, 60.94177985191345, 59.71456813812256, 60.54480504989624, 59.87868070602417, 60.415857791900635, 60.02049994468689, 60.07554078102112, 60.80923128128052, 60.89206004142761, 61.95392823219299, 59.6044659614563, 60.29902100563049, 59.882588148117065, 60.63527512550354, 59.61977291107178, 60.496713161468506, 60.69276309013367, 60.56303906440735, 60.49797296524048, 59.43401479721069, 60.01009798049927, 60.105215072631836, 60.947640895843506, 60.13416385650635, 59.7154860496521, 60.8104031085968, 59.998109102249146, 60.99436283111572, 60.016183853149414, 60.0407338142395, 59.83441090583801, 60.50286316871643, 60.4694881439209, 60.733726978302, 59.88238000869751, 61.413135051727295, 60.377163887023926, 60.72525215148926, 60.50687265396118]
~~~~~~~~~~~~~~~~~~~~~~~~~~~~~~ global model aggragation and  send  to client 

-------------Training  Round number: 175-------------

Evaluate global model
Averaged Train Loss: 1.3960
Averaged Test Accurancy: 0.7299
Averaged Test AUC: 0.9207
Std Test Accurancy: 0.2268
Std Test AUC: 0.1175
res is: ['mnist', 'FedVOI', 175, 1.396001698405625, 0.7299057412167952, 0.9206884199428791, 0.22682759500442898, 0.117477291503069, 178.19314489644913]
------------------------- Round is  175 ------------------------- time cost ------------------------- 60.47626209259033
------------------------- Budget is : [84.58488202095032, 87.78808426856995, 84.09102416038513, 62.11084008216858, 62.479140758514404, 60.15249300003052, 59.46004605293274, 59.535752058029175, 59.05656886100769, 59.51739287376404, 58.546687841415405, 59.54336714744568, 60.12155890464783, 58.86408090591431, 59.64257884025574, 59.622902154922485, 59.50944995880127, 60.55329203605652, 59.23235201835632, 59.27186608314514, 60.12679719924927, 59.864394187927246, 59.92988324165344, 59.65527701377869, 59.663031816482544, 59.819064140319824, 59.8156418800354, 60.853636026382446, 60.745179176330566, 60.091312885284424, 59.98015379905701, 60.35956525802612, 59.75596785545349, 59.75128698348999, 59.51348423957825, 60.15871214866638, 59.24671196937561, 59.263036251068115, 59.53028416633606, 60.536794900894165, 59.566641092300415, 60.469403982162476, 59.069092988967896, 59.86602807044983, 59.50624418258667, 59.80940794944763, 60.94348907470703, 61.330214977264404, 59.34154987335205, 60.270190954208374, 60.353535890579224, 60.291236877441406, 59.147621154785156, 59.99807596206665, 60.03334188461304, 58.80587601661682, 60.45428991317749, 59.803590059280396, 61.09221887588501, 60.777377128601074, 60.92022085189819, 59.9450318813324, 59.800957918167114, 60.14120697975159, 59.41724729537964, 60.69604730606079, 60.45559310913086, 59.88167190551758, 60.087149143218994, 59.903194189071655, 60.23416614532471, 60.03732466697693, 60.244985818862915, 60.37019991874695, 60.55929112434387, 60.79651117324829, 60.163880348205566, 61.05373811721802, 60.055858850479126, 60.46925210952759, 60.20346975326538, 60.50187420845032, 60.24444818496704, 60.791666984558105, 60.2255277633667, 59.651963233947754, 60.480462074279785, 60.34769606590271, 61.91481804847717, 60.88002276420593, 60.396175146102905, 63.7541389465332, 59.97736120223999, 59.82968807220459, 60.52572584152222, 60.329275131225586, 60.065725326538086, 60.65192222595215, 59.90617322921753, 60.31548738479614, 60.043153047561646, 60.27663493156433, 59.37998414039612, 59.69431924819946, 59.3624529838562, 59.7642719745636, 59.87918281555176, 60.94079899787903, 60.5971519947052, 59.862837076187134, 59.7517569065094, 60.22457408905029, 60.130526304244995, 60.26601028442383, 59.49840188026428, 60.815085887908936, 59.57386016845703, 59.961474895477295, 60.136605978012085, 59.79427409172058, 60.6828510761261, 59.48848509788513, 60.55464792251587, 60.07144021987915, 60.06381416320801, 60.2520170211792, 60.17770600318909, 60.58199501037598, 60.15740990638733, 59.671602964401245, 60.49706506729126, 60.084238052368164, 60.57961082458496, 59.988845109939575, 60.06888794898987, 60.94177985191345, 59.71456813812256, 60.54480504989624, 59.87868070602417, 60.415857791900635, 60.02049994468689, 60.07554078102112, 60.80923128128052, 60.89206004142761, 61.95392823219299, 59.6044659614563, 60.29902100563049, 59.882588148117065, 60.63527512550354, 59.61977291107178, 60.496713161468506, 60.69276309013367, 60.56303906440735, 60.49797296524048, 59.43401479721069, 60.01009798049927, 60.105215072631836, 60.947640895843506, 60.13416385650635, 59.7154860496521, 60.8104031085968, 59.998109102249146, 60.99436283111572, 60.016183853149414, 60.0407338142395, 59.83441090583801, 60.50286316871643, 60.4694881439209, 60.733726978302, 59.88238000869751, 61.413135051727295, 60.377163887023926, 60.72525215148926, 60.50687265396118, 60.47626209259033]
~~~~~~~~~~~~~~~~~~~~~~~~~~~~~~ global model aggragation and  send  to client 

-------------Training  Round number: 176-------------

Evaluate global model
Averaged Train Loss: 1.3959
Averaged Test Accurancy: 0.7298
Averaged Test AUC: 0.9208
Std Test Accurancy: 0.2269
Std Test AUC: 0.1173
res is: ['mnist', 'FedVOI', 176, 1.3958957249533732, 0.7298486146815195, 0.9207728272310405, 0.2268620054870199, 0.11734854457166247, 174.8678682873961]
------------------------- Round is  176 ------------------------- time cost ------------------------- 60.747989892959595
------------------------- Budget is : [84.58488202095032, 87.78808426856995, 84.09102416038513, 62.11084008216858, 62.479140758514404, 60.15249300003052, 59.46004605293274, 59.535752058029175, 59.05656886100769, 59.51739287376404, 58.546687841415405, 59.54336714744568, 60.12155890464783, 58.86408090591431, 59.64257884025574, 59.622902154922485, 59.50944995880127, 60.55329203605652, 59.23235201835632, 59.27186608314514, 60.12679719924927, 59.864394187927246, 59.92988324165344, 59.65527701377869, 59.663031816482544, 59.819064140319824, 59.8156418800354, 60.853636026382446, 60.745179176330566, 60.091312885284424, 59.98015379905701, 60.35956525802612, 59.75596785545349, 59.75128698348999, 59.51348423957825, 60.15871214866638, 59.24671196937561, 59.263036251068115, 59.53028416633606, 60.536794900894165, 59.566641092300415, 60.469403982162476, 59.069092988967896, 59.86602807044983, 59.50624418258667, 59.80940794944763, 60.94348907470703, 61.330214977264404, 59.34154987335205, 60.270190954208374, 60.353535890579224, 60.291236877441406, 59.147621154785156, 59.99807596206665, 60.03334188461304, 58.80587601661682, 60.45428991317749, 59.803590059280396, 61.09221887588501, 60.777377128601074, 60.92022085189819, 59.9450318813324, 59.800957918167114, 60.14120697975159, 59.41724729537964, 60.69604730606079, 60.45559310913086, 59.88167190551758, 60.087149143218994, 59.903194189071655, 60.23416614532471, 60.03732466697693, 60.244985818862915, 60.37019991874695, 60.55929112434387, 60.79651117324829, 60.163880348205566, 61.05373811721802, 60.055858850479126, 60.46925210952759, 60.20346975326538, 60.50187420845032, 60.24444818496704, 60.791666984558105, 60.2255277633667, 59.651963233947754, 60.480462074279785, 60.34769606590271, 61.91481804847717, 60.88002276420593, 60.396175146102905, 63.7541389465332, 59.97736120223999, 59.82968807220459, 60.52572584152222, 60.329275131225586, 60.065725326538086, 60.65192222595215, 59.90617322921753, 60.31548738479614, 60.043153047561646, 60.27663493156433, 59.37998414039612, 59.69431924819946, 59.3624529838562, 59.7642719745636, 59.87918281555176, 60.94079899787903, 60.5971519947052, 59.862837076187134, 59.7517569065094, 60.22457408905029, 60.130526304244995, 60.26601028442383, 59.49840188026428, 60.815085887908936, 59.57386016845703, 59.961474895477295, 60.136605978012085, 59.79427409172058, 60.6828510761261, 59.48848509788513, 60.55464792251587, 60.07144021987915, 60.06381416320801, 60.2520170211792, 60.17770600318909, 60.58199501037598, 60.15740990638733, 59.671602964401245, 60.49706506729126, 60.084238052368164, 60.57961082458496, 59.988845109939575, 60.06888794898987, 60.94177985191345, 59.71456813812256, 60.54480504989624, 59.87868070602417, 60.415857791900635, 60.02049994468689, 60.07554078102112, 60.80923128128052, 60.89206004142761, 61.95392823219299, 59.6044659614563, 60.29902100563049, 59.882588148117065, 60.63527512550354, 59.61977291107178, 60.496713161468506, 60.69276309013367, 60.56303906440735, 60.49797296524048, 59.43401479721069, 60.01009798049927, 60.105215072631836, 60.947640895843506, 60.13416385650635, 59.7154860496521, 60.8104031085968, 59.998109102249146, 60.99436283111572, 60.016183853149414, 60.0407338142395, 59.83441090583801, 60.50286316871643, 60.4694881439209, 60.733726978302, 59.88238000869751, 61.413135051727295, 60.377163887023926, 60.72525215148926, 60.50687265396118, 60.47626209259033, 60.747989892959595]
~~~~~~~~~~~~~~~~~~~~~~~~~~~~~~ global model aggragation and  send  to client 

-------------Training  Round number: 177-------------

Evaluate global model
Averaged Train Loss: 1.3959
Averaged Test Accurancy: 0.7301
Averaged Test AUC: 0.9209
Std Test Accurancy: 0.2268
Std Test AUC: 0.1172
res is: ['mnist', 'FedVOI', 177, 1.3958564593753477, 0.7301342473578978, 0.9208560987932929, 0.2267841400027884, 0.11723019199708841, 174.77462053637896]
------------------------- Round is  177 ------------------------- time cost ------------------------- 60.699830055236816
------------------------- Budget is : [84.58488202095032, 87.78808426856995, 84.09102416038513, 62.11084008216858, 62.479140758514404, 60.15249300003052, 59.46004605293274, 59.535752058029175, 59.05656886100769, 59.51739287376404, 58.546687841415405, 59.54336714744568, 60.12155890464783, 58.86408090591431, 59.64257884025574, 59.622902154922485, 59.50944995880127, 60.55329203605652, 59.23235201835632, 59.27186608314514, 60.12679719924927, 59.864394187927246, 59.92988324165344, 59.65527701377869, 59.663031816482544, 59.819064140319824, 59.8156418800354, 60.853636026382446, 60.745179176330566, 60.091312885284424, 59.98015379905701, 60.35956525802612, 59.75596785545349, 59.75128698348999, 59.51348423957825, 60.15871214866638, 59.24671196937561, 59.263036251068115, 59.53028416633606, 60.536794900894165, 59.566641092300415, 60.469403982162476, 59.069092988967896, 59.86602807044983, 59.50624418258667, 59.80940794944763, 60.94348907470703, 61.330214977264404, 59.34154987335205, 60.270190954208374, 60.353535890579224, 60.291236877441406, 59.147621154785156, 59.99807596206665, 60.03334188461304, 58.80587601661682, 60.45428991317749, 59.803590059280396, 61.09221887588501, 60.777377128601074, 60.92022085189819, 59.9450318813324, 59.800957918167114, 60.14120697975159, 59.41724729537964, 60.69604730606079, 60.45559310913086, 59.88167190551758, 60.087149143218994, 59.903194189071655, 60.23416614532471, 60.03732466697693, 60.244985818862915, 60.37019991874695, 60.55929112434387, 60.79651117324829, 60.163880348205566, 61.05373811721802, 60.055858850479126, 60.46925210952759, 60.20346975326538, 60.50187420845032, 60.24444818496704, 60.791666984558105, 60.2255277633667, 59.651963233947754, 60.480462074279785, 60.34769606590271, 61.91481804847717, 60.88002276420593, 60.396175146102905, 63.7541389465332, 59.97736120223999, 59.82968807220459, 60.52572584152222, 60.329275131225586, 60.065725326538086, 60.65192222595215, 59.90617322921753, 60.31548738479614, 60.043153047561646, 60.27663493156433, 59.37998414039612, 59.69431924819946, 59.3624529838562, 59.7642719745636, 59.87918281555176, 60.94079899787903, 60.5971519947052, 59.862837076187134, 59.7517569065094, 60.22457408905029, 60.130526304244995, 60.26601028442383, 59.49840188026428, 60.815085887908936, 59.57386016845703, 59.961474895477295, 60.136605978012085, 59.79427409172058, 60.6828510761261, 59.48848509788513, 60.55464792251587, 60.07144021987915, 60.06381416320801, 60.2520170211792, 60.17770600318909, 60.58199501037598, 60.15740990638733, 59.671602964401245, 60.49706506729126, 60.084238052368164, 60.57961082458496, 59.988845109939575, 60.06888794898987, 60.94177985191345, 59.71456813812256, 60.54480504989624, 59.87868070602417, 60.415857791900635, 60.02049994468689, 60.07554078102112, 60.80923128128052, 60.89206004142761, 61.95392823219299, 59.6044659614563, 60.29902100563049, 59.882588148117065, 60.63527512550354, 59.61977291107178, 60.496713161468506, 60.69276309013367, 60.56303906440735, 60.49797296524048, 59.43401479721069, 60.01009798049927, 60.105215072631836, 60.947640895843506, 60.13416385650635, 59.7154860496521, 60.8104031085968, 59.998109102249146, 60.99436283111572, 60.016183853149414, 60.0407338142395, 59.83441090583801, 60.50286316871643, 60.4694881439209, 60.733726978302, 59.88238000869751, 61.413135051727295, 60.377163887023926, 60.72525215148926, 60.50687265396118, 60.47626209259033, 60.747989892959595, 60.699830055236816]
~~~~~~~~~~~~~~~~~~~~~~~~~~~~~~ global model aggragation and  send  to client 

-------------Training  Round number: 178-------------

Evaluate global model
Averaged Train Loss: 1.3957
Averaged Test Accurancy: 0.7305
Averaged Test AUC: 0.9209
Std Test Accurancy: 0.2269
Std Test AUC: 0.1171
res is: ['mnist', 'FedVOI', 178, 1.3957240708030316, 0.7304770065695515, 0.9209446004633594, 0.22685659231449526, 0.11710337166936283, 171.31149375252784]
------------------------- Round is  178 ------------------------- time cost ------------------------- 62.169830083847046
------------------------- Budget is : [84.58488202095032, 87.78808426856995, 84.09102416038513, 62.11084008216858, 62.479140758514404, 60.15249300003052, 59.46004605293274, 59.535752058029175, 59.05656886100769, 59.51739287376404, 58.546687841415405, 59.54336714744568, 60.12155890464783, 58.86408090591431, 59.64257884025574, 59.622902154922485, 59.50944995880127, 60.55329203605652, 59.23235201835632, 59.27186608314514, 60.12679719924927, 59.864394187927246, 59.92988324165344, 59.65527701377869, 59.663031816482544, 59.819064140319824, 59.8156418800354, 60.853636026382446, 60.745179176330566, 60.091312885284424, 59.98015379905701, 60.35956525802612, 59.75596785545349, 59.75128698348999, 59.51348423957825, 60.15871214866638, 59.24671196937561, 59.263036251068115, 59.53028416633606, 60.536794900894165, 59.566641092300415, 60.469403982162476, 59.069092988967896, 59.86602807044983, 59.50624418258667, 59.80940794944763, 60.94348907470703, 61.330214977264404, 59.34154987335205, 60.270190954208374, 60.353535890579224, 60.291236877441406, 59.147621154785156, 59.99807596206665, 60.03334188461304, 58.80587601661682, 60.45428991317749, 59.803590059280396, 61.09221887588501, 60.777377128601074, 60.92022085189819, 59.9450318813324, 59.800957918167114, 60.14120697975159, 59.41724729537964, 60.69604730606079, 60.45559310913086, 59.88167190551758, 60.087149143218994, 59.903194189071655, 60.23416614532471, 60.03732466697693, 60.244985818862915, 60.37019991874695, 60.55929112434387, 60.79651117324829, 60.163880348205566, 61.05373811721802, 60.055858850479126, 60.46925210952759, 60.20346975326538, 60.50187420845032, 60.24444818496704, 60.791666984558105, 60.2255277633667, 59.651963233947754, 60.480462074279785, 60.34769606590271, 61.91481804847717, 60.88002276420593, 60.396175146102905, 63.7541389465332, 59.97736120223999, 59.82968807220459, 60.52572584152222, 60.329275131225586, 60.065725326538086, 60.65192222595215, 59.90617322921753, 60.31548738479614, 60.043153047561646, 60.27663493156433, 59.37998414039612, 59.69431924819946, 59.3624529838562, 59.7642719745636, 59.87918281555176, 60.94079899787903, 60.5971519947052, 59.862837076187134, 59.7517569065094, 60.22457408905029, 60.130526304244995, 60.26601028442383, 59.49840188026428, 60.815085887908936, 59.57386016845703, 59.961474895477295, 60.136605978012085, 59.79427409172058, 60.6828510761261, 59.48848509788513, 60.55464792251587, 60.07144021987915, 60.06381416320801, 60.2520170211792, 60.17770600318909, 60.58199501037598, 60.15740990638733, 59.671602964401245, 60.49706506729126, 60.084238052368164, 60.57961082458496, 59.988845109939575, 60.06888794898987, 60.94177985191345, 59.71456813812256, 60.54480504989624, 59.87868070602417, 60.415857791900635, 60.02049994468689, 60.07554078102112, 60.80923128128052, 60.89206004142761, 61.95392823219299, 59.6044659614563, 60.29902100563049, 59.882588148117065, 60.63527512550354, 59.61977291107178, 60.496713161468506, 60.69276309013367, 60.56303906440735, 60.49797296524048, 59.43401479721069, 60.01009798049927, 60.105215072631836, 60.947640895843506, 60.13416385650635, 59.7154860496521, 60.8104031085968, 59.998109102249146, 60.99436283111572, 60.016183853149414, 60.0407338142395, 59.83441090583801, 60.50286316871643, 60.4694881439209, 60.733726978302, 59.88238000869751, 61.413135051727295, 60.377163887023926, 60.72525215148926, 60.50687265396118, 60.47626209259033, 60.747989892959595, 60.699830055236816, 62.169830083847046]
~~~~~~~~~~~~~~~~~~~~~~~~~~~~~~ global model aggragation and  send  to client 

-------------Training  Round number: 179-------------

Evaluate global model
Averaged Train Loss: 1.3955
Averaged Test Accurancy: 0.7305
Averaged Test AUC: 0.9210
Std Test Accurancy: 0.2271
Std Test AUC: 0.1170
res is: ['mnist', 'FedVOI', 179, 1.3955421790845963, 0.7305341331048272, 0.9210277585664102, 0.22706688560612504, 0.11699215570973294, 168.78738686567038]
------------------------- Round is  179 ------------------------- time cost ------------------------- 60.60532999038696
------------------------- Budget is : [84.58488202095032, 87.78808426856995, 84.09102416038513, 62.11084008216858, 62.479140758514404, 60.15249300003052, 59.46004605293274, 59.535752058029175, 59.05656886100769, 59.51739287376404, 58.546687841415405, 59.54336714744568, 60.12155890464783, 58.86408090591431, 59.64257884025574, 59.622902154922485, 59.50944995880127, 60.55329203605652, 59.23235201835632, 59.27186608314514, 60.12679719924927, 59.864394187927246, 59.92988324165344, 59.65527701377869, 59.663031816482544, 59.819064140319824, 59.8156418800354, 60.853636026382446, 60.745179176330566, 60.091312885284424, 59.98015379905701, 60.35956525802612, 59.75596785545349, 59.75128698348999, 59.51348423957825, 60.15871214866638, 59.24671196937561, 59.263036251068115, 59.53028416633606, 60.536794900894165, 59.566641092300415, 60.469403982162476, 59.069092988967896, 59.86602807044983, 59.50624418258667, 59.80940794944763, 60.94348907470703, 61.330214977264404, 59.34154987335205, 60.270190954208374, 60.353535890579224, 60.291236877441406, 59.147621154785156, 59.99807596206665, 60.03334188461304, 58.80587601661682, 60.45428991317749, 59.803590059280396, 61.09221887588501, 60.777377128601074, 60.92022085189819, 59.9450318813324, 59.800957918167114, 60.14120697975159, 59.41724729537964, 60.69604730606079, 60.45559310913086, 59.88167190551758, 60.087149143218994, 59.903194189071655, 60.23416614532471, 60.03732466697693, 60.244985818862915, 60.37019991874695, 60.55929112434387, 60.79651117324829, 60.163880348205566, 61.05373811721802, 60.055858850479126, 60.46925210952759, 60.20346975326538, 60.50187420845032, 60.24444818496704, 60.791666984558105, 60.2255277633667, 59.651963233947754, 60.480462074279785, 60.34769606590271, 61.91481804847717, 60.88002276420593, 60.396175146102905, 63.7541389465332, 59.97736120223999, 59.82968807220459, 60.52572584152222, 60.329275131225586, 60.065725326538086, 60.65192222595215, 59.90617322921753, 60.31548738479614, 60.043153047561646, 60.27663493156433, 59.37998414039612, 59.69431924819946, 59.3624529838562, 59.7642719745636, 59.87918281555176, 60.94079899787903, 60.5971519947052, 59.862837076187134, 59.7517569065094, 60.22457408905029, 60.130526304244995, 60.26601028442383, 59.49840188026428, 60.815085887908936, 59.57386016845703, 59.961474895477295, 60.136605978012085, 59.79427409172058, 60.6828510761261, 59.48848509788513, 60.55464792251587, 60.07144021987915, 60.06381416320801, 60.2520170211792, 60.17770600318909, 60.58199501037598, 60.15740990638733, 59.671602964401245, 60.49706506729126, 60.084238052368164, 60.57961082458496, 59.988845109939575, 60.06888794898987, 60.94177985191345, 59.71456813812256, 60.54480504989624, 59.87868070602417, 60.415857791900635, 60.02049994468689, 60.07554078102112, 60.80923128128052, 60.89206004142761, 61.95392823219299, 59.6044659614563, 60.29902100563049, 59.882588148117065, 60.63527512550354, 59.61977291107178, 60.496713161468506, 60.69276309013367, 60.56303906440735, 60.49797296524048, 59.43401479721069, 60.01009798049927, 60.105215072631836, 60.947640895843506, 60.13416385650635, 59.7154860496521, 60.8104031085968, 59.998109102249146, 60.99436283111572, 60.016183853149414, 60.0407338142395, 59.83441090583801, 60.50286316871643, 60.4694881439209, 60.733726978302, 59.88238000869751, 61.413135051727295, 60.377163887023926, 60.72525215148926, 60.50687265396118, 60.47626209259033, 60.747989892959595, 60.699830055236816, 62.169830083847046, 60.60532999038696]
~~~~~~~~~~~~~~~~~~~~~~~~~~~~~~ global model aggragation and  send  to client 

-------------Training  Round number: 180-------------

Evaluate global model
Averaged Train Loss: 1.3955
Averaged Test Accurancy: 0.7306
Averaged Test AUC: 0.9211
Std Test Accurancy: 0.2270
Std Test AUC: 0.1169
res is: ['mnist', 'FedVOI', 180, 1.395457799631119, 0.7305912596401029, 0.921111087466799, 0.22696144708054133, 0.11687983971003924, 176.52644364632104]
------------------------- Round is  180 ------------------------- time cost ------------------------- 61.21963715553284
------------------------- Budget is : [84.58488202095032, 87.78808426856995, 84.09102416038513, 62.11084008216858, 62.479140758514404, 60.15249300003052, 59.46004605293274, 59.535752058029175, 59.05656886100769, 59.51739287376404, 58.546687841415405, 59.54336714744568, 60.12155890464783, 58.86408090591431, 59.64257884025574, 59.622902154922485, 59.50944995880127, 60.55329203605652, 59.23235201835632, 59.27186608314514, 60.12679719924927, 59.864394187927246, 59.92988324165344, 59.65527701377869, 59.663031816482544, 59.819064140319824, 59.8156418800354, 60.853636026382446, 60.745179176330566, 60.091312885284424, 59.98015379905701, 60.35956525802612, 59.75596785545349, 59.75128698348999, 59.51348423957825, 60.15871214866638, 59.24671196937561, 59.263036251068115, 59.53028416633606, 60.536794900894165, 59.566641092300415, 60.469403982162476, 59.069092988967896, 59.86602807044983, 59.50624418258667, 59.80940794944763, 60.94348907470703, 61.330214977264404, 59.34154987335205, 60.270190954208374, 60.353535890579224, 60.291236877441406, 59.147621154785156, 59.99807596206665, 60.03334188461304, 58.80587601661682, 60.45428991317749, 59.803590059280396, 61.09221887588501, 60.777377128601074, 60.92022085189819, 59.9450318813324, 59.800957918167114, 60.14120697975159, 59.41724729537964, 60.69604730606079, 60.45559310913086, 59.88167190551758, 60.087149143218994, 59.903194189071655, 60.23416614532471, 60.03732466697693, 60.244985818862915, 60.37019991874695, 60.55929112434387, 60.79651117324829, 60.163880348205566, 61.05373811721802, 60.055858850479126, 60.46925210952759, 60.20346975326538, 60.50187420845032, 60.24444818496704, 60.791666984558105, 60.2255277633667, 59.651963233947754, 60.480462074279785, 60.34769606590271, 61.91481804847717, 60.88002276420593, 60.396175146102905, 63.7541389465332, 59.97736120223999, 59.82968807220459, 60.52572584152222, 60.329275131225586, 60.065725326538086, 60.65192222595215, 59.90617322921753, 60.31548738479614, 60.043153047561646, 60.27663493156433, 59.37998414039612, 59.69431924819946, 59.3624529838562, 59.7642719745636, 59.87918281555176, 60.94079899787903, 60.5971519947052, 59.862837076187134, 59.7517569065094, 60.22457408905029, 60.130526304244995, 60.26601028442383, 59.49840188026428, 60.815085887908936, 59.57386016845703, 59.961474895477295, 60.136605978012085, 59.79427409172058, 60.6828510761261, 59.48848509788513, 60.55464792251587, 60.07144021987915, 60.06381416320801, 60.2520170211792, 60.17770600318909, 60.58199501037598, 60.15740990638733, 59.671602964401245, 60.49706506729126, 60.084238052368164, 60.57961082458496, 59.988845109939575, 60.06888794898987, 60.94177985191345, 59.71456813812256, 60.54480504989624, 59.87868070602417, 60.415857791900635, 60.02049994468689, 60.07554078102112, 60.80923128128052, 60.89206004142761, 61.95392823219299, 59.6044659614563, 60.29902100563049, 59.882588148117065, 60.63527512550354, 59.61977291107178, 60.496713161468506, 60.69276309013367, 60.56303906440735, 60.49797296524048, 59.43401479721069, 60.01009798049927, 60.105215072631836, 60.947640895843506, 60.13416385650635, 59.7154860496521, 60.8104031085968, 59.998109102249146, 60.99436283111572, 60.016183853149414, 60.0407338142395, 59.83441090583801, 60.50286316871643, 60.4694881439209, 60.733726978302, 59.88238000869751, 61.413135051727295, 60.377163887023926, 60.72525215148926, 60.50687265396118, 60.47626209259033, 60.747989892959595, 60.699830055236816, 62.169830083847046, 60.60532999038696, 61.21963715553284]
~~~~~~~~~~~~~~~~~~~~~~~~~~~~~~ global model aggragation and  send  to client 

-------------Training  Round number: 181-------------

Evaluate global model
Averaged Train Loss: 1.3953
Averaged Test Accurancy: 0.7308
Averaged Test AUC: 0.9212
Std Test Accurancy: 0.2269
Std Test AUC: 0.1168
res is: ['mnist', 'FedVOI', 181, 1.3953114649761578, 0.7308197657812053, 0.9211984377401714, 0.2268773636635997, 0.11675676548621756, 174.37781668656552]
------------------------- Round is  181 ------------------------- time cost ------------------------- 60.4640007019043
------------------------- Budget is : [84.58488202095032, 87.78808426856995, 84.09102416038513, 62.11084008216858, 62.479140758514404, 60.15249300003052, 59.46004605293274, 59.535752058029175, 59.05656886100769, 59.51739287376404, 58.546687841415405, 59.54336714744568, 60.12155890464783, 58.86408090591431, 59.64257884025574, 59.622902154922485, 59.50944995880127, 60.55329203605652, 59.23235201835632, 59.27186608314514, 60.12679719924927, 59.864394187927246, 59.92988324165344, 59.65527701377869, 59.663031816482544, 59.819064140319824, 59.8156418800354, 60.853636026382446, 60.745179176330566, 60.091312885284424, 59.98015379905701, 60.35956525802612, 59.75596785545349, 59.75128698348999, 59.51348423957825, 60.15871214866638, 59.24671196937561, 59.263036251068115, 59.53028416633606, 60.536794900894165, 59.566641092300415, 60.469403982162476, 59.069092988967896, 59.86602807044983, 59.50624418258667, 59.80940794944763, 60.94348907470703, 61.330214977264404, 59.34154987335205, 60.270190954208374, 60.353535890579224, 60.291236877441406, 59.147621154785156, 59.99807596206665, 60.03334188461304, 58.80587601661682, 60.45428991317749, 59.803590059280396, 61.09221887588501, 60.777377128601074, 60.92022085189819, 59.9450318813324, 59.800957918167114, 60.14120697975159, 59.41724729537964, 60.69604730606079, 60.45559310913086, 59.88167190551758, 60.087149143218994, 59.903194189071655, 60.23416614532471, 60.03732466697693, 60.244985818862915, 60.37019991874695, 60.55929112434387, 60.79651117324829, 60.163880348205566, 61.05373811721802, 60.055858850479126, 60.46925210952759, 60.20346975326538, 60.50187420845032, 60.24444818496704, 60.791666984558105, 60.2255277633667, 59.651963233947754, 60.480462074279785, 60.34769606590271, 61.91481804847717, 60.88002276420593, 60.396175146102905, 63.7541389465332, 59.97736120223999, 59.82968807220459, 60.52572584152222, 60.329275131225586, 60.065725326538086, 60.65192222595215, 59.90617322921753, 60.31548738479614, 60.043153047561646, 60.27663493156433, 59.37998414039612, 59.69431924819946, 59.3624529838562, 59.7642719745636, 59.87918281555176, 60.94079899787903, 60.5971519947052, 59.862837076187134, 59.7517569065094, 60.22457408905029, 60.130526304244995, 60.26601028442383, 59.49840188026428, 60.815085887908936, 59.57386016845703, 59.961474895477295, 60.136605978012085, 59.79427409172058, 60.6828510761261, 59.48848509788513, 60.55464792251587, 60.07144021987915, 60.06381416320801, 60.2520170211792, 60.17770600318909, 60.58199501037598, 60.15740990638733, 59.671602964401245, 60.49706506729126, 60.084238052368164, 60.57961082458496, 59.988845109939575, 60.06888794898987, 60.94177985191345, 59.71456813812256, 60.54480504989624, 59.87868070602417, 60.415857791900635, 60.02049994468689, 60.07554078102112, 60.80923128128052, 60.89206004142761, 61.95392823219299, 59.6044659614563, 60.29902100563049, 59.882588148117065, 60.63527512550354, 59.61977291107178, 60.496713161468506, 60.69276309013367, 60.56303906440735, 60.49797296524048, 59.43401479721069, 60.01009798049927, 60.105215072631836, 60.947640895843506, 60.13416385650635, 59.7154860496521, 60.8104031085968, 59.998109102249146, 60.99436283111572, 60.016183853149414, 60.0407338142395, 59.83441090583801, 60.50286316871643, 60.4694881439209, 60.733726978302, 59.88238000869751, 61.413135051727295, 60.377163887023926, 60.72525215148926, 60.50687265396118, 60.47626209259033, 60.747989892959595, 60.699830055236816, 62.169830083847046, 60.60532999038696, 61.21963715553284, 60.4640007019043]
~~~~~~~~~~~~~~~~~~~~~~~~~~~~~~ global model aggragation and  send  to client 

-------------Training  Round number: 182-------------

Evaluate global model
Averaged Train Loss: 1.3950
Averaged Test Accurancy: 0.7309
Averaged Test AUC: 0.9213
Std Test Accurancy: 0.2269
Std Test AUC: 0.1166
res is: ['mnist', 'FedVOI', 182, 1.3950103462007502, 0.730876892316481, 0.9212859535991375, 0.22691222023109966, 0.11664994575297317, 180.2943843630986]
------------------------- Round is  182 ------------------------- time cost ------------------------- 59.50457787513733
------------------------- Budget is : [84.58488202095032, 87.78808426856995, 84.09102416038513, 62.11084008216858, 62.479140758514404, 60.15249300003052, 59.46004605293274, 59.535752058029175, 59.05656886100769, 59.51739287376404, 58.546687841415405, 59.54336714744568, 60.12155890464783, 58.86408090591431, 59.64257884025574, 59.622902154922485, 59.50944995880127, 60.55329203605652, 59.23235201835632, 59.27186608314514, 60.12679719924927, 59.864394187927246, 59.92988324165344, 59.65527701377869, 59.663031816482544, 59.819064140319824, 59.8156418800354, 60.853636026382446, 60.745179176330566, 60.091312885284424, 59.98015379905701, 60.35956525802612, 59.75596785545349, 59.75128698348999, 59.51348423957825, 60.15871214866638, 59.24671196937561, 59.263036251068115, 59.53028416633606, 60.536794900894165, 59.566641092300415, 60.469403982162476, 59.069092988967896, 59.86602807044983, 59.50624418258667, 59.80940794944763, 60.94348907470703, 61.330214977264404, 59.34154987335205, 60.270190954208374, 60.353535890579224, 60.291236877441406, 59.147621154785156, 59.99807596206665, 60.03334188461304, 58.80587601661682, 60.45428991317749, 59.803590059280396, 61.09221887588501, 60.777377128601074, 60.92022085189819, 59.9450318813324, 59.800957918167114, 60.14120697975159, 59.41724729537964, 60.69604730606079, 60.45559310913086, 59.88167190551758, 60.087149143218994, 59.903194189071655, 60.23416614532471, 60.03732466697693, 60.244985818862915, 60.37019991874695, 60.55929112434387, 60.79651117324829, 60.163880348205566, 61.05373811721802, 60.055858850479126, 60.46925210952759, 60.20346975326538, 60.50187420845032, 60.24444818496704, 60.791666984558105, 60.2255277633667, 59.651963233947754, 60.480462074279785, 60.34769606590271, 61.91481804847717, 60.88002276420593, 60.396175146102905, 63.7541389465332, 59.97736120223999, 59.82968807220459, 60.52572584152222, 60.329275131225586, 60.065725326538086, 60.65192222595215, 59.90617322921753, 60.31548738479614, 60.043153047561646, 60.27663493156433, 59.37998414039612, 59.69431924819946, 59.3624529838562, 59.7642719745636, 59.87918281555176, 60.94079899787903, 60.5971519947052, 59.862837076187134, 59.7517569065094, 60.22457408905029, 60.130526304244995, 60.26601028442383, 59.49840188026428, 60.815085887908936, 59.57386016845703, 59.961474895477295, 60.136605978012085, 59.79427409172058, 60.6828510761261, 59.48848509788513, 60.55464792251587, 60.07144021987915, 60.06381416320801, 60.2520170211792, 60.17770600318909, 60.58199501037598, 60.15740990638733, 59.671602964401245, 60.49706506729126, 60.084238052368164, 60.57961082458496, 59.988845109939575, 60.06888794898987, 60.94177985191345, 59.71456813812256, 60.54480504989624, 59.87868070602417, 60.415857791900635, 60.02049994468689, 60.07554078102112, 60.80923128128052, 60.89206004142761, 61.95392823219299, 59.6044659614563, 60.29902100563049, 59.882588148117065, 60.63527512550354, 59.61977291107178, 60.496713161468506, 60.69276309013367, 60.56303906440735, 60.49797296524048, 59.43401479721069, 60.01009798049927, 60.105215072631836, 60.947640895843506, 60.13416385650635, 59.7154860496521, 60.8104031085968, 59.998109102249146, 60.99436283111572, 60.016183853149414, 60.0407338142395, 59.83441090583801, 60.50286316871643, 60.4694881439209, 60.733726978302, 59.88238000869751, 61.413135051727295, 60.377163887023926, 60.72525215148926, 60.50687265396118, 60.47626209259033, 60.747989892959595, 60.699830055236816, 62.169830083847046, 60.60532999038696, 61.21963715553284, 60.4640007019043, 59.50457787513733]
~~~~~~~~~~~~~~~~~~~~~~~~~~~~~~ global model aggragation and  send  to client 

-------------Training  Round number: 183-------------

Evaluate global model
Averaged Train Loss: 1.3947
Averaged Test Accurancy: 0.7309
Averaged Test AUC: 0.9214
Std Test Accurancy: 0.2268
Std Test AUC: 0.1165
res is: ['mnist', 'FedVOI', 183, 1.3946795457831391, 0.7309340188517567, 0.9213774852196146, 0.22679991414923664, 0.11652919145926889, 181.07903904559686]
------------------------- Round is  183 ------------------------- time cost ------------------------- 60.97013187408447
------------------------- Budget is : [84.58488202095032, 87.78808426856995, 84.09102416038513, 62.11084008216858, 62.479140758514404, 60.15249300003052, 59.46004605293274, 59.535752058029175, 59.05656886100769, 59.51739287376404, 58.546687841415405, 59.54336714744568, 60.12155890464783, 58.86408090591431, 59.64257884025574, 59.622902154922485, 59.50944995880127, 60.55329203605652, 59.23235201835632, 59.27186608314514, 60.12679719924927, 59.864394187927246, 59.92988324165344, 59.65527701377869, 59.663031816482544, 59.819064140319824, 59.8156418800354, 60.853636026382446, 60.745179176330566, 60.091312885284424, 59.98015379905701, 60.35956525802612, 59.75596785545349, 59.75128698348999, 59.51348423957825, 60.15871214866638, 59.24671196937561, 59.263036251068115, 59.53028416633606, 60.536794900894165, 59.566641092300415, 60.469403982162476, 59.069092988967896, 59.86602807044983, 59.50624418258667, 59.80940794944763, 60.94348907470703, 61.330214977264404, 59.34154987335205, 60.270190954208374, 60.353535890579224, 60.291236877441406, 59.147621154785156, 59.99807596206665, 60.03334188461304, 58.80587601661682, 60.45428991317749, 59.803590059280396, 61.09221887588501, 60.777377128601074, 60.92022085189819, 59.9450318813324, 59.800957918167114, 60.14120697975159, 59.41724729537964, 60.69604730606079, 60.45559310913086, 59.88167190551758, 60.087149143218994, 59.903194189071655, 60.23416614532471, 60.03732466697693, 60.244985818862915, 60.37019991874695, 60.55929112434387, 60.79651117324829, 60.163880348205566, 61.05373811721802, 60.055858850479126, 60.46925210952759, 60.20346975326538, 60.50187420845032, 60.24444818496704, 60.791666984558105, 60.2255277633667, 59.651963233947754, 60.480462074279785, 60.34769606590271, 61.91481804847717, 60.88002276420593, 60.396175146102905, 63.7541389465332, 59.97736120223999, 59.82968807220459, 60.52572584152222, 60.329275131225586, 60.065725326538086, 60.65192222595215, 59.90617322921753, 60.31548738479614, 60.043153047561646, 60.27663493156433, 59.37998414039612, 59.69431924819946, 59.3624529838562, 59.7642719745636, 59.87918281555176, 60.94079899787903, 60.5971519947052, 59.862837076187134, 59.7517569065094, 60.22457408905029, 60.130526304244995, 60.26601028442383, 59.49840188026428, 60.815085887908936, 59.57386016845703, 59.961474895477295, 60.136605978012085, 59.79427409172058, 60.6828510761261, 59.48848509788513, 60.55464792251587, 60.07144021987915, 60.06381416320801, 60.2520170211792, 60.17770600318909, 60.58199501037598, 60.15740990638733, 59.671602964401245, 60.49706506729126, 60.084238052368164, 60.57961082458496, 59.988845109939575, 60.06888794898987, 60.94177985191345, 59.71456813812256, 60.54480504989624, 59.87868070602417, 60.415857791900635, 60.02049994468689, 60.07554078102112, 60.80923128128052, 60.89206004142761, 61.95392823219299, 59.6044659614563, 60.29902100563049, 59.882588148117065, 60.63527512550354, 59.61977291107178, 60.496713161468506, 60.69276309013367, 60.56303906440735, 60.49797296524048, 59.43401479721069, 60.01009798049927, 60.105215072631836, 60.947640895843506, 60.13416385650635, 59.7154860496521, 60.8104031085968, 59.998109102249146, 60.99436283111572, 60.016183853149414, 60.0407338142395, 59.83441090583801, 60.50286316871643, 60.4694881439209, 60.733726978302, 59.88238000869751, 61.413135051727295, 60.377163887023926, 60.72525215148926, 60.50687265396118, 60.47626209259033, 60.747989892959595, 60.699830055236816, 62.169830083847046, 60.60532999038696, 61.21963715553284, 60.4640007019043, 59.50457787513733, 60.97013187408447]
~~~~~~~~~~~~~~~~~~~~~~~~~~~~~~ global model aggragation and  send  to client 

-------------Training  Round number: 184-------------

Evaluate global model
Averaged Train Loss: 1.3945
Averaged Test Accurancy: 0.7312
Averaged Test AUC: 0.9215
Std Test Accurancy: 0.2266
Std Test AUC: 0.1164
res is: ['mnist', 'FedVOI', 184, 1.3945124664628452, 0.7311625249928592, 0.9214669198167051, 0.22659305575646535, 0.11641581533743152, 176.52644364632104]
------------------------- Round is  184 ------------------------- time cost ------------------------- 66.83175492286682
------------------------- Budget is : [84.58488202095032, 87.78808426856995, 84.09102416038513, 62.11084008216858, 62.479140758514404, 60.15249300003052, 59.46004605293274, 59.535752058029175, 59.05656886100769, 59.51739287376404, 58.546687841415405, 59.54336714744568, 60.12155890464783, 58.86408090591431, 59.64257884025574, 59.622902154922485, 59.50944995880127, 60.55329203605652, 59.23235201835632, 59.27186608314514, 60.12679719924927, 59.864394187927246, 59.92988324165344, 59.65527701377869, 59.663031816482544, 59.819064140319824, 59.8156418800354, 60.853636026382446, 60.745179176330566, 60.091312885284424, 59.98015379905701, 60.35956525802612, 59.75596785545349, 59.75128698348999, 59.51348423957825, 60.15871214866638, 59.24671196937561, 59.263036251068115, 59.53028416633606, 60.536794900894165, 59.566641092300415, 60.469403982162476, 59.069092988967896, 59.86602807044983, 59.50624418258667, 59.80940794944763, 60.94348907470703, 61.330214977264404, 59.34154987335205, 60.270190954208374, 60.353535890579224, 60.291236877441406, 59.147621154785156, 59.99807596206665, 60.03334188461304, 58.80587601661682, 60.45428991317749, 59.803590059280396, 61.09221887588501, 60.777377128601074, 60.92022085189819, 59.9450318813324, 59.800957918167114, 60.14120697975159, 59.41724729537964, 60.69604730606079, 60.45559310913086, 59.88167190551758, 60.087149143218994, 59.903194189071655, 60.23416614532471, 60.03732466697693, 60.244985818862915, 60.37019991874695, 60.55929112434387, 60.79651117324829, 60.163880348205566, 61.05373811721802, 60.055858850479126, 60.46925210952759, 60.20346975326538, 60.50187420845032, 60.24444818496704, 60.791666984558105, 60.2255277633667, 59.651963233947754, 60.480462074279785, 60.34769606590271, 61.91481804847717, 60.88002276420593, 60.396175146102905, 63.7541389465332, 59.97736120223999, 59.82968807220459, 60.52572584152222, 60.329275131225586, 60.065725326538086, 60.65192222595215, 59.90617322921753, 60.31548738479614, 60.043153047561646, 60.27663493156433, 59.37998414039612, 59.69431924819946, 59.3624529838562, 59.7642719745636, 59.87918281555176, 60.94079899787903, 60.5971519947052, 59.862837076187134, 59.7517569065094, 60.22457408905029, 60.130526304244995, 60.26601028442383, 59.49840188026428, 60.815085887908936, 59.57386016845703, 59.961474895477295, 60.136605978012085, 59.79427409172058, 60.6828510761261, 59.48848509788513, 60.55464792251587, 60.07144021987915, 60.06381416320801, 60.2520170211792, 60.17770600318909, 60.58199501037598, 60.15740990638733, 59.671602964401245, 60.49706506729126, 60.084238052368164, 60.57961082458496, 59.988845109939575, 60.06888794898987, 60.94177985191345, 59.71456813812256, 60.54480504989624, 59.87868070602417, 60.415857791900635, 60.02049994468689, 60.07554078102112, 60.80923128128052, 60.89206004142761, 61.95392823219299, 59.6044659614563, 60.29902100563049, 59.882588148117065, 60.63527512550354, 59.61977291107178, 60.496713161468506, 60.69276309013367, 60.56303906440735, 60.49797296524048, 59.43401479721069, 60.01009798049927, 60.105215072631836, 60.947640895843506, 60.13416385650635, 59.7154860496521, 60.8104031085968, 59.998109102249146, 60.99436283111572, 60.016183853149414, 60.0407338142395, 59.83441090583801, 60.50286316871643, 60.4694881439209, 60.733726978302, 59.88238000869751, 61.413135051727295, 60.377163887023926, 60.72525215148926, 60.50687265396118, 60.47626209259033, 60.747989892959595, 60.699830055236816, 62.169830083847046, 60.60532999038696, 61.21963715553284, 60.4640007019043, 59.50457787513733, 60.97013187408447, 66.83175492286682]
~~~~~~~~~~~~~~~~~~~~~~~~~~~~~~ global model aggragation and  send  to client 

-------------Training  Round number: 185-------------

Evaluate global model
Averaged Train Loss: 1.3944
Averaged Test Accurancy: 0.7314
Averaged Test AUC: 0.9215
Std Test Accurancy: 0.2266
Std Test AUC: 0.1163
res is: ['mnist', 'FedVOI', 185, 1.3944156716811513, 0.7313910311339618, 0.9215457766940239, 0.22657972299198553, 0.11631079765614943, 173.30644498313856]
------------------------- Round is  185 ------------------------- time cost ------------------------- 65.69680690765381
------------------------- Budget is : [84.58488202095032, 87.78808426856995, 84.09102416038513, 62.11084008216858, 62.479140758514404, 60.15249300003052, 59.46004605293274, 59.535752058029175, 59.05656886100769, 59.51739287376404, 58.546687841415405, 59.54336714744568, 60.12155890464783, 58.86408090591431, 59.64257884025574, 59.622902154922485, 59.50944995880127, 60.55329203605652, 59.23235201835632, 59.27186608314514, 60.12679719924927, 59.864394187927246, 59.92988324165344, 59.65527701377869, 59.663031816482544, 59.819064140319824, 59.8156418800354, 60.853636026382446, 60.745179176330566, 60.091312885284424, 59.98015379905701, 60.35956525802612, 59.75596785545349, 59.75128698348999, 59.51348423957825, 60.15871214866638, 59.24671196937561, 59.263036251068115, 59.53028416633606, 60.536794900894165, 59.566641092300415, 60.469403982162476, 59.069092988967896, 59.86602807044983, 59.50624418258667, 59.80940794944763, 60.94348907470703, 61.330214977264404, 59.34154987335205, 60.270190954208374, 60.353535890579224, 60.291236877441406, 59.147621154785156, 59.99807596206665, 60.03334188461304, 58.80587601661682, 60.45428991317749, 59.803590059280396, 61.09221887588501, 60.777377128601074, 60.92022085189819, 59.9450318813324, 59.800957918167114, 60.14120697975159, 59.41724729537964, 60.69604730606079, 60.45559310913086, 59.88167190551758, 60.087149143218994, 59.903194189071655, 60.23416614532471, 60.03732466697693, 60.244985818862915, 60.37019991874695, 60.55929112434387, 60.79651117324829, 60.163880348205566, 61.05373811721802, 60.055858850479126, 60.46925210952759, 60.20346975326538, 60.50187420845032, 60.24444818496704, 60.791666984558105, 60.2255277633667, 59.651963233947754, 60.480462074279785, 60.34769606590271, 61.91481804847717, 60.88002276420593, 60.396175146102905, 63.7541389465332, 59.97736120223999, 59.82968807220459, 60.52572584152222, 60.329275131225586, 60.065725326538086, 60.65192222595215, 59.90617322921753, 60.31548738479614, 60.043153047561646, 60.27663493156433, 59.37998414039612, 59.69431924819946, 59.3624529838562, 59.7642719745636, 59.87918281555176, 60.94079899787903, 60.5971519947052, 59.862837076187134, 59.7517569065094, 60.22457408905029, 60.130526304244995, 60.26601028442383, 59.49840188026428, 60.815085887908936, 59.57386016845703, 59.961474895477295, 60.136605978012085, 59.79427409172058, 60.6828510761261, 59.48848509788513, 60.55464792251587, 60.07144021987915, 60.06381416320801, 60.2520170211792, 60.17770600318909, 60.58199501037598, 60.15740990638733, 59.671602964401245, 60.49706506729126, 60.084238052368164, 60.57961082458496, 59.988845109939575, 60.06888794898987, 60.94177985191345, 59.71456813812256, 60.54480504989624, 59.87868070602417, 60.415857791900635, 60.02049994468689, 60.07554078102112, 60.80923128128052, 60.89206004142761, 61.95392823219299, 59.6044659614563, 60.29902100563049, 59.882588148117065, 60.63527512550354, 59.61977291107178, 60.496713161468506, 60.69276309013367, 60.56303906440735, 60.49797296524048, 59.43401479721069, 60.01009798049927, 60.105215072631836, 60.947640895843506, 60.13416385650635, 59.7154860496521, 60.8104031085968, 59.998109102249146, 60.99436283111572, 60.016183853149414, 60.0407338142395, 59.83441090583801, 60.50286316871643, 60.4694881439209, 60.733726978302, 59.88238000869751, 61.413135051727295, 60.377163887023926, 60.72525215148926, 60.50687265396118, 60.47626209259033, 60.747989892959595, 60.699830055236816, 62.169830083847046, 60.60532999038696, 61.21963715553284, 60.4640007019043, 59.50457787513733, 60.97013187408447, 66.83175492286682, 65.69680690765381]
~~~~~~~~~~~~~~~~~~~~~~~~~~~~~~ global model aggragation and  send  to client 

-------------Training  Round number: 186-------------

Evaluate global model
Averaged Train Loss: 1.3942
Averaged Test Accurancy: 0.7316
Averaged Test AUC: 0.9216
Std Test Accurancy: 0.2264
Std Test AUC: 0.1162
res is: ['mnist', 'FedVOI', 186, 1.394174331211871, 0.7316195372750642, 0.9216347345886012, 0.22639540788865706, 0.11620054934074073, 169.56222181664234]
------------------------- Round is  186 ------------------------- time cost ------------------------- 90.4793951511383
------------------------- Budget is : [84.58488202095032, 87.78808426856995, 84.09102416038513, 62.11084008216858, 62.479140758514404, 60.15249300003052, 59.46004605293274, 59.535752058029175, 59.05656886100769, 59.51739287376404, 58.546687841415405, 59.54336714744568, 60.12155890464783, 58.86408090591431, 59.64257884025574, 59.622902154922485, 59.50944995880127, 60.55329203605652, 59.23235201835632, 59.27186608314514, 60.12679719924927, 59.864394187927246, 59.92988324165344, 59.65527701377869, 59.663031816482544, 59.819064140319824, 59.8156418800354, 60.853636026382446, 60.745179176330566, 60.091312885284424, 59.98015379905701, 60.35956525802612, 59.75596785545349, 59.75128698348999, 59.51348423957825, 60.15871214866638, 59.24671196937561, 59.263036251068115, 59.53028416633606, 60.536794900894165, 59.566641092300415, 60.469403982162476, 59.069092988967896, 59.86602807044983, 59.50624418258667, 59.80940794944763, 60.94348907470703, 61.330214977264404, 59.34154987335205, 60.270190954208374, 60.353535890579224, 60.291236877441406, 59.147621154785156, 59.99807596206665, 60.03334188461304, 58.80587601661682, 60.45428991317749, 59.803590059280396, 61.09221887588501, 60.777377128601074, 60.92022085189819, 59.9450318813324, 59.800957918167114, 60.14120697975159, 59.41724729537964, 60.69604730606079, 60.45559310913086, 59.88167190551758, 60.087149143218994, 59.903194189071655, 60.23416614532471, 60.03732466697693, 60.244985818862915, 60.37019991874695, 60.55929112434387, 60.79651117324829, 60.163880348205566, 61.05373811721802, 60.055858850479126, 60.46925210952759, 60.20346975326538, 60.50187420845032, 60.24444818496704, 60.791666984558105, 60.2255277633667, 59.651963233947754, 60.480462074279785, 60.34769606590271, 61.91481804847717, 60.88002276420593, 60.396175146102905, 63.7541389465332, 59.97736120223999, 59.82968807220459, 60.52572584152222, 60.329275131225586, 60.065725326538086, 60.65192222595215, 59.90617322921753, 60.31548738479614, 60.043153047561646, 60.27663493156433, 59.37998414039612, 59.69431924819946, 59.3624529838562, 59.7642719745636, 59.87918281555176, 60.94079899787903, 60.5971519947052, 59.862837076187134, 59.7517569065094, 60.22457408905029, 60.130526304244995, 60.26601028442383, 59.49840188026428, 60.815085887908936, 59.57386016845703, 59.961474895477295, 60.136605978012085, 59.79427409172058, 60.6828510761261, 59.48848509788513, 60.55464792251587, 60.07144021987915, 60.06381416320801, 60.2520170211792, 60.17770600318909, 60.58199501037598, 60.15740990638733, 59.671602964401245, 60.49706506729126, 60.084238052368164, 60.57961082458496, 59.988845109939575, 60.06888794898987, 60.94177985191345, 59.71456813812256, 60.54480504989624, 59.87868070602417, 60.415857791900635, 60.02049994468689, 60.07554078102112, 60.80923128128052, 60.89206004142761, 61.95392823219299, 59.6044659614563, 60.29902100563049, 59.882588148117065, 60.63527512550354, 59.61977291107178, 60.496713161468506, 60.69276309013367, 60.56303906440735, 60.49797296524048, 59.43401479721069, 60.01009798049927, 60.105215072631836, 60.947640895843506, 60.13416385650635, 59.7154860496521, 60.8104031085968, 59.998109102249146, 60.99436283111572, 60.016183853149414, 60.0407338142395, 59.83441090583801, 60.50286316871643, 60.4694881439209, 60.733726978302, 59.88238000869751, 61.413135051727295, 60.377163887023926, 60.72525215148926, 60.50687265396118, 60.47626209259033, 60.747989892959595, 60.699830055236816, 62.169830083847046, 60.60532999038696, 61.21963715553284, 60.4640007019043, 59.50457787513733, 60.97013187408447, 66.83175492286682, 65.69680690765381, 90.4793951511383]
~~~~~~~~~~~~~~~~~~~~~~~~~~~~~~ global model aggragation and  send  to client 

-------------Training  Round number: 187-------------

Evaluate global model
Averaged Train Loss: 1.3941
Averaged Test Accurancy: 0.7320
Averaged Test AUC: 0.9217
Std Test Accurancy: 0.2264
Std Test AUC: 0.1161
res is: ['mnist', 'FedVOI', 187, 1.394088402049398, 0.7320194230219937, 0.9217118166178491, 0.22638706717435042, 0.11610264836394137, 169.56222181664234]
------------------------- Round is  187 ------------------------- time cost ------------------------- 68.43223023414612
------------------------- Budget is : [84.58488202095032, 87.78808426856995, 84.09102416038513, 62.11084008216858, 62.479140758514404, 60.15249300003052, 59.46004605293274, 59.535752058029175, 59.05656886100769, 59.51739287376404, 58.546687841415405, 59.54336714744568, 60.12155890464783, 58.86408090591431, 59.64257884025574, 59.622902154922485, 59.50944995880127, 60.55329203605652, 59.23235201835632, 59.27186608314514, 60.12679719924927, 59.864394187927246, 59.92988324165344, 59.65527701377869, 59.663031816482544, 59.819064140319824, 59.8156418800354, 60.853636026382446, 60.745179176330566, 60.091312885284424, 59.98015379905701, 60.35956525802612, 59.75596785545349, 59.75128698348999, 59.51348423957825, 60.15871214866638, 59.24671196937561, 59.263036251068115, 59.53028416633606, 60.536794900894165, 59.566641092300415, 60.469403982162476, 59.069092988967896, 59.86602807044983, 59.50624418258667, 59.80940794944763, 60.94348907470703, 61.330214977264404, 59.34154987335205, 60.270190954208374, 60.353535890579224, 60.291236877441406, 59.147621154785156, 59.99807596206665, 60.03334188461304, 58.80587601661682, 60.45428991317749, 59.803590059280396, 61.09221887588501, 60.777377128601074, 60.92022085189819, 59.9450318813324, 59.800957918167114, 60.14120697975159, 59.41724729537964, 60.69604730606079, 60.45559310913086, 59.88167190551758, 60.087149143218994, 59.903194189071655, 60.23416614532471, 60.03732466697693, 60.244985818862915, 60.37019991874695, 60.55929112434387, 60.79651117324829, 60.163880348205566, 61.05373811721802, 60.055858850479126, 60.46925210952759, 60.20346975326538, 60.50187420845032, 60.24444818496704, 60.791666984558105, 60.2255277633667, 59.651963233947754, 60.480462074279785, 60.34769606590271, 61.91481804847717, 60.88002276420593, 60.396175146102905, 63.7541389465332, 59.97736120223999, 59.82968807220459, 60.52572584152222, 60.329275131225586, 60.065725326538086, 60.65192222595215, 59.90617322921753, 60.31548738479614, 60.043153047561646, 60.27663493156433, 59.37998414039612, 59.69431924819946, 59.3624529838562, 59.7642719745636, 59.87918281555176, 60.94079899787903, 60.5971519947052, 59.862837076187134, 59.7517569065094, 60.22457408905029, 60.130526304244995, 60.26601028442383, 59.49840188026428, 60.815085887908936, 59.57386016845703, 59.961474895477295, 60.136605978012085, 59.79427409172058, 60.6828510761261, 59.48848509788513, 60.55464792251587, 60.07144021987915, 60.06381416320801, 60.2520170211792, 60.17770600318909, 60.58199501037598, 60.15740990638733, 59.671602964401245, 60.49706506729126, 60.084238052368164, 60.57961082458496, 59.988845109939575, 60.06888794898987, 60.94177985191345, 59.71456813812256, 60.54480504989624, 59.87868070602417, 60.415857791900635, 60.02049994468689, 60.07554078102112, 60.80923128128052, 60.89206004142761, 61.95392823219299, 59.6044659614563, 60.29902100563049, 59.882588148117065, 60.63527512550354, 59.61977291107178, 60.496713161468506, 60.69276309013367, 60.56303906440735, 60.49797296524048, 59.43401479721069, 60.01009798049927, 60.105215072631836, 60.947640895843506, 60.13416385650635, 59.7154860496521, 60.8104031085968, 59.998109102249146, 60.99436283111572, 60.016183853149414, 60.0407338142395, 59.83441090583801, 60.50286316871643, 60.4694881439209, 60.733726978302, 59.88238000869751, 61.413135051727295, 60.377163887023926, 60.72525215148926, 60.50687265396118, 60.47626209259033, 60.747989892959595, 60.699830055236816, 62.169830083847046, 60.60532999038696, 61.21963715553284, 60.4640007019043, 59.50457787513733, 60.97013187408447, 66.83175492286682, 65.69680690765381, 90.4793951511383, 68.43223023414612]
~~~~~~~~~~~~~~~~~~~~~~~~~~~~~~ global model aggragation and  send  to client 

-------------Training  Round number: 188-------------

Evaluate global model
Averaged Train Loss: 1.3940
Averaged Test Accurancy: 0.7319
Averaged Test AUC: 0.9218
Std Test Accurancy: 0.2263
Std Test AUC: 0.1160
res is: ['mnist', 'FedVOI', 188, 1.3940392814579439, 0.7319051699514424, 0.9217884293469774, 0.22632980852565274, 0.11600064849936659, 184.55005558709823]
------------------------- Round is  188 ------------------------- time cost ------------------------- 73.27912974357605
------------------------- Budget is : [84.58488202095032, 87.78808426856995, 84.09102416038513, 62.11084008216858, 62.479140758514404, 60.15249300003052, 59.46004605293274, 59.535752058029175, 59.05656886100769, 59.51739287376404, 58.546687841415405, 59.54336714744568, 60.12155890464783, 58.86408090591431, 59.64257884025574, 59.622902154922485, 59.50944995880127, 60.55329203605652, 59.23235201835632, 59.27186608314514, 60.12679719924927, 59.864394187927246, 59.92988324165344, 59.65527701377869, 59.663031816482544, 59.819064140319824, 59.8156418800354, 60.853636026382446, 60.745179176330566, 60.091312885284424, 59.98015379905701, 60.35956525802612, 59.75596785545349, 59.75128698348999, 59.51348423957825, 60.15871214866638, 59.24671196937561, 59.263036251068115, 59.53028416633606, 60.536794900894165, 59.566641092300415, 60.469403982162476, 59.069092988967896, 59.86602807044983, 59.50624418258667, 59.80940794944763, 60.94348907470703, 61.330214977264404, 59.34154987335205, 60.270190954208374, 60.353535890579224, 60.291236877441406, 59.147621154785156, 59.99807596206665, 60.03334188461304, 58.80587601661682, 60.45428991317749, 59.803590059280396, 61.09221887588501, 60.777377128601074, 60.92022085189819, 59.9450318813324, 59.800957918167114, 60.14120697975159, 59.41724729537964, 60.69604730606079, 60.45559310913086, 59.88167190551758, 60.087149143218994, 59.903194189071655, 60.23416614532471, 60.03732466697693, 60.244985818862915, 60.37019991874695, 60.55929112434387, 60.79651117324829, 60.163880348205566, 61.05373811721802, 60.055858850479126, 60.46925210952759, 60.20346975326538, 60.50187420845032, 60.24444818496704, 60.791666984558105, 60.2255277633667, 59.651963233947754, 60.480462074279785, 60.34769606590271, 61.91481804847717, 60.88002276420593, 60.396175146102905, 63.7541389465332, 59.97736120223999, 59.82968807220459, 60.52572584152222, 60.329275131225586, 60.065725326538086, 60.65192222595215, 59.90617322921753, 60.31548738479614, 60.043153047561646, 60.27663493156433, 59.37998414039612, 59.69431924819946, 59.3624529838562, 59.7642719745636, 59.87918281555176, 60.94079899787903, 60.5971519947052, 59.862837076187134, 59.7517569065094, 60.22457408905029, 60.130526304244995, 60.26601028442383, 59.49840188026428, 60.815085887908936, 59.57386016845703, 59.961474895477295, 60.136605978012085, 59.79427409172058, 60.6828510761261, 59.48848509788513, 60.55464792251587, 60.07144021987915, 60.06381416320801, 60.2520170211792, 60.17770600318909, 60.58199501037598, 60.15740990638733, 59.671602964401245, 60.49706506729126, 60.084238052368164, 60.57961082458496, 59.988845109939575, 60.06888794898987, 60.94177985191345, 59.71456813812256, 60.54480504989624, 59.87868070602417, 60.415857791900635, 60.02049994468689, 60.07554078102112, 60.80923128128052, 60.89206004142761, 61.95392823219299, 59.6044659614563, 60.29902100563049, 59.882588148117065, 60.63527512550354, 59.61977291107178, 60.496713161468506, 60.69276309013367, 60.56303906440735, 60.49797296524048, 59.43401479721069, 60.01009798049927, 60.105215072631836, 60.947640895843506, 60.13416385650635, 59.7154860496521, 60.8104031085968, 59.998109102249146, 60.99436283111572, 60.016183853149414, 60.0407338142395, 59.83441090583801, 60.50286316871643, 60.4694881439209, 60.733726978302, 59.88238000869751, 61.413135051727295, 60.377163887023926, 60.72525215148926, 60.50687265396118, 60.47626209259033, 60.747989892959595, 60.699830055236816, 62.169830083847046, 60.60532999038696, 61.21963715553284, 60.4640007019043, 59.50457787513733, 60.97013187408447, 66.83175492286682, 65.69680690765381, 90.4793951511383, 68.43223023414612, 73.27912974357605]
~~~~~~~~~~~~~~~~~~~~~~~~~~~~~~ global model aggragation and  send  to client 

-------------Training  Round number: 189-------------

Evaluate global model
Averaged Train Loss: 1.3938
Averaged Test Accurancy: 0.7320
Averaged Test AUC: 0.9219
Std Test Accurancy: 0.2262
Std Test AUC: 0.1159
res is: ['mnist', 'FedVOI', 189, 1.393760250963402, 0.7319622964867181, 0.9218753179158892, 0.2262442673640467, 0.11589309505228355, 168.78738686567038]
------------------------- Round is  189 ------------------------- time cost ------------------------- 70.10266494750977
------------------------- Budget is : [84.58488202095032, 87.78808426856995, 84.09102416038513, 62.11084008216858, 62.479140758514404, 60.15249300003052, 59.46004605293274, 59.535752058029175, 59.05656886100769, 59.51739287376404, 58.546687841415405, 59.54336714744568, 60.12155890464783, 58.86408090591431, 59.64257884025574, 59.622902154922485, 59.50944995880127, 60.55329203605652, 59.23235201835632, 59.27186608314514, 60.12679719924927, 59.864394187927246, 59.92988324165344, 59.65527701377869, 59.663031816482544, 59.819064140319824, 59.8156418800354, 60.853636026382446, 60.745179176330566, 60.091312885284424, 59.98015379905701, 60.35956525802612, 59.75596785545349, 59.75128698348999, 59.51348423957825, 60.15871214866638, 59.24671196937561, 59.263036251068115, 59.53028416633606, 60.536794900894165, 59.566641092300415, 60.469403982162476, 59.069092988967896, 59.86602807044983, 59.50624418258667, 59.80940794944763, 60.94348907470703, 61.330214977264404, 59.34154987335205, 60.270190954208374, 60.353535890579224, 60.291236877441406, 59.147621154785156, 59.99807596206665, 60.03334188461304, 58.80587601661682, 60.45428991317749, 59.803590059280396, 61.09221887588501, 60.777377128601074, 60.92022085189819, 59.9450318813324, 59.800957918167114, 60.14120697975159, 59.41724729537964, 60.69604730606079, 60.45559310913086, 59.88167190551758, 60.087149143218994, 59.903194189071655, 60.23416614532471, 60.03732466697693, 60.244985818862915, 60.37019991874695, 60.55929112434387, 60.79651117324829, 60.163880348205566, 61.05373811721802, 60.055858850479126, 60.46925210952759, 60.20346975326538, 60.50187420845032, 60.24444818496704, 60.791666984558105, 60.2255277633667, 59.651963233947754, 60.480462074279785, 60.34769606590271, 61.91481804847717, 60.88002276420593, 60.396175146102905, 63.7541389465332, 59.97736120223999, 59.82968807220459, 60.52572584152222, 60.329275131225586, 60.065725326538086, 60.65192222595215, 59.90617322921753, 60.31548738479614, 60.043153047561646, 60.27663493156433, 59.37998414039612, 59.69431924819946, 59.3624529838562, 59.7642719745636, 59.87918281555176, 60.94079899787903, 60.5971519947052, 59.862837076187134, 59.7517569065094, 60.22457408905029, 60.130526304244995, 60.26601028442383, 59.49840188026428, 60.815085887908936, 59.57386016845703, 59.961474895477295, 60.136605978012085, 59.79427409172058, 60.6828510761261, 59.48848509788513, 60.55464792251587, 60.07144021987915, 60.06381416320801, 60.2520170211792, 60.17770600318909, 60.58199501037598, 60.15740990638733, 59.671602964401245, 60.49706506729126, 60.084238052368164, 60.57961082458496, 59.988845109939575, 60.06888794898987, 60.94177985191345, 59.71456813812256, 60.54480504989624, 59.87868070602417, 60.415857791900635, 60.02049994468689, 60.07554078102112, 60.80923128128052, 60.89206004142761, 61.95392823219299, 59.6044659614563, 60.29902100563049, 59.882588148117065, 60.63527512550354, 59.61977291107178, 60.496713161468506, 60.69276309013367, 60.56303906440735, 60.49797296524048, 59.43401479721069, 60.01009798049927, 60.105215072631836, 60.947640895843506, 60.13416385650635, 59.7154860496521, 60.8104031085968, 59.998109102249146, 60.99436283111572, 60.016183853149414, 60.0407338142395, 59.83441090583801, 60.50286316871643, 60.4694881439209, 60.733726978302, 59.88238000869751, 61.413135051727295, 60.377163887023926, 60.72525215148926, 60.50687265396118, 60.47626209259033, 60.747989892959595, 60.699830055236816, 62.169830083847046, 60.60532999038696, 61.21963715553284, 60.4640007019043, 59.50457787513733, 60.97013187408447, 66.83175492286682, 65.69680690765381, 90.4793951511383, 68.43223023414612, 73.27912974357605, 70.10266494750977]
~~~~~~~~~~~~~~~~~~~~~~~~~~~~~~ global model aggragation and  send  to client 

-------------Training  Round number: 190-------------

Evaluate global model
Averaged Train Loss: 1.3938
Averaged Test Accurancy: 0.7321
Averaged Test AUC: 0.9219
Std Test Accurancy: 0.2261
Std Test AUC: 0.1158
res is: ['mnist', 'FedVOI', 190, 1.3938112018047712, 0.7320765495572693, 0.9219448003204572, 0.2261456851894157, 0.11579987833251985, 175.4636486445999]
------------------------- Round is  190 ------------------------- time cost ------------------------- 79.02142310142517
------------------------- Budget is : [84.58488202095032, 87.78808426856995, 84.09102416038513, 62.11084008216858, 62.479140758514404, 60.15249300003052, 59.46004605293274, 59.535752058029175, 59.05656886100769, 59.51739287376404, 58.546687841415405, 59.54336714744568, 60.12155890464783, 58.86408090591431, 59.64257884025574, 59.622902154922485, 59.50944995880127, 60.55329203605652, 59.23235201835632, 59.27186608314514, 60.12679719924927, 59.864394187927246, 59.92988324165344, 59.65527701377869, 59.663031816482544, 59.819064140319824, 59.8156418800354, 60.853636026382446, 60.745179176330566, 60.091312885284424, 59.98015379905701, 60.35956525802612, 59.75596785545349, 59.75128698348999, 59.51348423957825, 60.15871214866638, 59.24671196937561, 59.263036251068115, 59.53028416633606, 60.536794900894165, 59.566641092300415, 60.469403982162476, 59.069092988967896, 59.86602807044983, 59.50624418258667, 59.80940794944763, 60.94348907470703, 61.330214977264404, 59.34154987335205, 60.270190954208374, 60.353535890579224, 60.291236877441406, 59.147621154785156, 59.99807596206665, 60.03334188461304, 58.80587601661682, 60.45428991317749, 59.803590059280396, 61.09221887588501, 60.777377128601074, 60.92022085189819, 59.9450318813324, 59.800957918167114, 60.14120697975159, 59.41724729537964, 60.69604730606079, 60.45559310913086, 59.88167190551758, 60.087149143218994, 59.903194189071655, 60.23416614532471, 60.03732466697693, 60.244985818862915, 60.37019991874695, 60.55929112434387, 60.79651117324829, 60.163880348205566, 61.05373811721802, 60.055858850479126, 60.46925210952759, 60.20346975326538, 60.50187420845032, 60.24444818496704, 60.791666984558105, 60.2255277633667, 59.651963233947754, 60.480462074279785, 60.34769606590271, 61.91481804847717, 60.88002276420593, 60.396175146102905, 63.7541389465332, 59.97736120223999, 59.82968807220459, 60.52572584152222, 60.329275131225586, 60.065725326538086, 60.65192222595215, 59.90617322921753, 60.31548738479614, 60.043153047561646, 60.27663493156433, 59.37998414039612, 59.69431924819946, 59.3624529838562, 59.7642719745636, 59.87918281555176, 60.94079899787903, 60.5971519947052, 59.862837076187134, 59.7517569065094, 60.22457408905029, 60.130526304244995, 60.26601028442383, 59.49840188026428, 60.815085887908936, 59.57386016845703, 59.961474895477295, 60.136605978012085, 59.79427409172058, 60.6828510761261, 59.48848509788513, 60.55464792251587, 60.07144021987915, 60.06381416320801, 60.2520170211792, 60.17770600318909, 60.58199501037598, 60.15740990638733, 59.671602964401245, 60.49706506729126, 60.084238052368164, 60.57961082458496, 59.988845109939575, 60.06888794898987, 60.94177985191345, 59.71456813812256, 60.54480504989624, 59.87868070602417, 60.415857791900635, 60.02049994468689, 60.07554078102112, 60.80923128128052, 60.89206004142761, 61.95392823219299, 59.6044659614563, 60.29902100563049, 59.882588148117065, 60.63527512550354, 59.61977291107178, 60.496713161468506, 60.69276309013367, 60.56303906440735, 60.49797296524048, 59.43401479721069, 60.01009798049927, 60.105215072631836, 60.947640895843506, 60.13416385650635, 59.7154860496521, 60.8104031085968, 59.998109102249146, 60.99436283111572, 60.016183853149414, 60.0407338142395, 59.83441090583801, 60.50286316871643, 60.4694881439209, 60.733726978302, 59.88238000869751, 61.413135051727295, 60.377163887023926, 60.72525215148926, 60.50687265396118, 60.47626209259033, 60.747989892959595, 60.699830055236816, 62.169830083847046, 60.60532999038696, 61.21963715553284, 60.4640007019043, 59.50457787513733, 60.97013187408447, 66.83175492286682, 65.69680690765381, 90.4793951511383, 68.43223023414612, 73.27912974357605, 70.10266494750977, 79.02142310142517]
~~~~~~~~~~~~~~~~~~~~~~~~~~~~~~ global model aggragation and  send  to client 

-------------Training  Round number: 191-------------

Evaluate global model
Averaged Train Loss: 1.3937
Averaged Test Accurancy: 0.7322
Averaged Test AUC: 0.9220
Std Test Accurancy: 0.2262
Std Test AUC: 0.1157
res is: ['mnist', 'FedVOI', 191, 1.3936894955707395, 0.7321908026278207, 0.9220247800160551, 0.2262062300322729, 0.11569035187737553, 168.78738686567038]
------------------------- Round is  191 ------------------------- time cost ------------------------- 79.6218729019165
------------------------- Budget is : [84.58488202095032, 87.78808426856995, 84.09102416038513, 62.11084008216858, 62.479140758514404, 60.15249300003052, 59.46004605293274, 59.535752058029175, 59.05656886100769, 59.51739287376404, 58.546687841415405, 59.54336714744568, 60.12155890464783, 58.86408090591431, 59.64257884025574, 59.622902154922485, 59.50944995880127, 60.55329203605652, 59.23235201835632, 59.27186608314514, 60.12679719924927, 59.864394187927246, 59.92988324165344, 59.65527701377869, 59.663031816482544, 59.819064140319824, 59.8156418800354, 60.853636026382446, 60.745179176330566, 60.091312885284424, 59.98015379905701, 60.35956525802612, 59.75596785545349, 59.75128698348999, 59.51348423957825, 60.15871214866638, 59.24671196937561, 59.263036251068115, 59.53028416633606, 60.536794900894165, 59.566641092300415, 60.469403982162476, 59.069092988967896, 59.86602807044983, 59.50624418258667, 59.80940794944763, 60.94348907470703, 61.330214977264404, 59.34154987335205, 60.270190954208374, 60.353535890579224, 60.291236877441406, 59.147621154785156, 59.99807596206665, 60.03334188461304, 58.80587601661682, 60.45428991317749, 59.803590059280396, 61.09221887588501, 60.777377128601074, 60.92022085189819, 59.9450318813324, 59.800957918167114, 60.14120697975159, 59.41724729537964, 60.69604730606079, 60.45559310913086, 59.88167190551758, 60.087149143218994, 59.903194189071655, 60.23416614532471, 60.03732466697693, 60.244985818862915, 60.37019991874695, 60.55929112434387, 60.79651117324829, 60.163880348205566, 61.05373811721802, 60.055858850479126, 60.46925210952759, 60.20346975326538, 60.50187420845032, 60.24444818496704, 60.791666984558105, 60.2255277633667, 59.651963233947754, 60.480462074279785, 60.34769606590271, 61.91481804847717, 60.88002276420593, 60.396175146102905, 63.7541389465332, 59.97736120223999, 59.82968807220459, 60.52572584152222, 60.329275131225586, 60.065725326538086, 60.65192222595215, 59.90617322921753, 60.31548738479614, 60.043153047561646, 60.27663493156433, 59.37998414039612, 59.69431924819946, 59.3624529838562, 59.7642719745636, 59.87918281555176, 60.94079899787903, 60.5971519947052, 59.862837076187134, 59.7517569065094, 60.22457408905029, 60.130526304244995, 60.26601028442383, 59.49840188026428, 60.815085887908936, 59.57386016845703, 59.961474895477295, 60.136605978012085, 59.79427409172058, 60.6828510761261, 59.48848509788513, 60.55464792251587, 60.07144021987915, 60.06381416320801, 60.2520170211792, 60.17770600318909, 60.58199501037598, 60.15740990638733, 59.671602964401245, 60.49706506729126, 60.084238052368164, 60.57961082458496, 59.988845109939575, 60.06888794898987, 60.94177985191345, 59.71456813812256, 60.54480504989624, 59.87868070602417, 60.415857791900635, 60.02049994468689, 60.07554078102112, 60.80923128128052, 60.89206004142761, 61.95392823219299, 59.6044659614563, 60.29902100563049, 59.882588148117065, 60.63527512550354, 59.61977291107178, 60.496713161468506, 60.69276309013367, 60.56303906440735, 60.49797296524048, 59.43401479721069, 60.01009798049927, 60.105215072631836, 60.947640895843506, 60.13416385650635, 59.7154860496521, 60.8104031085968, 59.998109102249146, 60.99436283111572, 60.016183853149414, 60.0407338142395, 59.83441090583801, 60.50286316871643, 60.4694881439209, 60.733726978302, 59.88238000869751, 61.413135051727295, 60.377163887023926, 60.72525215148926, 60.50687265396118, 60.47626209259033, 60.747989892959595, 60.699830055236816, 62.169830083847046, 60.60532999038696, 61.21963715553284, 60.4640007019043, 59.50457787513733, 60.97013187408447, 66.83175492286682, 65.69680690765381, 90.4793951511383, 68.43223023414612, 73.27912974357605, 70.10266494750977, 79.02142310142517, 79.6218729019165]
~~~~~~~~~~~~~~~~~~~~~~~~~~~~~~ global model aggragation and  send  to client 

-------------Training  Round number: 192-------------

Evaluate global model
Averaged Train Loss: 1.3935
Averaged Test Accurancy: 0.7326
Averaged Test AUC: 0.9221
Std Test Accurancy: 0.2260
Std Test AUC: 0.1156
res is: ['mnist', 'FedVOI', 192, 1.3934979289406293, 0.73259068837475, 0.9221069684806135, 0.22604782940567017, 0.11558949333891785, 173.92749948867672]
------------------------- Round is  192 ------------------------- time cost ------------------------- 78.04676294326782
------------------------- Budget is : [84.58488202095032, 87.78808426856995, 84.09102416038513, 62.11084008216858, 62.479140758514404, 60.15249300003052, 59.46004605293274, 59.535752058029175, 59.05656886100769, 59.51739287376404, 58.546687841415405, 59.54336714744568, 60.12155890464783, 58.86408090591431, 59.64257884025574, 59.622902154922485, 59.50944995880127, 60.55329203605652, 59.23235201835632, 59.27186608314514, 60.12679719924927, 59.864394187927246, 59.92988324165344, 59.65527701377869, 59.663031816482544, 59.819064140319824, 59.8156418800354, 60.853636026382446, 60.745179176330566, 60.091312885284424, 59.98015379905701, 60.35956525802612, 59.75596785545349, 59.75128698348999, 59.51348423957825, 60.15871214866638, 59.24671196937561, 59.263036251068115, 59.53028416633606, 60.536794900894165, 59.566641092300415, 60.469403982162476, 59.069092988967896, 59.86602807044983, 59.50624418258667, 59.80940794944763, 60.94348907470703, 61.330214977264404, 59.34154987335205, 60.270190954208374, 60.353535890579224, 60.291236877441406, 59.147621154785156, 59.99807596206665, 60.03334188461304, 58.80587601661682, 60.45428991317749, 59.803590059280396, 61.09221887588501, 60.777377128601074, 60.92022085189819, 59.9450318813324, 59.800957918167114, 60.14120697975159, 59.41724729537964, 60.69604730606079, 60.45559310913086, 59.88167190551758, 60.087149143218994, 59.903194189071655, 60.23416614532471, 60.03732466697693, 60.244985818862915, 60.37019991874695, 60.55929112434387, 60.79651117324829, 60.163880348205566, 61.05373811721802, 60.055858850479126, 60.46925210952759, 60.20346975326538, 60.50187420845032, 60.24444818496704, 60.791666984558105, 60.2255277633667, 59.651963233947754, 60.480462074279785, 60.34769606590271, 61.91481804847717, 60.88002276420593, 60.396175146102905, 63.7541389465332, 59.97736120223999, 59.82968807220459, 60.52572584152222, 60.329275131225586, 60.065725326538086, 60.65192222595215, 59.90617322921753, 60.31548738479614, 60.043153047561646, 60.27663493156433, 59.37998414039612, 59.69431924819946, 59.3624529838562, 59.7642719745636, 59.87918281555176, 60.94079899787903, 60.5971519947052, 59.862837076187134, 59.7517569065094, 60.22457408905029, 60.130526304244995, 60.26601028442383, 59.49840188026428, 60.815085887908936, 59.57386016845703, 59.961474895477295, 60.136605978012085, 59.79427409172058, 60.6828510761261, 59.48848509788513, 60.55464792251587, 60.07144021987915, 60.06381416320801, 60.2520170211792, 60.17770600318909, 60.58199501037598, 60.15740990638733, 59.671602964401245, 60.49706506729126, 60.084238052368164, 60.57961082458496, 59.988845109939575, 60.06888794898987, 60.94177985191345, 59.71456813812256, 60.54480504989624, 59.87868070602417, 60.415857791900635, 60.02049994468689, 60.07554078102112, 60.80923128128052, 60.89206004142761, 61.95392823219299, 59.6044659614563, 60.29902100563049, 59.882588148117065, 60.63527512550354, 59.61977291107178, 60.496713161468506, 60.69276309013367, 60.56303906440735, 60.49797296524048, 59.43401479721069, 60.01009798049927, 60.105215072631836, 60.947640895843506, 60.13416385650635, 59.7154860496521, 60.8104031085968, 59.998109102249146, 60.99436283111572, 60.016183853149414, 60.0407338142395, 59.83441090583801, 60.50286316871643, 60.4694881439209, 60.733726978302, 59.88238000869751, 61.413135051727295, 60.377163887023926, 60.72525215148926, 60.50687265396118, 60.47626209259033, 60.747989892959595, 60.699830055236816, 62.169830083847046, 60.60532999038696, 61.21963715553284, 60.4640007019043, 59.50457787513733, 60.97013187408447, 66.83175492286682, 65.69680690765381, 90.4793951511383, 68.43223023414612, 73.27912974357605, 70.10266494750977, 79.02142310142517, 79.6218729019165, 78.04676294326782]
~~~~~~~~~~~~~~~~~~~~~~~~~~~~~~ global model aggragation and  send  to client 

-------------Training  Round number: 193-------------

Evaluate global model
Averaged Train Loss: 1.3935
Averaged Test Accurancy: 0.7327
Averaged Test AUC: 0.9222
Std Test Accurancy: 0.2261
Std Test AUC: 0.1155
res is: ['mnist', 'FedVOI', 193, 1.3935163952384657, 0.7327049414453013, 0.922182476050036, 0.22609332795335113, 0.11548674626179294, 170.56696909020948]
------------------------- Round is  193 ------------------------- time cost ------------------------- 367.8555748462677
------------------------- Budget is : [84.58488202095032, 87.78808426856995, 84.09102416038513, 62.11084008216858, 62.479140758514404, 60.15249300003052, 59.46004605293274, 59.535752058029175, 59.05656886100769, 59.51739287376404, 58.546687841415405, 59.54336714744568, 60.12155890464783, 58.86408090591431, 59.64257884025574, 59.622902154922485, 59.50944995880127, 60.55329203605652, 59.23235201835632, 59.27186608314514, 60.12679719924927, 59.864394187927246, 59.92988324165344, 59.65527701377869, 59.663031816482544, 59.819064140319824, 59.8156418800354, 60.853636026382446, 60.745179176330566, 60.091312885284424, 59.98015379905701, 60.35956525802612, 59.75596785545349, 59.75128698348999, 59.51348423957825, 60.15871214866638, 59.24671196937561, 59.263036251068115, 59.53028416633606, 60.536794900894165, 59.566641092300415, 60.469403982162476, 59.069092988967896, 59.86602807044983, 59.50624418258667, 59.80940794944763, 60.94348907470703, 61.330214977264404, 59.34154987335205, 60.270190954208374, 60.353535890579224, 60.291236877441406, 59.147621154785156, 59.99807596206665, 60.03334188461304, 58.80587601661682, 60.45428991317749, 59.803590059280396, 61.09221887588501, 60.777377128601074, 60.92022085189819, 59.9450318813324, 59.800957918167114, 60.14120697975159, 59.41724729537964, 60.69604730606079, 60.45559310913086, 59.88167190551758, 60.087149143218994, 59.903194189071655, 60.23416614532471, 60.03732466697693, 60.244985818862915, 60.37019991874695, 60.55929112434387, 60.79651117324829, 60.163880348205566, 61.05373811721802, 60.055858850479126, 60.46925210952759, 60.20346975326538, 60.50187420845032, 60.24444818496704, 60.791666984558105, 60.2255277633667, 59.651963233947754, 60.480462074279785, 60.34769606590271, 61.91481804847717, 60.88002276420593, 60.396175146102905, 63.7541389465332, 59.97736120223999, 59.82968807220459, 60.52572584152222, 60.329275131225586, 60.065725326538086, 60.65192222595215, 59.90617322921753, 60.31548738479614, 60.043153047561646, 60.27663493156433, 59.37998414039612, 59.69431924819946, 59.3624529838562, 59.7642719745636, 59.87918281555176, 60.94079899787903, 60.5971519947052, 59.862837076187134, 59.7517569065094, 60.22457408905029, 60.130526304244995, 60.26601028442383, 59.49840188026428, 60.815085887908936, 59.57386016845703, 59.961474895477295, 60.136605978012085, 59.79427409172058, 60.6828510761261, 59.48848509788513, 60.55464792251587, 60.07144021987915, 60.06381416320801, 60.2520170211792, 60.17770600318909, 60.58199501037598, 60.15740990638733, 59.671602964401245, 60.49706506729126, 60.084238052368164, 60.57961082458496, 59.988845109939575, 60.06888794898987, 60.94177985191345, 59.71456813812256, 60.54480504989624, 59.87868070602417, 60.415857791900635, 60.02049994468689, 60.07554078102112, 60.80923128128052, 60.89206004142761, 61.95392823219299, 59.6044659614563, 60.29902100563049, 59.882588148117065, 60.63527512550354, 59.61977291107178, 60.496713161468506, 60.69276309013367, 60.56303906440735, 60.49797296524048, 59.43401479721069, 60.01009798049927, 60.105215072631836, 60.947640895843506, 60.13416385650635, 59.7154860496521, 60.8104031085968, 59.998109102249146, 60.99436283111572, 60.016183853149414, 60.0407338142395, 59.83441090583801, 60.50286316871643, 60.4694881439209, 60.733726978302, 59.88238000869751, 61.413135051727295, 60.377163887023926, 60.72525215148926, 60.50687265396118, 60.47626209259033, 60.747989892959595, 60.699830055236816, 62.169830083847046, 60.60532999038696, 61.21963715553284, 60.4640007019043, 59.50457787513733, 60.97013187408447, 66.83175492286682, 65.69680690765381, 90.4793951511383, 68.43223023414612, 73.27912974357605, 70.10266494750977, 79.02142310142517, 79.6218729019165, 78.04676294326782, 367.8555748462677]
~~~~~~~~~~~~~~~~~~~~~~~~~~~~~~ global model aggragation and  send  to client 

-------------Training  Round number: 194-------------

Evaluate global model
Averaged Train Loss: 1.3934
Averaged Test Accurancy: 0.7328
Averaged Test AUC: 0.9223
Std Test Accurancy: 0.2261
Std Test AUC: 0.1154
res is: ['mnist', 'FedVOI', 194, 1.3933801288599268, 0.7328191945158526, 0.9222556907178654, 0.2261124316485487, 0.11539007135686859, 174.77462053637896]
------------------------- Round is  194 ------------------------- time cost ------------------------- 512.594829082489
------------------------- Budget is : [84.58488202095032, 87.78808426856995, 84.09102416038513, 62.11084008216858, 62.479140758514404, 60.15249300003052, 59.46004605293274, 59.535752058029175, 59.05656886100769, 59.51739287376404, 58.546687841415405, 59.54336714744568, 60.12155890464783, 58.86408090591431, 59.64257884025574, 59.622902154922485, 59.50944995880127, 60.55329203605652, 59.23235201835632, 59.27186608314514, 60.12679719924927, 59.864394187927246, 59.92988324165344, 59.65527701377869, 59.663031816482544, 59.819064140319824, 59.8156418800354, 60.853636026382446, 60.745179176330566, 60.091312885284424, 59.98015379905701, 60.35956525802612, 59.75596785545349, 59.75128698348999, 59.51348423957825, 60.15871214866638, 59.24671196937561, 59.263036251068115, 59.53028416633606, 60.536794900894165, 59.566641092300415, 60.469403982162476, 59.069092988967896, 59.86602807044983, 59.50624418258667, 59.80940794944763, 60.94348907470703, 61.330214977264404, 59.34154987335205, 60.270190954208374, 60.353535890579224, 60.291236877441406, 59.147621154785156, 59.99807596206665, 60.03334188461304, 58.80587601661682, 60.45428991317749, 59.803590059280396, 61.09221887588501, 60.777377128601074, 60.92022085189819, 59.9450318813324, 59.800957918167114, 60.14120697975159, 59.41724729537964, 60.69604730606079, 60.45559310913086, 59.88167190551758, 60.087149143218994, 59.903194189071655, 60.23416614532471, 60.03732466697693, 60.244985818862915, 60.37019991874695, 60.55929112434387, 60.79651117324829, 60.163880348205566, 61.05373811721802, 60.055858850479126, 60.46925210952759, 60.20346975326538, 60.50187420845032, 60.24444818496704, 60.791666984558105, 60.2255277633667, 59.651963233947754, 60.480462074279785, 60.34769606590271, 61.91481804847717, 60.88002276420593, 60.396175146102905, 63.7541389465332, 59.97736120223999, 59.82968807220459, 60.52572584152222, 60.329275131225586, 60.065725326538086, 60.65192222595215, 59.90617322921753, 60.31548738479614, 60.043153047561646, 60.27663493156433, 59.37998414039612, 59.69431924819946, 59.3624529838562, 59.7642719745636, 59.87918281555176, 60.94079899787903, 60.5971519947052, 59.862837076187134, 59.7517569065094, 60.22457408905029, 60.130526304244995, 60.26601028442383, 59.49840188026428, 60.815085887908936, 59.57386016845703, 59.961474895477295, 60.136605978012085, 59.79427409172058, 60.6828510761261, 59.48848509788513, 60.55464792251587, 60.07144021987915, 60.06381416320801, 60.2520170211792, 60.17770600318909, 60.58199501037598, 60.15740990638733, 59.671602964401245, 60.49706506729126, 60.084238052368164, 60.57961082458496, 59.988845109939575, 60.06888794898987, 60.94177985191345, 59.71456813812256, 60.54480504989624, 59.87868070602417, 60.415857791900635, 60.02049994468689, 60.07554078102112, 60.80923128128052, 60.89206004142761, 61.95392823219299, 59.6044659614563, 60.29902100563049, 59.882588148117065, 60.63527512550354, 59.61977291107178, 60.496713161468506, 60.69276309013367, 60.56303906440735, 60.49797296524048, 59.43401479721069, 60.01009798049927, 60.105215072631836, 60.947640895843506, 60.13416385650635, 59.7154860496521, 60.8104031085968, 59.998109102249146, 60.99436283111572, 60.016183853149414, 60.0407338142395, 59.83441090583801, 60.50286316871643, 60.4694881439209, 60.733726978302, 59.88238000869751, 61.413135051727295, 60.377163887023926, 60.72525215148926, 60.50687265396118, 60.47626209259033, 60.747989892959595, 60.699830055236816, 62.169830083847046, 60.60532999038696, 61.21963715553284, 60.4640007019043, 59.50457787513733, 60.97013187408447, 66.83175492286682, 65.69680690765381, 90.4793951511383, 68.43223023414612, 73.27912974357605, 70.10266494750977, 79.02142310142517, 79.6218729019165, 78.04676294326782, 367.8555748462677, 512.594829082489]
~~~~~~~~~~~~~~~~~~~~~~~~~~~~~~ global model aggragation and  send  to client 

-------------Training  Round number: 195-------------

Evaluate global model
Averaged Train Loss: 1.3932
Averaged Test Accurancy: 0.7330
Averaged Test AUC: 0.9223
Std Test Accurancy: 0.2260
Std Test AUC: 0.1153
res is: ['mnist', 'FedVOI', 195, 1.3931794907774064, 0.7330477006569551, 0.922340339817227, 0.22601034608163043, 0.11528179268734734, 168.78738686567038]
------------------------- Round is  195 ------------------------- time cost ------------------------- 350.76699209213257
------------------------- Budget is : [84.58488202095032, 87.78808426856995, 84.09102416038513, 62.11084008216858, 62.479140758514404, 60.15249300003052, 59.46004605293274, 59.535752058029175, 59.05656886100769, 59.51739287376404, 58.546687841415405, 59.54336714744568, 60.12155890464783, 58.86408090591431, 59.64257884025574, 59.622902154922485, 59.50944995880127, 60.55329203605652, 59.23235201835632, 59.27186608314514, 60.12679719924927, 59.864394187927246, 59.92988324165344, 59.65527701377869, 59.663031816482544, 59.819064140319824, 59.8156418800354, 60.853636026382446, 60.745179176330566, 60.091312885284424, 59.98015379905701, 60.35956525802612, 59.75596785545349, 59.75128698348999, 59.51348423957825, 60.15871214866638, 59.24671196937561, 59.263036251068115, 59.53028416633606, 60.536794900894165, 59.566641092300415, 60.469403982162476, 59.069092988967896, 59.86602807044983, 59.50624418258667, 59.80940794944763, 60.94348907470703, 61.330214977264404, 59.34154987335205, 60.270190954208374, 60.353535890579224, 60.291236877441406, 59.147621154785156, 59.99807596206665, 60.03334188461304, 58.80587601661682, 60.45428991317749, 59.803590059280396, 61.09221887588501, 60.777377128601074, 60.92022085189819, 59.9450318813324, 59.800957918167114, 60.14120697975159, 59.41724729537964, 60.69604730606079, 60.45559310913086, 59.88167190551758, 60.087149143218994, 59.903194189071655, 60.23416614532471, 60.03732466697693, 60.244985818862915, 60.37019991874695, 60.55929112434387, 60.79651117324829, 60.163880348205566, 61.05373811721802, 60.055858850479126, 60.46925210952759, 60.20346975326538, 60.50187420845032, 60.24444818496704, 60.791666984558105, 60.2255277633667, 59.651963233947754, 60.480462074279785, 60.34769606590271, 61.91481804847717, 60.88002276420593, 60.396175146102905, 63.7541389465332, 59.97736120223999, 59.82968807220459, 60.52572584152222, 60.329275131225586, 60.065725326538086, 60.65192222595215, 59.90617322921753, 60.31548738479614, 60.043153047561646, 60.27663493156433, 59.37998414039612, 59.69431924819946, 59.3624529838562, 59.7642719745636, 59.87918281555176, 60.94079899787903, 60.5971519947052, 59.862837076187134, 59.7517569065094, 60.22457408905029, 60.130526304244995, 60.26601028442383, 59.49840188026428, 60.815085887908936, 59.57386016845703, 59.961474895477295, 60.136605978012085, 59.79427409172058, 60.6828510761261, 59.48848509788513, 60.55464792251587, 60.07144021987915, 60.06381416320801, 60.2520170211792, 60.17770600318909, 60.58199501037598, 60.15740990638733, 59.671602964401245, 60.49706506729126, 60.084238052368164, 60.57961082458496, 59.988845109939575, 60.06888794898987, 60.94177985191345, 59.71456813812256, 60.54480504989624, 59.87868070602417, 60.415857791900635, 60.02049994468689, 60.07554078102112, 60.80923128128052, 60.89206004142761, 61.95392823219299, 59.6044659614563, 60.29902100563049, 59.882588148117065, 60.63527512550354, 59.61977291107178, 60.496713161468506, 60.69276309013367, 60.56303906440735, 60.49797296524048, 59.43401479721069, 60.01009798049927, 60.105215072631836, 60.947640895843506, 60.13416385650635, 59.7154860496521, 60.8104031085968, 59.998109102249146, 60.99436283111572, 60.016183853149414, 60.0407338142395, 59.83441090583801, 60.50286316871643, 60.4694881439209, 60.733726978302, 59.88238000869751, 61.413135051727295, 60.377163887023926, 60.72525215148926, 60.50687265396118, 60.47626209259033, 60.747989892959595, 60.699830055236816, 62.169830083847046, 60.60532999038696, 61.21963715553284, 60.4640007019043, 59.50457787513733, 60.97013187408447, 66.83175492286682, 65.69680690765381, 90.4793951511383, 68.43223023414612, 73.27912974357605, 70.10266494750977, 79.02142310142517, 79.6218729019165, 78.04676294326782, 367.8555748462677, 512.594829082489, 350.76699209213257]
~~~~~~~~~~~~~~~~~~~~~~~~~~~~~~ global model aggragation and  send  to client 

-------------Training  Round number: 196-------------

Evaluate global model
Averaged Train Loss: 1.3932
Averaged Test Accurancy: 0.7333
Averaged Test AUC: 0.9224
Std Test Accurancy: 0.2260
Std Test AUC: 0.1152
res is: ['mnist', 'FedVOI', 196, 1.3931923771286194, 0.7333333333333333, 0.9224090565652344, 0.22596725957016642, 0.1151915664959972, 181.35124408069495]
------------------------- Round is  196 ------------------------- time cost ------------------------- 350.66894268989563
------------------------- Budget is : [84.58488202095032, 87.78808426856995, 84.09102416038513, 62.11084008216858, 62.479140758514404, 60.15249300003052, 59.46004605293274, 59.535752058029175, 59.05656886100769, 59.51739287376404, 58.546687841415405, 59.54336714744568, 60.12155890464783, 58.86408090591431, 59.64257884025574, 59.622902154922485, 59.50944995880127, 60.55329203605652, 59.23235201835632, 59.27186608314514, 60.12679719924927, 59.864394187927246, 59.92988324165344, 59.65527701377869, 59.663031816482544, 59.819064140319824, 59.8156418800354, 60.853636026382446, 60.745179176330566, 60.091312885284424, 59.98015379905701, 60.35956525802612, 59.75596785545349, 59.75128698348999, 59.51348423957825, 60.15871214866638, 59.24671196937561, 59.263036251068115, 59.53028416633606, 60.536794900894165, 59.566641092300415, 60.469403982162476, 59.069092988967896, 59.86602807044983, 59.50624418258667, 59.80940794944763, 60.94348907470703, 61.330214977264404, 59.34154987335205, 60.270190954208374, 60.353535890579224, 60.291236877441406, 59.147621154785156, 59.99807596206665, 60.03334188461304, 58.80587601661682, 60.45428991317749, 59.803590059280396, 61.09221887588501, 60.777377128601074, 60.92022085189819, 59.9450318813324, 59.800957918167114, 60.14120697975159, 59.41724729537964, 60.69604730606079, 60.45559310913086, 59.88167190551758, 60.087149143218994, 59.903194189071655, 60.23416614532471, 60.03732466697693, 60.244985818862915, 60.37019991874695, 60.55929112434387, 60.79651117324829, 60.163880348205566, 61.05373811721802, 60.055858850479126, 60.46925210952759, 60.20346975326538, 60.50187420845032, 60.24444818496704, 60.791666984558105, 60.2255277633667, 59.651963233947754, 60.480462074279785, 60.34769606590271, 61.91481804847717, 60.88002276420593, 60.396175146102905, 63.7541389465332, 59.97736120223999, 59.82968807220459, 60.52572584152222, 60.329275131225586, 60.065725326538086, 60.65192222595215, 59.90617322921753, 60.31548738479614, 60.043153047561646, 60.27663493156433, 59.37998414039612, 59.69431924819946, 59.3624529838562, 59.7642719745636, 59.87918281555176, 60.94079899787903, 60.5971519947052, 59.862837076187134, 59.7517569065094, 60.22457408905029, 60.130526304244995, 60.26601028442383, 59.49840188026428, 60.815085887908936, 59.57386016845703, 59.961474895477295, 60.136605978012085, 59.79427409172058, 60.6828510761261, 59.48848509788513, 60.55464792251587, 60.07144021987915, 60.06381416320801, 60.2520170211792, 60.17770600318909, 60.58199501037598, 60.15740990638733, 59.671602964401245, 60.49706506729126, 60.084238052368164, 60.57961082458496, 59.988845109939575, 60.06888794898987, 60.94177985191345, 59.71456813812256, 60.54480504989624, 59.87868070602417, 60.415857791900635, 60.02049994468689, 60.07554078102112, 60.80923128128052, 60.89206004142761, 61.95392823219299, 59.6044659614563, 60.29902100563049, 59.882588148117065, 60.63527512550354, 59.61977291107178, 60.496713161468506, 60.69276309013367, 60.56303906440735, 60.49797296524048, 59.43401479721069, 60.01009798049927, 60.105215072631836, 60.947640895843506, 60.13416385650635, 59.7154860496521, 60.8104031085968, 59.998109102249146, 60.99436283111572, 60.016183853149414, 60.0407338142395, 59.83441090583801, 60.50286316871643, 60.4694881439209, 60.733726978302, 59.88238000869751, 61.413135051727295, 60.377163887023926, 60.72525215148926, 60.50687265396118, 60.47626209259033, 60.747989892959595, 60.699830055236816, 62.169830083847046, 60.60532999038696, 61.21963715553284, 60.4640007019043, 59.50457787513733, 60.97013187408447, 66.83175492286682, 65.69680690765381, 90.4793951511383, 68.43223023414612, 73.27912974357605, 70.10266494750977, 79.02142310142517, 79.6218729019165, 78.04676294326782, 367.8555748462677, 512.594829082489, 350.76699209213257, 350.66894268989563]
~~~~~~~~~~~~~~~~~~~~~~~~~~~~~~ global model aggragation and  send  to client 

-------------Training  Round number: 197-------------

Evaluate global model
Averaged Train Loss: 1.3928
Averaged Test Accurancy: 0.7334
Averaged Test AUC: 0.9225
Std Test Accurancy: 0.2259
Std Test AUC: 0.1151
res is: ['mnist', 'FedVOI', 197, 1.3928387526636965, 0.733390459868609, 0.9225051745359104, 0.22592744435281542, 0.115079162452108, 168.2594959959101]
------------------------- Round is  197 ------------------------- time cost ------------------------- 344.7070710659027
------------------------- Budget is : [84.58488202095032, 87.78808426856995, 84.09102416038513, 62.11084008216858, 62.479140758514404, 60.15249300003052, 59.46004605293274, 59.535752058029175, 59.05656886100769, 59.51739287376404, 58.546687841415405, 59.54336714744568, 60.12155890464783, 58.86408090591431, 59.64257884025574, 59.622902154922485, 59.50944995880127, 60.55329203605652, 59.23235201835632, 59.27186608314514, 60.12679719924927, 59.864394187927246, 59.92988324165344, 59.65527701377869, 59.663031816482544, 59.819064140319824, 59.8156418800354, 60.853636026382446, 60.745179176330566, 60.091312885284424, 59.98015379905701, 60.35956525802612, 59.75596785545349, 59.75128698348999, 59.51348423957825, 60.15871214866638, 59.24671196937561, 59.263036251068115, 59.53028416633606, 60.536794900894165, 59.566641092300415, 60.469403982162476, 59.069092988967896, 59.86602807044983, 59.50624418258667, 59.80940794944763, 60.94348907470703, 61.330214977264404, 59.34154987335205, 60.270190954208374, 60.353535890579224, 60.291236877441406, 59.147621154785156, 59.99807596206665, 60.03334188461304, 58.80587601661682, 60.45428991317749, 59.803590059280396, 61.09221887588501, 60.777377128601074, 60.92022085189819, 59.9450318813324, 59.800957918167114, 60.14120697975159, 59.41724729537964, 60.69604730606079, 60.45559310913086, 59.88167190551758, 60.087149143218994, 59.903194189071655, 60.23416614532471, 60.03732466697693, 60.244985818862915, 60.37019991874695, 60.55929112434387, 60.79651117324829, 60.163880348205566, 61.05373811721802, 60.055858850479126, 60.46925210952759, 60.20346975326538, 60.50187420845032, 60.24444818496704, 60.791666984558105, 60.2255277633667, 59.651963233947754, 60.480462074279785, 60.34769606590271, 61.91481804847717, 60.88002276420593, 60.396175146102905, 63.7541389465332, 59.97736120223999, 59.82968807220459, 60.52572584152222, 60.329275131225586, 60.065725326538086, 60.65192222595215, 59.90617322921753, 60.31548738479614, 60.043153047561646, 60.27663493156433, 59.37998414039612, 59.69431924819946, 59.3624529838562, 59.7642719745636, 59.87918281555176, 60.94079899787903, 60.5971519947052, 59.862837076187134, 59.7517569065094, 60.22457408905029, 60.130526304244995, 60.26601028442383, 59.49840188026428, 60.815085887908936, 59.57386016845703, 59.961474895477295, 60.136605978012085, 59.79427409172058, 60.6828510761261, 59.48848509788513, 60.55464792251587, 60.07144021987915, 60.06381416320801, 60.2520170211792, 60.17770600318909, 60.58199501037598, 60.15740990638733, 59.671602964401245, 60.49706506729126, 60.084238052368164, 60.57961082458496, 59.988845109939575, 60.06888794898987, 60.94177985191345, 59.71456813812256, 60.54480504989624, 59.87868070602417, 60.415857791900635, 60.02049994468689, 60.07554078102112, 60.80923128128052, 60.89206004142761, 61.95392823219299, 59.6044659614563, 60.29902100563049, 59.882588148117065, 60.63527512550354, 59.61977291107178, 60.496713161468506, 60.69276309013367, 60.56303906440735, 60.49797296524048, 59.43401479721069, 60.01009798049927, 60.105215072631836, 60.947640895843506, 60.13416385650635, 59.7154860496521, 60.8104031085968, 59.998109102249146, 60.99436283111572, 60.016183853149414, 60.0407338142395, 59.83441090583801, 60.50286316871643, 60.4694881439209, 60.733726978302, 59.88238000869751, 61.413135051727295, 60.377163887023926, 60.72525215148926, 60.50687265396118, 60.47626209259033, 60.747989892959595, 60.699830055236816, 62.169830083847046, 60.60532999038696, 61.21963715553284, 60.4640007019043, 59.50457787513733, 60.97013187408447, 66.83175492286682, 65.69680690765381, 90.4793951511383, 68.43223023414612, 73.27912974357605, 70.10266494750977, 79.02142310142517, 79.6218729019165, 78.04676294326782, 367.8555748462677, 512.594829082489, 350.76699209213257, 350.66894268989563, 344.7070710659027]
~~~~~~~~~~~~~~~~~~~~~~~~~~~~~~ global model aggragation and  send  to client 

-------------Training  Round number: 198-------------

Evaluate global model
Averaged Train Loss: 1.3928
Averaged Test Accurancy: 0.7333
Averaged Test AUC: 0.9226
Std Test Accurancy: 0.2258
Std Test AUC: 0.1150
res is: ['mnist', 'FedVOI', 198, 1.3928205781646164, 0.7333333333333333, 0.9225748281068581, 0.22581840162613306, 0.11497787678826987, 174.37781668656552]
------------------------- Round is  198 ------------------------- time cost ------------------------- 339.14489912986755
------------------------- Budget is : [84.58488202095032, 87.78808426856995, 84.09102416038513, 62.11084008216858, 62.479140758514404, 60.15249300003052, 59.46004605293274, 59.535752058029175, 59.05656886100769, 59.51739287376404, 58.546687841415405, 59.54336714744568, 60.12155890464783, 58.86408090591431, 59.64257884025574, 59.622902154922485, 59.50944995880127, 60.55329203605652, 59.23235201835632, 59.27186608314514, 60.12679719924927, 59.864394187927246, 59.92988324165344, 59.65527701377869, 59.663031816482544, 59.819064140319824, 59.8156418800354, 60.853636026382446, 60.745179176330566, 60.091312885284424, 59.98015379905701, 60.35956525802612, 59.75596785545349, 59.75128698348999, 59.51348423957825, 60.15871214866638, 59.24671196937561, 59.263036251068115, 59.53028416633606, 60.536794900894165, 59.566641092300415, 60.469403982162476, 59.069092988967896, 59.86602807044983, 59.50624418258667, 59.80940794944763, 60.94348907470703, 61.330214977264404, 59.34154987335205, 60.270190954208374, 60.353535890579224, 60.291236877441406, 59.147621154785156, 59.99807596206665, 60.03334188461304, 58.80587601661682, 60.45428991317749, 59.803590059280396, 61.09221887588501, 60.777377128601074, 60.92022085189819, 59.9450318813324, 59.800957918167114, 60.14120697975159, 59.41724729537964, 60.69604730606079, 60.45559310913086, 59.88167190551758, 60.087149143218994, 59.903194189071655, 60.23416614532471, 60.03732466697693, 60.244985818862915, 60.37019991874695, 60.55929112434387, 60.79651117324829, 60.163880348205566, 61.05373811721802, 60.055858850479126, 60.46925210952759, 60.20346975326538, 60.50187420845032, 60.24444818496704, 60.791666984558105, 60.2255277633667, 59.651963233947754, 60.480462074279785, 60.34769606590271, 61.91481804847717, 60.88002276420593, 60.396175146102905, 63.7541389465332, 59.97736120223999, 59.82968807220459, 60.52572584152222, 60.329275131225586, 60.065725326538086, 60.65192222595215, 59.90617322921753, 60.31548738479614, 60.043153047561646, 60.27663493156433, 59.37998414039612, 59.69431924819946, 59.3624529838562, 59.7642719745636, 59.87918281555176, 60.94079899787903, 60.5971519947052, 59.862837076187134, 59.7517569065094, 60.22457408905029, 60.130526304244995, 60.26601028442383, 59.49840188026428, 60.815085887908936, 59.57386016845703, 59.961474895477295, 60.136605978012085, 59.79427409172058, 60.6828510761261, 59.48848509788513, 60.55464792251587, 60.07144021987915, 60.06381416320801, 60.2520170211792, 60.17770600318909, 60.58199501037598, 60.15740990638733, 59.671602964401245, 60.49706506729126, 60.084238052368164, 60.57961082458496, 59.988845109939575, 60.06888794898987, 60.94177985191345, 59.71456813812256, 60.54480504989624, 59.87868070602417, 60.415857791900635, 60.02049994468689, 60.07554078102112, 60.80923128128052, 60.89206004142761, 61.95392823219299, 59.6044659614563, 60.29902100563049, 59.882588148117065, 60.63527512550354, 59.61977291107178, 60.496713161468506, 60.69276309013367, 60.56303906440735, 60.49797296524048, 59.43401479721069, 60.01009798049927, 60.105215072631836, 60.947640895843506, 60.13416385650635, 59.7154860496521, 60.8104031085968, 59.998109102249146, 60.99436283111572, 60.016183853149414, 60.0407338142395, 59.83441090583801, 60.50286316871643, 60.4694881439209, 60.733726978302, 59.88238000869751, 61.413135051727295, 60.377163887023926, 60.72525215148926, 60.50687265396118, 60.47626209259033, 60.747989892959595, 60.699830055236816, 62.169830083847046, 60.60532999038696, 61.21963715553284, 60.4640007019043, 59.50457787513733, 60.97013187408447, 66.83175492286682, 65.69680690765381, 90.4793951511383, 68.43223023414612, 73.27912974357605, 70.10266494750977, 79.02142310142517, 79.6218729019165, 78.04676294326782, 367.8555748462677, 512.594829082489, 350.76699209213257, 350.66894268989563, 344.7070710659027, 339.14489912986755]
~~~~~~~~~~~~~~~~~~~~~~~~~~~~~~ global model aggragation and  send  to client 

-------------Training  Round number: 199-------------

Evaluate global model
Averaged Train Loss: 1.3927
Averaged Test Accurancy: 0.7335
Averaged Test AUC: 0.9227
Std Test Accurancy: 0.2258
Std Test AUC: 0.1149
res is: ['mnist', 'FedVOI', 199, 1.3926910237799983, 0.7335047129391602, 0.922650292324, 0.22584160004516085, 0.11487804156471994, 173.30644498313856]
------------------------- Round is  199 ------------------------- time cost ------------------------- 348.4915659427643
------------------------- Budget is : [84.58488202095032, 87.78808426856995, 84.09102416038513, 62.11084008216858, 62.479140758514404, 60.15249300003052, 59.46004605293274, 59.535752058029175, 59.05656886100769, 59.51739287376404, 58.546687841415405, 59.54336714744568, 60.12155890464783, 58.86408090591431, 59.64257884025574, 59.622902154922485, 59.50944995880127, 60.55329203605652, 59.23235201835632, 59.27186608314514, 60.12679719924927, 59.864394187927246, 59.92988324165344, 59.65527701377869, 59.663031816482544, 59.819064140319824, 59.8156418800354, 60.853636026382446, 60.745179176330566, 60.091312885284424, 59.98015379905701, 60.35956525802612, 59.75596785545349, 59.75128698348999, 59.51348423957825, 60.15871214866638, 59.24671196937561, 59.263036251068115, 59.53028416633606, 60.536794900894165, 59.566641092300415, 60.469403982162476, 59.069092988967896, 59.86602807044983, 59.50624418258667, 59.80940794944763, 60.94348907470703, 61.330214977264404, 59.34154987335205, 60.270190954208374, 60.353535890579224, 60.291236877441406, 59.147621154785156, 59.99807596206665, 60.03334188461304, 58.80587601661682, 60.45428991317749, 59.803590059280396, 61.09221887588501, 60.777377128601074, 60.92022085189819, 59.9450318813324, 59.800957918167114, 60.14120697975159, 59.41724729537964, 60.69604730606079, 60.45559310913086, 59.88167190551758, 60.087149143218994, 59.903194189071655, 60.23416614532471, 60.03732466697693, 60.244985818862915, 60.37019991874695, 60.55929112434387, 60.79651117324829, 60.163880348205566, 61.05373811721802, 60.055858850479126, 60.46925210952759, 60.20346975326538, 60.50187420845032, 60.24444818496704, 60.791666984558105, 60.2255277633667, 59.651963233947754, 60.480462074279785, 60.34769606590271, 61.91481804847717, 60.88002276420593, 60.396175146102905, 63.7541389465332, 59.97736120223999, 59.82968807220459, 60.52572584152222, 60.329275131225586, 60.065725326538086, 60.65192222595215, 59.90617322921753, 60.31548738479614, 60.043153047561646, 60.27663493156433, 59.37998414039612, 59.69431924819946, 59.3624529838562, 59.7642719745636, 59.87918281555176, 60.94079899787903, 60.5971519947052, 59.862837076187134, 59.7517569065094, 60.22457408905029, 60.130526304244995, 60.26601028442383, 59.49840188026428, 60.815085887908936, 59.57386016845703, 59.961474895477295, 60.136605978012085, 59.79427409172058, 60.6828510761261, 59.48848509788513, 60.55464792251587, 60.07144021987915, 60.06381416320801, 60.2520170211792, 60.17770600318909, 60.58199501037598, 60.15740990638733, 59.671602964401245, 60.49706506729126, 60.084238052368164, 60.57961082458496, 59.988845109939575, 60.06888794898987, 60.94177985191345, 59.71456813812256, 60.54480504989624, 59.87868070602417, 60.415857791900635, 60.02049994468689, 60.07554078102112, 60.80923128128052, 60.89206004142761, 61.95392823219299, 59.6044659614563, 60.29902100563049, 59.882588148117065, 60.63527512550354, 59.61977291107178, 60.496713161468506, 60.69276309013367, 60.56303906440735, 60.49797296524048, 59.43401479721069, 60.01009798049927, 60.105215072631836, 60.947640895843506, 60.13416385650635, 59.7154860496521, 60.8104031085968, 59.998109102249146, 60.99436283111572, 60.016183853149414, 60.0407338142395, 59.83441090583801, 60.50286316871643, 60.4694881439209, 60.733726978302, 59.88238000869751, 61.413135051727295, 60.377163887023926, 60.72525215148926, 60.50687265396118, 60.47626209259033, 60.747989892959595, 60.699830055236816, 62.169830083847046, 60.60532999038696, 61.21963715553284, 60.4640007019043, 59.50457787513733, 60.97013187408447, 66.83175492286682, 65.69680690765381, 90.4793951511383, 68.43223023414612, 73.27912974357605, 70.10266494750977, 79.02142310142517, 79.6218729019165, 78.04676294326782, 367.8555748462677, 512.594829082489, 350.76699209213257, 350.66894268989563, 344.7070710659027, 339.14489912986755, 348.4915659427643]
~~~~~~~~~~~~~~~~~~~~~~~~~~~~~~ global model aggragation and  send  to client 

-------------Training  Round number: 200-------------

Evaluate global model
Averaged Train Loss: 1.3925
Averaged Test Accurancy: 0.7336
Averaged Test AUC: 0.9227
Std Test Accurancy: 0.2255
Std Test AUC: 0.1148
res is: ['mnist', 'FedVOI', 200, 1.3925244897577196, 0.7336189660097115, 0.9227262502859647, 0.2255189560963786, 0.1147761172053349, 171.31149375252784]
------------------------- Round is  200 ------------------------- time cost ------------------------- 348.68821907043457
------------------------- Budget is : [84.58488202095032, 87.78808426856995, 84.09102416038513, 62.11084008216858, 62.479140758514404, 60.15249300003052, 59.46004605293274, 59.535752058029175, 59.05656886100769, 59.51739287376404, 58.546687841415405, 59.54336714744568, 60.12155890464783, 58.86408090591431, 59.64257884025574, 59.622902154922485, 59.50944995880127, 60.55329203605652, 59.23235201835632, 59.27186608314514, 60.12679719924927, 59.864394187927246, 59.92988324165344, 59.65527701377869, 59.663031816482544, 59.819064140319824, 59.8156418800354, 60.853636026382446, 60.745179176330566, 60.091312885284424, 59.98015379905701, 60.35956525802612, 59.75596785545349, 59.75128698348999, 59.51348423957825, 60.15871214866638, 59.24671196937561, 59.263036251068115, 59.53028416633606, 60.536794900894165, 59.566641092300415, 60.469403982162476, 59.069092988967896, 59.86602807044983, 59.50624418258667, 59.80940794944763, 60.94348907470703, 61.330214977264404, 59.34154987335205, 60.270190954208374, 60.353535890579224, 60.291236877441406, 59.147621154785156, 59.99807596206665, 60.03334188461304, 58.80587601661682, 60.45428991317749, 59.803590059280396, 61.09221887588501, 60.777377128601074, 60.92022085189819, 59.9450318813324, 59.800957918167114, 60.14120697975159, 59.41724729537964, 60.69604730606079, 60.45559310913086, 59.88167190551758, 60.087149143218994, 59.903194189071655, 60.23416614532471, 60.03732466697693, 60.244985818862915, 60.37019991874695, 60.55929112434387, 60.79651117324829, 60.163880348205566, 61.05373811721802, 60.055858850479126, 60.46925210952759, 60.20346975326538, 60.50187420845032, 60.24444818496704, 60.791666984558105, 60.2255277633667, 59.651963233947754, 60.480462074279785, 60.34769606590271, 61.91481804847717, 60.88002276420593, 60.396175146102905, 63.7541389465332, 59.97736120223999, 59.82968807220459, 60.52572584152222, 60.329275131225586, 60.065725326538086, 60.65192222595215, 59.90617322921753, 60.31548738479614, 60.043153047561646, 60.27663493156433, 59.37998414039612, 59.69431924819946, 59.3624529838562, 59.7642719745636, 59.87918281555176, 60.94079899787903, 60.5971519947052, 59.862837076187134, 59.7517569065094, 60.22457408905029, 60.130526304244995, 60.26601028442383, 59.49840188026428, 60.815085887908936, 59.57386016845703, 59.961474895477295, 60.136605978012085, 59.79427409172058, 60.6828510761261, 59.48848509788513, 60.55464792251587, 60.07144021987915, 60.06381416320801, 60.2520170211792, 60.17770600318909, 60.58199501037598, 60.15740990638733, 59.671602964401245, 60.49706506729126, 60.084238052368164, 60.57961082458496, 59.988845109939575, 60.06888794898987, 60.94177985191345, 59.71456813812256, 60.54480504989624, 59.87868070602417, 60.415857791900635, 60.02049994468689, 60.07554078102112, 60.80923128128052, 60.89206004142761, 61.95392823219299, 59.6044659614563, 60.29902100563049, 59.882588148117065, 60.63527512550354, 59.61977291107178, 60.496713161468506, 60.69276309013367, 60.56303906440735, 60.49797296524048, 59.43401479721069, 60.01009798049927, 60.105215072631836, 60.947640895843506, 60.13416385650635, 59.7154860496521, 60.8104031085968, 59.998109102249146, 60.99436283111572, 60.016183853149414, 60.0407338142395, 59.83441090583801, 60.50286316871643, 60.4694881439209, 60.733726978302, 59.88238000869751, 61.413135051727295, 60.377163887023926, 60.72525215148926, 60.50687265396118, 60.47626209259033, 60.747989892959595, 60.699830055236816, 62.169830083847046, 60.60532999038696, 61.21963715553284, 60.4640007019043, 59.50457787513733, 60.97013187408447, 66.83175492286682, 65.69680690765381, 90.4793951511383, 68.43223023414612, 73.27912974357605, 70.10266494750977, 79.02142310142517, 79.6218729019165, 78.04676294326782, 367.8555748462677, 512.594829082489, 350.76699209213257, 350.66894268989563, 344.7070710659027, 339.14489912986755, 348.4915659427643, 348.68821907043457]

Best accuracy.
0.7336189660097115

Average time cost per round.
73.58426249566389
select_id value is, [[1, [19, 16, 11, 15, 4, 5, 6, 7, 8, 9]], [2, [19, 16, 11, 15, 4, 5, 6, 7, 8, 9]], [3, [19, 16, 11, 3, 4, 5, 6, 7, 8, 9]], [4, [19, 16, 11, 15, 4, 5, 6, 7, 8, 9]], [5, [19, 16, 11, 15, 4, 5, 6, 7, 8, 9]], [6, [19, 16, 11, 15, 4, 5, 6, 7, 8, 9]], [7, [19, 16, 11, 15, 4, 5, 6, 7, 8, 9]], [8, [19, 16, 11, 3, 4, 5, 6, 7, 8, 9]], [9, [19, 16, 11, 15, 4, 5, 6, 7, 8, 9]], [10, [19, 16, 11, 3, 4, 5, 6, 7, 8, 9]], [11, [19, 16, 11, 15, 4, 5, 6, 7, 8, 9]], [12, [19, 16, 11, 15, 4, 5, 6, 7, 8, 9]], [13, [19, 16, 11, 15, 4, 5, 6, 7, 8, 9]], [14, [19, 16, 11, 15, 4, 5, 6, 7, 8, 9]], [15, [19, 16, 11, 15, 4, 5, 6, 7, 8, 9]], [16, [19, 16, 11, 15, 4, 5, 6, 7, 8, 9]], [17, [19, 16, 11, 15, 4, 5, 6, 7, 8, 9]], [18, [19, 16, 11, 3, 4, 5, 6, 7, 8, 9]], [19, [19, 16, 11, 3, 4, 5, 6, 7, 8, 9]], [20, [19, 16, 11, 3, 4, 5, 6, 7, 8, 9]], [21, [19, 1, 2, 3, 4, 5, 6, 7, 8, 9]], [22, [19, 1, 2, 3, 4, 5, 6, 7, 8, 9]], [23, [19, 1, 2, 3, 4, 5, 6, 7, 8, 9]], [24, [19, 1, 2, 3, 4, 5, 6, 7, 8, 9]], [25, [19, 1, 2, 3, 4, 5, 6, 7, 8, 9]], [26, [19, 1, 2, 3, 4, 5, 6, 7, 8, 9]], [27, [19, 1, 2, 3, 4, 5, 6, 7, 8, 9]], [28, [19, 1, 2, 3, 4, 5, 6, 7, 8, 9]], [29, [19, 1, 2, 3, 4, 5, 6, 7, 8, 9]], [30, [19, 1, 2, 3, 4, 5, 6, 7, 8, 9]], [31, [19, 1, 2, 3, 4, 5, 6, 7, 8, 9]], [32, [19, 1, 2, 3, 4, 5, 6, 7, 8, 9]], [33, [19, 1, 2, 3, 4, 5, 6, 7, 8, 9]], [34, [19, 1, 2, 3, 4, 5, 6, 7, 8, 9]], [35, [19, 1, 2, 3, 4, 5, 6, 7, 8, 9]], [36, [19, 1, 2, 3, 4, 5, 6, 7, 8, 9]], [37, [19, 1, 2, 3, 4, 5, 6, 7, 8, 9]], [38, [19, 1, 2, 3, 4, 5, 6, 7, 8, 9]], [39, [19, 1, 2, 3, 4, 5, 6, 7, 8, 9]], [40, [19, 1, 2, 3, 4, 5, 6, 7, 8, 9]], [41, [19, 1, 2, 3, 4, 5, 6, 7, 8, 9]], [42, [19, 1, 2, 3, 4, 5, 6, 7, 8, 9]], [43, [19, 1, 2, 3, 4, 5, 6, 7, 8, 9]], [44, [19, 1, 2, 3, 4, 5, 6, 7, 8, 9]], [45, [19, 1, 2, 3, 4, 5, 6, 7, 8, 9]], [46, [19, 1, 2, 3, 4, 5, 6, 7, 8, 9]], [47, [19, 1, 2, 3, 4, 5, 6, 7, 8, 9]], [48, [19, 1, 2, 3, 4, 5, 6, 7, 8, 9]], [49, [19, 1, 2, 3, 4, 5, 6, 7, 8, 9]], [50, [19, 1, 2, 3, 4, 5, 6, 7, 8, 9]], [51, [19, 1, 2, 3, 4, 5, 6, 7, 8, 9]], [52, [19, 1, 2, 3, 4, 5, 6, 7, 8, 9]], [53, [19, 1, 2, 3, 4, 5, 6, 7, 8, 9]], [54, [19, 1, 2, 3, 4, 5, 6, 7, 8, 9]], [55, [19, 1, 2, 3, 4, 5, 6, 7, 8, 9]], [56, [19, 1, 2, 3, 4, 5, 6, 7, 8, 9]], [57, [19, 1, 2, 3, 4, 5, 6, 7, 8, 9]], [58, [19, 1, 2, 3, 4, 5, 6, 7, 8, 9]], [59, [19, 1, 2, 3, 4, 5, 6, 7, 8, 9]], [60, [19, 1, 2, 3, 4, 5, 6, 7, 8, 9]], [61, [19, 1, 2, 3, 4, 5, 6, 7, 8, 9]], [62, [19, 1, 2, 3, 4, 5, 6, 7, 8, 9]], [63, [19, 1, 2, 3, 4, 5, 6, 7, 8, 9]], [64, [19, 1, 2, 3, 4, 5, 6, 7, 8, 9]], [65, [19, 1, 2, 3, 4, 5, 6, 7, 8, 9]], [66, [19, 1, 2, 3, 4, 5, 6, 7, 8, 9]], [67, [19, 1, 2, 3, 4, 5, 6, 7, 8, 9]], [68, [19, 1, 2, 3, 4, 5, 6, 7, 8, 9]], [69, [19, 1, 2, 3, 4, 5, 6, 7, 8, 9]], [70, [19, 1, 2, 3, 4, 5, 6, 7, 8, 9]], [71, [19, 1, 2, 3, 4, 5, 6, 7, 8, 9]], [72, [19, 1, 2, 3, 4, 5, 6, 7, 8, 9]], [73, [19, 1, 2, 3, 4, 5, 6, 7, 8, 9]], [74, [19, 1, 2, 3, 4, 5, 6, 7, 8, 9]], [75, [19, 1, 2, 3, 4, 5, 6, 7, 8, 9]], [76, [19, 1, 2, 3, 4, 5, 6, 7, 8, 9]], [77, [19, 1, 2, 3, 4, 5, 6, 7, 8, 9]], [78, [19, 1, 2, 3, 4, 5, 6, 7, 8, 9]], [79, [19, 1, 2, 3, 4, 5, 6, 7, 8, 9]], [80, [19, 1, 2, 3, 4, 5, 6, 7, 8, 9]], [81, [19, 1, 2, 3, 4, 5, 6, 7, 8, 9]], [82, [19, 1, 2, 3, 4, 5, 6, 7, 8, 9]], [83, [19, 1, 2, 3, 4, 5, 6, 7, 8, 9]], [84, [19, 1, 2, 3, 4, 5, 6, 7, 8, 9]], [85, [19, 1, 2, 3, 4, 5, 6, 7, 8, 9]], [86, [19, 1, 2, 3, 4, 5, 6, 7, 8, 9]], [87, [19, 1, 2, 3, 4, 5, 6, 7, 8, 9]], [88, [19, 1, 2, 3, 4, 5, 6, 7, 8, 9]], [89, [19, 1, 2, 3, 4, 5, 6, 7, 8, 9]], [90, [19, 1, 2, 3, 4, 5, 6, 7, 8, 9]], [91, [19, 1, 2, 3, 4, 5, 6, 7, 8, 9]], [92, [19, 1, 2, 3, 4, 5, 6, 7, 8, 9]], [93, [19, 1, 2, 3, 4, 5, 6, 7, 8, 9]], [94, [19, 1, 2, 3, 4, 5, 6, 7, 8, 9]], [95, [19, 1, 2, 3, 4, 5, 6, 7, 8, 9]], [96, [19, 1, 2, 3, 4, 5, 6, 7, 8, 9]], [97, [19, 1, 2, 3, 4, 5, 6, 7, 8, 9]], [98, [19, 1, 2, 3, 4, 5, 6, 7, 8, 9]], [99, [19, 1, 2, 3, 4, 5, 6, 7, 8, 9]], [100, [19, 1, 2, 3, 4, 5, 6, 7, 8, 9]], [101, [19, 1, 2, 3, 4, 5, 6, 7, 8, 9]], [102, [19, 1, 2, 3, 4, 5, 6, 7, 8, 9]], [103, [19, 1, 2, 3, 4, 5, 6, 7, 8, 9]], [104, [19, 1, 2, 3, 4, 5, 6, 7, 8, 9]], [105, [19, 1, 2, 3, 4, 5, 6, 7, 8, 9]], [106, [19, 1, 2, 3, 4, 5, 6, 7, 8, 9]], [107, [19, 1, 2, 3, 4, 5, 6, 7, 8, 9]], [108, [19, 1, 2, 3, 4, 5, 6, 7, 8, 9]], [109, [19, 1, 2, 3, 4, 5, 6, 7, 8, 9]], [110, [19, 1, 2, 3, 4, 5, 6, 7, 8, 9]], [111, [19, 1, 2, 3, 4, 5, 6, 7, 8, 9]], [112, [19, 1, 2, 3, 4, 5, 6, 7, 8, 9]], [113, [19, 1, 2, 3, 4, 5, 6, 7, 8, 9]], [114, [19, 1, 2, 3, 4, 5, 6, 7, 8, 9]], [115, [19, 1, 2, 3, 4, 5, 6, 7, 8, 9]], [116, [19, 1, 2, 3, 4, 5, 6, 7, 8, 9]], [117, [19, 1, 2, 3, 4, 5, 6, 7, 8, 9]], [118, [19, 1, 2, 3, 4, 5, 6, 7, 8, 9]], [119, [19, 1, 2, 3, 4, 5, 6, 7, 8, 9]], [120, [19, 1, 2, 3, 4, 5, 6, 7, 8, 9]], [121, [19, 1, 2, 3, 4, 5, 6, 7, 8, 9]], [122, [19, 1, 2, 3, 4, 5, 6, 7, 8, 9]], [123, [19, 1, 2, 3, 4, 5, 6, 7, 8, 9]], [124, [19, 1, 2, 3, 4, 5, 6, 7, 8, 9]], [125, [19, 1, 2, 3, 4, 5, 6, 7, 8, 9]], [126, [19, 1, 2, 3, 4, 5, 6, 7, 8, 9]], [127, [19, 1, 2, 3, 4, 5, 6, 7, 8, 9]], [128, [19, 1, 2, 3, 4, 5, 6, 7, 8, 9]], [129, [19, 1, 2, 3, 4, 5, 6, 7, 8, 9]], [130, [19, 1, 2, 3, 4, 5, 6, 7, 8, 9]], [131, [19, 1, 2, 3, 4, 5, 6, 7, 8, 9]], [132, [19, 1, 2, 3, 4, 5, 6, 7, 8, 9]], [133, [19, 1, 2, 3, 4, 5, 6, 7, 8, 9]], [134, [19, 1, 2, 3, 4, 5, 6, 7, 8, 9]], [135, [19, 1, 2, 3, 4, 5, 6, 7, 8, 9]], [136, [19, 1, 2, 3, 4, 5, 6, 7, 8, 9]], [137, [19, 1, 2, 3, 4, 5, 6, 7, 8, 9]], [138, [19, 1, 2, 3, 4, 5, 6, 7, 8, 9]], [139, [19, 1, 2, 3, 4, 5, 6, 7, 8, 9]], [140, [19, 1, 2, 3, 4, 5, 6, 7, 8, 9]], [141, [19, 1, 2, 3, 4, 5, 6, 7, 8, 9]], [142, [19, 1, 2, 3, 4, 5, 6, 7, 8, 9]], [143, [19, 1, 2, 3, 4, 5, 6, 7, 8, 9]], [144, [19, 1, 2, 3, 4, 5, 6, 7, 8, 9]], [145, [19, 1, 2, 3, 4, 5, 6, 7, 8, 9]], [146, [19, 1, 2, 3, 4, 5, 6, 7, 8, 9]], [147, [19, 1, 2, 3, 4, 5, 6, 7, 8, 9]], [148, [19, 1, 2, 3, 4, 5, 6, 7, 8, 9]], [149, [19, 1, 2, 3, 4, 5, 6, 7, 8, 9]], [150, [19, 1, 2, 3, 4, 5, 6, 7, 8, 9]], [151, [19, 1, 2, 3, 4, 5, 6, 7, 8, 9]], [152, [19, 1, 2, 3, 4, 5, 6, 7, 8, 9]], [153, [19, 1, 2, 3, 4, 5, 6, 7, 8, 9]], [154, [19, 1, 2, 3, 4, 5, 6, 7, 8, 9]], [155, [19, 1, 2, 3, 4, 5, 6, 7, 8, 9]], [156, [19, 1, 2, 3, 4, 5, 6, 7, 8, 9]], [157, [19, 1, 2, 3, 4, 5, 6, 7, 8, 9]], [158, [19, 1, 2, 3, 4, 5, 6, 7, 8, 9]], [159, [19, 1, 2, 3, 4, 5, 6, 7, 8, 9]], [160, [19, 1, 2, 3, 4, 5, 6, 7, 8, 9]], [161, [19, 1, 2, 3, 4, 5, 6, 7, 8, 9]], [162, [19, 1, 2, 3, 4, 5, 6, 7, 8, 9]], [163, [19, 1, 2, 3, 4, 5, 6, 7, 8, 9]], [164, [19, 1, 2, 3, 4, 5, 6, 7, 8, 9]], [165, [19, 1, 2, 3, 4, 5, 6, 7, 8, 9]], [166, [19, 1, 2, 3, 4, 5, 6, 7, 8, 9]], [167, [19, 1, 2, 3, 4, 5, 6, 7, 8, 9]], [168, [19, 1, 2, 3, 4, 5, 6, 7, 8, 9]], [169, [19, 1, 2, 3, 4, 5, 6, 7, 8, 9]], [170, [19, 1, 2, 3, 4, 5, 6, 7, 8, 9]], [171, [19, 1, 2, 3, 4, 5, 6, 7, 8, 9]], [172, [19, 1, 2, 3, 4, 5, 6, 7, 8, 9]], [173, [19, 1, 2, 3, 4, 5, 6, 7, 8, 9]], [174, [19, 1, 2, 3, 4, 5, 6, 7, 8, 9]], [175, [19, 1, 2, 3, 4, 5, 6, 7, 8, 9]], [176, [19, 1, 2, 3, 4, 5, 6, 7, 8, 9]], [177, [19, 1, 2, 3, 4, 5, 6, 7, 8, 9]], [178, [19, 1, 2, 3, 4, 5, 6, 7, 8, 9]], [179, [19, 1, 2, 3, 4, 5, 6, 7, 8, 9]], [180, [19, 1, 2, 3, 4, 5, 6, 7, 8, 9]], [181, [19, 1, 2, 3, 4, 5, 6, 7, 8, 9]], [182, [19, 1, 2, 3, 4, 5, 6, 7, 8, 9]], [183, [19, 1, 2, 3, 4, 5, 6, 7, 8, 9]], [184, [19, 1, 2, 3, 4, 5, 6, 7, 8, 9]], [185, [19, 1, 2, 3, 4, 5, 6, 7, 8, 9]], [186, [19, 1, 2, 3, 4, 5, 6, 7, 8, 9]], [187, [19, 1, 2, 3, 4, 5, 6, 7, 8, 9]], [188, [19, 1, 2, 3, 4, 5, 6, 7, 8, 9]], [189, [19, 1, 2, 3, 4, 5, 6, 7, 8, 9]], [190, [19, 1, 2, 3, 4, 5, 6, 7, 8, 9]], [191, [19, 1, 2, 3, 4, 5, 6, 7, 8, 9]], [192, [19, 1, 2, 3, 4, 5, 6, 7, 8, 9]], [193, [19, 1, 2, 3, 4, 5, 6, 7, 8, 9]], [194, [19, 1, 2, 3, 4, 5, 6, 7, 8, 9]], [195, [19, 1, 2, 3, 4, 5, 6, 7, 8, 9]], [196, [19, 1, 2, 3, 4, 5, 6, 7, 8, 9]], [197, [19, 1, 2, 3, 4, 5, 6, 7, 8, 9]], [198, [19, 1, 2, 3, 4, 5, 6, 7, 8, 9]], [199, [19, 1, 2, 3, 4, 5, 6, 7, 8, 9]], [200, [19, 1, 2, 3, 4, 5, 6, 7, 8, 9]]]
write select id list  /Users/alice/Desktop/python/FL_selection//res/selectids/mnist_select_client_ids20_0.5.csv
colum_value 10
colum_value 10
colum_value 10
colum_value 10
colum_value 10
colum_value 10
colum_value 10
colum_value 10
colum_value 10
colum_value 10
colum_value 10
colum_value 10
colum_value 10
colum_value 10
colum_value 10
colum_value 10
colum_value 10
colum_value 10
colum_value 10
colum_value 10
colum_value 10
colum_value 10
colum_value 10
colum_value 10
colum_value 10
colum_value 10
colum_value 10
colum_value 10
colum_value 10
colum_value 10
colum_value 10
colum_value 10
colum_value 10
colum_value 10
colum_value 10
colum_value 10
colum_value 10
colum_value 10
colum_value 10
colum_value 10
colum_value 10
colum_value 10
colum_value 10
colum_value 10
colum_value 10
colum_value 10
colum_value 10
colum_value 10
colum_value 10
colum_value 10
colum_value 10
colum_value 10
colum_value 10
colum_value 10
colum_value 10
colum_value 10
colum_value 10
colum_value 10
colum_value 10
colum_value 10
colum_value 10
colum_value 10
colum_value 10
colum_value 10
colum_value 10
colum_value 10
colum_value 10
colum_value 10
colum_value 10
colum_value 10
colum_value 10
colum_value 10
colum_value 10
colum_value 10
colum_value 10
colum_value 10
colum_value 10
colum_value 10
colum_value 10
colum_value 10
colum_value 10
colum_value 10
colum_value 10
colum_value 10
colum_value 10
colum_value 10
colum_value 10
colum_value 10
colum_value 10
colum_value 10
colum_value 10
colum_value 10
colum_value 10
colum_value 10
colum_value 10
colum_value 10
colum_value 10
colum_value 10
colum_value 10
colum_value 10
colum_value 10
colum_value 10
colum_value 10
colum_value 10
colum_value 10
colum_value 10
colum_value 10
colum_value 10
colum_value 10
colum_value 10
colum_value 10
colum_value 10
colum_value 10
colum_value 10
colum_value 10
colum_value 10
colum_value 10
colum_value 10
colum_value 10
colum_value 10
colum_value 10
colum_value 10
colum_value 10
colum_value 10
colum_value 10
colum_value 10
colum_value 10
colum_value 10
colum_value 10
colum_value 10
colum_value 10
colum_value 10
colum_value 10
colum_value 10
colum_value 10
colum_value 10
colum_value 10
colum_value 10
colum_value 10
colum_value 10
colum_value 10
colum_value 10
colum_value 10
colum_value 10
colum_value 10
colum_value 10
colum_value 10
colum_value 10
colum_value 10
colum_value 10
colum_value 10
colum_value 10
colum_value 10
colum_value 10
colum_value 10
colum_value 10
colum_value 10
colum_value 10
colum_value 10
colum_value 10
colum_value 10
colum_value 10
colum_value 10
colum_value 10
colum_value 10
colum_value 10
colum_value 10
colum_value 10
colum_value 10
colum_value 10
colum_value 10
colum_value 10
colum_value 10
colum_value 10
colum_value 10
colum_value 10
colum_value 10
colum_value 10
colum_value 10
colum_value 10
colum_value 10
colum_value 10
colum_value 10
colum_value 10
colum_value 10
colum_value 10
colum_value 10
colum_value 10
colum_value 10
colum_value 10
colum_value 10
colum_value 10
colum_value 10
colum_value 10
colum_value 10
colum_value 10
colum_value 10
colum_value 10
colum_value 10
colum_value 10
success training write acc txt /Users/alice/Desktop/python/FL_selection//res/FedVOI/mnist_acc.csv /Users/alice/Desktop/python/FL_selection//res/ mnist_allacc_0.5_20_0.05.csv
success training write acc txt /Users/alice/Desktop/python/FL_selection//res/timeCost_mnist0.05.csv
File path: ../results/mnist_FedVOI_dnn_0.h5

Average time cost: 14733.67s.
Length:  200
std for best accurancy: 0.0
mean for best accurancy: 0.7336189660097115
All done!

Storage on cpu
-------------------------------------------------------------------------------
Total Tensors: 277922717 	Used Memory: 845.98M
-------------------------------------------------------------------------------
