1,case,method,group,Loss,Accurancy,AUC,Std Test Accurancy,Std Test AUC,Kl,JS,EMD,round_time,highResourceClientNum,select_mode
2,mnist,FedVOI,1,2.416838137070841,0.1245651058004905,0.553577256373973,0.20425537091290633,0.21903132763173674,0.24467445376311636,0.2609441985691874,0.05014548518192837,64.84,0,random
3,mnist,FedVOI,2,2.277500866974322,0.18553584668910056,0.6234659741962494,0.30389793546252625,0.22489833273510465,0.15677202226452058,0.19329292708292184,0.03580130374479889,66.07000000000001,0,random
4,mnist,FedVOI,3,1.8260799737883446,0.3890948497119717,0.7686632156696523,0.30712785450193836,0.244456412952174,0.08724639865221079,0.14850606773343208,0.029949423464588096,58.3,0,random
5,mnist,FedVOI,4,1.5119241090132898,0.5315690412365254,0.8452413817157403,0.3279896100754989,0.19401845505024098,0.06132087322616275,0.12783680695891428,0.022635602858446104,70.38,0,random
6,mnist,FedVOI,5,1.3867642090019074,0.5403524781839959,0.8603415051487344,0.3278450206411892,0.1751367527125882,0.0871013180145165,0.15057364403273257,0.0285780495376059,57.0,0,random
7,mnist,FedVOI,6,1.3042255704484365,0.5359037244054069,0.8734690640300443,0.3284392933790998,0.15637465446525045,0.08684106683114728,0.147715910642756,0.03086044521028958,50.43,0,random
8,mnist,FedVOI,7,1.1853209928727566,0.5884902754805225,0.8924461635964488,0.32131982909298745,0.14018539306886257,0.07451899373719251,0.13890939312857328,0.025360371214875034,54.96,0,random
9,mnist,FedVOI,8,1.0566440487340896,0.6277876005247248,0.9127252230607816,0.30950480469339,0.12037232484554228,0.04302219196111593,0.10379519589119929,0.01887602664406914,65.28,0,random
10,mnist,FedVOI,9,0.964159789393477,0.6561911823418696,0.9302982793967433,0.29018852720922966,0.0931764637035014,0.04169872602127813,0.10261333360762742,0.01954136076522159,66.16,0,random
11,mnist,FedVOI,10,0.9110876196072097,0.6717618205669309,0.9387576896099716,0.2725848545798086,0.07827062353478112,0.05066173158187052,0.11184162531999488,0.021639699661217853,57.0,0,random
12,mnist,FedVOI,11,0.8684953266614985,0.6917241772657274,0.9430899505733682,0.2694136588362291,0.07388129432543358,0.050069193360319675,0.11211055263766576,0.022317318467106877,54.96,0,random
13,mnist,FedVOI,12,0.816399271967223,0.717275993840187,0.9511835001137651,0.23416909377983586,0.06263348356638343,0.047664677706274014,0.10969680638302122,0.02246397382015016,47.589999999999996,0,random
14,mnist,FedVOI,13,0.8006894261760498,0.7220669594478982,0.9532946428858443,0.2212637715278819,0.05887763105794704,0.056756503388713804,0.11938142367880729,0.024076597420165227,70.38,0,random
15,mnist,FedVOI,14,0.7412482090122787,0.7497861176067986,0.9612004289382726,0.19576208637959058,0.050769247076852465,0.05126570956414222,0.11345639727730489,0.022677443127024986,69.0,0,random
16,mnist,FedVOI,15,0.7048652145773533,0.7633034848571265,0.9649894194268086,0.18374282284596194,0.04699199958339321,0.051095271771540704,0.11302089873770038,0.022595534065370893,70.38,0,random
17,mnist,FedVOI,16,0.6929045271573793,0.7644441909542007,0.9650602499567408,0.1831739785441235,0.047899478438501536,0.05080155781348434,0.11323766686177754,0.020398947667434605,66.07000000000001,0,random
18,mnist,FedVOI,17,0.6564441312299628,0.7813266411908971,0.9687702848061799,0.16921918902714594,0.04296768140255091,0.03929819465701152,0.09937069246796948,0.016646673623697848,70.36,0,random
19,mnist,FedVOI,18,0.6251268801219494,0.7928477727713454,0.9720002880081583,0.1596288961369,0.03819216347281084,0.034108672581082876,0.0926255143350371,0.014561020175253632,70.38,0,random
20,mnist,FedVOI,19,0.6004230423080351,0.8032281982547197,0.9743820407029771,0.1492783129701436,0.03430275352656372,0.03275967081711244,0.09059746843771924,0.014632895813534103,65.12,0,random
21,mnist,FedVOI,20,0.5830138834538998,0.8110990703245309,0.9755391167716106,0.14600466266915016,0.03355237955323965,0.030991978210722984,0.08849674548142404,0.013125046731583287,70.36,0,random
22,mnist,FedVOI,21,0.57180226313401,0.8161752124565106,0.9759863321551845,0.14644048896710338,0.03393367102145163,0.03149330571570018,0.08994746111889847,0.014559941204262692,68.37,0,random
23,mnist,FedVOI,22,0.5576636604839628,0.8210232133690755,0.9771160704033091,0.13973620285268906,0.03240857302660968,0.030068348231672017,0.08795503605396042,0.01396256786940952,68.37,0,random
24,mnist,FedVOI,23,0.5440437622226073,0.8258712142816403,0.9782425904361878,0.13194569718249713,0.03046873736755261,0.03220101541604131,0.09108019059922626,0.014682002049243956,70.38,0,random
25,mnist,FedVOI,24,0.5198175723805117,0.8368219928135516,0.9805638750513093,0.11545021807152245,0.02569260876792948,0.024543417699297385,0.07849884939766123,0.011957216526033975,70.38,0,random
26,mnist,FedVOI,25,0.4996408609377774,0.8426966292134831,0.9825171132397804,0.1054469773494485,0.021305328565196173,0.02076695458238547,0.07171001753134663,0.009448858709788104,70.38,0,random
27,mnist,FedVOI,26,0.47759537133537455,0.8503963953687332,0.9841235228823376,0.09858936252317786,0.0189013408305107,0.014738318653693372,0.06015009611622201,0.0070390227431820565,65.28,0,random
28,mnist,FedVOI,27,0.4639173579100048,0.8534763018308333,0.9850469835121182,0.09533803395491755,0.017513520390578602,0.01413023179763273,0.05854058814971609,0.006681861552339835,66.16,0,random
29,mnist,FedVOI,28,0.46211307617113484,0.8526207722580277,0.9850202288088371,0.09830237959432997,0.017390858204393123,0.015526541644545205,0.06169472135353296,0.007961362929951673,65.12,0,random
30,mnist,FedVOI,29,0.4615555813098535,0.8520504192094907,0.9849539151301746,0.10057762688322931,0.017492380438228174,0.01792253759473586,0.06623319540532602,0.009162861340349144,70.38,0,random
31,mnist,FedVOI,30,0.45585612204362647,0.8533051959162722,0.9852376196813751,0.10023646597907732,0.0171132572822452,0.016087061582594594,0.06283419918326051,0.008141715243364503,65.87,0,random
32,mnist,FedVOI,31,0.4460892339048125,0.8570695260366167,0.9859350701785613,0.09657267187816865,0.015597474890928997,0.014332259074915362,0.05939440582943047,0.008143265346077741,70.36,0,random
33,mnist,FedVOI,32,0.45161160599205136,0.8539325842696629,0.9853701778975335,0.09829252524510476,0.01658428470908807,0.015192883383467611,0.06152001381052722,0.008300685025731384,70.36,0,random
34,mnist,FedVOI,33,0.4485663127293873,0.8551873609764444,0.9854833459336333,0.09791944546111957,0.016399330318121626,0.014021177328670083,0.059120791506266895,0.007763666428553778,70.36,0,random
35,mnist,FedVOI,34,0.4463231184474611,0.8551303256715908,0.9855633685436894,0.10016328545190956,0.0162227429660178,0.014962172044751837,0.060934184011212075,0.00840321130181012,55.47,0,random
36,mnist,FedVOI,35,0.4415960001285259,0.8562710317686648,0.9857711054036912,0.0998195526902525,0.01600010921488598,0.014825573390931294,0.06073331521711751,0.008371623494902187,64.37,0,random
37,mnist,FedVOI,36,0.4424493808001373,0.8550162550618833,0.9856184717388582,0.10029925279613339,0.01634391049523677,0.01640051455460752,0.06384404121314283,0.009002206545837924,79.64,0,random
38,mnist,FedVOI,37,0.43601283873480534,0.8568413848172018,0.9860340589906905,0.0997327316684437,0.01562890860976331,0.01530532921036691,0.06172710553455674,0.008812952307173182,59.260000000000005,0,random
39,mnist,FedVOI,38,0.4317326021820916,0.8584383733531056,0.9862774845189662,0.09853609550744488,0.015112518623036766,0.015120154836151489,0.061283459663149124,0.008700833996467702,65.28,0,random
40,mnist,FedVOI,39,0.4279504372240381,0.8602064678035705,0.9864318762410412,0.09738228122489827,0.015042373094423297,0.013875075621090416,0.05887559734549049,0.008102278484717661,79.64,0,random
41,mnist,FedVOI,40,0.42630805865836635,0.8604346090229852,0.9865393003639423,0.09110124984182794,0.014692467630303886,0.01380837970221312,0.05884599465827106,0.008296516933299733,70.36,0,random
42,mnist,FedVOI,41,0.4229657504602307,0.8610049620715222,0.9866881916951882,0.09025148555938149,0.014510275365725765,0.01458209327744213,0.06059405026695066,0.008973277572008564,79.64,0,random
43,mnist,FedVOI,42,0.41795932724242635,0.862601950607426,0.9869674310396109,0.09068816339011097,0.01408977707232169,0.014562058659224358,0.06042927657719378,0.008791422900554378,55.47,0,random
44,mnist,FedVOI,43,0.4192562091059381,0.8607768208521075,0.9868337588774151,0.0908741128738902,0.014174671454770789,0.015502619012836987,0.06254111156579939,0.009968176312584464,59.260000000000005,0,random
45,mnist,FedVOI,44,0.42011513945326134,0.8611760679860834,0.9867177356310175,0.09041754464184294,0.014518347210474585,0.01615763887374338,0.0641599302375139,0.009849161548214077,70.38,0,random
46,mnist,FedVOI,45,0.41914788669463504,0.8608908914618149,0.9867002524391599,0.09128958415840922,0.014719437373515975,0.015041108860520097,0.06179166693890255,0.00925205275812497,66.16,0,random
47,mnist,FedVOI,46,0.41766057807708745,0.862601950607426,0.9867129950174437,0.08929078791439284,0.014919026556217858,0.014609473887431515,0.06100724927669686,0.008809744465046601,65.87,0,random
48,mnist,FedVOI,47,0.4178007927422439,0.8628300918268408,0.9866347946731148,0.08965670630520348,0.015126233356021014,0.014385837453349412,0.06054192885805971,0.008750338177362857,64.84,0,random
49,mnist,FedVOI,48,0.4151506692439538,0.8631152683511093,0.9868138035891472,0.08878804936004976,0.014699501444927382,0.014091608145580008,0.059861531005526526,0.008622175864205328,58.3,0,random
50,mnist,FedVOI,49,0.4148112388293403,0.8630582330462556,0.9868625134946803,0.08650521870052881,0.014475825751319166,0.014441781061364173,0.06071523868917917,0.008796062533667725,56.2,0,random
51,mnist,FedVOI,50,0.41051593769655903,0.864541150972452,0.987159725526139,0.08466114782411105,0.013840692064790239,0.01407472493297455,0.05989281673999241,0.008571162187660792,66.07000000000001,0,random
52,mnist,FedVOI,51,0.4061163428531825,0.8660240688986482,0.9874236212113132,0.08256226128505503,0.013414997118598533,0.013949565272175744,0.05971857699581,0.008887921036000215,65.03,0,random
53,mnist,FedVOI,52,0.4007988359670635,0.867050704386015,0.9877382545011786,0.08201881201602963,0.013070944736834728,0.012965627607413367,0.05762519810870547,0.008493782805237,69.0,0,random
54,mnist,FedVOI,53,0.3959644212373383,0.8688187988364798,0.9879624751775039,0.08167807286791584,0.012822338742960307,0.011112397764358784,0.05316219026429026,0.007506446300487272,65.28,0,random
55,mnist,FedVOI,54,0.39336503371398845,0.8692180459704557,0.9880811639283545,0.08168341798667435,0.012710790089311537,0.010682368013570899,0.05210753667078793,0.007127727399557249,66.16,0,random
56,mnist,FedVOI,55,0.3925038935018607,0.8697883990189927,0.9881086305782752,0.08009047652698652,0.012722321694156049,0.011569425412526561,0.05426006555337515,0.007284671121575865,54.49,0,random
57,mnist,FedVOI,56,0.39008193332673324,0.8705298579820909,0.9881962056308995,0.08003720819440271,0.012697305417885694,0.011182894208080402,0.053348678317292446,0.007047109580389319,66.16,0,random
58,mnist,FedVOI,57,0.3874842079026659,0.8705298579820909,0.9882936300270523,0.08043973000547197,0.012610359695235922,0.010507726284647498,0.051595528670938376,0.006237680536908956,54.96,0,random
59,mnist,FedVOI,58,0.3852815955736203,0.8706439285917983,0.9884247491908161,0.0805437321102889,0.012256908545633424,0.01030822623509897,0.050974145591023624,0.006123645292997982,66.07000000000001,0,random
60,mnist,FedVOI,59,0.3816338945198497,0.8717275993840187,0.9886336356062353,0.08026985779786959,0.012033661505963545,0.010493703714338299,0.05147371460003698,0.006335843412568203,56.95,0,random
61,mnist,FedVOI,60,0.37663928507166844,0.8734386585296299,0.9889591690876243,0.07823474009214872,0.011413836391303197,0.009388267904197906,0.04858149557731545,0.0058125615917079,65.12,0,random
62,mnist,FedVOI,61,0.3722919110382825,0.8744652940169966,0.9892457409074771,0.07716321415819145,0.010866019188093011,0.008626783228595484,0.04659349770557825,0.005715643774938855,58.6,0,random
63,mnist,FedVOI,62,0.36833149857161024,0.8753208235898021,0.9894620596673532,0.07917658885969182,0.010563489934374663,0.007249797101051193,0.04259620225568463,0.004918198283386678,65.03,0,random
64,mnist,FedVOI,63,0.3650393950821454,0.8764615296868762,0.9896256274077,0.0766113178405465,0.010426192634477588,0.0070865367778251845,0.042130684310285105,0.004632111804861434,44.25000000000001,0,random
65,mnist,FedVOI,64,0.36210411550015864,0.8776592710888039,0.9897796732708922,0.07686798332637018,0.010308315582810326,0.006895042778668276,0.04157882413310862,0.0044368740955137475,44.25000000000001,0,random
66,mnist,FedVOI,65,0.3599186203813095,0.8784007300519021,0.9898611060329054,0.0769187377944158,0.01024027966642707,0.006332236212535635,0.03983784460993492,0.004640779231998622,65.12,0,random
67,mnist,FedVOI,66,0.35955255813997633,0.8792562596247077,0.9898103054594994,0.07720247400005074,0.010470233828364105,0.00628116643145757,0.03973316718648171,0.0053889689783807974,66.16,0,random
68,mnist,FedVOI,67,0.35870677926154054,0.8798266126732447,0.9898090561625388,0.0794084388846478,0.010538581288057961,0.0062406459316454894,0.03960591368841918,0.0056087955840319215,66.16,0,random
69,mnist,FedVOI,68,0.3574442639494323,0.8798266126732447,0.9898549971075061,0.07876505797666417,0.010490622903590669,0.00630459206978181,0.039872828059413105,0.005935542949356566,64.84,0,random
70,mnist,FedVOI,69,0.3593456382630259,0.8784007300519021,0.9897291283252505,0.08005741089024225,0.010701322039759606,0.007532704095296671,0.043593568986996525,0.006396688773542814,59.260000000000005,0,random
71,mnist,FedVOI,70,0.35646527942470746,0.8794844008441225,0.9898860651475196,0.07824588161316208,0.01041309161464768,0.0062432541784906825,0.03967095073216055,0.006168379910849114,55.47,0,random
72,mnist,FedVOI,71,0.35335469379925655,0.8807962128557577,0.9900494877589843,0.07566790137132898,0.010230800131245969,0.0056183453938355235,0.03763030996884999,0.005834868730013354,64.84,0,random
73,mnist,FedVOI,72,0.3510226765528233,0.8817087777334169,0.9901672390212323,0.07533613872225339,0.01010890124314685,0.005462867207079214,0.03713603533272497,0.005426944571669867,44.25000000000001,0,random
74,mnist,FedVOI,73,0.34932088349785706,0.8822791307819541,0.9902507587401184,0.07445705886712377,0.010003786293123486,0.005437841088143603,0.03701094354907031,0.005263758061504512,68.37,0,random
75,mnist,FedVOI,74,0.3476307959741007,0.8828494838304911,0.9903251642906489,0.07383916775944713,0.009966609861911911,0.005759929545374409,0.03808747968981879,0.005573367599883748,54.96,0,random
76,mnist,FedVOI,75,0.3484414636937219,0.8822791307819541,0.9902515146298511,0.07414989663222252,0.010057139921724212,0.006473573346561578,0.04046085066808736,0.006338613444036061,65.12,0,random
77,mnist,FedVOI,76,0.34857949808282296,0.8823932013916614,0.9902118958203903,0.07555181191349744,0.010207280060941366,0.006667009605830472,0.04115360900048732,0.006736465043421057,65.28,0,random
78,mnist,FedVOI,77,0.34806828470370743,0.8827354132207836,0.9902201186636783,0.07546392009843624,0.010229958665785214,0.006930868899019429,0.04196012314667405,0.0067758804178504415,47.589999999999996,0,random
79,mnist,FedVOI,78,0.3468588085006815,0.8833628015741745,0.9902754503995104,0.07538611122894895,0.01015351534221653,0.0072114282985176695,0.042803217940429995,0.006614377950046298,65.87,0,random
80,mnist,FedVOI,79,0.34418234811888265,0.8837050134032967,0.9904310940210833,0.07306715930435606,0.009857578408954707,0.006248360443319874,0.039699279885502,0.005933617625539276,64.37,0,random
81,mnist,FedVOI,80,0.3436885409457389,0.8833628015741745,0.9904600253697887,0.0749357227247996,0.009746943481114679,0.006811921880408874,0.04137957865645766,0.00576403830242151,58.6,0,random
82,mnist,FedVOI,81,0.3422420000877893,0.8834768721838818,0.9905276776576093,0.07437257571853367,0.009676686553079709,0.006975176475251288,0.041948122847021124,0.005903035362747384,79.64,0,random
83,mnist,FedVOI,82,0.3414901192896061,0.8846746135858096,0.9905503922623173,0.07388282114812116,0.009692328516518248,0.007373325598128401,0.04317176549025383,0.006227856358399471,57.0,0,random
84,mnist,FedVOI,83,0.34039562304707605,0.8854160725489078,0.9905937942441023,0.0740758279856912,0.009680145245599152,0.007523006360077544,0.043626527922119455,0.006438322968865312,65.87,0,random
85,mnist,FedVOI,84,0.337699499869823,0.8861575315120059,0.990732204037694,0.07324513519927274,0.009524672690093461,0.007178671006522614,0.0426544370900519,0.006251186777912928,70.36,0,random
86,mnist,FedVOI,85,0.33595398807784854,0.8865567786459818,0.990813419437736,0.07159519348828408,0.009455151018336062,0.00742328112873934,0.043404260490815916,0.006483163604561228,65.12,0,random
87,mnist,FedVOI,86,0.334288067123757,0.887127131694519,0.9908707710784369,0.07182007892535779,0.009458222284278102,0.007122011564071583,0.04255037090004362,0.0067041428997911216,69.0,0,random
88,mnist,FedVOI,87,0.3327769318131208,0.8874693435236412,0.9909376679973598,0.07163331011034929,0.009442812852143483,0.00752824008292092,0.043723541831245355,0.006441284959915286,65.12,0,random
89,mnist,FedVOI,88,0.33136360907708756,0.8880967318770319,0.9909922156358689,0.07151737775632881,0.009351489434031343,0.007368809507699683,0.04323500474300467,0.006425987026750051,65.28,0,random
90,mnist,FedVOI,89,0.3303558911131922,0.8879256259624708,0.9910066689572138,0.07339454346538438,0.00936069949725264,0.0077335801760986325,0.044248156239647805,0.006781844645385005,66.16,0,random
91,mnist,FedVOI,90,0.3291213524962724,0.8885530143158615,0.99105226276937,0.07351553139929318,0.009327884789257022,0.008075599065868574,0.045209474973338035,0.006613010812231532,59.260000000000005,0,random
92,mnist,FedVOI,91,0.32890007830253704,0.8885530143158615,0.9910362713168248,0.07386313917831205,0.009312028482290569,0.008161625737771688,0.04548186640098555,0.006924618674730165,46.199999999999996,0,random
93,mnist,FedVOI,92,0.32782713772487404,0.8887811555352764,0.9910753810062898,0.07340579395268688,0.00927413020685196,0.00805731753310435,0.045248151454067624,0.006743110514643892,66.07000000000001,0,random
94,mnist,FedVOI,93,0.32719122605416884,0.8886100496207152,0.9910863890819183,0.07374804999941942,0.009318110467070075,0.008168860045492962,0.04561493273307058,0.007194248412738719,56.95,0,random
95,mnist,FedVOI,94,0.32628080001172566,0.8889522614498374,0.9911078258094446,0.07461670838017267,0.009371169975896567,0.008513622973833969,0.046567633589789714,0.007331848561873843,69.0,0,random
96,mnist,FedVOI,95,0.3254789572990003,0.8890092967546912,0.9911278975389336,0.07436845671811082,0.00935819599030956,0.008535569918156663,0.04667355236631613,0.0072791736132397835,70.36,0,random
97,mnist,FedVOI,96,0.323599958897574,0.8894655791935208,0.9912202665097861,0.07415778467565881,0.009192485819356267,0.00852650839546227,0.046649029096525726,0.007205795464641248,65.12,0,random
98,mnist,FedVOI,97,0.3222482295913203,0.8895796498032282,0.9912802808655258,0.07404901451320954,0.009087169607370806,0.008753681797721109,0.04723501896248046,0.007314221261413533,47.589999999999996,0,random
99,mnist,FedVOI,98,0.3219722695463022,0.8898648263274967,0.9912897075215484,0.07387725180761867,0.009082565943037852,0.009072431881757246,0.048093010562218104,0.007401632172877624,56.95,0,random
100,mnist,FedVOI,99,0.3212415426493903,0.8894085438886671,0.9913344652170408,0.07477097219418077,0.009001488131728163,0.008668802053683316,0.04697711620201749,0.007378384814826671,66.07000000000001,0,random
101,mnist,FedVOI,100,0.32019532016852276,0.8899218616323504,0.9913773018620672,0.07446642619954674,0.009009400388428295,0.008506207516901381,0.0466121599376816,0.007645038829998186,69.0,0,random
102,mnist,FedVOI,101,0.31835848115790905,0.8908344265100097,0.9914755441972208,0.0712239504579523,0.008839259249924701,0.008045926610323375,0.045325808139938466,0.007385381249794128,64.84,0,random
103,mnist,FedVOI,102,0.3165206591607804,0.8918610619973764,0.9915700680943675,0.07107250584733267,0.008753923832745416,0.008154833555496266,0.04560639312923633,0.0072888301372166986,58.6,0,random
104,mnist,FedVOI,103,0.3147113583630131,0.8930588033993042,0.9916583045173467,0.06967386974842986,0.008668587509148815,0.007692700442990077,0.04429995110478285,0.007109742035333393,69.0,0,random
105,mnist,FedVOI,104,0.3136754231237247,0.8932869446187189,0.9916980129009569,0.06988210573294135,0.008616149836765702,0.008157693673196948,0.04558569592854681,0.007293680032740407,66.07000000000001,0,random
106,mnist,FedVOI,105,0.31190477726765503,0.8937432270575486,0.9917718458643786,0.07007926634804305,0.008531531655280193,0.007766677027196677,0.0445089268200495,0.0073882874763417615,79.64,0,random
107,mnist,FedVOI,106,0.31058616116800225,0.8944846860206468,0.9918247167422936,0.07007041551304936,0.008486948419734899,0.007991265335728838,0.045114906017396754,0.007445352342824463,58.6,0,random
108,mnist,FedVOI,107,0.3088662515006473,0.894826897849769,0.9919102623387069,0.06936676373600302,0.008367604533152885,0.0072784251775012306,0.042987516642529935,0.006908202632170554,59.96000000000001,0,random
109,mnist,FedVOI,108,0.3084762837444515,0.8948839331546227,0.9919094868327551,0.07035689752361769,0.008381222888044182,0.007473998346945208,0.04360191132082063,0.007320138317316354,65.12,0,random
110,mnist,FedVOI,109,0.3085226666839442,0.8945987566303542,0.9918831266427985,0.06979256530279813,0.008460416002764657,0.008199706508104162,0.04567438301168986,0.007611231426504534,41.57,0,random
111,mnist,FedVOI,110,0.3077259218219317,0.8947128272400616,0.9918994545230126,0.06995204573930038,0.008454030825330873,0.007944728676535727,0.044965298786733464,0.0077438668985667335,46.199999999999996,0,random
112,mnist,FedVOI,111,0.30753846502585136,0.8949409684594765,0.9918910473680113,0.07091077863199893,0.008448525435716888,0.008557321326803187,0.04664950586741284,0.00794501793439334,59.260000000000005,0,random
113,mnist,FedVOI,112,0.30707659250865826,0.8952831802885987,0.9918882317584351,0.07080656117978534,0.008471443821887682,0.008609284759112481,0.04686974697806149,0.008469926681542879,69.0,0,random
114,mnist,FedVOI,113,0.3065946573403889,0.894826897849769,0.9918920205046976,0.07117630597527738,0.008481550015139477,0.008992741007171458,0.047892580388410634,0.009032810203886894,54.96,0,random
115,mnist,FedVOI,114,0.30642410119381297,0.8945417213255005,0.991882327997475,0.07129807009647372,0.008528732570995378,0.009048627152167102,0.048103132459988936,0.0091760034814676,65.12,0,random
116,mnist,FedVOI,115,0.3064697316467152,0.8943706154109393,0.9918578148511227,0.07182506339442696,0.008575371260446876,0.009511166415544338,0.04929479277424827,0.009514762539146866,66.07000000000001,0,random
117,mnist,FedVOI,116,0.30603335579164503,0.8940854388866708,0.9918643054908061,0.07239083910056505,0.008606448377278628,0.009734080417823043,0.04986620552196373,0.00972651231556226,79.64,0,random
118,mnist,FedVOI,117,0.3044521215940706,0.894826897849769,0.9919431112771613,0.07184123858322101,0.008478033909392809,0.009090264282893307,0.048148964074421305,0.009387915036867258,70.38,0,random
119,mnist,FedVOI,118,0.30274477290400476,0.8955683568128672,0.9920367922631049,0.07110197228388682,0.008366375493930149,0.008640920238404532,0.04696322382677844,0.008875664163177652,65.12,0,random
120,mnist,FedVOI,119,0.3015510225362487,0.8963098157759654,0.9920958943220268,0.07016996084229134,0.008283426147621684,0.008607777810021379,0.04686925001499992,0.008684129127309915,70.38,0,random
121,mnist,FedVOI,120,0.30050421415580997,0.8968801688245024,0.9921415107858292,0.07014462167539635,0.008231065562184057,0.008771924971910889,0.04731019550701304,0.008901231065188846,59.260000000000005,0,random
122,mnist,FedVOI,121,0.29932068035103393,0.8972794159584783,0.9921900450292988,0.06984840501807114,0.008193124889485487,0.008575899039928577,0.04680610699829042,0.008772814492774388,70.36,0,random
123,mnist,FedVOI,122,0.2984552390196655,0.8976216277876006,0.9922106993864125,0.07026382854504405,0.008260588711348608,0.008812278095945933,0.04749068540007497,0.008977945605023038,65.12,0,random
124,mnist,FedVOI,123,0.2983434532104043,0.8975645924827468,0.9922015687739293,0.07088337570701492,0.008271485836552708,0.009415745288048893,0.04904099890276442,0.009301650961017125,56.95,0,random
125,mnist,FedVOI,124,0.2974674107210281,0.8977356983973079,0.9922401938369523,0.07089063304035909,0.00823739320162629,0.009347649583813946,0.04884093664102337,0.009114997108910157,70.38,0,random
126,mnist,FedVOI,125,0.2966254235069603,0.8984201220555524,0.9922740411287657,0.07053471934839173,0.00820898373837969,0.009316714734669006,0.04878962323875387,0.00926647976749074,79.64,0,random
127,mnist,FedVOI,126,0.2971654777436141,0.8981349455312838,0.9922316851406358,0.07052626440621942,0.008274651470999515,0.009836963229510226,0.050134896985704606,0.009321213000679859,56.2,0,random
128,mnist,FedVOI,127,0.29695090282124165,0.8983630867506986,0.9922305938169859,0.07018275190149395,0.008334055378309892,0.009705765543653736,0.04987769244898663,0.008971270311222988,66.07000000000001,0,random
129,mnist,FedVOI,128,0.2959752423157785,0.8991045457137968,0.9922674359621331,0.07039679186910287,0.008338586764704023,0.009697122390111128,0.0498740977493562,0.008872205406098541,58.6,0,random
130,mnist,FedVOI,129,0.2964016356944396,0.8984201220555524,0.9922381454426753,0.07082656868808412,0.008358737416294367,0.010638643695397385,0.052154694687217625,0.00934001546481975,55.47,0,random
131,mnist,FedVOI,130,0.2960005441912309,0.8984771573604061,0.9922474894731055,0.07066077776525485,0.008381529472989565,0.010740308188030913,0.052454220155392334,0.009446564254223832,53.18,0,random
132,mnist,FedVOI,131,0.29578188512389586,0.8984771573604061,0.9922454811469001,0.07076110788764135,0.008400602349050074,0.011013154447992533,0.05313407797151472,0.009708799871877699,66.16,0,random
133,mnist,FedVOI,132,0.29518389550950147,0.8985341926652598,0.9922672268985965,0.07076057936510244,0.008396343575976538,0.011175940428335683,0.05348887119232735,0.009781650548797108,65.87,0,random
134,mnist,FedVOI,133,0.2956439140804798,0.8981349455312838,0.9922339958971345,0.07108898608448927,0.008438436463821397,0.011785019852544437,0.05490932960214315,0.00997745291625543,66.16,0,random
135,mnist,FedVOI,134,0.2947880884859803,0.8987623338846746,0.9922781236899849,0.06982975024131811,0.008410621979032347,0.01155892513308751,0.05437239757549545,0.009772195420741113,58.6,0,random
136,mnist,FedVOI,135,0.29394514204607536,0.8991045457137968,0.9923107833321807,0.0700665129294407,0.008402694523295158,0.011439455892495872,0.054132474823069,0.009805049049572322,59.260000000000005,0,random
137,mnist,FedVOI,136,0.2942533015447855,0.8987623338846746,0.9922790691418946,0.07053622609470529,0.008475022057922115,0.01221945267297243,0.05595598757985976,0.010221107812191594,66.16,0,random
138,mnist,FedVOI,137,0.293653016231683,0.8992186163235042,0.9923032636280678,0.0703871468222641,0.008450972838589626,0.012049011780558058,0.05558495370718707,0.010012633835797606,59.260000000000005,0,random
139,mnist,FedVOI,138,0.2935604350686497,0.8997319340671875,0.992302868467854,0.07030327639443269,0.008449036973592627,0.012159983640134235,0.0558684190095779,0.010084539889283532,79.64,0,random
140,mnist,FedVOI,139,0.29343418043134584,0.8993897222380653,0.9923001580632751,0.07061845112614829,0.008477286460279248,0.012363175463051485,0.05635051225839538,0.010228954275268723,65.12,0,random
141,mnist,FedVOI,140,0.29323963244940954,0.8992186163235042,0.9923007883902323,0.0717368200396025,0.008499620101704446,0.012576785545903878,0.05686701814856014,0.010163364257399717,70.36,0,random
142,mnist,FedVOI,141,0.29227840616793116,0.8996178634574802,0.9923430554691437,0.07069481904915348,0.008464937742918502,0.012665884124286524,0.05707346264232956,0.01020025657609333,54.96,0,random
143,mnist,FedVOI,142,0.291630707423506,0.9000741458963099,0.9923655978327166,0.07061495311170565,0.008451826051321864,0.012926353657036656,0.057665550479385166,0.010303650560375126,64.84,0,random
144,mnist,FedVOI,143,0.29098425726803484,0.9003022871157247,0.9923833212918569,0.07075128190352517,0.008432644707116252,0.013071732905283162,0.05803777190062877,0.010362588774612115,51.83,0,random
145,mnist,FedVOI,144,0.2898724877413679,0.9007015342497006,0.992429346196049,0.07057924551743086,0.008373010654944182,0.01291562763210429,0.05776532589262501,0.010279206930819561,70.38,0,random
146,mnist,FedVOI,145,0.28949095296801797,0.9007585695545542,0.9924422956308312,0.07070021031533039,0.00837143112799866,0.012716292367764566,0.057349554727970646,0.010175500391951925,59.260000000000005,0,random
147,mnist,FedVOI,146,0.28883560666202723,0.9010437460788228,0.9924692841982445,0.07055127660454538,0.008347958247004935,0.012757832852517076,0.05743430683288283,0.010164246191841251,64.84,0,random
148,mnist,FedVOI,147,0.2880065655637043,0.9011578166885302,0.9924999050693003,0.07057821874581653,0.008320906933830228,0.012768951022212455,0.057503859137359135,0.010202557978523425,56.95,0,random
149,mnist,FedVOI,148,0.28724283795616395,0.9012148519933839,0.9925268814422434,0.07055629259069048,0.008309313176120768,0.012985270697509021,0.05799323884267816,0.010251183960986184,79.64,0,random
150,mnist,FedVOI,149,0.28626063593385004,0.9015570638225061,0.9925709340028379,0.07076250545640521,0.008267091893044856,0.01300377680072021,0.0580404047487837,0.010223418902473563,64.84,0,random
151,mnist,FedVOI,150,0.28558782969229574,0.9018992756516283,0.9925913371356239,0.07065932085007111,0.008275342251515083,0.013248330707673428,0.058645524116537666,0.010588840663271357,69.0,0,random
152,mnist,FedVOI,151,0.2864151145951952,0.9015000285176524,0.9925332539690096,0.0716383012023339,0.00838406810983793,0.013971602583153137,0.06021038266731977,0.010984644390542312,70.36,0,random
153,mnist,FedVOI,152,0.28619274875702544,0.9013859579079451,0.9925385367710355,0.07125117497715118,0.008382069391491923,0.013947517266322205,0.06012580429460466,0.010902868016782917,70.38,0,random
154,mnist,FedVOI,153,0.2861103885486402,0.9015570638225061,0.9925425824216816,0.07121672830962639,0.008369449892239277,0.014170729499436834,0.06059359911180067,0.011087373518241565,56.2,0,random
155,mnist,FedVOI,154,0.28526928275112057,0.9021844521758969,0.9925786905676609,0.0709144686741734,0.008344438323938297,0.014147919926279876,0.060583880223967566,0.011062024153894017,57.61,0,random
156,mnist,FedVOI,155,0.28428156874085175,0.9024696287001654,0.9926250232560119,0.07071593260775996,0.008282362665836865,0.013971359889961236,0.06018436597301693,0.010852830781388057,70.38,0,random
157,mnist,FedVOI,156,0.28289954816929963,0.9030399817487025,0.9926997837502659,0.07052648462190968,0.00816134637918835,0.013384490455637856,0.0588624422917265,0.010609909162214232,64.84,0,random
158,mnist,FedVOI,157,0.28257198742466366,0.9030970170535562,0.9927078817594893,0.07045651517393374,0.008175701221167182,0.01355675181568134,0.05930914539599594,0.010974207271914083,57.0,0,random
1,case,method,group,Loss,Accurancy,AUC,Std Test Accurancy,Std Test AUC,Kl,JS,EMD,round_time,highResourceClientNum,select_mode
2,mnist,FedRL,1,4.09000839640368,0.09832886556778646,0.5313537091215496,0.25238407109720834,0.22913275816249076,1.1664303015535542,0.5304414761103481,0.11692283182785798,65.28,0,random
3,mnist,FedRL,2,2.090643902591084,0.29692579706838534,0.7218559568098645,0.32295667045147336,0.2431566951086406,0.14473835491047018,0.21118229661412402,0.03387515629400169,70.38,0,random
4,mnist,FedRL,3,1.9477522903661928,0.38561569611589575,0.7615474706798908,0.3239611673164785,0.22942731288962465,0.0490603240008781,0.11041347466430584,0.02169438773818079,70.36,0,random
5,mnist,FedRL,4,1.5309220467100924,0.5252381223977642,0.8281477457093989,0.36408103542482256,0.20308017970563247,0.04714698092722524,0.1103133237094176,0.021310790103751004,55.47,0,random
6,mnist,FedRL,5,1.342582808034339,0.5757714024981464,0.8651367936101898,0.35201579666889504,0.16382968045818977,0.04123282482400881,0.10229399687043722,0.021121857232777114,65.28,0,random
7,mnist,FedRL,6,1.1162302947367788,0.6106770090686134,0.9090767445501202,0.32835766860972154,0.11386507263551152,0.011296574019376913,0.053601975276261614,0.011424059437693763,56.95,0,random
8,mnist,FedRL,7,1.0168484052601359,0.6621798893515086,0.9264730273655581,0.27599322765580075,0.09488367350803006,0.03075570163600605,0.08838893458646026,0.01992166406980368,66.16,0,random
9,mnist,FedRL,8,0.9083588029358216,0.7151656875606001,0.9411922424888528,0.25307311686621975,0.08291915382532772,0.034715618506152346,0.0935620285174073,0.020956910221960466,65.12,0,random
10,mnist,FedRL,9,0.81778294569004,0.7355843266982262,0.9506381859822781,0.24812355816784007,0.06776583062743693,0.05707802325518831,0.11889082424993366,0.027379544187640242,66.16,0,random
11,mnist,FedRL,10,0.7623786105302695,0.7484743055951634,0.9554979223833142,0.23350583876656128,0.06052772323517113,0.06532709979648801,0.12715022900921977,0.026962493548216723,58.3,0,random
12,mnist,FedRL,11,0.7479295704136326,0.7526949181543375,0.9566431091713603,0.23019932366072327,0.05729020349745542,0.057920736279524224,0.1211467087253383,0.027448887966764465,65.03,0,random
13,mnist,FedRL,12,0.7176516090304008,0.762847202418297,0.9601722177186809,0.21303506371243916,0.05136255967133429,0.05828229285821113,0.12193980308518869,0.028560058289159886,35.480000000000004,0,random
14,mnist,FedRL,13,0.6823820976990469,0.7757371813152342,0.9643538745870198,0.20006318334133893,0.044039360334109996,0.05280817553124951,0.1173248742299437,0.024276243669796947,68.37,0,random
15,mnist,FedRL,14,0.6506479057361665,0.7837791592996065,0.967545771296363,0.1897877755231604,0.039229986587375344,0.04903524128340524,0.11405928669135866,0.022347204949132286,79.64,0,random
16,mnist,FedRL,15,0.6142428518294204,0.7968402441111048,0.9713843157068169,0.16823512459278112,0.033620740100051255,0.04172121805448343,0.10515151327225637,0.020551789627762305,70.38,0,random
17,mnist,FedRL,16,0.5798939358454818,0.809330975874066,0.975005862109361,0.14781974879573534,0.028229246473733684,0.037437076138912326,0.09970528616298849,0.019555055602220983,66.07000000000001,0,random
18,mnist,FedRL,17,0.5433427711859034,0.825928249586494,0.9789012856044264,0.12970720495520055,0.022040035000461047,0.028270448223764674,0.08576045982426873,0.017253587390169543,65.28,0,random
19,mnist,FedRL,18,0.518654261807931,0.8354531454970627,0.9813241318047672,0.11503312916717026,0.01865034314003867,0.0284576730638887,0.08605205842225125,0.015760180875703106,65.12,0,random
20,mnist,FedRL,19,0.5025720218390604,0.8405863229338961,0.9825407990444193,0.10697064087622349,0.01721334092756287,0.029304489569624618,0.08740041122195631,0.01561524691985097,79.64,0,random
21,mnist,FedRL,20,0.4946712038321219,0.845605429761022,0.9828303630055117,0.10483471990244116,0.017382219763648184,0.030570256090700642,0.09019751108611462,0.016217166914797087,64.37,0,random
22,mnist,FedRL,21,0.48456507207312133,0.8491986539668055,0.9834381524121533,0.10471371212676268,0.017017045094996477,0.03336001573269899,0.09443437188510412,0.01805560631789653,66.16,0,random
23,mnist,FedRL,22,0.47334657032832694,0.851993383904637,0.9843258316522533,0.10154445128741649,0.01551311157491392,0.026630829308558576,0.0837178382611523,0.01697547179499148,66.07000000000001,0,random
24,mnist,FedRL,23,0.45925067881793513,0.8559858552443963,0.9853508952145958,0.09497172300754825,0.014004511458099207,0.020111481920832,0.07218697075287701,0.014713854288590244,66.16,0,random
25,mnist,FedRL,24,0.4417400981086542,0.8608338561569612,0.9867902094675934,0.08549019949086607,0.011766779719901026,0.015549773554363856,0.06326115791942627,0.012469216103498168,70.36,0,random
26,mnist,FedRL,25,0.4281337164157247,0.8661381395083557,0.9878949319781396,0.08000205518041441,0.010367775239975808,0.013144373271074011,0.058047489162911574,0.01130140376183659,48.01,0,random
27,mnist,FedRL,26,0.4200948611700007,0.867621057434552,0.9882777471587754,0.07701412331406089,0.009893906409483037,0.013966834052819684,0.05992102459374492,0.011850522707797772,70.36,0,random
28,mnist,FedRL,27,0.41214677708393604,0.8700735755432613,0.9886559472915579,0.07436843773771087,0.009640382229650735,0.007990775784085033,0.04514515274208616,0.008748660848858256,57.0,0,random
29,mnist,FedRL,28,0.40569355342868874,0.8724120230422632,0.9889778519248383,0.07316966262364613,0.00916206564123816,0.007859920280530905,0.04471639138309913,0.007127064239380626,58.6,0,random
30,mnist,FedRL,29,0.4004278585258096,0.8736097644441909,0.9891514636639739,0.07319042753503596,0.00918271992900256,0.007346412154363673,0.04329608739821227,0.007169013098636364,79.64,0,random
31,mnist,FedRL,30,0.39491997456329625,0.8749786117606798,0.989341277115479,0.07315554505564681,0.009235682352197294,0.006419393950079894,0.04039923888814434,0.006666470646608186,69.0,0,random
32,mnist,FedRL,31,0.3897970500567471,0.8774311298693892,0.9896253999328531,0.06944018880545803,0.00881329383957838,0.005908467047539931,0.038702833578533644,0.006210675594962695,70.38,0,random
33,mnist,FedRL,32,0.3847420235590538,0.8790851537101466,0.9898934494385377,0.06812912370570848,0.008742286944496998,0.0053931072600384555,0.036898918247948234,0.005922831962280526,66.07000000000001,0,random
34,mnist,FedRL,33,0.38053264785675944,0.880339930416928,0.9900736176960915,0.0650891418075472,0.008545491491480432,0.004097073404495732,0.03208388684162288,0.00478440966083701,65.12,0,random
35,mnist,FedRL,34,0.37643220397064503,0.8809673187703189,0.9902585168947793,0.06466374473077134,0.008314347500080428,0.004255419493444114,0.03271374199118202,0.005153433231994324,55.47,0,random
36,mnist,FedRL,35,0.3755182969658056,0.8806821422460503,0.9902052577498294,0.0655377285615263,0.008346799848685143,0.006470108108733051,0.040317250074808554,0.0066029507625975335,65.87,0,random
37,mnist,FedRL,36,0.3753787709683869,0.879199224319854,0.9901723828932014,0.0670716819279001,0.00823627092469179,0.005944173119029445,0.038688336748153564,0.006694656990669576,68.37,0,random
38,mnist,FedRL,37,0.37291471550303307,0.8800547538926595,0.9902038255766017,0.0677022999818716,0.008311889982750858,0.005225540439248642,0.0363553889241954,0.005664892031259787,57.0,0,random
39,mnist,FedRL,38,0.371857845151432,0.8793132949295615,0.9901589676437652,0.06818056954982962,0.008480103113780127,0.005263674362215812,0.03656581360658031,0.005521898535811089,57.0,0,random
40,mnist,FedRL,39,0.3731390678191908,0.8770889180402669,0.9899909378447409,0.0704092404681933,0.0087215803577226,0.006451794099904318,0.04045187585532274,0.005920332256266164,79.64,0,random
41,mnist,FedRL,40,0.37439979438322724,0.8767467062111447,0.9898807501165262,0.0710625085825023,0.008827013591760701,0.007246813550294395,0.04291878155605537,0.006916642254443144,65.28,0,random
42,mnist,FedRL,41,0.37188906717214054,0.8769178121257059,0.9899192559357759,0.07294406300174426,0.008819507020150063,0.00829070152479134,0.0459979228989265,0.0072423606485177185,58.6,0,random
43,mnist,FedRL,42,0.3693903442643793,0.8778303770033651,0.989998901109036,0.07189526987061971,0.008863639848310545,0.007967913125641062,0.045060115740411265,0.0067983878115062376,58.3,0,random
44,mnist,FedRL,43,0.3673644189998426,0.8782866594421948,0.9900357658899196,0.0737878720923613,0.008903945073623997,0.008794436383821222,0.04728521213678403,0.007525098648960985,79.64,0,random
45,mnist,FedRL,44,0.3659369504208618,0.8785148006616096,0.9900823036879981,0.07338853937259468,0.008920381728593413,0.00961235206814843,0.04927571650764733,0.007993212438267875,54.96,0,random
46,mnist,FedRL,45,0.36500891444947614,0.8787999771858781,0.9900814978403923,0.07436413108940688,0.008939086868054823,0.009945668939457452,0.0502197300105512,0.00825398348957605,66.07000000000001,0,random
47,mnist,FedRL,46,0.36201544831959254,0.8800547538926595,0.9902162238304434,0.07455003921268309,0.008776020753007712,0.009190850947381016,0.04833605973864426,0.007580518145590128,70.36,0,random
48,mnist,FedRL,47,0.35989522399392243,0.8809102834654651,0.9902933207884996,0.07450113719430294,0.008749558879843739,0.009927120702977951,0.05015884662919534,0.008127112827632657,66.16,0,random
49,mnist,FedRL,48,0.35851224302497414,0.880739177550904,0.9903346940398505,0.07365684312031984,0.008687616988445005,0.008921170024326438,0.047430233200052005,0.007949993168433181,69.0,0,random
50,mnist,FedRL,49,0.35658865393522066,0.8807962128557577,0.9903969953011578,0.07574395772405647,0.008725199798999553,0.00856548950584234,0.046340055238132706,0.007898981783049708,69.0,0,random
51,mnist,FedRL,50,0.35541060013595394,0.8809102834654651,0.9903794989038615,0.07457829105296386,0.008852845936704401,0.009985049272003853,0.05003350782583029,0.008573805671429048,57.0,0,random
52,mnist,FedRL,51,0.3544874649219296,0.880739177550904,0.9903863038628637,0.07494851663806307,0.008894525417850886,0.010914427043108011,0.05233100196883629,0.009113243370062942,57.0,0,random
53,mnist,FedRL,52,0.3530989364933382,0.8818228483431244,0.9904573187806417,0.07429252759556634,0.00901988551370552,0.010335817149200646,0.0508184071256073,0.008547924601701062,65.87,0,random
54,mnist,FedRL,53,0.3516284087628149,0.8811954599897337,0.9905191422331894,0.07434941769133539,0.008858639823415131,0.010405083388122337,0.05096808586473324,0.008598345974111679,69.0,0,random
55,mnist,FedRL,54,0.3506318767232643,0.8811384246848799,0.9905429584825028,0.0748963111634494,0.00886572784966197,0.01279962657712986,0.05639587460413027,0.00964948377756834,70.38,0,random
56,mnist,FedRL,55,0.34987842587995766,0.8806821422460503,0.9905501793662991,0.075417650495296,0.008730537875267674,0.013274028857394319,0.05755899796154898,0.010365376056901812,68.37,0,random
57,mnist,FedRL,56,0.34926745889097527,0.880739177550904,0.9905872776955017,0.07532195233679426,0.008678644167092117,0.013593810229624217,0.05828558475378301,0.0104118883586458,65.87,0,random
58,mnist,FedRL,57,0.3468789256436454,0.8811384246848799,0.9907296433545894,0.07438808871580518,0.008593313295200564,0.01233905729159382,0.05538552298483435,0.009767329869963513,70.38,0,random
59,mnist,FedRL,58,0.34562068319876077,0.8814806365140022,0.9907807158413818,0.07310739531584312,0.008556106125161465,0.012954058362726298,0.05670357057899293,0.01031731740963078,70.36,0,random
60,mnist,FedRL,59,0.3417040528125476,0.8826213426110763,0.9909311527378798,0.07411760669010174,0.008531102772330757,0.01062904198005631,0.051308667551236684,0.009005461193115051,69.0,0,random
61,mnist,FedRL,60,0.3391572406070996,0.883819084013004,0.9910389280066229,0.07401414364708898,0.008631022421724827,0.011255484748306847,0.05275793055010618,0.009118042560887765,65.28,0,random
62,mnist,FedRL,61,0.33827731608533085,0.884389437061541,0.9910230136990779,0.07418146551407936,0.008684478343596872,0.011013761367326538,0.05220168939433288,0.009459663090223124,69.0,0,random
63,mnist,FedRL,62,0.3357304159734692,0.8852449666343467,0.991100317263986,0.07449117847979049,0.008616639565463565,0.009882820069577396,0.04951129774184459,0.008591664111590583,47.589999999999996,0,random
64,mnist,FedRL,63,0.3340781508585071,0.8854731078537614,0.9911874856881383,0.07411615965058484,0.008499908200789138,0.009876505094809038,0.04956941144930396,0.008884525388144198,79.64,0,random
65,mnist,FedRL,64,0.33425211102646857,0.884788684195517,0.9911609931752341,0.07444503067133383,0.008470693832064701,0.009888127988241608,0.049656796082242396,0.008789447382243683,79.64,0,random
66,mnist,FedRL,65,0.333204637234682,0.8851879313294929,0.9912265937553981,0.07425420786954386,0.008389329038441556,0.010353951626505592,0.050758966523331554,0.009150548801799503,70.38,0,random
67,mnist,FedRL,66,0.33173932845777,0.8853020019392004,0.9912881447496765,0.07408186179901789,0.008330507791544208,0.010152792279683187,0.05031962019551386,0.009014555911407821,50.43,0,random
68,mnist,FedRL,67,0.32991337584397046,0.8858153196828837,0.9913585519258276,0.07382947864352583,0.008243354156318944,0.009924574339815117,0.04971878598631584,0.008864865593660284,66.16,0,random
69,mnist,FedRL,68,0.3281327206255395,0.8864427080362745,0.9914500827445399,0.07358644258829626,0.008239326731775415,0.00984959582110372,0.04948229650038259,0.009258088190641132,79.64,0,random
70,mnist,FedRL,69,0.3266221217101937,0.8868989904751041,0.9915002726054775,0.07122802013042162,0.008147218997547574,0.009851503415105031,0.04952283351555796,0.00926004303768595,66.16,0,random
71,mnist,FedRL,70,0.32599953631995554,0.8868419551702504,0.9915102675559654,0.07486966364816386,0.008112621248474073,0.010058727308625745,0.05000651410320223,0.009225319388528656,70.36,0,random
72,mnist,FedRL,71,0.32472358469669377,0.8874693435236412,0.9915760737483496,0.07242129408503829,0.007982413391303195,0.01069142663210674,0.05156400007640544,0.009707072220811332,65.12,0,random
73,mnist,FedRL,72,0.3239199809314166,0.8875263788284948,0.9916058079286337,0.07244297307278728,0.008027938862754148,0.011425197743505396,0.053289078352527296,0.010373477617005838,70.38,0,random
74,mnist,FedRL,73,0.32281657015901033,0.8876404494382022,0.9916636990772463,0.07233531440753373,0.008061081409115255,0.011334577666317338,0.053039160471218455,0.010466078372577771,53.18,0,random
75,mnist,FedRL,74,0.3210206770666878,0.8886670849255689,0.9917511712158653,0.07198871551712167,0.007963778947549164,0.011775803914340426,0.05408399503719512,0.010787751890243964,64.37,0,random
76,mnist,FedRL,75,0.3196403136485989,0.8892374379741059,0.9918108075959465,0.07187205852869394,0.007905644368854799,0.011470520721326857,0.05336488192345157,0.01067645706617672,51.83,0,random
77,mnist,FedRL,76,0.3184047633277764,0.8896937204129356,0.9918697545137588,0.07187893915873972,0.00783331262097122,0.011872889032632776,0.05431430209685017,0.010858607376259327,65.87,0,random
78,mnist,FedRL,77,0.31594608824599496,0.8908344265100097,0.9919707263079218,0.07169120260877233,0.0078015698365674555,0.011289323294697125,0.05291953586985407,0.010370245305624103,65.12,0,random
79,mnist,FedRL,78,0.31332673486634033,0.891746991387669,0.9920978187768031,0.0709523843983917,0.007721013260094176,0.010772913646590013,0.05173156828653051,0.010135058946890853,54.49,0,random
80,mnist,FedRL,79,0.31112470689578714,0.8924884503507671,0.9922151773985134,0.0704348456662263,0.00760769223088821,0.010181502636196703,0.05029308521983742,0.009764931726728154,79.64,0,random
81,mnist,FedRL,80,0.3093721073917845,0.8931158387041579,0.9922968171259999,0.07027431650086313,0.0075104203098002725,0.010025970985887856,0.04987847061966606,0.00954399635980932,66.07000000000001,0,random
82,mnist,FedRL,81,0.3085978242127764,0.8932869446187189,0.99231839787751,0.07015222235954766,0.007464265781621558,0.010616962233597569,0.05136221816520016,0.009986615852149239,66.16,0,random
83,mnist,FedRL,82,0.30748903423413165,0.8936291564478412,0.9923767653355766,0.06968743083642337,0.0074167748554240095,0.010282857126213511,0.05053870710625738,0.009669693127098315,66.07000000000001,0,random
84,mnist,FedRL,83,0.3066034386970347,0.8938002623624023,0.9924130761239212,0.06979166876089835,0.007387936510595926,0.010845694331655093,0.05194640143700023,0.01025642372781938,53.18,0,random
85,mnist,FedRL,84,0.304670254222831,0.8948839331546227,0.9925136098514813,0.06893931667441493,0.007215766690879688,0.010459353333965877,0.05107618236053216,0.009851420847587614,70.36,0,random
86,mnist,FedRL,85,0.30334908981300673,0.8949980037643301,0.99256590633687,0.06943696399165698,0.006995204111776059,0.011034232528986238,0.05244413329554165,0.009982999517644413,66.16,0,random
87,mnist,FedRL,86,0.30228017223400183,0.8955113215080135,0.992619444540074,0.06906449537226672,0.0069245157892749536,0.011050018833585633,0.05248605030185065,0.009956049494231255,70.36,0,random
88,mnist,FedRL,87,0.302385731720103,0.895397250898306,0.9925867605358845,0.0683072774695769,0.007003286934943991,0.011173435286567565,0.052781116001962385,0.010236392162679684,69.0,0,random
89,mnist,FedRL,88,0.3009376623255375,0.895796498032282,0.9926220839613722,0.06948168761215778,0.00699609256999562,0.010639856433128304,0.05151408718604151,0.010488018913031931,69.0,0,random
90,mnist,FedRL,89,0.3000680380045558,0.8958535333371357,0.9926459175161572,0.06946583150230141,0.006993973046258028,0.010831952004638554,0.051969916545375645,0.010574363420276194,54.49,0,random
91,mnist,FedRL,90,0.29855581385272406,0.8962527804711116,0.9927129314349835,0.06808077666245264,0.00696379977452305,0.010760476405848129,0.051837014165822745,0.010539173256458678,79.64,0,random
92,mnist,FedRL,91,0.2963858328452625,0.8972223806536246,0.9927921125476985,0.06839403917426794,0.006893900201847845,0.010493494358924606,0.05115820916599414,0.010446273464110466,69.0,0,random
93,mnist,FedRL,92,0.2945726231639789,0.8973364512633321,0.9928671818607392,0.06834704122747663,0.006816099098337402,0.010533234203703586,0.05126066854164571,0.010360636571261968,66.16,0,random
94,mnist,FedRL,93,0.29345145851989907,0.8978497690070153,0.992913334926977,0.0686344097690377,0.006773617923954513,0.011030871112185729,0.05248875226784937,0.010529432198987915,70.36,0,random
95,mnist,FedRL,94,0.29233341317273914,0.898876404494382,0.9929650279970537,0.06775648031334215,0.006754133871500353,0.010953249673597095,0.052314491243257176,0.010379408173196852,66.07000000000001,0,random
96,mnist,FedRL,95,0.29082265475888547,0.899446757542919,0.9930436660660875,0.06724530159484186,0.006699880980505248,0.0107567010277539,0.05190696316288809,0.010164915020670651,55.47,0,random
97,mnist,FedRL,96,0.28963345829351866,0.8993326869332117,0.9930994623040773,0.06724664829828568,0.006642314693447249,0.011076957029701033,0.052686810780567625,0.010307744906994635,66.16,0,random
98,mnist,FedRL,97,0.2887292004909654,0.9001882165060172,0.9931456538827966,0.0668219283318668,0.006600542151664449,0.010685159373416223,0.051748507987729495,0.010093983653750702,57.61,0,random
99,mnist,FedRL,98,0.28769170151482976,0.9007015342497006,0.9931880049590448,0.06656296440192977,0.006577845251338954,0.010498743926758302,0.051311326153886706,0.010128784945629559,70.38,0,random
100,mnist,FedRL,99,0.2870359005042977,0.9007015342497006,0.993200687569243,0.0667021214219118,0.006568614080224573,0.011009627071457945,0.052475024841391535,0.010292514267387925,46.540000000000006,0,random
101,mnist,FedRL,100,0.2862791200315877,0.9012148519933839,0.9932227373811563,0.06658401690580744,0.006566413110922006,0.01081404955351509,0.0520003785057997,0.010219289002251757,55.47,0,random
102,mnist,FedRL,101,0.2852786428886111,0.9013289226030913,0.9932559582886655,0.0658801311858596,0.006536786858805767,0.010762668297452174,0.05188824169189004,0.010199938920936546,65.28,0,random
103,mnist,FedRL,102,0.2839442741961707,0.9019563109564821,0.9933142447650756,0.0656245737416696,0.006543322664811169,0.010641844682099943,0.051626323318580816,0.010166358822601168,59.260000000000005,0,random
104,mnist,FedRL,103,0.2831230548403373,0.9020133462613358,0.9933474385934712,0.06657169955342655,0.006509705973680504,0.01033250275333464,0.050843748256529035,0.01006733232482752,70.36,0,random
105,mnist,FedRL,104,0.28245489190214096,0.9020703815661895,0.9933701951143269,0.06655617690071303,0.0065071600215950345,0.010540673109136268,0.05137006861691936,0.010358268164717034,37.809999999999995,0,random
106,mnist,FedRL,105,0.2819136581179008,0.9018992756516283,0.9933894346991312,0.06563761667568158,0.0064556629523711785,0.010050191012173674,0.050150689034651516,0.01000178980416241,56.2,0,random
107,mnist,FedRL,106,0.28119279596547275,0.9026407346147265,0.9934252257345387,0.0646147583804056,0.00642029478579927,0.009989684267714146,0.0499871214588391,0.009747536582834126,65.28,0,random
108,mnist,FedRL,107,0.28046688307499373,0.902754805224434,0.9934594832247927,0.06439602232012588,0.006409551183371142,0.01018555767183167,0.05050788045918637,0.009944899628784663,54.96,0,random
109,mnist,FedRL,108,0.2799897640911804,0.9024125933953117,0.9934710549752512,0.06440428392304692,0.006412362534075161,0.010320211513474894,0.05079496587570233,0.009961117711965763,70.36,0,random
110,mnist,FedRL,109,0.2794782184040708,0.9024696287001654,0.9934852452016154,0.06438087899631648,0.006396892738871097,0.010420328832159043,0.050979736965492996,0.010009510226938115,70.36,0,random
111,mnist,FedRL,110,0.278918113279203,0.9028118405292876,0.9935091689676457,0.06408957863038248,0.006358203244266478,0.010606295081612163,0.05141389466185662,0.010099305922930051,65.87,0,random
112,mnist,FedRL,111,0.27813690074501807,0.902925911138995,0.9935392738481262,0.06399145052762724,0.006301464266305714,0.01035904204263188,0.050817618902442525,0.009962854838035013,70.36,0,random
113,mnist,FedRL,112,0.277554761561408,0.9030970170535562,0.9935566878184838,0.06400319793599962,0.006264927037790804,0.0104159736668477,0.050913210924533554,0.009832632292989819,55.47,0,random
114,mnist,FedRL,113,0.27685953321217216,0.9032681229681173,0.9935734737472648,0.0641776912097115,0.006246244302342534,0.0106380056867789,0.051466755166609965,0.01008309630965473,79.64,0,random
115,mnist,FedRL,114,0.2761330764521413,0.9034392288826784,0.9935965187145467,0.06461896264529092,0.0062035416408643095,0.010787761682585877,0.05183088817164871,0.010163406321713205,66.07000000000001,0,random
116,mnist,FedRL,115,0.2755856741970125,0.9036103347972395,0.9936136361442358,0.06455090191509279,0.006235718662002659,0.011157247950263762,0.052685322501209504,0.010362692387818265,56.95,0,random
117,mnist,FedRL,116,0.27464080455793755,0.9036103347972395,0.993646165595769,0.06477378881798411,0.006175217496261999,0.011131259044595967,0.05265826972164767,0.010460411701265404,66.07000000000001,0,random
118,mnist,FedRL,117,0.27432700091535256,0.9036673701020932,0.9936507022065731,0.06453327003222441,0.006170385814898646,0.011130631171764958,0.05269958435366805,0.010455513539865192,46.540000000000006,0,random
119,mnist,FedRL,118,0.27336466564768985,0.903895511321508,0.9936745980332764,0.06482391211973502,0.00614521328352311,0.011038015505206108,0.052507161512984166,0.01059209693263966,65.03,0,random
120,mnist,FedRL,119,0.27249698885821944,0.903895511321508,0.9936989715047109,0.06481461842721649,0.006155573882238983,0.011040209047697536,0.05251931475018347,0.010730027288390016,69.0,0,random
121,mnist,FedRL,120,0.27178726407254805,0.903895511321508,0.9937198045052654,0.06512329110475339,0.006098894870804926,0.011683307502058187,0.054029165130392506,0.011043294766226284,46.199999999999996,0,random
122,mnist,FedRL,121,0.27104527364152364,0.9040666172360692,0.9937478244531356,0.06499276829278014,0.00607991203590505,0.01152479214586458,0.05364362427098349,0.010988456013879884,65.28,0,random
123,mnist,FedRL,122,0.2701938721355168,0.9042947584554839,0.993776895253944,0.0650756443330978,0.006057823360679414,0.011692054933967959,0.054035725162742215,0.011058144114363611,65.03,0,random
124,mnist,FedRL,123,0.26981972396994186,0.9041236525409229,0.9937762794226228,0.06533596434268407,0.006065986149273612,0.012541851296453469,0.05593150613784616,0.011449407007684929,65.03,0,random
125,mnist,FedRL,124,0.2691310528588975,0.9044658643700451,0.9937968245409933,0.0656595474406803,0.006068098854431056,0.01226523712042056,0.055315712857843875,0.011518979006383852,66.07000000000001,0,random
126,mnist,FedRL,125,0.268490118877351,0.9048651115040209,0.9938112794822035,0.06551473157944553,0.006106509412706236,0.012202840888381819,0.055201063143344976,0.011661645513414672,66.07000000000001,0,random
127,mnist,FedRL,126,0.2677501456715425,0.905834711686534,0.9938377193028727,0.0644057001287801,0.006106594772171486,0.011602197248658653,0.05379686391377006,0.011281906337296258,70.38,0,random
128,mnist,FedRL,127,0.2675970465062483,0.9054924998574118,0.9938339349149163,0.06452447765114427,0.006101185080877003,0.012157652205785541,0.055082169091198105,0.01150571756413409,65.12,0,random
129,mnist,FedRL,128,0.26722761311185766,0.9054354645525581,0.9938437591450682,0.06455226492248667,0.006081193572343179,0.01205511366410494,0.05483359464868286,0.011422616364591371,65.28,0,random
130,mnist,FedRL,129,0.2668100721707458,0.9056065704671191,0.9938539596234495,0.06441859967407448,0.006054836007901625,0.01268291075297204,0.05627493654365816,0.011848211773749064,69.0,0,random
131,mnist,FedRL,130,0.2661554059062873,0.9057776763816803,0.9938774381598202,0.06420097512740186,0.006029495087741312,0.012815881563545678,0.05660296073747676,0.01205302307150682,56.95,0,random
132,mnist,FedRL,131,0.26561542429355933,0.9058917469913876,0.993898660431989,0.0640133991109777,0.006010786263337842,0.013078304945704902,0.0571754390181823,0.01214153576168199,65.12,0,random
133,mnist,FedRL,132,0.26498549392151893,0.9063480294302173,0.9939215067606615,0.06369498689321726,0.0059804211858330595,0.013276863078631091,0.05761394709498307,0.012334974620567228,66.07000000000001,0,random
134,mnist,FedRL,133,0.26514202270741627,0.906405064735071,0.9939111561833378,0.06175622327048524,0.0059939499964734135,0.013913713043164175,0.058956668111071905,0.012726283215271361,69.0,0,random
135,mnist,FedRL,134,0.26481763285373766,0.9067472765641932,0.9939197593629913,0.061077210747817426,0.006007230995098256,0.014067120183135284,0.05929174685420198,0.01287459698686358,70.36,0,random
136,mnist,FedRL,135,0.26415824677872557,0.9067472765641932,0.9939425478493148,0.06128862743254631,0.005968516419274632,0.013787370195924643,0.05868111276333152,0.012804237325709025,65.87,0,random
137,mnist,FedRL,136,0.2628185398087563,0.9073176296127303,0.9939861112761613,0.061771591969062865,0.005967402947439683,0.013221454904110627,0.05747464678823899,0.0126264572892069,57.0,0,random
138,mnist,FedRL,137,0.2616142445350056,0.9082301944903896,0.9940324847505878,0.0615285622197694,0.005900015997014307,0.01249241231807029,0.055849694363549605,0.012121788359395841,66.07000000000001,0,random
139,mnist,FedRL,138,0.26013289169643666,0.9088005475389266,0.9940866147457049,0.06146514018048496,0.005848074650634823,0.011514839122946995,0.053620916838323776,0.011657645861875393,79.64,0,random
140,mnist,FedRL,139,0.2593350523008077,0.9090286887583414,0.9941173843237388,0.06142541301195584,0.0057965781311442935,0.01170211795234429,0.054050553924422366,0.01176632905287467,34.53,0,random
141,mnist,FedRL,140,0.2587479438243648,0.9091997946729026,0.9941302544710048,0.06132095459219635,0.005794850220221706,0.012273024392071988,0.05535194161404421,0.012076706523980359,70.38,0,random
142,mnist,FedRL,141,0.25836526140069055,0.9093138652826099,0.9941410551712854,0.06135205079025914,0.005795188450259363,0.012587821200654187,0.05606495905114797,0.01231579065279581,46.06,0,random
143,mnist,FedRL,142,0.25826906645509684,0.9093709005874636,0.9941353050251233,0.061216247684150196,0.005799860498090303,0.012432457474513834,0.05569068600255759,0.012218146495915232,56.2,0,random
144,mnist,FedRL,143,0.25790396352053974,0.9093709005874636,0.9941449293502957,0.061172692629636205,0.005790814605296575,0.012626310344232141,0.05614137023526969,0.012395633574152166,64.84,0,random
145,mnist,FedRL,144,0.2576143036432857,0.9096560771117321,0.9941460981716856,0.061079035584191005,0.005746071959232975,0.013232296564880506,0.05746885327464635,0.012757421499158938,70.36,0,random
146,mnist,FedRL,145,0.2570819746058347,0.909884218331147,0.9941584524365201,0.06097737183289827,0.0057401592967521115,0.013052240361328767,0.057071597227204694,0.012593091755225397,65.03,0,random
147,mnist,FedRL,146,0.25662064934029194,0.9101693948554155,0.994165789436211,0.06103220504627242,0.005750869033048761,0.012859993603739938,0.05660861133878819,0.012573484843677797,50.43,0,random
148,mnist,FedRL,147,0.25656237835368806,0.9097131124165858,0.9941549839794999,0.06115920236712861,0.00579215676966532,0.013200053431010383,0.05735758672852296,0.012697162409525994,70.38,0,random
149,mnist,FedRL,148,0.2564104277099231,0.9095420065020248,0.9941573095871501,0.06080176908737123,0.005760497947946453,0.01356082691536443,0.058119225205704325,0.012949917191084553,58.6,0,random
150,mnist,FedRL,149,0.25648099259215845,0.9091427593680488,0.9941485635036351,0.06133783299733046,0.0057513850063591375,0.013717989751047183,0.058385027865002534,0.01298991290286714,70.36,0,random
151,mnist,FedRL,150,0.25604240064532624,0.9094849711971711,0.9941595437479078,0.06112852527881234,0.005761150180851602,0.014102998443233507,0.05919318084119648,0.013239837467795475,66.07000000000001,0,random
152,mnist,FedRL,151,0.2562776377494836,0.9091427593680488,0.994138327272366,0.06144120959542945,0.005812304403369088,0.015029587066521431,0.06109876437922476,0.013773611064410659,69.0,0,random
153,mnist,FedRL,152,0.2560024842692234,0.9091427593680488,0.9941440418307228,0.06132977808738967,0.005814680692263066,0.01549725663188702,0.06203825864076793,0.013977401719810751,57.0,0,random
154,mnist,FedRL,153,0.25516914629254195,0.9094279358923173,0.9941670420122027,0.061140881627191605,0.0058042613456772,0.015110209984316059,0.061262376530474415,0.013936504818213912,65.03,0,random
155,mnist,FedRL,154,0.2546361279869799,0.9094279358923173,0.9941869620971745,0.061241596845958,0.0057697931584465775,0.015051487066011095,0.06111994288927264,0.013800989223931833,79.64,0,random
156,mnist,FedRL,155,0.25417188107416466,0.9094849711971711,0.994199519716335,0.06129017358717789,0.005754195746816094,0.015582069396920976,0.062185572055478804,0.01399223670980511,70.36,0,random
1,case,method,group,Loss,Accurancy,AUC,Std Test Accurancy,Std Test AUC,Kl,JS,EMD,round_time,highResourceClientNum,select_mode
2,mnist,FedAvg,0,3.2550412399758306,0.12011635202190156,0.5711728708848941,0.2904170016113469,0.2988823082200057,0.45592795556877747,0.36113175398766345,0.08075483790853126,36.19,1,random
3,mnist,FedAvg,1,3.0453178685560975,0.22802714880511035,0.5956964862817831,0.3090607542043857,0.30490995676370686,0.46752171471174964,0.3749334319150175,0.07157504474534976,30.97,1,random
4,mnist,FedAvg,2,2.95185699281423,0.11133291507443108,0.6722590103555662,0.29226681702943674,0.2660010543458454,0.6005741544011174,0.39293237082396565,0.0823175202156334,33.91,2,random
5,mnist,FedAvg,3,3.130083473321001,0.35898020874921577,0.6780745090100235,0.38222378037124355,0.28223510193910545,0.4612075513665251,0.3664939119435347,0.07957670839818638,36.19,3,random
6,mnist,FedAvg,4,2.124329132327999,0.3449495237552045,0.7325886366687817,0.32298989687714574,0.2708771624103273,0.8942275546727312,0.48878933442756867,0.11846100180674102,33.91,1,random
7,mnist,FedAvg,5,2.1572109552565335,0.3430103233901785,0.7679280830759238,0.31326659582606453,0.2529660247172063,0.5416357726616989,0.3833167911323057,0.07117670933606417,37.69,0,random
8,mnist,FedAvg,6,1.7183814144590908,0.45491359151314664,0.8019624572886872,0.34918021866743787,0.2704620100852143,0.3608622775666225,0.3048796543674758,0.07140548716546978,27.49,3,random
9,mnist,FedAvg,7,2.3535821448878953,0.5168539325842697,0.7670469401880315,0.36063814411423356,0.2711036762304222,0.41780093824901215,0.3600886055976746,0.0595203932836491,26.880000000000003,3,random
10,mnist,FedAvg,8,1.6587118875191353,0.6015513602920207,0.8196760452528963,0.3060023267940988,0.2566132561684268,0.605682225608631,0.40227299695380986,0.08661435940378495,37.69,3,random
11,mnist,FedAvg,9,1.4854624305265192,0.5211315804482975,0.8724888546910612,0.3454697446123983,0.15152318824938366,0.5048237491096519,0.36722338308620245,0.08265782684302049,20.33,4,random
12,mnist,FedAvg,10,0.9602151868800196,0.6479780984429362,0.9329255046585015,0.20496907273790357,0.05009786503683512,0.6446458584002006,0.4022791625172171,0.08968997662795297,32.17,2,random
13,mnist,FedAvg,11,1.3137951777535566,0.5100667313066788,0.9000883663533964,0.3311818722690029,0.08528037303126342,0.3680271366912929,0.31310835761127076,0.06201975228920764,19.83,2,random
14,mnist,FedAvg,12,1.2025291899282065,0.5381851365995551,0.9047530711731709,0.30398814803252094,0.08447498142635051,0.668109395719389,0.4127336096154869,0.09449421353554194,30.97,3,random
15,mnist,FedAvg,13,1.235550794394962,0.5211886157531512,0.9078350968011025,0.34636831788043815,0.08247584726416123,0.2650356459152202,0.26744307035766096,0.0557410018356929,30.37,1,random
16,mnist,FedAvg,14,1.3073717641182272,0.5294016996520846,0.9042768232082189,0.3194038687250158,0.09319353798170717,0.44782465608303323,0.3613498728814732,0.07455768216936828,29.11,3,random
17,mnist,FedAvg,15,1.3764137393260396,0.54765299720527,0.9112820416001839,0.30974425383150184,0.06968610692953198,0.38858458373172,0.322809226679932,0.06725433295931021,37.69,1,random
18,mnist,FedAvg,16,2.743793548933051,0.39822049848856444,0.823601374714623,0.38884149398348766,0.13526273713929465,0.8308515527841881,0.4747650850292339,0.1110963136349323,30.97,0,random
19,mnist,FedAvg,17,1.515928271496104,0.47384931272457653,0.9091694882877792,0.31287824965381933,0.06451088831277513,0.5391482251736287,0.3804460071073087,0.08258588744588743,33.93,2,random
20,mnist,FedAvg,18,1.0322761193017327,0.6417042149090287,0.9316192281693496,0.2767936846881008,0.06003079712848901,0.42059362045642196,0.34496604848758927,0.06803878401190237,29.11,4,random
21,mnist,FedAvg,19,0.6633527348147938,0.7617064963212229,0.9569195990362461,0.1784713454261123,0.036160345989755226,0.4419308980257335,0.35574324567024823,0.07531215040941251,32.51,2,random
22,mnist,FedAvg,20,0.7003636630017878,0.7566303541892432,0.951282283756911,0.19691367139161844,0.042694550906173856,0.3433757462769134,0.30037986397239397,0.061786796289828076,21.46,2,random
23,mnist,FedAvg,21,0.6514505860714749,0.791592996064564,0.9558628946625036,0.16704416776916822,0.043834876538793664,0.6245004018704134,0.4260280172041368,0.08526227358848049,32.51,2,random
24,mnist,FedAvg,22,0.5616662502346009,0.8135515884332402,0.9635727182319591,0.13503399458677048,0.03413421687253072,0.25997194594131195,0.2658690658245874,0.05989665728873607,25.580000000000002,2,random
25,mnist,FedAvg,23,0.5886707082880485,0.7978668795984715,0.9627622602153842,0.1555402594203981,0.031454157808704336,0.3022648050280917,0.28918194583348994,0.05981615378567498,33.93,4,random
26,mnist,FedAvg,24,0.7524222277470878,0.7333599498089317,0.9483054439718758,0.2039996499964041,0.054069348758087506,0.4382661186545962,0.3571480648534732,0.07596688984040484,26.509999999999998,1,random
27,mnist,FedAvg,25,1.7093688491081667,0.490161409912736,0.9020785522454581,0.356087960975989,0.08022101299801301,0.594390443770571,0.3918628593378196,0.08850079039733172,22.48,4,random
28,mnist,FedAvg,26,0.962712765702768,0.6436434152740547,0.9413518219867305,0.2693343573125139,0.05214182572139324,0.5210967310038574,0.35987490634831265,0.08071435320584927,37.69,2,random
29,mnist,FedAvg,27,0.9950103317148807,0.6483773455769121,0.9386358104470582,0.22937790658958887,0.04871112591125672,0.5353708181262736,0.37659400714588037,0.08178368116776098,32.17,2,random
30,mnist,FedAvg,28,1.1347327095144908,0.6409057206410769,0.9298563932784847,0.3060512969723492,0.07048142255933164,0.5346327371756696,0.3665452126367733,0.08116473685915082,32.17,4,random
31,mnist,FedAvg,29,0.8725806548031566,0.6837962698910626,0.9434651883909667,0.25509464137468446,0.06167197473482321,0.367615972491024,0.30890161158782153,0.06143569557080474,26.94,2,random
32,mnist,FedAvg,30,1.237544302729955,0.5886613813950835,0.9140231283984512,0.3127608843792056,0.0951599450308113,0.4512923866097371,0.3495021326007705,0.07653547740622721,30.97,2,random
33,mnist,FedAvg,31,1.0711816788096205,0.6279016711344322,0.9319676673357404,0.28256102105465897,0.06456078027494071,0.5527479639207359,0.3870182903761103,0.07818761904761905,37.69,2,random
34,mnist,FedAvg,32,0.8512225138139486,0.7107169337820111,0.9379460315321104,0.2629685258464589,0.06432502161977484,0.5217386356418935,0.3710218944140603,0.07586285980561842,30.97,3,random
35,mnist,FedAvg,33,1.1330875358606676,0.6050875491929505,0.9353779206712923,0.24825049870599528,0.04267276658256723,0.7755527669681148,0.4474028880318721,0.10550668787036725,21.0,2,random
36,mnist,FedAvg,34,0.537920232432496,0.8313466035475959,0.966072220048274,0.1596134762955342,0.03930642702880904,0.37234065078379674,0.3253643145905669,0.06735611829944547,30.97,2,random
37,mnist,FedAvg,35,1.5549719810664848,0.5169680031939771,0.9086771861834345,0.32907730256074,0.07012017107006134,0.39753122322118045,0.3245914042281548,0.06925539313399778,37.69,2,random
38,mnist,FedAvg,36,0.7200590441426188,0.770946215707523,0.9574578107679232,0.18418817221889403,0.04182188710499685,0.26128700707918623,0.26943477175334585,0.05508174554675646,30.37,3,random
39,mnist,FedAvg,37,1.2596455959480954,0.6275024240004563,0.9302425191098609,0.29850759651347175,0.06238063724441762,0.6219907567961769,0.4206589197997149,0.09401822609960016,26.94,3,random
40,mnist,FedAvg,38,0.9829021968544572,0.6828837050134033,0.9444839165006144,0.22810645073908523,0.043212856874624096,0.5281598128497211,0.36953849471883665,0.07546996295925518,37.69,2,random
41,mnist,FedAvg,39,0.8848381568436895,0.694119660069583,0.9454627288751667,0.19039456872293417,0.036221613803943536,0.6987840205265938,0.4122559049171693,0.08084091988044455,32.51,3,random
42,mnist,FedAvg,40,0.7482630496681476,0.7731705925968174,0.9518143836028209,0.1786482848389818,0.04596949955719123,0.735736584830601,0.4404426351153026,0.09776323712093532,32.51,2,random
43,mnist,FedAvg,41,0.964229488241826,0.6747276564193235,0.9445367660203795,0.23331277189542704,0.043786099874770376,0.5877003794089012,0.39593813163194974,0.07621808650065529,29.11,0,random
44,mnist,FedAvg,42,0.5866112773322931,0.8101294701420179,0.9606615443277277,0.1385137112383507,0.033998593015624023,0.39032437111321183,0.3248467028786392,0.07458824856113425,30.97,0,random
45,mnist,FedAvg,43,1.0136847984414816,0.6620087834369475,0.9444368929648942,0.2552720313851895,0.04289797324411652,0.39315132464766067,0.31286016711159703,0.07584788917707277,26.509999999999998,2,random
46,mnist,FedAvg,44,0.7212060170035114,0.7615924257115154,0.9558160879273255,0.18162604919654254,0.04177346147749746,0.4676702615198386,0.34684619143012474,0.07511984731650097,21.34,2,random
47,mnist,FedAvg,45,1.8670560996879475,0.4504648377345577,0.9034845337588685,0.3298688063205865,0.06775416621139463,0.8292553398134371,0.4419573065725004,0.09778804913134889,33.91,1,random
48,mnist,FedAvg,46,0.524192729303758,0.821878742941881,0.9674340015501739,0.13611741179444534,0.03012064790170666,0.31756513733823905,0.2835086185051407,0.07114680506080334,32.17,1,random
49,mnist,FedAvg,47,0.6546348147336195,0.8024867392916215,0.960291128378408,0.153480435374276,0.039969190772764826,0.44100654905623426,0.3360530556316996,0.07515477253651166,20.77,4,random
50,mnist,FedAvg,48,0.8051591619110278,0.7271431015798779,0.9467734594190963,0.2341931962916074,0.06346866963780053,0.3902355695063215,0.34020964950591487,0.07018343426311495,25.880000000000003,3,random
51,mnist,FedAvg,49,0.5365743482468502,0.8256430730622255,0.9683125056847646,0.13513548143140217,0.02882998999959732,0.40326138281121604,0.34273667727801393,0.07061158989066141,30.97,1,random
52,mnist,FedAvg,50,0.7509129786171664,0.7509268237038726,0.9569564032045166,0.2000120959762758,0.0399888792735902,0.3349451078694329,0.29913671625547505,0.06011402734360287,32.17,2,random
53,mnist,FedAvg,51,0.602078020077065,0.8035704100838419,0.9651386751319361,0.16622006838976824,0.03270706357355063,0.7158812292823549,0.4229889037500175,0.101140491009223,26.880000000000003,4,random
54,mnist,FedAvg,52,0.7482238098061212,0.7722580277191582,0.9506285956263527,0.20894023728871652,0.06141504087321836,0.6812594405004774,0.4403137061913619,0.10063245063879211,36.19,2,random
55,mnist,FedAvg,53,0.7116968890833709,0.7744824046084526,0.9566597080513679,0.21016765170450624,0.05495297168335589,0.5044039796377139,0.37206457365475604,0.0801490570650664,36.19,2,random
56,mnist,FedAvg,54,0.5399702289731498,0.8258712142816403,0.9686068373302342,0.13819497639270417,0.02843759154338406,0.4427170723671251,0.34568523135645185,0.07571226296112064,37.69,2,random
57,mnist,FedAvg,55,0.5794091374003667,0.8146352592254605,0.9658400906385461,0.1502203314315411,0.029846106758622076,0.21172174369607225,0.23990672213727554,0.04602653224272399,23.74,1,random
58,mnist,FedAvg,56,0.6216173212865975,0.8018593509382308,0.963526583362755,0.1792969187927579,0.03696374709123363,0.38648933527249474,0.3205444036684658,0.07107690352568857,25.84,2,random
59,mnist,FedAvg,57,0.7078436510257841,0.7614213197969543,0.9582972035802634,0.18228189414328277,0.03512370661007336,0.7499078712363267,0.43679600918952,0.09369111402359108,32.17,3,random
60,mnist,FedAvg,58,1.7530280514213623,0.47955284320994696,0.9114080614960954,0.33818380523939234,0.06193887975420011,0.9749589202341044,0.49210085304201145,0.11432198956020877,26.94,0,random
61,mnist,FedAvg,59,0.7349467956291852,0.7759082872297952,0.9562583299815793,0.20100282227194527,0.0440978739706563,0.40278715499447104,0.3440819091262542,0.07370896086015866,33.91,0,random
62,mnist,FedAvg,60,0.49574449108983243,0.8401870757999201,0.9691949052919523,0.1282578309496707,0.03128512821428061,0.3275963314541457,0.3043759598983586,0.06672352390369907,37.69,1,random
63,mnist,FedAvg,61,0.6011009202892013,0.8089317287400901,0.9660122991834156,0.1514263610372215,0.036892955217981124,0.5102218070296674,0.385097340239378,0.08096841346628494,36.19,2,random
64,mnist,FedAvg,62,0.6335107095046206,0.7869161010665602,0.9667380227491844,0.12354470707402747,0.021891440862688547,0.7781515866790595,0.4417706780186125,0.09575257533800291,26.94,1,random
65,mnist,FedAvg,63,0.4769420847621543,0.8454913591513147,0.9723609806367651,0.11418174693534687,0.02247431949817998,0.8092141025839824,0.46023779407451404,0.10542740587416581,32.51,2,random
66,mnist,FedAvg,64,0.49529546534934255,0.8311184623281811,0.9702282560761636,0.1554919104408513,0.02954057833496009,0.855345557371229,0.4913333237415568,0.11038783695443184,37.69,2,random
67,mnist,FedAvg,65,0.4798785741465582,0.8448069354930702,0.9720760696379769,0.13183884810132218,0.026569506413349833,0.3055017094852419,0.3035233239953851,0.05401590476823836,25.880000000000003,1,random
68,mnist,FedAvg,66,0.8396573632259227,0.7381509154166429,0.9548895376669592,0.22615106744136323,0.04419150281378326,0.45845862320584785,0.3666794214533814,0.07325968154249236,26.94,2,random
69,mnist,FedAvg,67,0.6085915113068691,0.7979809502081788,0.9666824540021919,0.1400891863391039,0.02596221091947474,0.14414420877751882,0.2027525000388159,0.03478580242235415,24.97,2,random
70,mnist,FedAvg,68,0.8490463088533206,0.7043289796383961,0.9469416900086417,0.21745262249954259,0.04507961576575954,0.34698251631394317,0.311867956820273,0.06652273547529587,32.51,4,random
71,mnist,FedAvg,69,0.779639624473814,0.7553755774824616,0.9525771374868143,0.18476472360678262,0.046200713198551784,0.38332246360648525,0.33194485326733303,0.06534860041590523,37.69,1,random
72,mnist,FedAvg,70,0.944697496801907,0.6892716591570182,0.9506627628034366,0.2089449508942756,0.03698292993890505,0.6248104827562178,0.4107904159592912,0.09593462668391811,25.580000000000002,4,random
73,mnist,FedAvg,71,0.5951637851155439,0.8043118690469401,0.9673814680125622,0.16885001770741281,0.028115911762100647,0.6449574503479284,0.41606278640933253,0.09823157017479164,21.09,3,random
74,mnist,FedAvg,72,0.5311875106953406,0.82940740318257,0.9691338638517147,0.13052512154477713,0.025797642758458958,0.6360575617144391,0.4068224947723268,0.09739761628595099,33.91,1,random
75,mnist,FedAvg,73,1.0996973438534732,0.6078252438259283,0.9392314967194392,0.26365184820428106,0.041391472844410394,0.8037681566217433,0.455334795350665,0.10206224824355971,33.91,1,random
76,mnist,FedAvg,74,0.6461337907942788,0.7971254206353733,0.9601903476446005,0.174836664701576,0.04145153105097555,0.4051166798061251,0.3475284196888062,0.06930724063426962,21.560000000000002,0,random
77,mnist,FedAvg,75,0.7924272174082573,0.7693492271716192,0.9553101711021342,0.20964084883549244,0.051069629808304574,0.6027601935457487,0.3936235472481819,0.08441710199591387,24.97,3,random
78,mnist,FedAvg,76,0.961935543682901,0.6876176353162607,0.9494729839805929,0.2640680264715493,0.043023004350985286,0.42836619799400644,0.33805878126134814,0.07208783785138047,27.49,1,random
79,mnist,FedAvg,77,0.522966710394776,0.8266126732447385,0.969131922794193,0.14433333998655187,0.030006523662112174,0.476438635827506,0.37237360712765993,0.07747384095356698,33.91,2,random
80,mnist,FedAvg,78,0.4486795050420712,0.8586094792676667,0.9725625803652274,0.12505627584838913,0.029159261744268014,0.44834534548597005,0.3548666647426331,0.07329428730734,33.93,1,random
81,mnist,FedAvg,79,0.5004592896676976,0.8424684879940684,0.97296278627144,0.11972085602945566,0.023965206644818455,0.6666735372656994,0.4147446663300772,0.09969807154656635,26.94,2,random
82,mnist,FedAvg,80,0.6115433042732668,0.8013460331945474,0.9619999753539634,0.13537568828076724,0.026665804398542294,0.7807202022609258,0.46717696284223564,0.10524653377630122,33.93,1,random
83,mnist,FedAvg,81,0.6244529445494883,0.7948440084412252,0.962849384078282,0.20150355813606724,0.04280298675088488,0.39525095801539933,0.3209850877524492,0.06717516483516484,32.17,2,random
84,mnist,FedAvg,82,0.4526232248815565,0.842525523298922,0.971414573467568,0.09225058417024638,0.018134259094519465,0.5473891038834832,0.373327893545648,0.08329030868628857,26.94,2,random
85,mnist,FedAvg,83,0.5323824952423315,0.8379626989106257,0.9692418873706719,0.13069192674290775,0.031033485757463602,0.6406289248773537,0.39477848611820415,0.08318936007046997,25.880000000000003,2,random
86,mnist,FedAvg,84,0.5568665689831429,0.8043689043517938,0.9680813052375976,0.13871312520937845,0.024162323630870227,0.24958450548161634,0.24986164561574514,0.05283516548677922,37.69,3,random
87,mnist,FedAvg,85,0.4467638390472688,0.8478298066503166,0.9734715586802231,0.09805355692695847,0.019427499686225116,0.4246804303662733,0.34236033534324667,0.07212665072723651,36.19,4,random
88,mnist,FedAvg,86,0.8630540138412336,0.7054696857354703,0.9512330116802035,0.24906749108833476,0.04217536138006264,0.24921064108906554,0.26962019055292313,0.05109328866255696,32.17,1,random
89,mnist,FedAvg,87,0.6952996822460376,0.7683225916842525,0.9603101858935655,0.18168747903487734,0.03275530892192781,0.425957460722268,0.33286258252675255,0.077195502745832,24.52,3,random
90,mnist,FedAvg,88,0.46951947139992867,0.8481149831745851,0.9716435601054945,0.1163675041565134,0.02015784707418112,0.5518422498518157,0.3870642591058166,0.08700937435512615,33.91,3,random
91,mnist,FedAvg,89,0.5185107251809765,0.8239890492214681,0.9707045670910253,0.11208956655672685,0.019913459437213114,0.759483451931448,0.4466403865701496,0.09725036096127448,24.97,3,random
92,mnist,FedAvg,90,0.6601538913015464,0.7860605714937546,0.961283028994723,0.17924169368874568,0.04298868357426534,0.49864765092232377,0.37188765816165886,0.08366559516243259,33.91,2,random
93,mnist,FedAvg,91,0.845636931486101,0.7199566531683111,0.954766184571206,0.23239301844557467,0.04228804159054895,0.5425939551691333,0.3754407485450156,0.0705695238095238,27.49,1,random
94,mnist,FedAvg,92,0.48374938694118924,0.8340842981805737,0.9719969701392501,0.1433345532514538,0.025886437753237023,0.26470846108103546,0.2598881687575554,0.06347413469677989,25.84,2,random
95,mnist,FedAvg,93,0.5232572968097418,0.8291222266583015,0.9699738248025854,0.1322465343757128,0.027394048517325416,1.0204022183055463,0.5099182373212999,0.11559448574414091,26.880000000000003,2,random
96,mnist,FedAvg,94,0.811940605445347,0.7633034848571265,0.9576393577995898,0.1780077356882282,0.03845670246540406,0.9115211455373265,0.47977929092393695,0.11833335189600262,25.84,1,random
97,mnist,FedAvg,95,0.59801687976406,0.8132664119089716,0.9636809737286017,0.14095723775523117,0.035023732479954696,0.7844900963792579,0.46157239351298956,0.1028192692210099,33.91,3,random
98,mnist,FedAvg,96,0.7676700980766699,0.7608509667484172,0.9558498179968242,0.17906409354039657,0.04257114078562838,0.5447122602214223,0.3680186188744861,0.08067972055888223,26.94,4,random
99,mnist,FedAvg,97,0.40786450080188774,0.8716135287743113,0.976789629644017,0.1201113545545918,0.022915752135384035,0.4004756280796093,0.34680590715907056,0.06820669642163231,25.580000000000002,1,random
100,mnist,FedAvg,98,0.476009487241355,0.8483431243939998,0.9706747949756278,0.12294186468670111,0.030208259009320972,0.5488372561033211,0.391015813819294,0.08506720119386788,30.37,3,random
101,mnist,FedAvg,99,0.8201247110910904,0.740432327610791,0.9586776664874233,0.20584452715198473,0.03204665904809162,0.9588099430836966,0.48531090249715364,0.10940573801961535,32.17,3,random
102,mnist,FedAvg,100,0.4292765132967323,0.860092397193863,0.9757506739074522,0.12110409652748226,0.026172780675918314,0.359719631612308,0.3224811407800359,0.06427818181818182,37.69,1,random
103,mnist,FedAvg,101,0.6878796960855987,0.7738550162550619,0.9631118463108076,0.1919435056197772,0.030598361176349988,0.33929060216518303,0.30285096599727107,0.059243963312502174,37.69,2,random
104,mnist,FedAvg,102,0.3402319190824052,0.891176638339132,0.9811680630922737,0.08851084050012778,0.018362126004685855,0.33787694886616204,0.3053229535263572,0.06653223370146064,33.91,2,random
105,mnist,FedAvg,103,0.7717388121332254,0.7499572235213597,0.9555752057383728,0.2067461103302919,0.04094699481501527,0.36368621130679557,0.32241132500064296,0.06303303111641316,24.45,2,random
106,mnist,FedAvg,104,0.4028410945949158,0.862601950607426,0.9766389948570132,0.08603152597652575,0.016138176594541302,0.32185409862517833,0.29523918861139,0.06295710387395437,36.19,1,random
107,mnist,FedAvg,105,0.6779941970690032,0.763987908515371,0.9628807254917945,0.1574347926744255,0.024637009855590575,0.3616380993022693,0.2972467787575441,0.06400269882243037,29.11,5,random
108,mnist,FedAvg,106,0.5332856624596936,0.8146922945303142,0.9704017861751391,0.13090831142169929,0.020901302720748857,0.7405472542676352,0.45291107512189155,0.09785079753719364,37.69,3,random
109,mnist,FedAvg,107,0.6550605584435262,0.7899960075286603,0.9662936042607279,0.14160818626393964,0.026193700521060403,0.8686760571257275,0.47669233021794477,0.10857310134520325,37.69,1,random
110,mnist,FedAvg,108,0.9193890198283834,0.7057548622597388,0.947203611848631,0.2707138539106851,0.05732918740633263,0.5043574482488813,0.36193995780928706,0.07490572511506183,37.69,4,random
111,mnist,FedAvg,109,0.3380405453826469,0.8904922146808875,0.9803282229589847,0.0961661205524936,0.01862472507616599,0.49277586653551597,0.3748353603976389,0.07256819859566271,26.880000000000003,2,random
112,mnist,FedAvg,110,0.5583631181540993,0.8282096617806423,0.9665988120467143,0.15374631888969184,0.040069018483418276,0.44353132625346675,0.3588021896130395,0.07032809438501306,29.11,2,random
113,mnist,FedAvg,111,0.4873984719866591,0.844863970797924,0.9716821707681327,0.12831228903102757,0.0286270048842823,0.3617921150361798,0.3167771032591121,0.0626709327824567,25.84,2,random
114,mnist,FedAvg,112,0.6767498570221785,0.7939314435635658,0.9626390542539911,0.174511805917322,0.03880263065177212,0.5748657169108097,0.3899892341441292,0.07771142857142857,32.51,3,random
115,mnist,FedAvg,113,0.5938627592738813,0.8151485769691439,0.9661095332377054,0.16286942511595406,0.0289937888646321,0.5737687775026015,0.4048470101550614,0.08975863139558185,25.880000000000003,2,random
116,mnist,FedAvg,114,0.5541943927909574,0.8033422688644271,0.9663215212638869,0.14609943854939728,0.025180989810112676,0.5782023264725571,0.40407141346677933,0.08252831839746967,29.11,1,random
117,mnist,FedAvg,115,0.7179448019084261,0.7541208007756801,0.9589686744997779,0.24832098692245252,0.04537064850001398,0.7725118682718205,0.4494711529128855,0.09642087800939206,32.17,2,random
118,mnist,FedAvg,116,0.3446839547195798,0.8799406832829522,0.9801285328915429,0.08158555852205288,0.013311193376522961,0.4492536274642827,0.3479848512739771,0.07199166940339354,33.93,0,random
119,mnist,FedAvg,117,0.5048641037894379,0.8433810528717276,0.971764493266198,0.1266162288425076,0.026150442941263015,0.44464164599673894,0.3533739187331407,0.073048384953188,26.880000000000003,3,random
120,mnist,FedAvg,118,0.8894185212010649,0.7326755261506873,0.9528872235015206,0.23280869650282215,0.050600948031858606,0.43403998225813234,0.34535561486226457,0.06129019928676316,36.19,2,random
121,mnist,FedAvg,119,0.5547114651997901,0.8169166714196088,0.9714020303674659,0.14439189929340815,0.02325470817090785,0.3497574005083982,0.3165525088738059,0.06369915757875745,33.91,2,random
122,mnist,FedAvg,120,0.5075578617994168,0.8339131922660127,0.9733072923421786,0.11593073682796175,0.02009723071139389,0.9101882890241827,0.45555382672059724,0.10914942340412122,32.17,2,random
123,mnist,FedAvg,121,0.40773454894010086,0.8591227970113501,0.9776658476021937,0.10510859630445547,0.017701253297949138,0.3807786374183044,0.3243869094060655,0.06482137208981954,21.560000000000002,2,random
124,mnist,FedAvg,122,0.37554092039768444,0.8745223293218503,0.9806494052752492,0.07869159158985102,0.014440101378880642,0.5889918123918131,0.3920054072298962,0.08022063855914859,36.19,1,random
125,mnist,FedAvg,123,0.39402440548062817,0.8733816232247761,0.9775922013735328,0.10703733367781465,0.022807222079336748,0.6177048154431248,0.4087953773691929,0.0845162445010419,24.97,4,random
126,mnist,FedAvg,124,0.781399029330022,0.7778474875948211,0.9564322139482057,0.18473705395640333,0.04551386493661471,0.5382995820711306,0.37022444302045576,0.08656368491321761,24.52,2,random
127,mnist,FedAvg,125,0.8932649421151112,0.7416300690127189,0.9539472551219198,0.25116368413142637,0.04971173038594221,0.7033290739065317,0.4484861321497973,0.10070794864859993,33.93,2,random
128,mnist,FedAvg,126,0.875699143502855,0.7380938801117892,0.9540791895123399,0.18579454831163647,0.041977579963208576,0.9151495524946223,0.4771208264955076,0.11189274495138367,32.51,3,random
129,mnist,FedAvg,127,0.7286529818406294,0.7603376490047339,0.9587027375156341,0.17171281868022814,0.03557942747375739,0.9245958821721781,0.512197372326711,0.11367335108507522,26.94,1,random
130,mnist,FedAvg,128,0.5883500199409019,0.8110990703245309,0.9687491243869771,0.1380363753475715,0.02593343844716327,0.3863827365889174,0.3319137877489639,0.07156559107288155,26.509999999999998,2,random
131,mnist,FedAvg,129,0.6310776934783824,0.7910796783208807,0.9626770208829302,0.1891864635218774,0.03727274380671351,0.45783160771659104,0.3714722497026386,0.07385892561230994,33.93,2,random
132,mnist,FedAvg,130,0.8798847129708862,0.7340443734671762,0.9544800415318303,0.2122123992925293,0.04161285662154488,0.5106961744841906,0.3705418759895931,0.07954060818404178,25.580000000000002,3,random
133,mnist,FedAvg,131,0.3610070841717998,0.8793132949295615,0.9794129109512215,0.09876875051114663,0.021499185294629203,0.47778110783940564,0.3664666789769045,0.07640646321567725,32.51,1,random
134,mnist,FedAvg,132,0.3322575660666121,0.8861004962071523,0.9817603904018746,0.09079518007851439,0.017034981224668864,0.21499485760167802,0.2456755489242743,0.050926485652576375,22.13,1,random
135,mnist,FedAvg,133,0.4004830749387389,0.8703587520675298,0.9780502285658292,0.10461123869733192,0.02219552977745555,0.5892783089919896,0.3940371162412464,0.08014232836470458,26.509999999999998,2,random
136,mnist,FedAvg,134,0.4494693471172916,0.8541607254890777,0.9765138158982309,0.12122234372227497,0.01933590922801444,0.5624035067265699,0.37492254350030463,0.08203570404289931,33.93,2,random
137,mnist,FedAvg,135,0.351662834902013,0.8814236012091484,0.9810056614945097,0.09078669530579994,0.019009875759334022,0.6189154726447156,0.40419167972359965,0.09617538109604483,33.91,2,random
138,mnist,FedAvg,136,0.3756153854581738,0.8738379056636058,0.978841767774855,0.11043279782299785,0.024031600061913662,0.33036062491274554,0.28596548383066467,0.06430156516789982,30.37,0,random
139,mnist,FedAvg,137,0.4594107268824269,0.8510808190269777,0.9753803169783571,0.10714147129614221,0.020832638080545647,0.3751043859906529,0.3369893300215643,0.061625762867398994,32.51,4,random
140,mnist,FedAvg,138,0.3709597599740362,0.8821080248673929,0.9774785484690361,0.11474176850461822,0.020995096729872993,0.46405631258612307,0.36681463787922897,0.07183258413982378,26.509999999999998,3,random
141,mnist,FedAvg,139,0.39729425824259856,0.8721838818228483,0.9783423578302527,0.09121988260375201,0.017898391814850634,0.7550946089325006,0.458746769238783,0.10057915343915343,25.880000000000003,1,random
142,mnist,FedAvg,140,0.39310507390895316,0.8746934352364113,0.9776946632991249,0.09854212800504424,0.018495444818241485,0.25903773363862476,0.2744661744139207,0.05031838347444905,24.52,1,random
143,mnist,FedAvg,141,1.7532104859496014,0.5137169908173159,0.9352860642049617,0.3016563555945492,0.039337525049991724,0.9091825282187327,0.44375094719645797,0.1017524360802205,26.509999999999998,3,random
144,mnist,FedAvg,142,0.3780916539873415,0.8785148006616096,0.9780664642238424,0.1052044916667775,0.021300763225388642,0.4510320658773833,0.3524869465220793,0.07440287392842154,37.69,4,random
145,mnist,FedAvg,143,0.28577159158559867,0.9028688758341413,0.9848847815089663,0.06611043662598204,0.012351434648559095,0.3662219468177068,0.30057225668268944,0.07020506346521957,30.97,2,random
146,mnist,FedAvg,144,0.43240159961011526,0.8612901385957908,0.9769244771923015,0.09363236891788833,0.01961155450696195,0.6410718796151126,0.41958869331379,0.08821921462423832,21.46,1,random
147,mnist,FedAvg,145,0.40828773557837666,0.8692750812753094,0.9782702361236899,0.0890219433374461,0.018231560928248656,0.8747797938705908,0.46877580142426223,0.10973316624895571,25.880000000000003,4,random
148,mnist,FedAvg,146,0.37671293932391503,0.8723549877374095,0.9790438389536265,0.09118708752821507,0.014646469624041557,0.5995487595672738,0.3830278595901499,0.06928760079111515,32.51,4,random
149,mnist,FedAvg,147,0.4998386938013314,0.8283807676952033,0.9721033824209814,0.13428613525769015,0.022597094482000306,0.3463032999067269,0.29968706987196453,0.06497123938879457,30.37,2,random
150,mnist,FedAvg,148,0.3930778709615843,0.8684765870073575,0.9774531519301213,0.1097110772671738,0.018455823895463953,0.4873100769030255,0.36076592992001666,0.07970127194083174,26.94,1,random
151,mnist,FedAvg,149,0.3154053043640482,0.8975645924827468,0.9816518296451235,0.08879515466525724,0.01693422332626395,0.2338067580209916,0.25998353278568653,0.0510845654426154,33.93,1,random
152,mnist,FedAvg,150,0.5710546257374968,0.810300576056579,0.9672915399719464,0.15486399644340157,0.028525750048817775,0.2972485504712126,0.29959458302485276,0.054185976045727224,32.17,1,random
153,mnist,FedAvg,151,0.4741336643290469,0.8482290537842925,0.9695219375687694,0.133901605566014,0.02522863817454842,0.5895740874515311,0.4125608639361774,0.08894510879848627,26.880000000000003,1,random
154,mnist,FedAvg,152,0.5400139730540149,0.8265556379398847,0.9708027868175478,0.171865264233597,0.030416255582727536,0.4581984187819852,0.3529032425103661,0.07969263827177116,27.49,1,random
155,mnist,FedAvg,153,0.6329425409697444,0.7919352078936862,0.9678219477526371,0.1708350843646275,0.02425625795594463,0.5268250176551064,0.35957746788367645,0.06874233393710841,21.09,3,random
156,mnist,FedAvg,154,0.45043403687304817,0.8520504192094907,0.9755159277248996,0.1404143677410997,0.022839192085273834,0.3883200860868355,0.3242798064838952,0.07352476777459829,33.93,0,random
157,mnist,FedAvg,155,0.5313086530250004,0.8252438259282496,0.9715640864162174,0.13257455304588545,0.019860477442772764,0.5896611858459764,0.39579725411445965,0.08490534480012742,22.48,2,random
158,mnist,FedAvg,156,0.7165270260833211,0.7665544972337878,0.9608286072214146,0.20249307155360657,0.032916356265220346,0.6824007485129026,0.4320174465461188,0.08615043929096897,26.94,1,random
159,mnist,FedAvg,157,0.5068717825370408,0.8377915929960645,0.9706155726508643,0.14766546360015584,0.033175422777080625,0.37674681208928323,0.3315828550198528,0.059541273131014066,37.69,2,random
160,mnist,FedAvg,158,0.45566205853240577,0.8530770546968574,0.9744657528349965,0.12052379794951526,0.02060558187255014,0.4171610493599517,0.32669140133305774,0.07648840956499163,30.37,2,random
161,mnist,FedAvg,159,0.30878276292576096,0.9019563109564821,0.9820947276349116,0.08119265211185556,0.015017128506852113,0.37475719472049895,0.32397696002830095,0.06701129678956962,33.93,1,random
162,mnist,FedAvg,160,0.46315931598493915,0.844464723663948,0.9738584587743189,0.14177624580893886,0.023895738839640537,0.6423890982748169,0.4346256549583973,0.08651414490120372,36.19,0,random
163,mnist,FedAvg,161,0.38092223943124937,0.8781155535276336,0.9793392983110117,0.11072079053284188,0.021767269696579616,0.49527913251099975,0.3872126658542619,0.07422772188936881,33.91,0,random
164,mnist,FedAvg,162,0.4921573857338251,0.8486853362231221,0.9726759138265542,0.1082341430920395,0.021163226637624554,0.6227930630503299,0.43202840641800627,0.08993011585986735,26.880000000000003,1,random
165,mnist,FedAvg,163,0.2780273300946436,0.9081731591855359,0.9845339464937352,0.07119565277346523,0.013508874206011172,0.30149049628163643,0.29624483862135176,0.06331029130220818,36.19,1,random
166,mnist,FedAvg,164,0.5025295367636454,0.8477727713454628,0.9738552201901469,0.12072534214813425,0.026464975603636486,0.5015437040488355,0.377791634312217,0.08384687552762404,32.17,1,random
167,mnist,FedAvg,165,0.4499514018949761,0.8598072206695945,0.9757065510315025,0.10891838157591226,0.02208737852142962,0.5339399354896301,0.37682065048884866,0.08159381044606352,30.97,1,random
168,mnist,FedAvg,166,0.32192603578950074,0.8984771573604061,0.9826298471037186,0.08319601510222939,0.016732184711240845,0.4358681930118355,0.3161574211446556,0.06383158720783057,37.69,5,random
169,mnist,FedAvg,167,0.44557029690555705,0.8511378543318314,0.9743518244161267,0.09934213681199616,0.017271101188051283,0.7994377546848432,0.4649862866959314,0.10555770956316411,29.11,2,random
170,mnist,FedAvg,168,0.46335679446849826,0.8485712656134147,0.972818483167155,0.13576351427067823,0.03116694886930823,0.5662231822018905,0.3726605148699728,0.0871684259595993,30.37,2,random
171,mnist,FedAvg,169,0.8835882900122066,0.6832259168425255,0.9546875515144427,0.22555904232478305,0.029833971971398598,0.9044541231964143,0.4896620681628711,0.10906150706436418,29.11,1,random
172,mnist,FedAvg,170,0.4101855399971044,0.8623167740831574,0.9772600712744208,0.09358697783801505,0.017034102350999298,0.5038322515508964,0.3553728131069636,0.07501729857405301,36.19,2,random
173,mnist,FedAvg,171,0.5576790010036843,0.8158330006273884,0.9703151895206971,0.1319710188089232,0.023345988600359562,0.44362172910664865,0.3378932025081592,0.07055289258357968,27.49,2,random
174,mnist,FedAvg,172,0.5862634543935522,0.8119545998973364,0.9688484241173668,0.14067174701802473,0.022893286050173274,0.34307404628820964,0.3181719465993678,0.05198051563936543,29.11,2,random
175,mnist,FedAvg,173,0.27320249033526844,0.9054354645525581,0.984522801599375,0.07317967774495053,0.012738663091922793,0.4611958245222049,0.3659640777515533,0.0760871954674221,36.19,3,random
176,mnist,FedAvg,174,0.3592270921694634,0.884788684195517,0.9796546164822216,0.08249845786638708,0.015427918133422308,0.36041700903851703,0.31500123136809777,0.06049678060989264,20.77,1,random
177,mnist,FedAvg,175,0.33297925899690606,0.8882108024867393,0.9816025464618481,0.10264478081956047,0.018981546927909997,0.6206345766762339,0.4037723273484145,0.09140435392710972,37.69,2,random
178,mnist,FedAvg,176,0.4518655626842953,0.8619745622540352,0.9758948605516445,0.11672510592285329,0.02326179515536687,0.3950397238037105,0.32356362836333974,0.06292748304712827,33.91,0,random
179,mnist,FedAvg,177,0.5720013186169944,0.8231335196486625,0.9719084099618948,0.18638447015284312,0.030323523728253098,0.7449761144100834,0.44116889325802694,0.09999054945054944,24.45,0,random
180,mnist,FedAvg,178,0.4181683100181984,0.8626589859122797,0.9759833917534769,0.13182918339960634,0.02411275007087729,0.593199546622792,0.4077773622462556,0.08680875407697324,36.19,2,random
181,mnist,FedAvg,179,0.27862170723217883,0.9054354645525581,0.9839758727172665,0.06916506210696462,0.012459022821526578,0.350637070920559,0.31853051206204924,0.07139052364507717,33.91,1,random
182,mnist,FedAvg,180,0.9479910269479348,0.748360234985456,0.963945041490405,0.1513679645299019,0.02301075780335276,1.5349815758766263,0.5967233381956185,0.14298791325851246,29.11,0,random
183,mnist,FedAvg,181,0.29612367739098927,0.9012148519933839,0.9823312862758674,0.06995138457029262,0.012487029188199878,0.25738656002940646,0.25806255595943334,0.05605916910584459,32.17,2,random
184,mnist,FedAvg,182,0.7098679262032153,0.7731135572919637,0.9629828256834,0.16759642390353743,0.02816267745994748,0.7724308048418651,0.44400264177195914,0.10075274971855978,27.49,3,random
185,mnist,FedAvg,183,0.35545588253454763,0.8859293902925911,0.9797614912230098,0.10006357666074286,0.020142478120377495,0.43864095814844656,0.341249214434218,0.07804821234233557,21.46,4,random
186,mnist,FedAvg,184,0.3377742304930528,0.8868419551702504,0.9801591945502846,0.09678614516090263,0.018147885560303584,0.31203505527564346,0.2828659498947143,0.06632647447347652,36.19,3,random
187,mnist,FedAvg,185,0.3813951656227113,0.8688187988364798,0.9766495732576052,0.09867320677172647,0.01834053496637946,0.4412935926031496,0.367323208837517,0.06701312372139867,22.48,3,random
188,mnist,FedAvg,186,0.5834327715839965,0.829806650316546,0.9734095062577423,0.13943591629552782,0.027664606390420603,1.1077585236979748,0.5235208784109152,0.12136302521008402,33.91,0,random
189,mnist,FedAvg,187,0.37485761168792553,0.8819939542576855,0.9791766606297964,0.1131706791026373,0.02528501419183655,0.9663873098048927,0.5173055325889806,0.11597888210554877,26.880000000000003,2,random
190,mnist,FedAvg,188,0.5044638308151022,0.8374493811669423,0.9709646536343838,0.13935749703428776,0.027483138850207273,0.2836482945012684,0.28629631024913044,0.05295836805754845,25.880000000000003,4,random
191,mnist,FedAvg,189,0.4463344221582442,0.8472024182969258,0.9737358984743697,0.1128210850221873,0.019413601147482556,0.672347098474514,0.4261625751381096,0.09634545495193383,32.17,1,random
192,mnist,FedAvg,190,0.33051356347607,0.8834768721838818,0.9810888478064712,0.08825410716074977,0.015132803987201501,0.43172722699486454,0.35898499197008593,0.061586979572316736,33.93,1,random
193,mnist,FedAvg,191,0.2911138169140717,0.9054354645525581,0.9832566471844992,0.07143004201028104,0.014204857653259111,0.37495408519367707,0.3250480415252917,0.06416777254802189,25.84,2,random
194,mnist,FedAvg,192,0.3285776493136549,0.884389437061541,0.9803502047554353,0.08405077865571146,0.014241123225210551,0.7064672717440614,0.4420447091168809,0.09720495571201454,32.51,0,random
195,mnist,FedAvg,193,0.7675693239863957,0.764957508697884,0.9637516121413624,0.19340287224233907,0.03013808391827886,0.6537554835255962,0.43373729504135405,0.0906720190892467,25.84,0,random
196,mnist,FedAvg,194,0.7567528708115783,0.7508127530941653,0.9591920696989832,0.18695979821271222,0.032439202785879535,0.8068199465974165,0.4582754500526781,0.10118004990642544,22.13,3,random
197,mnist,FedAvg,195,0.38942287396705977,0.8691039753607483,0.9788729983330214,0.07807547024260784,0.01355183282210616,0.5859985515216023,0.4060434658197688,0.08118486723923163,32.51,2,random
198,mnist,FedAvg,196,0.28254559812769187,0.9026977699195802,0.9853722629388715,0.06592825259554791,0.010603703299109424,0.4199378150675685,0.3109066090903407,0.06787531216202929,37.69,2,random
199,mnist,FedAvg,197,0.4440763705710529,0.8570695260366167,0.9741083548064086,0.1359493698984901,0.029878626177981423,0.5599477058215986,0.3961341715456085,0.08931656500802568,30.97,2,random
200,mnist,FedAvg,198,0.48237849906805785,0.843894370615411,0.9737847682180859,0.16755799363359608,0.030272243352716034,0.6062486998202969,0.41207522588021234,0.09132566536203522,32.17,1,random
201,mnist,FedAvg,199,0.5801614389356049,0.8178862716021217,0.9691846043363965,0.1310379592522867,0.024206086981991854,0.33918263961504613,0.3022504674402418,0.06743578095765146,24.52,5,random
202,mnist,FedAvg,200,0.36089837757367094,0.8766326356014373,0.9796117261398268,0.08064295574022728,0.015545644016725646,0.8066045612310682,0.45594119143427164,0.10023454887218045,36.19,1,random
1,case,method,group,Loss,Accurancy,AUC,Std Test Accurancy,Std Test AUC,Kl,JS,EMD,round_time,highResourceClientNum,select_mode
2,mnist,FedPyramid,1,2.351709443441716,0.30896024639251696,0.6117464647409872,0.3423543740112957,0.3231762067026399,0.38133297459751286,0.3226358637616207,0.06490691900321648,21.549999999999997,0,oort
3,mnist,FedPyramid,2,2.015634576459577,0.3612045856385102,0.7027170074315011,0.3799607365350793,0.3081456468477378,0.13920901646252826,0.18666956185395794,0.042565480712516215,28.94,0,oort
4,mnist,FedPyramid,3,1.6154824912782548,0.4502937318199966,0.813927356175129,0.28127666256965733,0.23133109887338416,0.24573996049864574,0.25618361077984364,0.0581697181253324,28.93,0,oort
5,mnist,FedPyramid,4,1.738466547169056,0.40392402897393487,0.801642403628386,0.36823429050206025,0.22785537905047887,0.30802834190871614,0.283832499985805,0.054319383916798025,31.28,0,oort
6,mnist,FedPyramid,5,1.8736888533799474,0.37181315234129925,0.8263849208025285,0.3682104773965209,0.15876507212575539,0.37059261568936763,0.30909422406861514,0.07308188531080186,21.099999999999998,0,oort
7,mnist,FedPyramid,6,1.5114379862376663,0.4085438886670849,0.8691405716725339,0.31302501829449525,0.10623763911406735,0.4975049374141087,0.36630005385846853,0.08014370681733758,31.59,0,oort
8,mnist,FedPyramid,7,1.4317542183954812,0.5679005304283351,0.8647629838926175,0.3118180084402378,0.18562644628396865,0.32497770251575075,0.30784379977305176,0.051903867827234856,31.17,0,oort
9,mnist,FedPyramid,8,1.48714238983913,0.625049905891747,0.8597612200711091,0.328191902507556,0.21490970603328785,0.5201204499367954,0.3807736689411131,0.0730627378791807,26.92,0,oort
10,mnist,FedPyramid,9,1.1467853043737926,0.5964752181600411,0.9086137806662561,0.3183044904809771,0.12039875570165161,0.12486506740733722,0.17646619849131112,0.03943825244670025,28.94,0,oort
11,mnist,FedPyramid,10,0.9260318958903072,0.6770090686134718,0.9448731557223388,0.2597549781968559,0.07516733028314204,0.45940042557348737,0.35091779189044875,0.07318004649196956,30.509999999999998,0,oort
12,mnist,FedPyramid,11,0.9516814581715993,0.6234529173558433,0.9372215362294412,0.2515626235917381,0.06623933474631843,0.17276636328685394,0.20983370137651855,0.04699558297172353,30.46,0,oort
13,mnist,FedPyramid,12,0.9022773140342146,0.689328694461872,0.9511059876116891,0.22479018816529875,0.047120379984517645,0.5451945522469754,0.39252799518026343,0.0778869387755102,30.15,0,oort
14,mnist,FedPyramid,13,0.9601001446942274,0.6737010209319568,0.9338664710336778,0.2823281693666297,0.10092003899839808,0.16038697518762812,0.20070264712110567,0.047232906114453625,29.8,0,oort
15,mnist,FedPyramid,14,0.8753778930389591,0.7145953345120629,0.9383646190695762,0.27895236553287495,0.10979035016434914,0.3138133593163258,0.30061358659928217,0.04949175719308316,27.66,0,oort
16,mnist,FedPyramid,15,1.6116014531463612,0.5478241031198312,0.8977202354660606,0.3098529804615809,0.10856287791744636,1.1923818318167132,0.5384590076018654,0.12804079065588497,31.59,0,oort
17,mnist,FedPyramid,16,1.1639066736315153,0.5923116409057206,0.9348232432282111,0.2839367228772693,0.06093427537514189,0.5841491282567945,0.38694031226750863,0.08307144147049339,27.130000000000003,0,oort
18,mnist,FedPyramid,17,0.7748008910735461,0.7279415958478298,0.9601543824992098,0.2252363496681114,0.04405419065130866,0.40887610027485827,0.34115610290075415,0.07161119161229591,31.17,0,oort
19,mnist,FedPyramid,18,0.7694931191285367,0.728683054810928,0.9578823814587781,0.20678266631900408,0.05585487792797343,0.4142884418174916,0.34434537052196595,0.06837602679976618,21.099999999999998,0,oort
20,mnist,FedPyramid,19,0.6050929635754411,0.7817258883248731,0.9707438985541875,0.18436405447885004,0.037457626333765454,0.51754255918518,0.3667194175787575,0.06706881908788884,30.15,0,oort
21,mnist,FedPyramid,20,0.6351530489471933,0.7782467347287971,0.9712016142622276,0.15549347284587406,0.033769019998736036,0.31324766764235235,0.2967526643654881,0.05510738518895102,31.18,0,oort
22,mnist,FedPyramid,21,1.9321036524647206,0.43843038841042603,0.8909650181108338,0.3276100657300941,0.08220215553534654,0.8036403384781202,0.45288431205893964,0.09964621953021126,30.15,0,oort
23,mnist,FedPyramid,22,1.0431698224185304,0.623110705526721,0.9286658505837219,0.3090574123622852,0.0791580450273752,0.5850111314220672,0.4053387212550048,0.08829967604962821,34.36,0,oort
24,mnist,FedPyramid,23,0.7572312041816374,0.7309644670050761,0.9627574425473181,0.18607124951320086,0.03641252149897054,0.4049100600142955,0.34023359239677614,0.06876825224381031,31.28,0,oort
25,mnist,FedPyramid,24,0.6192524142022171,0.7965550675868363,0.972583644100274,0.13419131807047022,0.0349143936875878,0.4226230413339007,0.33879709664230273,0.06327591028270295,31.59,0,oort
26,mnist,FedPyramid,25,0.7490528721558589,0.7524667769349227,0.9595768166579756,0.2003612928982497,0.05592764470638424,0.3035966666885225,0.2978796708716659,0.05561995421078648,31.59,0,oort
27,mnist,FedPyramid,26,0.7841496382582797,0.7223521359721667,0.9545619606925427,0.24362295858717561,0.058527112456660646,0.39841590631251056,0.3335355602136548,0.06291693136122667,28.93,0,oort
28,mnist,FedPyramid,27,0.8028080198501679,0.7155649346945759,0.9511799486058181,0.2670853225799364,0.07596699660563994,0.4290740136408994,0.3464766442539032,0.07149811173239645,28.94,0,oort
29,mnist,FedPyramid,28,1.0523297340888655,0.6275024240004563,0.9361442815221619,0.29942076600633794,0.0747755598109413,0.429756894975576,0.3419886539658909,0.07157079909129006,25.36,0,oort
30,mnist,FedPyramid,29,1.7747107192585676,0.4731648890663321,0.889897363755064,0.3197373842299794,0.10419576239774936,0.5284274257025547,0.3919856880545734,0.07501160959223663,34.36,0,oort
31,mnist,FedPyramid,30,0.7718035870058685,0.719614441339189,0.959943694702725,0.20634390185149962,0.04349933642791814,0.41540160881931687,0.32235516278233955,0.07456920284135754,30.509999999999998,0,oort
32,mnist,FedPyramid,31,0.9438274148127808,0.6769520333086181,0.9479837581329623,0.26761201473632146,0.06526686451554349,0.5459879081486457,0.3958546442493004,0.08523376956705683,28.93,0,oort
33,mnist,FedPyramid,32,0.7962546534908674,0.7099754748189129,0.9574683991900363,0.20877259312178298,0.043643408177416514,0.3410007096881131,0.2987710425102089,0.07197352380952382,29.8,0,oort
34,mnist,FedPyramid,33,0.9699245383263068,0.6538527348428678,0.9490218084831772,0.23883751858534497,0.04336537414954381,0.5406014804352489,0.3723430863750432,0.08186827574032393,28.36,0,oort
35,mnist,FedPyramid,34,0.869604723007666,0.7225802771915816,0.9543691267736454,0.22482970171397307,0.051518995561005504,0.41248162661978643,0.34872337144163573,0.07048974680068107,31.28,0,oort
36,mnist,FedPyramid,35,0.5257428202713672,0.8247305081845663,0.9792881732823286,0.12086689268690946,0.023903704749747803,0.34046000606913057,0.3032186357917922,0.061605518473522476,31.59,0,oort
37,mnist,FedPyramid,36,0.49896422947925484,0.8311754976330349,0.9816112300988846,0.12215260983500036,0.022344395914357152,0.39886831529069144,0.34190587335483374,0.06174629448709003,31.18,0,oort
38,mnist,FedPyramid,37,0.7526236444645469,0.7530941652883134,0.962770698506823,0.17127450904717695,0.05940410808714524,0.7029840206308459,0.43304578699319546,0.098703056206089,30.46,0,oort
39,mnist,FedPyramid,38,0.6568968728589238,0.7659841441852506,0.966841322567664,0.2111932198474032,0.04708301889583459,0.18083733148520686,0.2220335242855281,0.04478673334403024,31.59,0,oort
40,mnist,FedPyramid,39,1.1721960679920433,0.6004676894998003,0.9339939953388138,0.2640301579743406,0.0653948677210079,0.6425089923842978,0.4111216865766337,0.0857224862786443,28.36,0,oort
41,mnist,FedPyramid,40,0.685863343755638,0.7536074830319968,0.969943972111363,0.1439817615555836,0.027186832476036777,0.6313897827648479,0.41418901512507345,0.09599428165172223,34.36,0,oort
42,mnist,FedPyramid,41,1.0026768106347312,0.6776934922717162,0.9434689517602253,0.22419967324724707,0.0672137330702582,0.6597767339778222,0.42204768084938765,0.09938966137747243,30.15,0,oort
43,mnist,FedPyramid,42,1.0714336489740213,0.6295556949751896,0.942067049113981,0.24484376395698174,0.05340540231274337,0.7301582737155019,0.4485815989059525,0.0921693814542293,34.36,0,oort
44,mnist,FedPyramid,43,0.9314293849743607,0.6918952831802886,0.9476949107348202,0.21618264692793368,0.05815364025568513,0.4773167266547529,0.3637192005710962,0.08046859364585648,30.46,0,oort
45,mnist,FedPyramid,44,0.8113405882892653,0.7278845605429761,0.9620785849554162,0.17089790598724303,0.03628514360548805,0.8231391946939393,0.460235072722854,0.10284749858339104,31.28,0,oort
46,mnist,FedPyramid,45,0.7996266137945949,0.7334740204186392,0.9614383496325297,0.16344668382891206,0.03229487389565258,1.025500194962372,0.5080781223054817,0.1134075811972948,27.66,0,oort
47,mnist,FedPyramid,46,0.6925071692678629,0.7647293674784692,0.9681185209964868,0.17673232900608407,0.03622966634336354,0.6947901808786208,0.4333546425123073,0.09470879340020177,21.099999999999998,0,oort
48,mnist,FedPyramid,47,0.5017690881610906,0.8225061312952717,0.9805160938227029,0.12425119001373355,0.020770259713810618,0.5172328530610248,0.3798158715127388,0.08748640678234687,34.36,0,oort
49,mnist,FedPyramid,48,0.4582897168127085,0.852563736953174,0.9830325214273314,0.13703476376790394,0.02782969358129799,0.5129000068393901,0.37900621816225616,0.0845206490749166,28.94,0,oort
50,mnist,FedPyramid,49,0.5468865684079401,0.8208521074545143,0.9775654369338427,0.13948970956392143,0.028892477270679284,0.6419794130913499,0.4090921783941441,0.09162495534516461,19.0,0,oort
51,mnist,FedPyramid,50,0.6682447732655974,0.7700906861347174,0.9685587529309176,0.19215792781721447,0.0488408985818122,0.38257760846841726,0.3312608409366494,0.060441619000071334,28.22,0,oort
52,mnist,FedPyramid,51,0.39107072692158207,0.8631152683511093,0.9880385459038632,0.08904176755111688,0.011995067709850286,0.19266391167199987,0.2180783139654734,0.05398526693502852,28.94,0,oort
53,mnist,FedPyramid,52,0.5989789142782234,0.8020304568527918,0.9751490122665538,0.1515451583663346,0.028561806941347172,0.3396547640184992,0.31541988494564116,0.05851872616048939,29.8,0,oort
54,mnist,FedPyramid,53,0.6472999814445072,0.7940455141732733,0.9701076777414763,0.18089760412923064,0.039079841245154186,0.6384764431867187,0.42593795894054737,0.09549973427756714,29.8,0,oort
55,mnist,FedPyramid,54,0.5230640168805982,0.826897849769007,0.9801243612994505,0.11113708504814403,0.02171317846072609,0.3425976237477627,0.28962911398419555,0.062111346814680446,34.36,0,oort
56,mnist,FedPyramid,55,0.6181751715485453,0.7820110648491416,0.9740367270370338,0.1509580974229637,0.026524407584575097,0.4468845877636664,0.35209107544014645,0.058667365184484385,28.93,0,oort
57,mnist,FedPyramid,56,0.6820391803430235,0.7730565219871101,0.9698287558122083,0.1721396823243972,0.033379919314567956,0.5779544346414891,0.4092769206467037,0.0880908366824991,28.93,0,oort
58,mnist,FedPyramid,57,0.759569244745473,0.7276564193235613,0.9648424424612929,0.16806873466787037,0.028648283680828595,0.4822598277869624,0.35262451034375764,0.07442736334208758,28.94,0,oort
59,mnist,FedPyramid,58,0.34449758467843444,0.8863286374265671,0.9902448972266653,0.07826423136795028,0.009362309033430029,0.22828048187182368,0.2449158558749008,0.053530584273866685,30.46,0,oort
60,mnist,FedPyramid,59,0.4966750051232964,0.8381338048251868,0.9822111525248626,0.11070673888882555,0.01947235852451232,0.3533029810280886,0.29596681832605315,0.06560833313865203,34.36,0,oort
61,mnist,FedPyramid,60,0.367314097906769,0.8842753664518337,0.9897484077321217,0.0719966314620551,0.009338881822080852,0.27374546926388804,0.27185982589138646,0.05709040327804643,31.18,0,oort
62,mnist,FedPyramid,61,0.43550563214386623,0.8503963953687332,0.9853425163258848,0.10746712658232924,0.017680204988984365,0.4036385324993724,0.3453475161544074,0.06662787580554244,34.36,0,oort
63,mnist,FedPyramid,62,0.5602872770774059,0.8153767181885587,0.9756396084813892,0.14872194877932432,0.03214633994156741,0.5367979785194686,0.377946040717512,0.08702030968510384,21.28,0,oort
64,mnist,FedPyramid,63,0.898730643787163,0.717675240974163,0.9546812985940346,0.2239815984925369,0.05247845111971491,0.4232460603448595,0.34401301564026265,0.06550579759121362,30.509999999999998,0,oort
65,mnist,FedPyramid,64,0.6545926687059276,0.7817258883248731,0.9697232268156928,0.17800515005488599,0.03612541191321812,0.3459022045289798,0.310528808272719,0.06327100131120279,34.36,0,oort
66,mnist,FedPyramid,65,0.6218868753600663,0.8014601038042548,0.9722108200052028,0.17010427062477734,0.03841268798979532,0.22254393817062026,0.24515264907294732,0.050667592345349365,27.12,0,oort
67,mnist,FedPyramid,66,0.44229560003162316,0.8535903724405407,0.9846113929793244,0.11291936834969071,0.01854304288991184,0.29073611738263433,0.2798568646112382,0.06687816404379346,28.93,0,oort
68,mnist,FedPyramid,67,0.5278804990929603,0.8195973307477329,0.9808826768332616,0.1327456980473354,0.022663750662697164,0.6114534514455862,0.3945794476040115,0.08826357723577234,28.93,0,oort
69,mnist,FedPyramid,68,0.46058622254825327,0.8437232647008498,0.9834738124726652,0.13359435580316295,0.020077785585007044,0.5138224917453478,0.38481606014904807,0.08211457855732492,31.17,0,oort
70,mnist,FedPyramid,69,0.43542792515268375,0.8541607254890777,0.9849126944856168,0.11913496616438364,0.02197677961470119,0.39134953900276565,0.32449156516349176,0.06511225672877848,34.36,0,oort
71,mnist,FedPyramid,70,0.6594265018480674,0.7768208521074546,0.9723845546523031,0.16260194185205296,0.027946852293551233,0.7983620057779466,0.4701376055868796,0.10726124024919227,28.22,0,oort
72,mnist,FedPyramid,71,0.45385079258486843,0.8541607254890777,0.985189211335185,0.09676268304105921,0.012863486561764148,0.574873249990167,0.401038985078035,0.08274620874008654,28.93,0,oort
73,mnist,FedPyramid,72,0.3956527346074589,0.8735527291393372,0.9859470084730296,0.11709212250737304,0.022584502708704,0.6030774922889095,0.39291260766682035,0.08540050420168066,31.17,0,oort
74,mnist,FedPyramid,73,0.5172524405943932,0.82632749672047,0.9801005576459385,0.15593245019069205,0.026910656804252774,0.3294139526819024,0.2964426468679433,0.064557617770969,28.93,0,oort
75,mnist,FedPyramid,74,0.5730778676715186,0.8067643871556494,0.97736005401061,0.1297163881474951,0.021153780746851238,0.47748831005679415,0.35533845282847043,0.07882258514863401,21.28,0,oort
76,mnist,FedPyramid,75,0.6515684958031298,0.76843666229396,0.9677949531307052,0.2217727214157284,0.045332981020471265,0.6815157491629436,0.43036959595721774,0.09689274147513896,30.46,0,oort
77,mnist,FedPyramid,76,0.495613980714096,0.82786744995152,0.981828798518299,0.11835919746404087,0.017427667960024255,0.4058257694388205,0.32581232512926783,0.07598422159836216,30.509999999999998,0,oort
78,mnist,FedPyramid,77,0.48307839821391385,0.8438373353105573,0.9813738260279816,0.13091632320097396,0.02297811887957348,0.4187521729582013,0.32769294608826427,0.08106698804201809,31.28,0,oort
79,mnist,FedPyramid,78,0.5118257944336239,0.8368219928135516,0.9791419707420979,0.16960602495204197,0.030539247279459652,0.3266812832760772,0.30951989303232047,0.061134289023557886,34.36,0,oort
80,mnist,FedPyramid,79,0.45814594226531913,0.8509097131124166,0.9822716664392129,0.13965677425400405,0.02793309985096772,0.3130950356548513,0.2994276252977182,0.057708256014734664,31.28,0,oort
81,mnist,FedPyramid,80,0.7247119111313602,0.7714595334512063,0.9682399955236596,0.19786988234848799,0.03722446118156927,0.5777906198000147,0.3967172924571422,0.08238158892702414,31.17,0,oort
82,mnist,FedPyramid,81,0.6435361345253472,0.7982661267324473,0.9720150387305827,0.17502622284766473,0.03454039732510474,0.6170070381913333,0.40226372887045997,0.0846010704057723,31.59,0,oort
83,mnist,FedPyramid,82,0.33959210883281626,0.8875263788284948,0.9899123522476609,0.0848867489774817,0.01335521447400545,0.2785103246218973,0.28454747212732984,0.05290982282413474,31.28,0,oort
84,mnist,FedPyramid,83,0.42462109363001344,0.8575258084754463,0.9869100554375809,0.08909247024867763,0.011883401188427406,0.6063943256690922,0.4045008471056386,0.08733935515873015,28.22,0,oort
85,mnist,FedPyramid,84,1.190938351685945,0.595904865111504,0.9399380040863274,0.25456196520160107,0.04392184944652333,0.8934131307471536,0.46337395301438583,0.11667079007652188,30.15,0,oort
86,mnist,FedPyramid,85,0.3626821152337539,0.8748075058461188,0.9894772382227914,0.08109612055830806,0.009900285582555448,0.33835548364072965,0.2954908760284083,0.06652934043970686,28.93,0,oort
87,mnist,FedPyramid,86,0.31825457288805614,0.8965949923002339,0.9920595929086307,0.0666837612841868,0.006873508151651787,0.3852712780767862,0.32743122217213017,0.06713999999999999,28.93,0,oort
88,mnist,FedPyramid,87,0.4977734930286484,0.8283237323903496,0.9818798134373132,0.12496044507820972,0.019130226392646922,0.4160177340878708,0.3388242894824419,0.07023049582040591,30.46,0,oort
89,mnist,FedPyramid,88,0.3625163143729886,0.8831346603547596,0.9888170003846366,0.09561345800452412,0.014225780782089602,0.6396586283134421,0.41776922214073997,0.08621231040564373,28.36,0,oort
90,mnist,FedPyramid,89,0.3614235497945979,0.8822220954771003,0.9896456366687412,0.08151238380635673,0.009938292285557291,0.3515996828271282,0.3273481427831527,0.06124989247311828,31.28,0,oort
91,mnist,FedPyramid,90,0.7686767946490579,0.7487594821194319,0.9664650705218676,0.1617786727939012,0.033536138824670374,0.569181404126061,0.40254719824991947,0.08757079807804992,30.46,0,oort
92,mnist,FedPyramid,91,0.4996973169299043,0.8293503678777163,0.9820684010006988,0.15107366705014472,0.024120032165717304,0.4259041346671122,0.3437696128203049,0.07684846402850619,29.8,0,oort
93,mnist,FedPyramid,92,0.46106980230627387,0.8519363485997833,0.9822485557519318,0.13829204037680962,0.023851757956099454,0.5286402212237817,0.3861510899065908,0.09068799177028357,27.130000000000003,0,oort
94,mnist,FedPyramid,93,0.4482398021264644,0.8574687731705926,0.9833248573512436,0.118379908245656,0.021213011040984008,0.42813585330066484,0.34893003594253186,0.0765460816429837,27.47,0,oort
95,mnist,FedPyramid,94,0.38890541496942566,0.8707009638966521,0.9869887711999306,0.10221216240606827,0.018093759392347027,0.5553817952283573,0.3751334245530968,0.0816764181077211,27.12,0,oort
96,mnist,FedPyramid,95,0.7220804380564035,0.7509268237038726,0.9683938106047442,0.20553618810063093,0.034794590970704434,0.45933048425243667,0.3396020831142213,0.0741760131096973,31.18,0,oort
97,mnist,FedPyramid,96,0.3889488171011934,0.8692180459704557,0.9883338208352369,0.08824426477562564,0.013399931998630661,0.41803014160556384,0.33065166537487134,0.07465130342164825,31.59,0,oort
98,mnist,FedPyramid,97,0.5264223294140126,0.8373923458620887,0.9792193002574584,0.13294764956235008,0.030253959652405082,0.8042256639309048,0.43763922395560184,0.10325423904589057,31.17,0,oort
99,mnist,FedPyramid,98,0.41062217042173754,0.860092397193863,0.9864770593753794,0.10345680078619246,0.017027246174312973,0.5922656037552064,0.3983873104838957,0.08830385451818522,31.28,0,oort
100,mnist,FedPyramid,99,0.48858286395126094,0.8355672161067701,0.9826981266241029,0.14013686944971263,0.02029890533137024,0.5841579326062962,0.38258662172297725,0.0879303560760514,27.66,0,oort
101,mnist,FedPyramid,100,0.441929042550977,0.8487423715279758,0.9846783497215348,0.1401772641421863,0.024522351499105685,0.5264748113142306,0.378937767757079,0.07313508865208282,31.28,0,oort
102,mnist,FedPyramid,101,0.41057546905087444,0.8634004448753778,0.9871526905033311,0.1004225431918375,0.013752110436556409,0.7327291976293947,0.4225731345881576,0.09254538148277998,28.94,0,oort
103,mnist,FedPyramid,102,0.3624197010372125,0.8813665659042947,0.9883275008457828,0.097019523529541,0.016129465209974752,0.311108302094715,0.3028234775365339,0.05743537141438855,31.18,0,oort
104,mnist,FedPyramid,103,0.32984502007860855,0.8883248730964467,0.9909446306053988,0.09437261702899397,0.012097065807261028,0.3964089495617886,0.33465924133551217,0.06844095990965555,30.15,0,oort
105,mnist,FedPyramid,104,0.40066042970330246,0.8637426567045001,0.9864030902696603,0.13350517054605943,0.022217733301737333,0.8406649908711084,0.4774127013853107,0.10755730373645266,31.28,0,oort
106,mnist,FedPyramid,105,0.3660512931151285,0.8689899047510409,0.9881109116616126,0.11324214144338396,0.013999628699255882,0.3315632916859051,0.3062516596157671,0.059894920634920634,27.66,0,oort
107,mnist,FedPyramid,106,0.508874162440085,0.8243312610505903,0.98029573903829,0.13658926058905246,0.02133189370589989,0.22129304753591558,0.24894375383594278,0.04741002477291495,31.18,0,oort
108,mnist,FedPyramid,107,0.4499670377838517,0.8411566759824332,0.9851726452626958,0.11752618172255255,0.01541848158939947,0.514312867608156,0.3603082353201034,0.0651471750032146,34.36,0,oort
109,mnist,FedPyramid,108,0.38779568983009755,0.8679062339588205,0.9869062323862544,0.10899911678987405,0.021184958904448974,0.4426687643682123,0.34954547938796865,0.07815659933896438,31.59,0,oort
110,mnist,FedPyramid,109,0.4786727310613295,0.838076769520333,0.9822950109985202,0.1347789738650843,0.0228444549078088,0.17698311772095723,0.22008556454725994,0.041991963365769894,31.28,0,oort
111,mnist,FedPyramid,110,0.6031371254786052,0.804711116180916,0.9754486653080471,0.17665942784356653,0.03761729992764706,0.6808081137470082,0.444866449118494,0.09126267958030669,27.66,0,oort
112,mnist,FedPyramid,111,0.31378104236647414,0.8936861917526949,0.9918102926597597,0.06845818037234817,0.008628657044505954,0.609222679626345,0.41974283587716776,0.09049480075128419,27.12,0,oort
113,mnist,FedPyramid,112,0.41110779456033597,0.867050704386015,0.9877432256024556,0.0773927251790741,0.010487872025692567,0.7061873761272801,0.40858866971393953,0.08402880124370542,28.36,0,oort
114,mnist,FedPyramid,113,0.4987453301068919,0.8373923458620887,0.9821961944736625,0.12808072759917077,0.02187665354233283,0.6790419292821104,0.4159573070375351,0.10130676223794617,30.15,0,oort
115,mnist,FedPyramid,114,0.4365768594225603,0.8511948896366851,0.9849524605516573,0.10785537468105612,0.016420044871663365,0.2728743265808502,0.26086734021685504,0.06260386954306099,31.59,0,oort
116,mnist,FedPyramid,115,0.2876219563729597,0.9028118405292876,0.9928607687761819,0.07446912210351486,0.009450591696111007,0.24218534702001712,0.25862619663526454,0.051919040045441636,29.8,0,oort
117,mnist,FedPyramid,116,0.35997274699150417,0.874180117492728,0.9895014249986673,0.09516116139642716,0.012598741014456172,0.2296447075448631,0.25000403675139465,0.04747313164349959,30.46,0,oort
118,mnist,FedPyramid,117,0.45884525012045296,0.8430388410426054,0.9838675850661357,0.1475466471653001,0.024271948577469123,0.42417154054639455,0.34350399741826687,0.07878933047273803,29.8,0,oort
119,mnist,FedPyramid,118,0.4261602502309727,0.8608908914618149,0.9856102042002101,0.12364067621078265,0.022865934816590716,0.46453835653494574,0.3533233584671481,0.07931018367603937,30.46,0,oort
120,mnist,FedPyramid,119,0.5475330617830994,0.8276963440369589,0.9766523749675022,0.18393593153072116,0.0488898406180424,0.5194786088607982,0.3929103627291321,0.079410245234991,22.47,0,oort
121,mnist,FedPyramid,120,0.7323371557012383,0.7532082358980209,0.9688039722044522,0.18648552812000457,0.03224409441668715,0.5285384252309863,0.37291638360232826,0.07648737354677704,30.15,0,oort
122,mnist,FedPyramid,121,0.3476156955083707,0.883248730964467,0.9897596898949801,0.09885351932667273,0.012039483035031263,0.3883720469002442,0.32233261679360575,0.07195997846549268,20.72,0,oort
123,mnist,FedPyramid,122,0.3913610948461143,0.8655677864598186,0.987142054841671,0.10996291516034387,0.016259824651530596,0.495136127906856,0.3717269799497712,0.07897631356425275,20.58,0,oort
124,mnist,FedPyramid,123,0.36555780366417906,0.8770318827354132,0.9885301609470697,0.12173560538026627,0.01948134141767825,0.4636585042419488,0.35917017345289715,0.06558301266385248,29.8,0,oort
125,mnist,FedPyramid,124,0.500699793753797,0.8271259909884219,0.9817674047073056,0.14211009771189614,0.02002283440102128,0.6797979418265809,0.42138087079978725,0.09298727000747943,30.15,0,oort
126,mnist,FedPyramid,125,0.6104993111284803,0.8020874921576456,0.9761472653219437,0.14915374528162748,0.027233509582965037,0.5604538787711214,0.374303842827094,0.09105041361102961,27.66,0,oort
127,mnist,FedPyramid,126,0.319631464615159,0.891746991387669,0.9910216224584636,0.09444758848278029,0.010890059606062591,0.4571795862718458,0.3585049996120292,0.07180809588774119,28.36,0,oort
128,mnist,FedPyramid,127,0.3217211417978089,0.88729823760908,0.9914154790750659,0.09002349809619577,0.010475187507378475,0.4331998334479501,0.34718347940803873,0.06908521702486305,30.509999999999998,0,oort
129,mnist,FedPyramid,128,0.4952433237284227,0.8366508868989905,0.9821373035586455,0.12945462630093316,0.023153693055731193,0.8008706257341158,0.4658865231714439,0.10406378577662208,31.18,0,oort
130,mnist,FedPyramid,129,0.37312312344923965,0.8690469400558946,0.9885800821389537,0.0952016624252034,0.012243931658303541,0.3616268809202261,0.31200486041631986,0.0769526113288208,31.59,0,oort
131,mnist,FedPyramid,130,0.527082190727829,0.8177151656875606,0.9815656981753803,0.1295313064317916,0.02279161848484672,0.4639379215232688,0.3507896877414879,0.07801653264898774,31.59,0,oort
132,mnist,FedPyramid,131,0.3137762054175101,0.8869560257799578,0.9916288128521752,0.076760275959753,0.007660437010669858,0.38515801627434554,0.32945750208857205,0.06246238965120521,31.59,0,oort
133,mnist,FedPyramid,132,0.3318404220974305,0.8846746135858096,0.9908896721317182,0.08183316292859064,0.010194734309019082,0.3032856593401348,0.30573634522628235,0.05161715282902216,30.509999999999998,0,oort
134,mnist,FedPyramid,133,0.44247545256788,0.8558147493298351,0.9846165325687734,0.12726706333694213,0.020105092444499397,0.48722642585443715,0.3701876689691977,0.08290296887470071,27.66,0,oort
135,mnist,FedPyramid,134,0.3348137656264688,0.880168824502367,0.9899954931137729,0.10746070905950163,0.015882547453767038,0.36554904247348785,0.3106454971787343,0.055249524591317406,30.46,0,oort
136,mnist,FedPyramid,135,0.3283850278516745,0.8935721211429876,0.9908817246542561,0.07430679690436084,0.011573425627642837,0.5152934938865115,0.34108971153544454,0.06864671714037482,28.94,0,oort
137,mnist,FedPyramid,136,0.32908614188744073,0.888267837791593,0.9910304896878043,0.07442786821723033,0.00986592410243751,0.22658792640955724,0.23379334676830696,0.0547051566765722,30.509999999999998,0,oort
138,mnist,FedPyramid,137,0.4964195806265238,0.83094735641362,0.9815683452356435,0.13259714114348015,0.021067081821004863,0.4936505038640989,0.3535058096049349,0.0708094807568452,28.94,0,oort
139,mnist,FedPyramid,138,0.3915524866519112,0.8725260936519705,0.9875383223664131,0.09938188364993363,0.01478990119999667,0.7082187709633936,0.436813884755148,0.09728942169427947,31.18,0,oort
140,mnist,FedPyramid,139,0.39104508804649796,0.8657959276792334,0.9877959587473681,0.09751912093134481,0.012173520384500272,0.8498442872116776,0.475671906765612,0.10528684064353912,20.73,0,oort
141,mnist,FedPyramid,140,0.2923275627504589,0.8986482632749672,0.9926365812328314,0.07095850045537054,0.009100605107782527,0.44247502186189613,0.3408535177245868,0.07339865800865801,34.36,0,oort
142,mnist,FedPyramid,141,0.36638723480440716,0.87959847145383,0.9887474036731417,0.11798003491915951,0.01789060722552013,0.3207885875616673,0.3034524865679189,0.06673942302990792,27.130000000000003,0,oort
143,mnist,FedPyramid,142,0.2864447303276968,0.902925911138995,0.9925143515589443,0.07150474213314904,0.0071731678821408285,0.411343299470663,0.3395020815364885,0.0713627574507299,31.28,0,oort
144,mnist,FedPyramid,143,0.3148658196565148,0.8918610619973764,0.9919136415618354,0.07505696493143237,0.008621002281026904,0.6651063839309913,0.41973976346231073,0.0922321362050987,28.93,0,oort
145,mnist,FedPyramid,144,0.2966418065748599,0.8961387098614042,0.9923775316525351,0.07576002671407657,0.007066128477954062,0.6301341811054219,0.4208611062639287,0.09009561155262648,30.15,0,oort
146,mnist,FedPyramid,145,0.5262319796890097,0.8279244852563737,0.980421479107091,0.15937495455417663,0.023304681203558594,0.46569764768152083,0.3643496600244664,0.07789613687311263,34.36,0,oort
147,mnist,FedPyramid,146,0.44925198793054133,0.8521074545143443,0.9843949231987008,0.11864897695271241,0.018018119605585567,0.3929641333124635,0.3269414488405354,0.06319637370381556,30.46,0,oort
148,mnist,FedPyramid,147,0.38035659819364953,0.8738379056636058,0.9875406140319775,0.10897531540769642,0.017923365793002882,0.16430373676779642,0.213869744185891,0.041057861388060064,28.94,0,oort
149,mnist,FedPyramid,148,0.28257218310156174,0.8987623338846746,0.9926353481683483,0.07202359632887631,0.0074617888099766504,0.1315039593133699,0.18338194003450653,0.043631081656030114,31.28,0,oort
150,mnist,FedPyramid,149,0.5115078143096474,0.8279244852563737,0.983368832281989,0.09860385749882382,0.013280735497700263,0.4162459301780008,0.31847280974050146,0.06792180228746267,25.54,0,oort
151,mnist,FedPyramid,150,0.3792973890047279,0.8745793646267039,0.9877687316062184,0.11631971113375271,0.022413863516622813,0.5619209493981833,0.39275098092094873,0.06984035714285713,21.549999999999997,0,oort
152,mnist,FedPyramid,151,0.3963703943048397,0.8687047282267724,0.9864180301400646,0.145217549853771,0.02578454458584206,0.3292470107447954,0.30632499584822637,0.06511372087409659,31.28,0,oort
153,mnist,FedPyramid,152,0.5583053949685218,0.8235898020874921,0.9784157720738698,0.17751462384131358,0.03224480320362467,0.5859919958597423,0.3999825554487145,0.07318330383480826,20.73,0,oort
154,mnist,FedPyramid,153,0.4145748051456201,0.8564991729880796,0.9872041411854547,0.08727095924508826,0.012125984822020945,0.5472821073372343,0.38721051511274185,0.08454586516770829,31.59,0,oort
155,mnist,FedPyramid,154,0.4266196614768097,0.8524496663434666,0.9863182755052256,0.0998784093703963,0.015481429602085739,0.6289594051712523,0.411138571112517,0.08998212164677877,34.36,0,oort
156,mnist,FedPyramid,155,0.6059667578689472,0.7949010437460788,0.9776195854529152,0.1181156141000812,0.017135279974957215,0.5948878296440402,0.4016089546393103,0.0892651913567703,27.47,0,oort
157,mnist,FedPyramid,156,0.3450733292591489,0.8903781440711801,0.989773305745344,0.08855770604747998,0.015483578218461993,0.47355115231013467,0.3595975178171708,0.07037227917121047,31.59,0,oort
158,mnist,FedPyramid,157,0.6807427190569635,0.7792733702161638,0.9709330331708852,0.22452392440379487,0.04328861180621763,0.4813150394339182,0.35850119801552,0.07494532382567759,26.92,0,oort
159,mnist,FedPyramid,158,0.46107697416252763,0.849084583357098,0.9850065633731064,0.1023223927818403,0.015647197867831725,1.0662594290782448,0.5252727151378643,0.1237542857142857,27.66,0,oort
160,mnist,FedPyramid,159,0.29679914924329936,0.9039525466263617,0.992643408588576,0.07045481087142294,0.009181495880944326,0.5979444464254133,0.39471736170173477,0.09286718894009216,31.17,0,oort
161,mnist,FedPyramid,160,0.3603228023890339,0.8775452004790966,0.9896798538284073,0.08900427610132781,0.01121203145890315,0.8671930360774478,0.46508355104903554,0.10655350994775446,28.36,0,oort
162,mnist,FedPyramid,161,0.27733698764688053,0.9046369702846062,0.9932283848363032,0.06467300172285011,0.007509806744495356,0.15888896027301527,0.2016814112062779,0.040809792127377266,31.18,0,oort
163,mnist,FedPyramid,162,0.41800116397638154,0.853134090001711,0.9861989963427178,0.11072837821933987,0.015444068745474566,0.5107886089489132,0.37581991676015475,0.08146142857142859,30.15,0,oort
164,mnist,FedPyramid,163,0.30064060602152615,0.898705298579821,0.9923720679730479,0.07105973504813655,0.00804563493695962,0.4884120115089673,0.3599470547342766,0.06414853727945362,27.130000000000003,0,oort
165,mnist,FedPyramid,164,0.2794087413567803,0.9050932527234358,0.9926209567815493,0.0756653634147144,0.008690682583564093,0.4088154973420958,0.34375109399893294,0.06931643738977072,34.36,0,oort
166,mnist,FedPyramid,165,0.5025998280984675,0.8414418525067017,0.9820035440858699,0.13773858577089876,0.022764015306465723,0.5542640456432788,0.3858910165587766,0.08654550168956208,27.66,0,oort
167,mnist,FedPyramid,166,0.5592086340360728,0.8164603889807791,0.9788008529814777,0.14851642838114945,0.02487294660343691,0.28625133781348033,0.28440738731108,0.04937025782390141,34.36,0,oort
168,mnist,FedPyramid,167,0.2847130027669192,0.9105116066845377,0.9930224588059415,0.06156705280665353,0.008590775318451756,0.3528171095743346,0.3154581225639268,0.06755915214576726,28.22,0,oort
169,mnist,FedPyramid,168,0.4132664873875078,0.8668795984714538,0.9871659899972891,0.09275310686764014,0.012430638409124527,0.3637328152820199,0.3167042156443703,0.06672664412510566,31.18,0,oort
170,mnist,FedPyramid,169,0.2358564711762683,0.9206638909484971,0.9951619872413205,0.04579352758611769,0.005247330452747352,0.1303334058625229,0.178726757326929,0.03822153172248128,31.17,0,oort
171,mnist,FedPyramid,170,0.576367034863746,0.809330975874066,0.9793320607537355,0.14470411961686733,0.02130387681312936,0.3815613576380197,0.32844606624300604,0.06610715821812596,28.93,0,oort
172,mnist,FedPyramid,171,0.30855821510907344,0.8943135801060856,0.991975230362833,0.08118170198603449,0.010614069794367064,0.33356716637527223,0.29999638791993183,0.059729624943868485,28.93,0,oort
173,mnist,FedPyramid,172,0.4510781322003844,0.8542177607939314,0.9850766526958687,0.11417620799940001,0.017199672315509736,0.887217248640536,0.4862447441221591,0.1002898144556968,28.93,0,oort
174,mnist,FedPyramid,173,0.38179090739775123,0.8743512234072891,0.9882529625098933,0.10080609515546994,0.01586848557186598,0.6572080450653358,0.4074867159025958,0.0902170836958413,31.17,0,oort
175,mnist,FedPyramid,174,0.4628972250729527,0.8546740432327611,0.9839209746103701,0.12966602239807504,0.021235509054809292,0.6040810838845181,0.419674182301182,0.09037851630684429,31.17,0,oort
176,mnist,FedPyramid,175,0.3222245617521212,0.8905492499857411,0.99142452580499,0.08287678244382429,0.009922804910046759,0.841710765648865,0.4740770054408138,0.10035016827783744,31.59,0,oort
177,mnist,FedPyramid,176,0.2783013685802236,0.9093138652826099,0.9931737196641792,0.0637990495250115,0.008652576993300395,0.404810087469023,0.34654461290893485,0.0697061554163241,34.36,0,oort
178,mnist,FedPyramid,177,0.37405948263615446,0.8701876461529687,0.988387660888643,0.1046518891621956,0.015396285563199085,0.4120646494247232,0.32965031814857887,0.0680280942447901,30.509999999999998,0,oort
179,mnist,FedPyramid,178,0.37038538497556983,0.8713283522500428,0.9883867813553783,0.11482279488255961,0.013879137713125577,0.5507086226405332,0.3903017533407614,0.0795242625074208,31.59,0,oort
180,mnist,FedPyramid,179,0.6185771974658162,0.7907374664917584,0.9745981657960718,0.17316435943385866,0.030944617097384036,0.595332860036849,0.3967156301853802,0.08773626443988727,26.92,0,oort
181,mnist,FedPyramid,180,0.4955892292741946,0.8373923458620887,0.9812642082023822,0.1340544474627062,0.025253199436242386,0.44547282991947823,0.3559499947637237,0.07407424433056978,26.92,0,oort
182,mnist,FedPyramid,181,0.3340429320453958,0.883248730964467,0.9905984422310422,0.0959576586687177,0.012671305310062187,0.5602370549297517,0.3820818584744536,0.08891692654348805,25.54,0,oort
183,mnist,FedPyramid,182,0.7926465622190595,0.7655278617464211,0.9683769935115164,0.2138814295304029,0.03880912391659566,0.7492438608488898,0.4479180712224141,0.1006381719702099,20.560000000000002,0,oort
184,mnist,FedPyramid,183,0.3746068205804944,0.8738949409684594,0.9881893666287419,0.11058132294925406,0.015930789468470565,0.36188985260798134,0.3013719826475394,0.0720729480252963,31.18,0,oort
185,mnist,FedPyramid,184,0.515488093390914,0.8291792619631552,0.9804537796151489,0.16035036760137425,0.031814015744798405,0.5837125664037173,0.39597695712553,0.08739682300815353,30.46,0,oort
186,mnist,FedPyramid,185,0.37571180765547607,0.8824502366965151,0.9881297469250003,0.12110861759839839,0.023613347647628086,0.478939076184202,0.372490445676281,0.07451835866261398,28.94,0,oort
187,mnist,FedPyramid,186,0.3746384994278748,0.8790851537101466,0.9879571056436149,0.12970014375026023,0.021711894067192834,0.3613394505462392,0.32389122453350555,0.06385706958325477,30.509999999999998,0,oort
188,mnist,FedPyramid,187,0.30247961522974154,0.8915758854731078,0.9923651862636468,0.08047543221364535,0.007909387534849887,0.6984651752209168,0.43452978621984795,0.08606470470547499,27.66,0,oort
189,mnist,FedPyramid,188,0.4187522874238899,0.8647692921918667,0.9859030195526566,0.12293223345843744,0.018536969108665105,0.5059978109757018,0.3713552328560468,0.08584633331426282,31.28,0,oort
190,mnist,FedPyramid,189,0.4843929707318025,0.8465179946386814,0.9833258628530023,0.1349153565736443,0.023668469659844718,0.5182409923306655,0.38152215620654273,0.06808889029076103,29.8,0,oort
191,mnist,FedPyramid,190,0.4013862501827162,0.8732675526150687,0.9870533751296263,0.11996299047142997,0.020936999730997812,0.4937425722229557,0.36322304587189364,0.07946141266306078,28.94,0,oort
192,mnist,FedPyramid,191,0.31378447629589495,0.8980779102264301,0.9919916528941705,0.06489985938989058,0.007845234876091185,0.3466813335809607,0.30831546449117436,0.06433770038730655,31.18,0,oort
193,mnist,FedPyramid,192,0.24357472081748252,0.9147892545485655,0.9944279206070458,0.061834743716940505,0.005623642673099651,0.31141844466767127,0.2944952566001335,0.060202215477996965,31.28,0,oort
194,mnist,FedPyramid,193,0.35028336210790517,0.8765185649917299,0.990241455021367,0.0950741336195099,0.010330689935260338,0.6290244911387479,0.41293099379125314,0.08729159423578804,28.93,0,oort
195,mnist,FedPyramid,194,0.2991545663555608,0.895796498032282,0.9927261870268318,0.06727157284630143,0.006689501493313419,0.565656561672724,0.35736819839915146,0.08420377126460338,28.94,0,oort
196,mnist,FedPyramid,195,0.4034673509115259,0.8583813380482519,0.9870686541784893,0.11631872028836657,0.014890741518004064,0.41030015313568297,0.3298749940704614,0.07213533073929962,30.509999999999998,0,oort
197,mnist,FedPyramid,196,0.6713680472044576,0.7907374664917584,0.975073361382878,0.1637053322894777,0.025229204954089143,0.5503394608711423,0.3911643831067386,0.08485759642443305,30.15,0,oort
198,mnist,FedPyramid,197,0.3377577865217437,0.883647978098443,0.9898285885447228,0.09499059843646496,0.012570661154741373,0.2836002845862648,0.2889131135795585,0.056653246703611694,31.18,0,oort
199,mnist,FedPyramid,198,0.26439953799027816,0.9090286887583414,0.9937768389056888,0.0610354874606431,0.005832206548225301,0.5183973009035912,0.3695978526030352,0.077434422378817,30.46,0,oort
200,mnist,FedPyramid,199,0.39876123966838917,0.8721268465179947,0.9873526364387529,0.11305648252151672,0.018896499952939426,0.45488002407057637,0.34265916965876136,0.08217035525777193,17.32,0,oort
201,mnist,FedPyramid,200,0.4785107278646742,0.8477727713454628,0.9838079457419222,0.14585717952104926,0.028992031307065177,0.7246913732494915,0.4320967151580163,0.08945407500213559,28.93,0,oort
202,mnist,FedPyramid,201,0.3750108444710353,0.8828494838304911,0.9875166829191283,0.13038196197603533,0.02474076384839103,0.3774445238526276,0.32621442856106136,0.06615768029398253,19.16,0,oort
1,case,method,group,Loss,Accurancy,AUC,Std Test Accurancy,Std Test AUC,Kl,JS,EMD,round_time,highResourceClientNum,select_mode
2,mnist,FedAvg,0,2.948002930649084,0.20190497918211373,0.6698134889230045,0.31003351610225893,0.26030733826176894,0.23947809492891892,0.25824711762541197,0.05986548938037279,30.990000000000002,1,random
3,mnist,FedAvg,1,2.012281620879648,0.3936576741002681,0.7414158644798695,0.3294492192794948,0.25806140122755605,0.43917733325424607,0.3386672616782769,0.07548306347692367,26.96,2,random
4,mnist,FedAvg,2,2.267759832674918,0.2582558603775737,0.7471908979292813,0.31734470886316296,0.1912792684868536,0.7182475977625431,0.43613379875925107,0.08931020408163265,22.96,3,random
5,mnist,FedAvg,3,3.1076568197013965,0.21422460503051388,0.771149343321094,0.32392738997596393,0.1575191989551362,0.6437906440244248,0.4030538091959624,0.09170175653140632,31.1,3,random
6,mnist,FedAvg,4,2.6185322133498956,0.28329435920834994,0.7414225511526769,0.3321283503459224,0.20848092506376753,0.9443145469567296,0.48729662616210373,0.11657261749953557,24.580000000000002,1,random
7,mnist,FedAvg,5,2.3486172792197384,0.29202076085096673,0.782837223922465,0.3437802800781004,0.1498497149738162,0.6274075484452128,0.42548467941371454,0.08791316166454279,26.57,0,random
8,mnist,FedAvg,6,1.4986275238042326,0.3993041692807848,0.8576198573289984,0.29116916487578465,0.13224711953836146,0.512045044492119,0.37190253731218575,0.07151368678186917,33.94,3,random
9,mnist,FedAvg,7,1.4927014098905715,0.5030513888096732,0.8542888230061234,0.3155370986298535,0.17351630374082613,0.2966005100163258,0.262458986824491,0.05794407362421751,30.97,3,random
10,mnist,FedAvg,8,2.205751588983889,0.40500769976615525,0.8140807508253429,0.3887709091822023,0.15179442413041302,0.2467051508274981,0.26375876790977615,0.05054433556050483,33.94,2,random
11,mnist,FedAvg,9,1.7967353003127084,0.4307876575600297,0.8623984237013845,0.35246245888877514,0.11569298067427539,0.3319701947865075,0.29908079856983794,0.061389718785151856,22.33,1,random
12,mnist,FedAvg,10,1.2703381739613981,0.502709176980551,0.8904188967816409,0.2826653488746916,0.0918706424521093,0.5633534832746101,0.3693254705839111,0.08774645389235661,30.97,2,random
13,mnist,FedAvg,11,1.5921761485657022,0.465065875777106,0.8807761150433819,0.3194430831865884,0.10022419184959033,0.5530306863259243,0.397477747322512,0.0834150937308278,24.85,0,random
14,mnist,FedAvg,12,1.268246733760177,0.62909941253636,0.8812485345426299,0.31515219524307686,0.14925771645453803,0.32778874156043875,0.3107012171243225,0.06371131892368771,26.7,1,random
15,mnist,FedAvg,13,1.4366826827176657,0.5462841498887812,0.8837376827083019,0.3044679815477772,0.12944526731045353,0.592357860061203,0.3865217613751679,0.09236164375700982,29.98,1,random
16,mnist,FedAvg,14,2.472067334231271,0.32686933211658015,0.8692264825401778,0.2550703063206027,0.10876107472018581,0.8227333731529866,0.44193913080909775,0.0956588509611474,33.94,2,random
17,mnist,FedAvg,15,1.3999831957643247,0.5060742599669196,0.8918988930756739,0.31169527991736956,0.07918832585784569,0.40912506843630997,0.34406980707219625,0.07067803897009636,22.840000000000003,2,random
18,mnist,FedAvg,16,1.4242487426229198,0.5279187817258884,0.8891459933667671,0.3082119922426888,0.09147033648233513,0.6874388172439546,0.42131470522812836,0.09466905227237474,24.729999999999997,0,random
19,mnist,FedAvg,17,1.2619250338933676,0.5651628357953573,0.9048962170968975,0.3526810741861889,0.08992517414922445,0.19927873113300365,0.22271604703556264,0.0491104832084546,30.990000000000002,3,random
20,mnist,FedAvg,18,1.7043109197460122,0.41270746592140534,0.8906836900090007,0.32832947242255917,0.07195286172640689,0.7184727392689514,0.4399165056352849,0.10032508217446269,26.57,2,random
21,mnist,FedAvg,19,0.9588484498777745,0.667313066788342,0.9365116834041675,0.193830356136811,0.04856273065962206,0.4810934603858312,0.3653092572244441,0.08051008979180536,19.0,3,random
22,mnist,FedAvg,20,1.6581032966082905,0.4485256373695317,0.8877744981414382,0.32798183197461767,0.09028967329461343,0.5701963321018226,0.4000819923161774,0.08678442454097626,22.33,3,random
23,mnist,FedAvg,21,0.7834047149388558,0.7074659214053499,0.9449148218981216,0.26770101953361236,0.04920072762467638,0.41739614352819826,0.3391590327054642,0.07097368869936035,24.479999999999997,1,random
24,mnist,FedAvg,22,0.6259949924300079,0.7834939827753379,0.9601886211419751,0.15327045074753598,0.03067297856084557,0.33086598277829654,0.3036683587250044,0.07129918115238684,26.57,0,random
25,mnist,FedAvg,23,0.7508913988741324,0.7444247989505504,0.9481358105111782,0.22324316529995694,0.058105233043759426,0.4945813386591592,0.3754312730258475,0.07431123653045982,31.1,0,random
26,mnist,FedAvg,24,0.9108588264476668,0.7050704386014943,0.9401394661976402,0.24720049524736867,0.06596414900542726,0.5576163197827548,0.38906746570156747,0.08190510202260937,30.990000000000002,2,random
27,mnist,FedAvg,25,1.0259478014897048,0.6737010209319568,0.9388974226818965,0.2753046790994,0.06273313754731809,0.38861069489590067,0.3372151974509836,0.0636352331219694,17.11,4,random
28,mnist,FedAvg,26,0.9176368192462899,0.6955455426909257,0.9399825771068544,0.24036933506254582,0.0649434881531661,0.5116674284470538,0.38770792006704813,0.07350210847975555,26.96,3,random
29,mnist,FedAvg,27,0.6107349883203973,0.7792163349113101,0.9624722630512009,0.16178894961530496,0.032052573904758,0.4501704924927875,0.3490428908203325,0.06565032458135207,33.94,3,random
30,mnist,FedAvg,28,1.4471388986322409,0.5614555409798665,0.9090407492466882,0.3666845822675132,0.08318459070847818,0.3680259889724663,0.3111319993569386,0.06744515521421063,30.990000000000002,4,random
31,mnist,FedAvg,29,0.6706331260490721,0.7788741230821878,0.9570439535263916,0.18403454929954727,0.039071028321460456,0.29594648748832936,0.27913245582633456,0.056851332595053525,26.7,4,random
32,mnist,FedAvg,30,0.6775079914659113,0.7785889465579193,0.9541813227065409,0.2075518549724628,0.04864234876053024,0.2577505106927135,0.2647392632594363,0.054654628995709,22.33,3,random
33,mnist,FedAvg,31,1.94368902586139,0.5322534648947699,0.9112242420942468,0.3504358501155441,0.07662441592089919,0.7867232702166826,0.4501876876100719,0.09497420698663747,24.729999999999997,2,random
34,mnist,FedAvg,32,0.6368416781340909,0.7931899846004676,0.9618561971243693,0.18833750558517195,0.04427980939501804,0.3064748680120352,0.29362700035846584,0.061925666993482904,30.97,4,random
35,mnist,FedAvg,33,0.8741436059856585,0.7138538755489648,0.9458813811789345,0.24233510107220443,0.053187709502373365,0.2998744279051501,0.2802231664895605,0.06102412350472851,26.57,2,random
36,mnist,FedAvg,34,1.061370388699027,0.6111903268122968,0.9324426414303036,0.27603260892529197,0.056155447413602164,0.584825740217114,0.40393394484952877,0.08664174061649471,26.37,2,random
37,mnist,FedAvg,35,1.1860698288042095,0.6727314207494439,0.924139967881616,0.3020451459389519,0.08309530204669775,0.6644222667346826,0.4370920463723099,0.09470925308194343,24.580000000000002,4,random
38,mnist,FedAvg,36,1.253115752949269,0.6116466092511265,0.9280012618242562,0.2873158952446094,0.06660533939742783,0.3791798910884924,0.3169253436213548,0.07021148327243289,30.990000000000002,0,random
39,mnist,FedAvg,37,1.4046803112658302,0.5599155877488166,0.9197264170743852,0.3070930226833995,0.06326296454132521,0.3621072525132227,0.3125179485125751,0.06829813054415465,24.729999999999997,1,random
40,mnist,FedAvg,38,0.7324368399294757,0.7578851308960246,0.9544015519907408,0.21647583990542946,0.04785100647361572,0.5751466748480142,0.39530498348998405,0.08751702837702838,30.47,0,random
41,mnist,FedAvg,39,0.7788397584526833,0.7290823019449039,0.9505627439595047,0.1753568727879414,0.04129630543354328,0.3589648287554355,0.31471023465197573,0.06451082649151614,29.98,1,random
42,mnist,FedAvg,40,1.1162991499558292,0.6103918325443449,0.9348114024901548,0.23100340847441345,0.04419038747758887,0.33447691813725317,0.30682837672373015,0.05953458870872293,30.97,3,random
43,mnist,FedAvg,41,1.4116132490601037,0.5898591227970114,0.9342626465973947,0.33146199453731173,0.05618593645074118,0.7207441804097577,0.40188053133512175,0.08924271624720279,31.1,3,random
44,mnist,FedAvg,42,0.7629711906891405,0.7490446586437004,0.9513920364095794,0.19687176886155774,0.06593958124894105,0.527110316828759,0.3829898409840743,0.08005508849840937,30.47,1,random
45,mnist,FedAvg,43,0.8424817467161662,0.7199566531683111,0.9520541197389393,0.18925588553490139,0.040304700379596485,0.30796864573717475,0.2848160572635306,0.06374890550324137,30.990000000000002,4,random
46,mnist,FedAvg,44,0.7165392754689082,0.7678092739405692,0.9556840209414532,0.1464857406972557,0.03865707676514571,0.6836390812627247,0.43560067937642216,0.09807548099555705,30.97,1,random
47,mnist,FedAvg,45,0.7194265804581117,0.7631323789425655,0.955962738362022,0.16507089244250192,0.03958150648368967,0.6901621444375616,0.4274783107537365,0.09191709137709139,26.37,3,random
48,mnist,FedAvg,46,0.5998861781694818,0.7932470199053214,0.9628259489466965,0.1250814641435131,0.024982203437052753,0.3033157439308987,0.28928599570674873,0.05187967541374948,29.98,3,random
49,mnist,FedAvg,47,1.1646492554094645,0.6405635088119546,0.9412402521454809,0.3187072840795559,0.05260142301933677,0.5661972454461405,0.4086159891909809,0.08195418794133623,26.7,1,random
50,mnist,FedAvg,48,0.5973325375252441,0.8090457993497975,0.9663566206498385,0.13020516911615168,0.025288273966135102,0.28294318068172775,0.278196215779732,0.056733129261944196,24.85,0,random
51,mnist,FedAvg,49,0.5997857054837527,0.810699823190555,0.9644518318697555,0.17579010604960602,0.04250660201513125,0.3079698454903731,0.279275866050963,0.06038636915764458,29.98,2,random
52,mnist,FedAvg,50,0.5021337615742247,0.836365710374722,0.9702296732522618,0.12349830376987696,0.02464577342754886,0.416149923478832,0.33326465554602497,0.06538666595540382,33.94,4,random
53,mnist,FedAvg,51,0.6286803062282634,0.7845776535675583,0.9638842366318757,0.1748600843238647,0.03454960116918203,0.6012487783405643,0.40964297298865837,0.09030077581963179,26.37,1,random
54,mnist,FedAvg,52,0.6707433278020977,0.7804140763132379,0.9611528330883797,0.17607017123159666,0.03821556655150759,0.5786174650892839,0.38757446134413864,0.0932229751019277,33.94,2,random
55,mnist,FedAvg,53,0.6646226352545538,0.7893115838704158,0.960071237388251,0.13441586887399382,0.028669732566059748,0.5454815062982672,0.38985816414770935,0.09544304376805156,26.37,2,random
56,mnist,FedAvg,54,0.6964161590095432,0.7630753436377118,0.9610508303134524,0.1851856014473635,0.03290449397974877,0.33040448648356774,0.3074641825974205,0.06140023979858912,19.0,3,random
57,mnist,FedAvg,55,0.49953168941983594,0.8353961101922089,0.9706657972114721,0.13542442801313925,0.024749218777109908,0.45974204622603887,0.35630203416862194,0.07085647540414902,31.1,3,random
58,mnist,FedAvg,56,0.5256309620634045,0.8358523926310386,0.9670333587678593,0.1400503165028405,0.03249835448083338,0.5491556795368787,0.38309301915030886,0.0833680589365791,26.57,1,random
59,mnist,FedAvg,57,0.7342378305757572,0.7379798095020818,0.9541143775091784,0.17391883990203338,0.03247170964360448,0.45699173593118414,0.3473503898115009,0.07445006928210142,33.94,0,random
60,mnist,FedAvg,58,1.4102705910030109,0.5224433924599327,0.9216426043575562,0.31016148725216336,0.0557128812864699,0.8249910450937672,0.4631279082943006,0.10703335272825681,30.97,3,random
61,mnist,FedAvg,59,1.2020609299698017,0.6590429475845548,0.9395403774368686,0.2595723829815869,0.050995410379642156,0.8529376023618682,0.45593257922253655,0.10857074649488441,24.479999999999997,3,random
62,mnist,FedAvg,60,1.22767421026706,0.6094792676666857,0.932376174856009,0.2772989173667178,0.04986795506874342,0.8204822531423431,0.45118834057463064,0.10496189985082598,30.47,2,random
63,mnist,FedAvg,61,0.5507457031776647,0.8189699423943421,0.9668565102720749,0.12796470070218227,0.02620016294843883,0.6251352501474446,0.39941497562405726,0.09507181884374544,30.97,3,random
64,mnist,FedAvg,62,0.9398994720192292,0.6448981919808361,0.9471415806153897,0.26478453867274554,0.03958474235139502,0.7308499670109646,0.43083916959515983,0.09387166483131443,24.729999999999997,1,random
65,mnist,FedAvg,63,0.9606295953453147,0.6861347173900645,0.9468183245722528,0.25094408925664075,0.04352988399158075,0.41397695307665494,0.346896559640063,0.07071227637174929,30.990000000000002,2,random
66,mnist,FedAvg,64,0.7264344989021269,0.7481891290708949,0.9561922444798229,0.21053650214624411,0.03991884523284744,0.2224338372671622,0.24104710466739696,0.05160381695089554,30.990000000000002,4,random
67,mnist,FedAvg,65,0.6056493408276165,0.8163463183710717,0.9645222599129958,0.16588056256459704,0.03536543956808571,0.8653661586035175,0.4516566024913155,0.10273506493506492,30.97,2,random
68,mnist,FedAvg,66,0.8316361448772692,0.7218388182284834,0.950419762217409,0.1896281504389402,0.03842799079897336,0.6701918084866336,0.4190540750555422,0.09163641191586559,33.94,1,random
69,mnist,FedAvg,67,0.49618345105998757,0.8408144641533108,0.9686391620709777,0.12962173937563953,0.02728553761664918,0.56227060306761,0.3988975107129037,0.08276025489196502,26.7,3,random
70,mnist,FedAvg,68,0.46654283176580164,0.8482860890891462,0.9707893303582078,0.09928528315710677,0.02302105372828318,0.3663548338280894,0.30416059013753477,0.062252483311081436,26.37,1,random
71,mnist,FedAvg,69,0.6782323992578413,0.7781326641190898,0.9619571980933023,0.14929629214652534,0.02995269277816224,0.5419262604624525,0.3855851893953015,0.08996034969710477,33.94,2,random
72,mnist,FedAvg,70,0.4574341774545659,0.8526778075628815,0.973176248913673,0.11382243637035476,0.024679333584764297,0.4155601796659996,0.3418337392865034,0.07479673859601202,30.47,1,random
73,mnist,FedAvg,71,0.5413475873764544,0.8190840130040495,0.9691810346396668,0.1516197306549861,0.029392411869813968,0.41656555316487864,0.3402498057808435,0.07431881099313886,24.89,5,random
74,mnist,FedAvg,72,0.5369194652103512,0.8290081560485941,0.9705438878638474,0.15074779091338478,0.03245749234454706,0.3772186715730105,0.3341384516307568,0.06871835598622705,31.1,0,random
75,mnist,FedAvg,73,0.4821825040889215,0.8373923458620887,0.9720383210680749,0.13676101239470595,0.028951683959260895,0.6419175688365271,0.3956389184289844,0.09092327526132403,31.1,1,random
76,mnist,FedAvg,74,0.5140178498034779,0.8318028859864256,0.9692890539595872,0.13447134413073353,0.031423079966007066,0.35904647699919134,0.31667455646867726,0.05863434159300141,24.729999999999997,3,random
77,mnist,FedAvg,75,0.43969032210799197,0.8530200193920037,0.974109506082365,0.10110807981025169,0.017198212021945575,0.5137361140883201,0.37511303146619746,0.0815824062087794,24.85,3,random
78,mnist,FedAvg,76,0.4043709670149796,0.8654537158501112,0.9761535981998872,0.11469656511365921,0.02435577411246403,0.41018924941104745,0.32216763404942794,0.0722859728042721,26.57,2,random
79,mnist,FedAvg,77,0.7142518146115148,0.7660411794901044,0.9604560500090573,0.16588287309846894,0.031055266873589542,0.6364305160073009,0.4093677614683856,0.08405339945136103,30.47,2,random
80,mnist,FedAvg,78,0.44633514357804266,0.861233103290937,0.974554336050731,0.11855039253501506,0.022635177623612786,0.5911285851880138,0.3783396189714534,0.08886868131868131,26.14,2,random
81,mnist,FedAvg,79,1.009001426554424,0.6774083157474476,0.9431633604024058,0.26282053020961355,0.050953787622228235,0.4827985168332456,0.3612304027153434,0.08132757986199847,30.990000000000002,3,random
82,mnist,FedAvg,80,0.4370063907103397,0.8590657617064963,0.9741699062449688,0.10875442459201033,0.02298774683953366,0.47008620526993666,0.3421637035856242,0.07365186938322058,18.91,3,random
83,mnist,FedAvg,81,0.8251321904060414,0.7423144926709633,0.9575350113989687,0.22344769973108058,0.038085689172203646,0.6077313762853256,0.4215305070800944,0.08841911730545876,26.7,1,random
84,mnist,FedAvg,82,1.226343845451278,0.6448981919808361,0.9367867135589127,0.2648130550692976,0.05354074104085449,1.009528391345774,0.5022687569173901,0.11743655172413792,29.98,4,random
85,mnist,FedAvg,83,0.4781599456384516,0.842525523298922,0.9731017746638886,0.1250133449884948,0.025583006607200243,0.42730541142148387,0.34133957485341765,0.07690956951677765,26.96,0,random
86,mnist,FedAvg,84,0.5343878306944791,0.8170307420293161,0.9670809938844612,0.13796905393973988,0.025824664813096244,0.4101983533951534,0.3321789674926433,0.06913879613237096,20.439999999999998,4,random
87,mnist,FedAvg,85,0.8491945327281997,0.7250327953002909,0.9542523418439905,0.20043616062994282,0.037085538571689586,0.6707164314655304,0.41132534241375307,0.08156393963049699,24.729999999999997,2,random
88,mnist,FedAvg,86,0.39638444802989137,0.8696743284092854,0.9756910940897212,0.08550703338455863,0.01723788133211711,0.47818915845503696,0.37904389176717446,0.0702754994280768,22.67,2,random
89,mnist,FedAvg,87,0.4046788812838928,0.8710431757257743,0.9770556511495806,0.09209470928580166,0.01833498038392197,0.7039055471300676,0.41512620064621936,0.09582269572477574,24.729999999999997,2,random
90,mnist,FedAvg,88,0.6191682398709828,0.8012889978896938,0.9669809075599424,0.16247444051164708,0.031080660685033023,0.41927855881866766,0.3474135153009189,0.06467517570419304,26.7,0,random
91,mnist,FedAvg,89,0.3545984617779798,0.8886670849255689,0.9801986407647039,0.08317744362491819,0.01601602177310059,0.20814192329721426,0.23024611566502962,0.041375348981812526,22.759999999999998,0,random
92,mnist,FedAvg,90,0.49040016107657786,0.8465750299435351,0.9734063358173374,0.13361349909882092,0.028282212352257696,0.7086712907009227,0.43223633537925776,0.08843518970636752,33.94,1,random
93,mnist,FedAvg,91,0.5713390887772247,0.8119545998973364,0.9676426134702429,0.17056203296425687,0.03441080379358149,0.2708401237181516,0.28271458429158997,0.04492308896606403,30.990000000000002,2,random
94,mnist,FedAvg,92,0.5479643542063438,0.8116123880682142,0.9702464557394171,0.17388062688115974,0.028442826186566225,0.4366265790494196,0.34671662176773926,0.07731137048466148,24.729999999999997,3,random
95,mnist,FedAvg,93,0.44325021398315734,0.8559288199395426,0.975833267954527,0.10563187911725201,0.019272213399322762,0.20670706285037002,0.2505100982430459,0.04093984881360678,31.1,0,random
96,mnist,FedAvg,94,0.6846373492176595,0.7734557691210859,0.9612728944059465,0.17988478490022966,0.03464295654778573,0.4900446130780865,0.36592814373953303,0.0711324359635551,30.990000000000002,1,random
97,mnist,FedAvg,95,0.9750150140340093,0.6488906633205954,0.944538789330004,0.26878765907043106,0.044418654498746914,0.6250545431075385,0.3961235255729024,0.08642101413221827,26.96,2,random
98,mnist,FedAvg,96,0.6292105070477255,0.7891975132607084,0.9623802898037653,0.16311049785235898,0.033853607308508796,0.4928825448846481,0.3673395261930877,0.08113971795233396,31.1,1,random
99,mnist,FedAvg,97,0.6415818591993582,0.7966121028916899,0.9635616440294634,0.17587501001269065,0.03177216500209499,0.5816957450910081,0.4093673872361932,0.08428415922619048,22.840000000000003,1,random
100,mnist,FedAvg,98,0.449515486158246,0.8580391262191296,0.9762446306958235,0.11130637565982278,0.021428512109774887,0.5890877597668148,0.39024412613048765,0.08481926475330538,30.47,1,random
101,mnist,FedAvg,99,0.56343360579632,0.8254719671476644,0.9678040046459542,0.16074719108088378,0.0341825550387662,0.5113367550624119,0.3862941270068703,0.07609209132709688,29.98,0,random
102,mnist,FedAvg,100,0.658438050199336,0.80123196258484,0.9685981094784039,0.1450885390685898,0.025736733095456814,0.8609550949653754,0.4744534246940135,0.10404235824448552,30.97,3,random
103,mnist,FedAvg,101,0.3587935386957941,0.8795414361489762,0.9790533487076526,0.0962563345209633,0.017463964441843886,0.5816214971284891,0.3995005874630055,0.06823216284987277,31.1,3,random
104,mnist,FedAvg,102,0.3549682014933933,0.8782866594421948,0.9795298654282671,0.09855511373656947,0.01917334240017409,0.27757243024912465,0.2685749356368261,0.058417509344516366,30.990000000000002,1,random
105,mnist,FedAvg,103,0.714106523292737,0.7822962413734101,0.9621718991562866,0.1856953300735693,0.03933402396072848,0.3783361445016113,0.30201441818610847,0.06911780462431626,20.64,3,random
106,mnist,FedAvg,104,0.5984327472662864,0.799292762219814,0.9651725371078467,0.1812564557052618,0.031182993230403678,0.36221335383658726,0.32316881533696157,0.06599168569212013,33.94,2,random
107,mnist,FedAvg,105,0.9162351276865638,0.6802030456852792,0.9514126767456229,0.28625208052610784,0.03950361190481253,0.7022334120211883,0.4263381821670397,0.09898355937532753,24.479999999999997,2,random
108,mnist,FedAvg,106,0.5923942437562036,0.8108138938002624,0.9637625584116835,0.15418327197428708,0.03391022129192803,0.733741354341106,0.4565400536176959,0.1027047483794349,30.97,3,random
109,mnist,FedAvg,107,0.47686148732526196,0.8401870757999201,0.9715906889164365,0.13000969804253554,0.02303697739647924,0.7148516189499596,0.4286406927440481,0.09393987523393636,31.1,1,random
110,mnist,FedAvg,108,0.45117358835823773,0.8509097131124166,0.9732270777217576,0.11406923773278412,0.02225034804332802,0.6074922308805233,0.39956867293202825,0.08337263327948302,26.14,2,random
111,mnist,FedAvg,109,0.3715867455641952,0.8778874123082188,0.9775927129603529,0.09333290447555219,0.01589975435925646,0.40559512763597133,0.3432347943591855,0.0725136866748727,30.47,1,random
112,mnist,FedAvg,110,0.5883992983194108,0.8205098956253921,0.9660995421151606,0.1433253870034663,0.026667164749110954,0.48451678788968966,0.3813003820379245,0.07117166759114518,24.080000000000002,2,random
113,mnist,FedAvg,111,0.5721934907395329,0.8071065989847716,0.9645617997170252,0.15041591170836072,0.030098809741352414,0.40376615566875873,0.3392770855708904,0.06711417271993542,24.89,2,random
114,mnist,FedAvg,112,0.3730161374978949,0.8736667997490447,0.9759158119819923,0.07903374244179256,0.015265464277137555,0.39402918820850086,0.32295020675461117,0.06359761595306175,26.37,3,random
115,mnist,FedAvg,113,0.5282146781773726,0.8358523926310386,0.969209507369954,0.13635036254338465,0.03177687253264511,0.5685483359028337,0.3884360814539205,0.08750539613329819,26.14,3,random
116,mnist,FedAvg,114,0.7719726734977531,0.7731135572919637,0.9628176937009651,0.21203546521015273,0.036958815864014324,0.501996995322689,0.3841511948376627,0.0776276216112286,33.94,0,random
117,mnist,FedAvg,115,0.4103239283364077,0.865681857069526,0.9776355914384894,0.10361029278661381,0.018895625449338142,0.36294695944864797,0.28902618191903806,0.05670043290043289,31.1,1,random
118,mnist,FedAvg,116,0.34186106915891534,0.8800547538926595,0.9798091518151856,0.09743277687816587,0.015816050503593235,0.6282093980368347,0.407262746257078,0.08770366670547601,33.94,3,random
119,mnist,FedAvg,117,0.34637650362342115,0.8835339074887355,0.9797734363881613,0.09040833027189366,0.01776315837043591,0.5843793015091345,0.3917743797575459,0.07727017287820166,33.94,6,random
120,mnist,FedAvg,118,0.30158130247812975,0.8967090629099412,0.9825739317622167,0.0772682460831742,0.012896159073963758,0.46174665150477257,0.3605412342298442,0.07709147989734817,30.97,1,random
121,mnist,FedAvg,119,0.46418871489533137,0.8512519249415388,0.9742654862197755,0.13092685131995777,0.02731381867039602,0.5018891306042929,0.37362477367454067,0.08590277516896937,22.92,2,random
122,mnist,FedAvg,120,0.5895344189370165,0.8195973307477329,0.9635663196686229,0.15596811361078236,0.036591052464612334,0.5064824305165243,0.37555651456120676,0.08201427201096266,24.080000000000002,2,random
123,mnist,FedAvg,121,0.496786522942451,0.8348257571436719,0.9734392930410122,0.1299197552121764,0.023810711256208084,0.7722462769039373,0.4512493560037915,0.09379235859602056,30.97,2,random
124,mnist,FedAvg,122,0.541967240078655,0.8189699423943421,0.97145548294596,0.12247057127064744,0.01957021754168795,0.5152275529475594,0.36720434962597487,0.07836077922077922,24.580000000000002,3,random
125,mnist,FedAvg,123,0.5360579360410991,0.8186847658700735,0.9701441782071635,0.12194759934249966,0.02304301526809401,0.649772934763753,0.4064644329333477,0.07943436563436562,22.96,2,random
126,mnist,FedAvg,124,0.385417971762492,0.871670564079165,0.9776271014887925,0.10601935784094557,0.0218094051422116,0.6665460899816995,0.4055832806873143,0.08373164664572168,30.97,1,random
127,mnist,FedAvg,125,0.4094552343864377,0.8647692921918667,0.9749256480208834,0.11216928474037396,0.02200272841715226,0.41931073261350404,0.3267002350720085,0.06956409517088415,24.85,3,random
128,mnist,FedAvg,126,0.5141778921336577,0.8297496150116922,0.9708994533351073,0.13591908912411102,0.024897847431143837,0.25345785147842853,0.2658675980047053,0.053324695681454676,29.98,4,random
129,mnist,FedAvg,127,0.5246536850856788,0.8300918268408145,0.9713490649756964,0.13538661488761136,0.022931108503200077,0.4359710024102937,0.33578076212569746,0.06697679880329095,26.96,2,random
130,mnist,FedAvg,128,0.8513438818984593,0.7335880910283465,0.9545334520755715,0.24736334468010526,0.04208704299220579,0.5334704296640438,0.3867109346859438,0.07647180984968838,30.990000000000002,2,random
131,mnist,FedAvg,129,0.5760504271258441,0.8247305081845663,0.9671684893316446,0.16029646279565807,0.033001719513833426,0.6048698285151021,0.41669507316297977,0.08668392270449693,24.479999999999997,2,random
132,mnist,FedAvg,130,0.46483518158348586,0.8398448639707979,0.9760920487530109,0.1282826493720222,0.016029833162142133,0.5660162226154613,0.3843976101976642,0.0818592818110851,21.409999999999997,3,random
133,mnist,FedAvg,131,0.3646739387403392,0.8756060001140706,0.978644556021251,0.09214785405921753,0.015242408296693297,0.3951266431190147,0.33951276839331584,0.06855475587703434,26.14,3,random
134,mnist,FedAvg,132,0.42335683757358855,0.8560999258541037,0.9772760312290715,0.11051243993023353,0.018018176028560713,0.8106484785852348,0.4689648271051773,0.1080006705863658,26.57,0,random
135,mnist,FedAvg,133,0.4490459812174376,0.8539325842696629,0.975187833545538,0.10626602226967995,0.021509549121382313,0.36226175272247085,0.3073455821682464,0.07233046301055712,29.98,2,random
136,mnist,FedAvg,134,0.6739225673475137,0.7942736553926881,0.9665242411699496,0.1448479896366461,0.0267820402193125,1.1659273302926694,0.515164914143587,0.12465562799253388,21.96,6,random
137,mnist,FedAvg,135,0.3362293979063061,0.8857012490731763,0.981342771569988,0.09412710494497564,0.01645431865019587,0.4785697373875977,0.361676966214021,0.06693767737380868,24.89,3,random
138,mnist,FedAvg,136,0.37301684279676,0.8741230821878743,0.9780032622885737,0.08720201614615603,0.015625023581655104,0.28993023933433926,0.2706539726044738,0.0625177663655862,29.98,2,random
139,mnist,FedAvg,137,0.6365158510793795,0.7924485256373696,0.9595929776454977,0.1589631854117712,0.032998349580437576,0.39073488504346343,0.3340548560822457,0.06673994944601257,24.080000000000002,2,random
140,mnist,FedAvg,138,0.497829997209807,0.8382478754348942,0.9732029205490266,0.12630823836770078,0.021656659861028136,0.8736531652561053,0.4759301179943891,0.11360907378335951,22.759999999999998,2,random
141,mnist,FedAvg,139,0.6004405211176862,0.8091028346546513,0.9645424645079667,0.15341732512469802,0.0325249672850968,0.8189589589455528,0.4700836200496974,0.10502946701968459,26.14,1,random
142,mnist,FedAvg,140,0.7183127740002744,0.7514971767524098,0.9573719206345582,0.18451252668768733,0.03214939861588464,0.5607118834606499,0.3990905435021837,0.08966342394447657,24.89,2,random
143,mnist,FedAvg,141,0.7698143893131338,0.7363257856613243,0.9548772932044617,0.18585907291391604,0.03276336679938973,0.5678560700540632,0.3889264703495952,0.08523882083632782,22.96,2,random
144,mnist,FedAvg,142,0.8256830690844831,0.7225802771915816,0.954271575031168,0.21504421151099146,0.035076951955666485,0.7358273552172513,0.43763831123979974,0.08906404684162718,30.47,1,random
145,mnist,FedAvg,143,0.40027459410046284,0.8724690583471169,0.979104737973952,0.10169271169287823,0.019212249896733414,0.4821025286987497,0.36916913807432605,0.07768636591478698,26.14,2,random
146,mnist,FedAvg,144,0.4089059991902057,0.8689899047510409,0.9792735473508566,0.10684274407881526,0.018758302348816033,0.6802329484320214,0.4507644079561774,0.0943395642389118,33.94,2,random
147,mnist,FedAvg,145,0.9369387162101087,0.7120287457936463,0.9555608139545004,0.20839314312767337,0.03473081444646238,0.5729951609751506,0.4056092944184297,0.090806577725599,24.479999999999997,3,random
148,mnist,FedAvg,146,0.7413730813817248,0.7666685678434951,0.9622046113991005,0.1623274604599871,0.031101562340124102,0.5404996921258545,0.3914246031155082,0.08057954731291106,29.98,3,random
149,mnist,FedAvg,147,0.37942274692788047,0.8798836479780985,0.978117074265773,0.09564443626389506,0.018100556669683424,0.5158380291735375,0.37989305306504095,0.08066356721571477,24.729999999999997,3,random
150,mnist,FedAvg,148,0.5145655670162923,0.833456909827183,0.9706917963652978,0.1318323832415079,0.025634995527578672,0.26207459309037606,0.271159080804504,0.053854108691803855,30.990000000000002,1,random
151,mnist,FedAvg,149,0.37321321934874047,0.877260023954828,0.9779842171031262,0.10414892082873152,0.022606756585417928,0.5728617547603916,0.4016831851509494,0.0852943946875532,29.98,2,random
152,mnist,FedAvg,150,0.300371896381216,0.9029829464438487,0.9843479779993665,0.07826961771415845,0.01490094567696318,0.7283667859600664,0.4447337382084135,0.09992066492681266,26.96,0,random
153,mnist,FedAvg,151,0.5389152994610207,0.8260993555010552,0.9714758660169873,0.13638698982471187,0.02475392495952207,0.42994772465006215,0.34821809864762,0.06811147282533536,24.080000000000002,1,random
154,mnist,FedAvg,152,0.39825199335463046,0.8717275993840187,0.9762033272335641,0.10787494165241028,0.022380353774612102,0.2324245431794143,0.25463121141659045,0.045717820889672744,30.47,0,random
155,mnist,FedAvg,153,0.5544217458315502,0.8287800148291793,0.9700294446158583,0.13927171296478683,0.030090420050506092,0.49792485795276487,0.3730648073579225,0.07671410100216151,26.14,1,random
156,mnist,FedAvg,154,0.42261063544524535,0.8699024696287002,0.9786915818676607,0.10435941015524496,0.02163065584217707,0.32880689742994057,0.3075899448389826,0.061942995050408,29.98,0,random
157,mnist,FedAvg,155,0.350648436752273,0.8855301431586152,0.9819233763721853,0.07618285917855715,0.014272991552154534,0.7560830327229409,0.44716344468288244,0.102300554630619,26.14,1,random
158,mnist,FedAvg,156,0.26053028197794104,0.9078879826612674,0.9851644288587326,0.06921901191530232,0.01094467125103003,0.3344143698730825,0.2953863517581327,0.062296628875735255,29.98,1,random
159,mnist,FedAvg,157,0.48689774491296584,0.8453202532367535,0.9745913854185486,0.1569886293211622,0.025008872204138218,0.5367200533105231,0.39069073666340415,0.08184752257528242,22.33,1,random
160,mnist,FedAvg,158,0.4487814503708338,0.8467461358580962,0.976368740915708,0.11583204291845176,0.01838695017617215,0.5879747925788912,0.3954355606098095,0.07831731742798953,26.57,1,random
161,mnist,FedAvg,159,0.46529410751826966,0.8499971482347574,0.9756393789773561,0.15193143289670338,0.026617341752864253,0.5373061372607038,0.3815207250872046,0.08163619686800894,30.97,3,random
162,mnist,FedAvg,160,0.32386090904399195,0.8905492499857411,0.9812339584974188,0.10419959882680006,0.02068373660555051,0.5057142110414042,0.38061705566001536,0.07135305995096948,31.1,0,random
163,mnist,FedAvg,161,0.3673401777609586,0.8839331546227115,0.9797083986866347,0.09083373540855101,0.017741664884981065,0.6517762360342985,0.3941635271201041,0.08367163561076604,24.85,1,random
164,mnist,FedAvg,162,0.35493175877529864,0.88883819084013,0.9798514005195438,0.07889288216797524,0.015434363128601072,0.2775572387330433,0.28711917650026014,0.055893612324672354,31.1,2,random
165,mnist,FedAvg,163,0.38026506481144523,0.8782866594421948,0.9787134360740516,0.11550871173764496,0.023950820232145457,0.8781067018093919,0.4769831728825302,0.11332519360030294,26.7,1,random
166,mnist,FedAvg,164,0.7273014599255098,0.7736839103405008,0.9638599478369733,0.17439437599086488,0.029149922057726686,0.4010333208081685,0.3290992523105843,0.07027058720420684,30.990000000000002,2,random
167,mnist,FedAvg,165,0.39606196061837595,0.8764044943820225,0.9790790476432422,0.12775679884989943,0.023549190295293846,0.1898358999708143,0.2350960210287762,0.04775096978515792,24.479999999999997,2,random
168,mnist,FedAvg,166,0.28936302839047273,0.9080590885758284,0.9846696874836354,0.07568741891996884,0.01515454334163245,0.5047178978621956,0.3732124284673004,0.06994009118541034,30.47,0,random
169,mnist,FedAvg,167,0.24623092957756454,0.9203787144242286,0.986442828584594,0.05834591080683811,0.010438920358376513,0.31104832427502455,0.27840818567780184,0.06162928571428571,22.840000000000003,4,random
170,mnist,FedAvg,168,0.47668326758847696,0.8478868419551703,0.9763311417701876,0.11989058549027466,0.02132968634713111,0.8935458345884696,0.4924294256915749,0.10873482432148115,31.1,2,random
171,mnist,FedAvg,169,0.5582645933520035,0.8093880111789198,0.9696846937622436,0.1410304576829475,0.02409616965210439,0.5643335177739118,0.39446625477483693,0.08493037153322869,22.67,2,random
172,mnist,FedAvg,170,0.5106135702639439,0.833856156961159,0.9732727578021118,0.12024581027197266,0.023807401631763467,0.6796119303894752,0.4359786667500694,0.09374956933131737,20.110000000000003,1,random
173,mnist,FedAvg,171,0.3699548705373759,0.8724120230422632,0.980077662004231,0.12935535023650901,0.021160056606385817,0.16080496760068777,0.20757188651310976,0.04471059825359025,22.759999999999998,2,random
174,mnist,FedAvg,172,0.28505555072856315,0.8975075571778931,0.9838740973581633,0.0848918210270142,0.014108931885169101,0.38562417709178515,0.33461366120811153,0.06217931600547196,33.94,2,random
175,mnist,FedAvg,173,0.2492325764931204,0.9151314663776878,0.9857464223194731,0.05551190241769552,0.00997835536560858,0.22907710745862486,0.23470229997749742,0.048878941261783895,26.96,2,random
176,mnist,FedAvg,174,0.42166144217476714,0.865681857069526,0.977132271038753,0.1083782674555686,0.02145611718975239,0.2447311003065582,0.25100181222625345,0.058530114777010714,24.080000000000002,2,random
177,mnist,FedAvg,175,0.3483464481236425,0.8791421890150003,0.9795535590599449,0.08105091554687968,0.013934359671950775,0.35334391675557053,0.31340314600148855,0.0586264820205153,33.94,1,random
178,mnist,FedAvg,176,0.42483995122231694,0.8692750812753094,0.9773999794656018,0.11324912655472988,0.02445575060151247,0.4233568167798168,0.33549120931903986,0.07526828617685605,24.580000000000002,1,random
179,mnist,FedAvg,177,0.3627756926493652,0.8810243540751725,0.9801437037779747,0.11306945013392415,0.022233285125872772,0.45086620866198895,0.3400268612071505,0.061200139071312665,22.840000000000003,1,random
180,mnist,FedAvg,178,0.3080789133383864,0.8993326869332117,0.9837987937529599,0.05639385485535358,0.011048528357222394,0.510725997871375,0.3726927019601952,0.08037689656342233,24.89,3,random
181,mnist,FedAvg,179,0.33573617329407024,0.8871841669993726,0.9819698829754833,0.09889574849831768,0.017052170969789244,0.35278467208987646,0.3133590314966406,0.06770728978409327,24.89,2,random
182,mnist,FedAvg,180,0.3936703117594078,0.8733816232247761,0.9770824181378504,0.12609422513040103,0.027227521484571218,0.5532429939972852,0.38486766219344204,0.07652261159412238,26.7,2,random
183,mnist,FedAvg,181,0.41206853144296346,0.8683054810927965,0.978750793175518,0.11225771137290451,0.020138184788008186,0.4446538599988802,0.35169485401786565,0.0813008163265306,26.96,0,random
184,mnist,FedAvg,182,0.6086208978023067,0.8092169052643586,0.9686382328437241,0.15859807893324762,0.027422757131445916,0.34494262440367035,0.31459722681702523,0.06596721533785364,16.740000000000002,2,random
185,mnist,FedAvg,183,0.6028984477409463,0.798722409171277,0.9652933045078228,0.17153241997951146,0.030075190554037092,0.6161124376598124,0.41341319211220856,0.0902675540233751,24.479999999999997,1,random
186,mnist,FedAvg,184,0.5130665995638015,0.8405863229338961,0.970893914241232,0.12593155991631294,0.0242852712906323,0.8090986031147323,0.4749728649692259,0.11177534058455368,26.57,0,random
187,mnist,FedAvg,185,0.41634027744087254,0.8671077396908686,0.9768736580737587,0.12154509717840457,0.023241282835214826,0.3716660107778103,0.3199534371722036,0.06696585290357311,26.96,2,random
188,mnist,FedAvg,186,0.49986959598364017,0.8405863229338961,0.9764192170424241,0.13909133305200871,0.023290532790735785,0.5456181861299367,0.40759145497608834,0.07603301253538212,26.96,2,random
189,mnist,FedAvg,187,0.3111558106369872,0.8992186163235042,0.9826669886887133,0.0897459078065171,0.016786272252972384,0.45295298904001957,0.3569403346173548,0.06643218265605363,33.94,5,random
190,mnist,FedAvg,188,0.33610190820061214,0.8837050134032967,0.9806283727265444,0.08546400177705225,0.015462314438003886,0.5029500737803037,0.36669011049550165,0.06743783404331914,26.57,2,random
191,mnist,FedAvg,189,0.5474796100278926,0.8217646723321737,0.9694365533443322,0.14064094965172316,0.02521764761793772,0.6377705915989743,0.4351954556390628,0.09216163779229386,30.47,0,random
192,mnist,FedAvg,190,0.6267430464110132,0.7956995380140307,0.9650591036630555,0.1409231306702334,0.02688509710918733,0.8053884385106619,0.47076656858078125,0.10412222365869425,33.94,2,random
193,mnist,FedAvg,191,0.41480631393134854,0.8568984201220555,0.9774187063179792,0.11082545877637293,0.01665183348901791,0.6705725849866487,0.4229940893710389,0.08598003037812774,33.94,0,random
194,mnist,FedAvg,192,0.38042705728008225,0.875548964809217,0.9793240702171003,0.11454326316811139,0.02155668477074187,0.43478903547390485,0.35447864458866607,0.0754642289840124,22.619999999999997,2,random
195,mnist,FedAvg,193,0.41409016267433363,0.8614042092054982,0.9784813233172338,0.13507080394807472,0.02073663780963318,0.5064074975740096,0.37870381700982003,0.0716809678041257,26.7,4,random
196,mnist,FedAvg,194,0.3079407348061142,0.900416357725432,0.9831191749414971,0.07364480269543969,0.013822824756457797,0.22010126975274602,0.2417707392768851,0.04903781858244584,26.14,1,random
197,mnist,FedAvg,195,0.30441812335150187,0.8976216277876006,0.9822770359576957,0.07045913796347537,0.011376914329866176,0.3325022803868463,0.30851738016339336,0.06442100719424461,26.37,1,random
198,mnist,FedAvg,196,0.7955847655492573,0.7579421662008784,0.9635172782048191,0.1878232287104334,0.03154579806281367,0.7973993112079896,0.4717203301493578,0.10145057202755317,22.619999999999997,2,random
199,mnist,FedAvg,197,0.3601768473763517,0.8847316488906634,0.9806439748240197,0.10019385532664979,0.021884957753709335,0.26623761881363095,0.2690611938648533,0.060190979133226324,29.98,2,random
200,mnist,FedAvg,198,0.50141570261533,0.8412137112872868,0.973775980398027,0.15615380755219066,0.02941852375663737,0.7912649073323486,0.45382424704724816,0.10632439805203622,26.37,3,random
201,mnist,FedAvg,199,0.331010564699554,0.8810243540751725,0.9814267563307647,0.0794609273095322,0.013422510793613862,0.4320502783396909,0.32784547448501733,0.07821050182193785,24.580000000000002,5,random
202,mnist,FedAvg,200,0.3729633481327192,0.8708720698112131,0.9791930359354886,0.10803279206843087,0.020129920190519717,0.3412671513657795,0.31989664174462523,0.06620597346125309,30.97,2,random
1,case,method,group,Loss,Accurancy,AUC,Std Test Accurancy,Std Test AUC,Kl,JS,EMD,round_time,highResourceClientNum,select_mode
2,mnist,FedDIV,0,2.399915426609224,0.11076256202589403,0.5516447493028317,0.2897806368331456,0.2812467044012641,0.5015982000337651,0.37274736707147366,0.07177231527093594,18.44,2,FedDIV
3,mnist,FedDIV,1,2.6776433382444247,0.1653453487708892,0.5655883647117419,0.29811411645046126,0.2872998273395755,0.4839086180450485,0.3656945154463125,0.0698053427089595,18.44,2,FedDIV
4,mnist,FedDIV,2,2.8441425713861865,0.2526664005019107,0.5910238608298103,0.3480883696422719,0.2939560572513341,0.47821151101297954,0.36335822129011225,0.06950191504540809,18.44,1,FedDIV
5,mnist,FedDIV,3,2.9131633670361845,0.2704043803114128,0.6079339190160935,0.3592509110887095,0.2931265638845746,0.454844155136813,0.34768802412473515,0.07038833279261743,18.44,3,FedDIV
6,mnist,FedDIV,4,2.6601805723838994,0.2846632065248389,0.6351486726636218,0.3507496810514799,0.2975671918853958,0.3073801087907591,0.2863159193765634,0.057734293671317743,18.44,3,FedDIV
7,mnist,FedDIV,5,2.345369624213096,0.34101408772029884,0.693423926856343,0.33500307752678754,0.2991573774066771,0.27541095617047445,0.275851188345896,0.05426287033784305,18.44,2,FedDIV
8,mnist,FedDIV,6,2.0799404975063305,0.4291336337192722,0.7406482613353768,0.3689237174844051,0.2997668862793127,0.24789314582913732,0.2668276973138104,0.053536624457232354,26.57,3,FedDIV
9,mnist,FedDIV,7,1.8652480327563743,0.4825186790623396,0.7773664673136194,0.3340057125098564,0.2950632358806273,0.16995834964556839,0.21849560461895431,0.046628217120520586,26.57,2,FedDIV
10,mnist,FedDIV,8,1.6977985575380539,0.5265499344093995,0.8070142065991306,0.30871696925588393,0.27692004283415855,0.1371407362283615,0.19669524204872055,0.04001581465232286,18.44,3,FedDIV
11,mnist,FedDIV,9,1.5823833360979227,0.5373866423316033,0.8337318166167024,0.30915605655666983,0.251585610930513,0.1241049291950583,0.1871689770098948,0.03601416922088764,18.44,2,FedDIV
12,mnist,FedDIV,10,1.4699470529147243,0.5871214281640336,0.8567824450416084,0.30934374423946276,0.2431873513803571,0.12022123174041932,0.18526402760724128,0.035858379980731714,18.44,2,FedDIV
13,mnist,FedDIV,11,1.4117573249997184,0.6128443506530542,0.8671763930453827,0.3094442624719936,0.23955303628400834,0.11946863921884392,0.18490480823920358,0.03545511550445901,21.409999999999997,3,FedDIV
14,mnist,FedDIV,12,1.3666075590095028,0.6460959333827639,0.8759314518630554,0.3104387578353691,0.23653981639532035,0.11116658342539464,0.17872652612001927,0.03232319143778785,20.439999999999998,2,FedDIV
15,mnist,FedDIV,13,1.3501216170591246,0.6714766440426624,0.8824468399555118,0.31703695856729275,0.23145305256970816,0.11383401967414905,0.1803967434075129,0.03083403147946498,20.439999999999998,2,FedDIV
16,mnist,FedDIV,14,1.3484932378672938,0.6847658700735756,0.8881264710502168,0.3174461801892961,0.22401326502546567,0.11614342487267448,0.1813426100296575,0.031038883613659266,20.439999999999998,2,FedDIV
17,mnist,FedDIV,15,1.3474660706514219,0.6928078480579478,0.89382937629809,0.31750403673365435,0.21527326269434657,0.12022732865202827,0.1835709882237078,0.032139719417926156,20.439999999999998,3,FedDIV
18,mnist,FedDIV,16,1.343372107815781,0.6962870016540238,0.8994320517506071,0.31443665097669093,0.20572892033053727,0.12351850935518446,0.18539998446317107,0.033467132337621365,30.97,3,FedDIV
19,mnist,FedDIV,17,1.3384713818701786,0.6986824844578794,0.9046748189923205,0.31190975051798514,0.1960421072084282,0.12760743787079937,0.18782193177611636,0.034647233870703675,20.439999999999998,4,FedDIV
20,mnist,FedDIV,18,1.3303776196283836,0.6998802258598072,0.9095922131905319,0.30742166542435756,0.1865291198303284,0.13125776938598996,0.18999937035264466,0.035601492480103296,22.619999999999997,3,FedDIV
21,mnist,FedDIV,19,1.308193396277631,0.7027319911024924,0.9149105397998661,0.3041260827757025,0.1751795122456073,0.12365764612461021,0.18179244372907247,0.03556620396891298,20.439999999999998,3,FedDIV
22,mnist,FedDIV,20,1.2871592257228246,0.7056407916500314,0.9197630806061771,0.30065660206469,0.16437398018979552,0.12822653135445,0.18491425181001778,0.03627695363834689,20.439999999999998,3,FedDIV
23,mnist,FedDIV,21,1.259994074801532,0.709747333599498,0.9244534727514441,0.29752486826368735,0.15360252798236074,0.12965814193931552,0.18527941338167592,0.03670433755701563,24.85,3,FedDIV
24,mnist,FedDIV,22,1.2347786760267108,0.7143671932926482,0.9285741169838722,0.292922118709011,0.14412552262501976,0.13205865247635867,0.18690517673174012,0.03703342735272643,20.439999999999998,3,FedDIV
25,mnist,FedDIV,23,1.1974031996193832,0.7202988649974335,0.9329990354929669,0.2889783824876443,0.1344073377951382,0.13337701148517528,0.18734486402098707,0.0378712588299371,20.439999999999998,3,FedDIV
26,mnist,FedDIV,24,1.152446247251078,0.7269719956653168,0.9375403316503351,0.28408024422220546,0.12436448924029164,0.13109943192885243,0.185266854594131,0.03810341060809182,26.96,2,FedDIV
27,mnist,FedDIV,25,1.1011151413456859,0.7370672446244225,0.9421331418992034,0.2757816120126727,0.11465310099560921,0.13124351399412681,0.18509146426162598,0.038335945337761586,20.439999999999998,3,FedDIV
28,mnist,FedDIV,26,1.0476442983702794,0.7467062111446986,0.9465482715354424,0.2699316476882582,0.10606352963135914,0.13339695483100544,0.18616107107597493,0.03918212986453865,20.439999999999998,3,FedDIV
29,mnist,FedDIV,27,1.0005856097222119,0.7563451776649747,0.9504651678526481,0.26468933560621727,0.09863567183020652,0.1350378312533185,0.1869895610307007,0.03972187610536549,26.7,3,FedDIV
30,mnist,FedDIV,28,0.958105017134638,0.7646723321736155,0.9539034159054582,0.26056363708070407,0.09212983158060467,0.13716455860983984,0.18811565735402724,0.04043127154758706,22.33,3,FedDIV
31,mnist,FedDIV,29,0.9209965310293283,0.7723150630240119,0.956873302145163,0.2570676410758949,0.086750082268434,0.13902464891580257,0.18917180820908627,0.04086612243696062,20.439999999999998,3,FedDIV
32,mnist,FedDIV,30,0.8883936715574051,0.7794444761307249,0.959456896998508,0.2539663734052551,0.08200779296481478,0.14108988654280213,0.1903495924635666,0.04139346866288014,20.98,3,FedDIV
33,mnist,FedDIV,31,0.8452500133203905,0.7882849483830491,0.9623344163151628,0.2494005675237309,0.07732029332671579,0.13819349345673143,0.18819586278378198,0.041290443641377156,20.439999999999998,3,FedDIV
34,mnist,FedDIV,32,0.820670043768283,0.7929618433810529,0.9643023418471505,0.24551794126495408,0.07339607328680502,0.1413274097765907,0.18995290323877473,0.041801442022425195,20.439999999999998,3,FedDIV
35,mnist,FedDIV,33,0.7886409550483867,0.7988364797809844,0.9664416672809786,0.2425057630145088,0.06963883837468379,0.1406087934862975,0.18945041308822755,0.04214971181382239,20.439999999999998,4,FedDIV
36,mnist,FedDIV,34,0.7611879028538872,0.8036274453886956,0.9682866210738018,0.23971911265624327,0.06623539517462404,0.1400946837343342,0.1889800902988905,0.04228611266496832,20.439999999999998,3,FedDIV
37,mnist,FedDIV,35,0.7344246516200559,0.8083043403866994,0.9700645072903549,0.23537680997231467,0.06250657370084643,0.1367950080295993,0.18654313227510977,0.04194336276901868,24.479999999999997,3,FedDIV
38,mnist,FedDIV,36,0.7091426068002423,0.8140078708720698,0.9717898722875334,0.22872985815136218,0.05846981281691924,0.1335446754803402,0.1839818902327806,0.04151279496005009,24.479999999999997,4,FedDIV
39,mnist,FedDIV,37,0.683978332872203,0.8192551189186106,0.9734228395244579,0.21944649509288597,0.05452662600629835,0.12799506527904808,0.1800409474324614,0.04028621398961963,24.479999999999997,3,FedDIV
40,mnist,FedDIV,38,0.6622102098997099,0.8229053784292477,0.9748727450737636,0.21519522976550498,0.05099881975063861,0.12519989082702757,0.17778979329020553,0.03984604808119373,24.479999999999997,3,FedDIV
41,mnist,FedDIV,39,0.6416238746322698,0.8270689556835681,0.9762376551553041,0.20929522887772675,0.04750591143139675,0.12224459196798401,0.17543362999349746,0.03933181304276227,24.479999999999997,3,FedDIV
42,mnist,FedDIV,40,0.6222782027645293,0.8300918268408145,0.9775245809162683,0.20316145259710203,0.04408337469731276,0.11980725770243555,0.1734437875461932,0.03887546385552702,24.580000000000002,3,FedDIV
43,mnist,FedDIV,41,0.6024283797650505,0.8337420863514515,0.9788368057861508,0.19091097690948824,0.040298459260810465,0.11571730080685501,0.17000124635862165,0.038240642760010934,33.94,3,FedDIV
44,mnist,FedDIV,42,0.5856348719618119,0.837905663605772,0.9799869923876089,0.17756111021995621,0.037025410332992115,0.11312819562490864,0.1679151653523336,0.03770236913961954,24.479999999999997,3,FedDIV
45,mnist,FedDIV,43,0.5702848990055062,0.8416699937261165,0.9810535516916644,0.16951900266970316,0.034018213034985895,0.11149270275440999,0.1665377990807669,0.037339660212593044,24.479999999999997,4,FedDIV
46,mnist,FedDIV,44,0.5563586201000101,0.8449210061027776,0.9820416370089127,0.16175602088340027,0.031210928679027163,0.10993789218284217,0.16525011336946968,0.036950958613062496,24.479999999999997,3,FedDIV
47,mnist,FedDIV,45,0.5439351706673788,0.8484571950037073,0.9829404212202625,0.15079414331138682,0.028490192527735818,0.10825955867124179,0.16382072756043223,0.03656736569636566,24.479999999999997,3,FedDIV
48,mnist,FedDIV,46,0.5326948986994537,0.8526207722580277,0.9837640348726038,0.14143029168588486,0.026085078848479843,0.10684378032641034,0.16261515662089543,0.03620371535926273,26.37,2,FedDIV
49,mnist,FedDIV,47,0.5225741418168806,0.8557006787201278,0.9845276734346702,0.13385510272918058,0.02397006831730577,0.1055767891842867,0.16153125911839858,0.03585111733080483,24.479999999999997,2,FedDIV
50,mnist,FedDIV,48,0.5132189314104586,0.8584954086579593,0.9852387993467258,0.12781291597585087,0.02194386414428721,0.10434131825148893,0.16049006573283367,0.03546710250292699,24.729999999999997,2,FedDIV
51,mnist,FedDIV,49,0.5049383364675083,0.861632350424913,0.9858541006865338,0.12349735847636124,0.02031920187388744,0.103332233318673,0.15961852843842478,0.035136230202430896,24.479999999999997,2,FedDIV
52,mnist,FedDIV,50,0.4979414055618302,0.8644270803627445,0.9864219063405844,0.11534572987336407,0.018753671124691482,0.1020990501102898,0.15854604519940002,0.03477690179260874,24.479999999999997,3,FedDIV
1,case,method,group,Loss,Accurancy,AUC,Std Test Accurancy,Std Test AUC,Kl,JS,EMD,round_time,highResourceClientNum,select_mode
2,mnist,FedRL,1,2.304837229315458,0.10483089032110876,0.5265797958865852,0.22189120605663346,0.2225032247711588,0.7111357859453248,0.4255981539500696,0.09537400402414484,26.7,0,random
3,mnist,FedRL,2,2.2607436731437693,0.18348257571436719,0.5773180877513073,0.34643580177613437,0.2923800142004083,0.4069352361444596,0.33629854987442886,0.07676460896767467,26.96,0,random
4,mnist,FedRL,3,2.2025469159283855,0.18833057662693206,0.6076163672695057,0.3222964654511679,0.28337680874867294,0.20785410951874347,0.2396207782074036,0.04725416267942584,39.16,0,random
5,mnist,FedRL,4,2.035009047630949,0.28956824274225745,0.6842084344113373,0.3196105181030304,0.28486239072566943,0.16932367575833357,0.21930914015901762,0.04040151544806375,41.650000000000006,0,random
6,mnist,FedRL,5,1.8465581915584917,0.4132207836650887,0.7398562773711017,0.3296355075281779,0.28614373518495895,0.13098429236188597,0.19195710989461673,0.036558426524081186,66.62,0,random
7,mnist,FedRL,6,1.659668491358687,0.549021844521759,0.7746994173462678,0.340727670852469,0.2843968534481155,0.08298275983545919,0.15505422542436048,0.027018641771920197,42.65,0,random
8,mnist,FedRL,7,1.5719038804089056,0.5558660811042035,0.7975979630420977,0.3444261249043388,0.25893476926912873,0.034200894735504896,0.09210874866948582,0.018453680891691464,48.94,0,random
9,mnist,FedRL,8,1.4111281285418804,0.5799920150573205,0.8308181327143299,0.35802863140510105,0.2168387900801495,0.039455940150438115,0.09896727654656563,0.02025122221651866,67.98,0,random
10,mnist,FedRL,9,1.340752720004625,0.5781098499971482,0.8466873753487792,0.3543493715774005,0.1985373001166841,0.05153253479176558,0.11386666331677656,0.02387889723998684,66.62,0,random
11,mnist,FedRL,10,1.2784500346942447,0.5884902754805225,0.8625087242620874,0.3548286449922269,0.1817953298585133,0.048705857683570095,0.1113900314850806,0.02329414473226341,62.85999999999999,0,random
12,mnist,FedRL,11,1.1815689738272956,0.590315405235841,0.8833083524726798,0.350705143529037,0.1497950287676947,0.0490288625302723,0.11259722791412874,0.02556447611260367,66.62,0,random
13,mnist,FedRL,12,1.1073696374318776,0.6121028916899561,0.9006933576641476,0.33881037780538803,0.13016496718042175,0.04903117466645122,0.11262641719226921,0.02493365717085463,55.879999999999995,0,random
14,mnist,FedRL,13,1.04492763202295,0.6212855757714025,0.9131777420764474,0.31669757247190583,0.11242639966906695,0.04225149128892319,0.10447621923692345,0.021515015426449825,67.98,0,random
15,mnist,FedRL,14,0.969985262104411,0.6503165459419381,0.9266617772233351,0.2948219930518644,0.09494026234146904,0.036700308612670124,0.09744812606433513,0.01928013237329269,70.33,0,random
16,mnist,FedRL,15,0.9015311219711075,0.6772372098328866,0.9378183180428036,0.27514860914059147,0.08069509441236339,0.032401239664832035,0.09097243930367707,0.01793508649451334,45.78,0,random
17,mnist,FedRL,16,0.8551601796580586,0.698169166714196,0.9451296438237606,0.2587645974449566,0.07100957650480084,0.027308323941179453,0.08260595017174517,0.016663943278277422,62.85999999999999,0,random
18,mnist,FedRL,17,0.8013233738591974,0.7157360406091371,0.9541075469007951,0.22405244660012946,0.05349553159482343,0.02639636700714569,0.08145935994364253,0.016801075233114745,67.98,0,random
19,mnist,FedRL,18,0.746092303595276,0.7412308218787429,0.9615883558749795,0.19041407016567943,0.041546262747752416,0.022478503796508866,0.07529955490441212,0.014688431981515655,62.63,0,random
20,mnist,FedRL,19,0.6975474209347577,0.7649004733930302,0.9670164652603804,0.1623436630496129,0.03467280143471497,0.022862971494126395,0.07579864153237019,0.014242357041716593,58.97,0,random
21,mnist,FedRL,20,0.6623545762089285,0.7802429703986767,0.9710312063146381,0.14259111261748522,0.02872354851220796,0.019542525725684025,0.06983068626552842,0.012718322940534346,65.11,0,random
22,mnist,FedRL,21,0.6353259142277349,0.7916500313694177,0.9735970626851463,0.13415633633620383,0.02529776178965752,0.02071963539808963,0.07196260742345448,0.013675223917205482,65.66,0,random
23,mnist,FedRL,22,0.6066814821266743,0.8051103633148919,0.9764454151542763,0.11687379600091126,0.02175871656196567,0.018425090609238325,0.06795608851782207,0.012651941775140856,71.33,0,random
24,mnist,FedRL,23,0.5782313145305,0.8164603889807791,0.9786815781487678,0.10977463791644723,0.019864553362301366,0.02123149712221415,0.07298027560966652,0.012809917862629479,62.63,0,random
25,mnist,FedRL,24,0.5643415378361606,0.8215935664176125,0.9797076902119056,0.10536007824878718,0.01926792860830575,0.025338824581372953,0.07974576660214949,0.015058649128668949,67.98,0,random
26,mnist,FedRL,25,0.5374996625659071,0.8324302743398163,0.9819610885532297,0.09753878970265398,0.01667158083713087,0.023705444746372737,0.07675019856989995,0.01607924891005183,67.98,0,random
27,mnist,FedRL,26,0.5273927040989692,0.8336280157417442,0.9823768803741207,0.09547252552564589,0.01575592262746187,0.02191952123033698,0.07368541212041536,0.01516606237063507,65.57,0,random
28,mnist,FedRL,27,0.5128544578740684,0.8383619460446016,0.9832131599080811,0.09208789476092026,0.015289393824021806,0.023347320208933375,0.07587808391021929,0.015428880372280383,54.54,0,random
29,mnist,FedRL,28,0.49156305834513736,0.8455483944561684,0.9844745455422205,0.09090195130506741,0.014684052740706907,0.017887334707557517,0.06691693864220467,0.012105324445228098,55.74,0,random
30,mnist,FedRL,29,0.47284288651153883,0.8511948896366851,0.9856474065257664,0.08483839566184728,0.013208777854598707,0.017130077303682698,0.06555173796389227,0.013382445484760743,58.97,0,random
31,mnist,FedRL,30,0.4666175853903901,0.8502823247590259,0.9857887898425831,0.08191785759935338,0.012817200477249269,0.017673551381473702,0.0668164516817684,0.01411900241202179,65.66,0,random
32,mnist,FedRL,31,0.45703273192973853,0.8530200193920037,0.9861359088140521,0.08038471185293275,0.012704484716119539,0.014223497430395315,0.059959892019308014,0.011534284239198165,62.19,0,random
33,mnist,FedRL,32,0.45421961228892416,0.8521644898191981,0.986071145757068,0.08239171724199455,0.012847165887727812,0.012222510204288124,0.05556314712839144,0.009202322237327686,59.56,0,random
34,mnist,FedRL,33,0.45499824402236183,0.8502252894541721,0.985870790830817,0.08332194102735702,0.012622708495255689,0.012288083361430047,0.05569882346364031,0.009252980531788921,75.61999999999999,0,random
35,mnist,FedRL,34,0.45059690271319963,0.8511948896366851,0.9860194074254462,0.08320720196633141,0.012493191488265241,0.01285406568363048,0.056894644483574265,0.00918828625730978,67.98,0,random
36,mnist,FedRL,35,0.4466424928828852,0.8518793132949296,0.98604802994752,0.08326600361054357,0.012852539670025082,0.012930616235015905,0.05696231330788973,0.008237413129305302,70.33,0,random
37,mnist,FedRL,36,0.4392329008742771,0.8539325842696629,0.9863585512830748,0.0845017108732775,0.013033912324985747,0.013469889654723767,0.05819684849193396,0.008382112434768312,52.18,0,random
38,mnist,FedRL,37,0.43186775921605175,0.856613243597787,0.9867292059444288,0.08233025066055061,0.012850186899771169,0.012682285753369636,0.05632429780016738,0.007889389569167493,75.61999999999999,0,random
39,mnist,FedRL,38,0.42714266021847846,0.8583813380482519,0.9868755504942208,0.08243401297771003,0.013133729749910887,0.013258738175897749,0.057605889719221245,0.007235810504262895,67.98,0,random
40,mnist,FedRL,39,0.42679349338744643,0.8587805851822278,0.9867560217356757,0.0827737005817085,0.01343306687984426,0.012567588178229946,0.05629138153332867,0.008177689459217968,62.85999999999999,0,random
41,mnist,FedRL,40,0.41768461342146246,0.8630011977414019,0.9872595042150633,0.08104397660515904,0.013011222165353541,0.012392364687096466,0.056013866828883464,0.00919637601839116,71.33,0,random
42,mnist,FedRL,41,0.41196762190223263,0.8653966805452575,0.9875496932815577,0.08008550190508518,0.012785543638701026,0.012321448739288317,0.05587652072161778,0.00895933263949171,56.870000000000005,0,random
43,mnist,FedRL,42,0.4058175952860689,0.8675640221296983,0.9878771797734992,0.07852287481886527,0.012379801282286964,0.010627063711274878,0.051848644184551845,0.008683528965963047,71.33,0,random
44,mnist,FedRL,43,0.3998445399427964,0.8700165402384076,0.9881759418226501,0.07787676965278213,0.012143202137866039,0.009054299322400159,0.047739014051856474,0.008254261728836481,58.97,0,random
45,mnist,FedRL,44,0.3950280808513304,0.871100211030628,0.988453380590649,0.07550626882823488,0.01171746634191585,0.008659299101410245,0.04667363948568187,0.007815137861629119,65.66,0,random
46,mnist,FedRL,45,0.3907187811904227,0.8731534820053614,0.9886442852079771,0.07488412642644876,0.011688651537545057,0.008622054083737406,0.04659029999548593,0.00754399928631964,48.5,0,random
47,mnist,FedRL,46,0.38719959302126755,0.8742941881024354,0.9888152372106568,0.07489361347191836,0.01155390878769156,0.009395301476562342,0.04861244077680971,0.007890631883921976,71.33,0,random
48,mnist,FedRL,47,0.38725113187066035,0.8740660468830206,0.9887225767568254,0.07591288166012093,0.011795143386493331,0.009515729015878934,0.0490485246523125,0.008651131208031666,65.57,0,random
49,mnist,FedRL,48,0.38757930218071074,0.8737238350538984,0.9885860167798156,0.07673014923647593,0.01224173782461153,0.011199029666913761,0.053212296704924604,0.009890700290417345,67.98,0,random
50,mnist,FedRL,49,0.3871879307488385,0.8736097644441909,0.9884991135635535,0.07814498931142316,0.012659960588069003,0.010902268078436703,0.0525709783314829,0.010356166492084085,65.66,0,random
51,mnist,FedRL,50,0.3841414472083839,0.8742371527975817,0.9886070084205223,0.07827238116760626,0.012688887046791187,0.012001079018730258,0.05522320068086014,0.010899026337805925,67.98,0,random
52,mnist,FedRL,51,0.38176450126791367,0.8750926823703873,0.9887093717111817,0.07807964561435525,0.012569250145143372,0.011317325651672002,0.05351249970704454,0.010535352480417759,59.84,0,random
53,mnist,FedRL,52,0.37910905117377236,0.8752637882849483,0.9888405380076174,0.07827212716551879,0.012338022705737244,0.011381052837485962,0.053727029717208566,0.01060628595412174,75.61999999999999,0,random
54,mnist,FedRL,53,0.3759617460464011,0.876290423772315,0.988952345114193,0.07860867651079476,0.012397191760111349,0.011201014543396337,0.05335616124965774,0.010426153611796607,75.61999999999999,0,random
55,mnist,FedRL,54,0.3732394825532565,0.8773740945645354,0.9890635057270827,0.07843611484011241,0.012345930722408817,0.011932446751431033,0.05501790387446598,0.010743545485505945,70.33,0,random
56,mnist,FedRL,55,0.3709226364867322,0.8778874123082188,0.9891699323134012,0.07663370857641036,0.012190914890245666,0.011691050915592574,0.05440894913891414,0.010828794395810736,65.66,0,random
57,mnist,FedRL,56,0.3701263139466223,0.8781725888324873,0.9891633200704107,0.07732325933331492,0.012305766075616204,0.011326413310909484,0.05365336846027076,0.010986991575887499,75.61999999999999,0,random
58,mnist,FedRL,57,0.3677444711110941,0.8793132949295615,0.9893006290546031,0.07795565183871178,0.012186624766606364,0.011118611017250089,0.05277627086767591,0.010450426046014113,70.33,0,random
59,mnist,FedRL,58,0.36772865210616906,0.8789710831004391,0.9893199770264611,0.0773796037474161,0.01199680014175544,0.01097305003809176,0.05236546867941999,0.010626763062767008,62.63,0,random
60,mnist,FedRL,59,0.3653219626730378,0.87959847145383,0.9894472998348716,0.07721547703496406,0.011813195106282084,0.00968953389788765,0.049210281646497295,0.00981623614878845,75.61999999999999,0,random
61,mnist,FedRL,60,0.36107452742863005,0.8810813893800262,0.98970849841982,0.07546276173787372,0.011317775161661249,0.008019966658941387,0.044724765159836304,0.008461027422560335,70.33,0,random
62,mnist,FedRL,61,0.3569786262171151,0.8826213426110763,0.9899431729418241,0.0745580944017688,0.01095143415582691,0.007550074338002205,0.043389229875422874,0.00827296011731648,62.63,0,random
63,mnist,FedRL,62,0.3540778808659695,0.883819084013004,0.9900939312341497,0.07405184771190118,0.010745312107443469,0.007243150601763695,0.04250822293540078,0.008237373412948393,71.33,0,random
64,mnist,FedRL,63,0.3502350155211595,0.8852449666343467,0.9903272243588944,0.07347695675144891,0.010344329496032034,0.006859004419948168,0.04135189986230688,0.0074936669229707644,56.870000000000005,0,random
65,mnist,FedRL,64,0.34587277263984056,0.8864997433411281,0.9906206491926508,0.07466925076057719,0.009816408944796448,0.006731434971382379,0.040959041476044684,0.0070644467376567545,65.66,0,random
66,mnist,FedRL,65,0.34291008968817543,0.88729823760908,0.9907535921923887,0.07325720222023695,0.009653517254311506,0.006944082361133972,0.04164031131940633,0.007425027455931983,70.33,0,random
67,mnist,FedRL,66,0.34067057657051625,0.8881537671818855,0.9908581951244941,0.07296753919399952,0.009519340194601936,0.006353154117584969,0.039809533557838464,0.007038495779710133,48.870000000000005,0,random
68,mnist,FedRL,67,0.337468621165467,0.8895796498032282,0.991034741189419,0.07105696100912197,0.009288281251175012,0.006591753056540083,0.04065764411778375,0.007712879111229199,55.879999999999995,0,random
69,mnist,FedRL,68,0.33449426099506185,0.8903781440711801,0.9911888108796976,0.07069414924459792,0.009098394113973462,0.0063470957416777865,0.039845956989993034,0.007502558589661276,71.33,0,random
70,mnist,FedRL,69,0.33317333367235696,0.8908914618148635,0.9912162618662317,0.07032106003348809,0.009082877947249624,0.005120098920331425,0.035766245440392856,0.00634159880876701,59.56,0,random
71,mnist,FedRL,70,0.331536293465287,0.8910625677294245,0.9912890399092812,0.06816963037413261,0.008892821997239595,0.004243142932772477,0.03257906073121442,0.005261758293757439,51.59,0,random
72,mnist,FedRL,71,0.3297337450490447,0.8916329207779615,0.991367809860311,0.06814998256128635,0.008703890122904501,0.00380148470333227,0.030806282809358567,0.00492807519330892,56.76999999999999,0,random
73,mnist,FedRL,72,0.3279646657114581,0.8919751326070838,0.9914301209627122,0.06548922153361997,0.008600453855823255,0.003785424090879116,0.030785286705794484,0.005099959427572605,71.33,0,random
74,mnist,FedRL,73,0.3263831037966879,0.8925454856556209,0.9914847679075076,0.0656860247034127,0.008561686739732398,0.0034421755011591385,0.0293493976583243,0.004827957647129932,66.62,0,random
75,mnist,FedRL,74,0.3251294951299595,0.8928306621798894,0.9915185966072432,0.06339419791194804,0.008521409170923852,0.002903272866748851,0.02686450518040146,0.004221106128550077,67.98,0,random
76,mnist,FedRL,75,0.32443901881881826,0.8930017680944504,0.9915596064913481,0.06317796904696427,0.008454084155020337,0.002914442216958659,0.026979458424838242,0.004259311308137257,55.879999999999995,0,random
77,mnist,FedRL,76,0.3230663301649097,0.8931728740090116,0.991605917402201,0.0627039380330995,0.008493047115705966,0.002506150046582878,0.024984159285642536,0.003290549228266129,62.85999999999999,0,random
78,mnist,FedRL,77,0.3220187863822702,0.8936291564478412,0.9916413325511756,0.06265052389644717,0.008518229429732153,0.0026944164276807943,0.025857329110534125,0.003259062640305846,67.98,0,random
79,mnist,FedRL,78,0.320813486435088,0.8936861917526949,0.9916885791489127,0.06278055973956666,0.00844992677000483,0.0023833252340174356,0.02430644254818378,0.003033977621215421,62.63,0,random
80,mnist,FedRL,79,0.31934191875255447,0.8940854388866708,0.9917343158699548,0.06268152591915738,0.008480203470021137,0.00233829080090203,0.024083902250896544,0.002782486380294842,71.33,0,random
81,mnist,FedRL,80,0.31866142402751657,0.894256544801232,0.9917395946660342,0.06286444671591036,0.008471619268163687,0.002218593907491271,0.023495822042364032,0.0032812238211386356,48.89,0,random
82,mnist,FedRL,81,0.3171271113925003,0.8948839331546227,0.9917983677023536,0.06327920598347549,0.008417326980342522,0.0024032591203789868,0.02441293999111995,0.00310036314084311,56.870000000000005,0,random
83,mnist,FedRL,82,0.31718432845343514,0.8935721211429876,0.9917991748031598,0.06423544317336985,0.0084051890150775,0.002810556101758305,0.026389299111658028,0.0034089216881141105,50.400000000000006,0,random
84,mnist,FedRL,83,0.316318620658878,0.8943135801060856,0.991824163397803,0.06440098324885228,0.008465165055400454,0.003133814638991949,0.027867363528774145,0.003410531661205373,70.33,0,random
85,mnist,FedRL,84,0.3163817299471736,0.8951120743740375,0.9917988982281235,0.06432375036933438,0.008585374548955695,0.0033652799339373837,0.028921445172657843,0.0034457908099631536,62.63,0,random
86,mnist,FedRL,85,0.31559217669369755,0.895226144983745,0.9918197633006891,0.06426398878851719,0.008609184378582456,0.00295860440547042,0.027130800378611885,0.0036882941667061957,65.11,0,random
87,mnist,FedRL,86,0.3148404209589687,0.8955683568128672,0.9918185520344559,0.0649562960112199,0.008675281524836117,0.0030938016869562347,0.027795015846390603,0.004394082892065136,62.85999999999999,0,random
88,mnist,FedRL,87,0.3135329604912814,0.8961387098614042,0.9918572993937531,0.06493131702238897,0.008645615299849191,0.0031289634752060076,0.02796764769068069,0.004221989426029697,66.62,0,random
89,mnist,FedRL,88,0.3120563279185614,0.8964238863856727,0.9919178356292335,0.06480020715845046,0.008614851150977283,0.003224118419064749,0.02837162152782926,0.004271936030056976,65.66,0,random
90,mnist,FedRL,89,0.3107157945680966,0.8965379569953802,0.9919668983051261,0.06541677277323023,0.008552780603042853,0.003510232341345204,0.029604552687431087,0.0044996676586762175,75.61999999999999,0,random
91,mnist,FedRL,90,0.30901357570202975,0.8971653453487709,0.9920586426596689,0.06523089755664668,0.00844054638085014,0.0031738119250519386,0.028103819706833823,0.004124791510492591,65.66,0,random
92,mnist,FedRL,91,0.30683868332886904,0.8976216277876006,0.9921711857278367,0.06462841832902802,0.008303640177693075,0.003093580909784303,0.02777151361017843,0.004169307197053794,65.66,0,random
93,mnist,FedRL,92,0.3064738288117854,0.8978497690070153,0.9921846531203894,0.06593704732862124,0.008326048065902585,0.0036495661497299116,0.030177733189242925,0.0043633740355082775,70.33,0,random
94,mnist,FedRL,93,0.30528933316900986,0.8978497690070153,0.9922464318006502,0.06599183095593093,0.008235420819745544,0.003452903792478863,0.029351202149011116,0.004157420720886015,75.61999999999999,0,random
95,mnist,FedRL,94,0.30455851134117795,0.8978497690070153,0.9922703268394178,0.06574391726070601,0.00820739978551579,0.0035627460535268317,0.029818886791095952,0.00440946551913409,75.61999999999999,0,random
96,mnist,FedRL,95,0.3027739789048015,0.8985912279701135,0.9923492024092506,0.06381767659412757,0.008115395807877918,0.0034358343012620878,0.02930267673286197,0.004034646971529799,70.33,0,random
97,mnist,FedRL,96,0.30158185568344864,0.8990475104089432,0.9924012649921394,0.06374495096294304,0.008044714136775273,0.003291382947253913,0.02866078492427674,0.004005684360845735,65.57,0,random
98,mnist,FedRL,97,0.3003524775016362,0.8991045457137968,0.9924522486781301,0.06389551836391102,0.00799526932060584,0.003651967411147275,0.030145706657418406,0.0040881383463504135,67.98,0,random
99,mnist,FedRL,98,0.2991811819961888,0.8997319340671875,0.9924916474235916,0.0657161735000683,0.007942431228267896,0.0036865423359625487,0.03030077506979028,0.004665834397343584,56.510000000000005,0,random
100,mnist,FedRL,99,0.2976833801208369,0.8997319340671875,0.9925427074497255,0.06645256475619933,0.007898800792977424,0.003217294255786594,0.028293116158552848,0.004498041101618616,59.84,0,random
101,mnist,FedRL,100,0.2966140014876738,0.900416357725432,0.9925941194361524,0.0658447446164067,0.007773268079026348,0.0031563608352953906,0.02804993517265107,0.0038685936956986745,59.56,0,random
102,mnist,FedRL,101,0.2953058299247509,0.9006444989448469,0.9926375934743411,0.06577875693605234,0.007762555719606221,0.002971625655859158,0.02725066774600449,0.00402101506734467,70.33,0,random
103,mnist,FedRL,102,0.29374276733198734,0.9009867107739691,0.992708177636263,0.06652651736509592,0.00766397983541341,0.002803817518366029,0.02645951831480604,0.0035080626052254177,56.510000000000005,0,random
104,mnist,FedRL,103,0.2922723646783673,0.9012718872982376,0.9927592305475679,0.06659331815816277,0.007620532323009558,0.0026663964486268775,0.025849477262624633,0.0035140661570723136,66.62,0,random
105,mnist,FedRL,104,0.29124192602395305,0.9016140991273598,0.9927935444892042,0.06676371572847355,0.00759858965855926,0.0026035810948514507,0.025530678364052265,0.0033682720398290384,54.54,0,random
106,mnist,FedRL,105,0.28956134552575274,0.9016140991273598,0.9928697551933929,0.06694238377179819,0.007541662749696678,0.002386459899728264,0.0244452316162378,0.0030432830187167195,65.57,0,random
107,mnist,FedRL,106,0.2889230576632873,0.9018422403467746,0.9928878638946202,0.06695972455305872,0.007559045969580799,0.002592402388455369,0.025461507260650832,0.0033746026344877948,75.61999999999999,0,random
108,mnist,FedRL,107,0.2882577279315921,0.901785205041921,0.9929073656490875,0.06701602788867937,0.007565980492361888,0.0027919318475233775,0.026401066519302425,0.0033988080964899134,67.98,0,random
109,mnist,FedRL,108,0.2874794919133364,0.9021844521758969,0.9929245233630684,0.06714132919296492,0.00762538418239733,0.003026547739461459,0.027459467474693803,0.0033069356545083377,71.33,0,random
110,mnist,FedRL,109,0.2862779600617253,0.9026977699195802,0.9929608937461084,0.06724193033576796,0.007656790439010217,0.0030520704434055658,0.02762325394329219,0.003377326160800337,59.60000000000001,0,random
111,mnist,FedRL,110,0.2850944505396528,0.9029829464438487,0.9930046104390406,0.06700606554124293,0.007622866364863659,0.002698309319527082,0.02598469621444136,0.003404675826401221,62.19,0,random
112,mnist,FedRL,111,0.28384724711801185,0.9034392288826784,0.9930530920691659,0.06694009671963062,0.007537539433881692,0.0025222351614740362,0.025138203142676358,0.003489862403759936,65.57,0,random
113,mnist,FedRL,112,0.2830710829431493,0.9034392288826784,0.9930729362557508,0.06689899010113474,0.007556246003858855,0.0028096830494495047,0.02653948644208141,0.0036185391934020978,67.98,0,random
114,mnist,FedRL,113,0.2823744579731038,0.9039525466263617,0.993084320222785,0.06694912257878012,0.007585631827394864,0.0031489114023922323,0.028090796078269274,0.0037842598962801793,54.54,0,random
115,mnist,FedRL,114,0.2822036098346498,0.9045799349797524,0.9930639244304506,0.0663777747216057,0.007689213605094455,0.0036829926323635217,0.03036462250726352,0.004266447364464626,67.98,0,random
116,mnist,FedRL,115,0.28162556634803926,0.9049791821137284,0.993071292765739,0.06641417542548747,0.007716790073277697,0.003378610660752419,0.029091451361977626,0.004221624939270871,71.33,0,random
117,mnist,FedRL,116,0.2799579229932264,0.9055495351622654,0.9931489003313618,0.06677790694719661,0.007636849580138007,0.0032936900778587084,0.028718643025543385,0.003725126198598292,66.62,0,random
118,mnist,FedRL,117,0.27866626534643335,0.9060058176010951,0.9932051730857837,0.06635415810635456,0.007580802056636744,0.0032416126333964746,0.02847731963027524,0.003536700230925223,75.61999999999999,0,random
119,mnist,FedRL,118,0.27797870364208493,0.9066332059544858,0.993214601396476,0.06511152333232943,0.007597444260048849,0.0034239029530433425,0.02929683917003113,0.004061130367364261,71.33,0,random
120,mnist,FedRL,119,0.2777102781375511,0.9073176296127303,0.9931908820977278,0.06484285853440802,0.007716751745724845,0.0034874065251951146,0.029586614892327504,0.004711766081978016,65.66,0,random
121,mnist,FedRL,120,0.2774376558341251,0.9074317002224377,0.993182306267439,0.0665080103281378,0.007779574063775435,0.003988348782309629,0.03164173465892716,0.0048955718857688155,67.98,0,random
122,mnist,FedRL,121,0.2766820077325579,0.907545770832145,0.9932032915218366,0.06658615442021404,0.007773937694070374,0.004204556573113269,0.03248829827211656,0.005150561543877915,59.60000000000001,0,random
123,mnist,FedRL,122,0.2762554510394417,0.9076598414418525,0.9932100536421842,0.0665974603788531,0.007803453502702619,0.004190009121508189,0.032453458694118434,0.005252130816810966,56.76999999999999,0,random
124,mnist,FedRL,123,0.275402966691795,0.9078309473564136,0.9932417804584612,0.0689582022849434,0.007736130480441167,0.004243428497545925,0.03262485962070489,0.0054206608490877245,62.85999999999999,0,random
125,mnist,FedRL,124,0.27434631501019036,0.9078309473564136,0.9932795637238648,0.06906045482275672,0.007709193015890777,0.0043068807233132556,0.03290095983643346,0.005620364856704475,75.61999999999999,0,random
126,mnist,FedRL,125,0.2740269377404519,0.9077739120515599,0.993290417531115,0.06894021873436239,0.007669713840238946,0.004139228737747765,0.03228037445046088,0.0053472986591360395,52.32,0,random
127,mnist,FedRL,126,0.2734377470597415,0.9078309473564136,0.9933100187036477,0.06864131555637377,0.007654098210190638,0.004172564671056878,0.032412174573164226,0.005303595621821944,54.54,0,random
128,mnist,FedRL,127,0.2728114979728962,0.9077739120515599,0.9933309569602057,0.06859051419200067,0.007670465002937094,0.0042456526254311365,0.03270401102756374,0.005406602505714335,66.62,0,random
129,mnist,FedRL,128,0.2719189361208466,0.9085153710146581,0.9933640005924985,0.06450042080819902,0.0076415720351717,0.004189019041001135,0.03249835607071721,0.0052314603310327995,54.54,0,random
130,mnist,FedRL,129,0.27097084096906254,0.9086864769292192,0.9934003142516399,0.06449826313290627,0.007607776660086466,0.004558376090962078,0.033879002852975515,0.005466125449345281,65.66,0,random
131,mnist,FedRL,130,0.2699726798603459,0.9093138652826099,0.9934433639867706,0.06456616058945971,0.00755436897303441,0.004467799520916103,0.03350549341335,0.005327541716783634,62.19,0,random
132,mnist,FedRL,131,0.2682705763821479,0.909884218331147,0.9935306215491981,0.06347724079680357,0.00742593037700094,0.003988017868946996,0.03162456692508139,0.004623926774388687,65.57,0,random
133,mnist,FedRL,132,0.2672112685549553,0.9101123595505618,0.9935778057601619,0.06337063731181261,0.007380451959480936,0.003963930351181136,0.03155858692688122,0.004735009619423457,71.33,0,random
134,mnist,FedRL,133,0.266354681580414,0.9102264301602692,0.9936062117779721,0.06361217207744355,0.007376954846875549,0.004144754502511748,0.0322730615907731,0.004971099645075973,59.56,0,random
135,mnist,FedRL,134,0.26576557429397907,0.910454571379684,0.9936244904548973,0.06345234224290933,0.007355335414748798,0.004132016592149173,0.03225666060995939,0.004913035048814418,56.870000000000005,0,random
136,mnist,FedRL,135,0.26511478055694065,0.9106256772942452,0.9936462297621051,0.06351078906612338,0.007366385117097177,0.004297449040180689,0.03285684081513545,0.004991396002696066,65.57,0,random
137,mnist,FedRL,136,0.2640031258158033,0.9107397479039525,0.9936942037883348,0.0629482560569139,0.007289296538848457,0.004215760592865287,0.03256418320718558,0.004971144296920748,71.33,0,random
138,mnist,FedRL,137,0.2635023792238909,0.9107397479039525,0.9937114746762507,0.06287701787877335,0.007276027467197409,0.0042132580070975666,0.03256206453906703,0.004965139774897378,65.57,0,random
139,mnist,FedRL,138,0.26297566074648276,0.9107967832088063,0.9937283787571071,0.06288333666416887,0.007268841047927354,0.004007756898476621,0.03176428222714876,0.004971207117348697,65.66,0,random
140,mnist,FedRL,139,0.26200780477067387,0.91085381851366,0.9937726019872479,0.06282876442639021,0.007198452720197911,0.004115456400626098,0.03215275852163978,0.005043378405480735,62.63,0,random
141,mnist,FedRL,140,0.26131726410688083,0.9111389950379285,0.9937979548786167,0.061884784627890925,0.0071965583568081234,0.004175432859239684,0.032379886078164895,0.005126748096924854,65.57,0,random
142,mnist,FedRL,141,0.2608402552126095,0.9113671362573433,0.9938127346368689,0.06188157865715968,0.007148343888717789,0.004443866984822796,0.03339511708253257,0.005201350063223425,62.63,0,random
143,mnist,FedRL,142,0.260326097411723,0.9117663833913192,0.9938284362950014,0.061914336570715496,0.007169409764853579,0.004497231112408165,0.03359330127992694,0.00545326828626642,58.97,0,random
144,mnist,FedRL,143,0.2599537630411853,0.9121085952204414,0.9938320018681741,0.06200512863469314,0.007191690479534645,0.004819486186044487,0.034779206339522015,0.005718647556667509,70.33,0,random
145,mnist,FedRL,144,0.25933420249764333,0.9125648776592711,0.9938540371607246,0.06185253248080435,0.007180320403456179,0.0048799378350262695,0.03496431864209114,0.005770797656463976,71.33,0,random
146,mnist,FedRL,145,0.2583237998207648,0.9127930188786859,0.993906323045293,0.06241047809993971,0.007091201857947706,0.004969401251406401,0.035239057607275207,0.005550869876992668,67.98,0,random
147,mnist,FedRL,146,0.25776877951098703,0.9128500541835396,0.9939251840644688,0.06226017987510755,0.007091935129085303,0.005182930649561067,0.035987565641369935,0.005753932314554927,65.11,0,random
148,mnist,FedRL,147,0.25754566472811447,0.9126219129641248,0.9939227408030962,0.06214524968507487,0.007096009737977876,0.0052529405623924245,0.036221175966420896,0.005793335452050893,67.98,0,random
149,mnist,FedRL,148,0.25711599092395415,0.9127359835738322,0.9939356691131818,0.0630789121137853,0.007039616897386706,0.005255952210540961,0.03626021534301488,0.005950625784505409,71.33,0,random
150,mnist,FedRL,149,0.25657646145512186,0.9128500541835396,0.993954008042822,0.06271992384213466,0.0070069936439063245,0.005083584049067543,0.0356570647350251,0.0058037106229179136,71.33,0,random
151,mnist,FedRL,150,0.2554408733032876,0.9130211600981007,0.9940055239997527,0.062334452259255456,0.006903716167036979,0.0046490425091764076,0.03413441672495792,0.00536820138686386,56.76999999999999,0,random
152,mnist,FedRL,151,0.25463595464965927,0.9132493013175156,0.9940367259255575,0.062276874269310264,0.006874679199518725,0.004640476537017911,0.034112043778047496,0.005290858760800545,56.870000000000005,0,random
153,mnist,FedRL,152,0.25404482964203146,0.9134774425369303,0.9940580231314506,0.06112995675235441,0.006858743141279613,0.004628426848047707,0.034073986395260464,0.00533887772972717,65.66,0,random
154,mnist,FedRL,153,0.25290035247072473,0.9138766896709063,0.9941093240511807,0.06104543885203607,0.006773106513272948,0.004431417608167912,0.033357013229835794,0.004966823740258333,55.879999999999995,0,random
155,mnist,FedRL,154,0.251908886770308,0.9144470427194433,0.9941481584767466,0.06053035843451859,0.006719241055841496,0.004209172577975561,0.032558104924708946,0.0050538308373866735,65.66,0,random
156,mnist,FedRL,155,0.25129837005663364,0.9147892545485655,0.9941695284895274,0.0610903657204941,0.006714065541830305,0.0042467156879597715,0.03269468197661853,0.005215440049618652,62.63,0,random
157,mnist,FedRL,156,0.25051220824490805,0.9152455369873952,0.9942064677605011,0.06081232334007751,0.006666425684238832,0.0043179725634040645,0.032994094765671875,0.004924500872121977,66.62,0,random
158,mnist,FedRL,157,0.2500043036927319,0.9153596075971026,0.9942284605901685,0.06074558961587592,0.006620455019772799,0.004419064308364789,0.03341144156448875,0.005008555324278773,53.32,0,random
159,mnist,FedRL,158,0.24963442553137014,0.91547367820681,0.9942388124531216,0.060649155652688976,0.006633153167868403,0.004268329793872093,0.032792378253537875,0.0050304581674690705,67.98,0,random
1,case,method,group,Loss,Accurancy,AUC,Std Test Accurancy,Std Test AUC,Kl,JS,EMD,round_time,highResourceClientNum,select_mode
2,mnist,FedVOI,1,2.304837223962364,0.10483089032110876,0.5265798880260724,0.22189120605663346,0.22250331339957713,0.41803972354922625,0.3547447508137777,0.06805334257975035,30.97,0,random
3,mnist,FedVOI,2,2.186609923873884,0.29230593737523525,0.6245850246101171,0.29296311442123896,0.29728239985178123,0.12810923913517172,0.18384320544947483,0.03812425675675676,30.990000000000002,0,random
4,mnist,FedVOI,3,1.9459094807914525,0.1950037072948155,0.7478535946807185,0.28709790804797786,0.18542250140716074,0.12707552946624645,0.17967438046626277,0.03904687325959459,33.94,0,random
5,mnist,FedVOI,4,1.7860961762551633,0.293902925911139,0.8044910253454629,0.26454815599622655,0.16048328957103325,0.1610422174517473,0.1988330909313786,0.037352335376705556,70.33,0,random
6,mnist,FedVOI,5,1.7961744841061658,0.297952432555752,0.8081827864063387,0.2620606696365192,0.14502808743016893,0.13660530311190738,0.18286709825083797,0.033762221802023255,65.57,0,random
7,mnist,FedVOI,6,1.6430530455982164,0.3574402555181657,0.8451070401818754,0.28104431466282537,0.1172155144775804,0.12031935418000948,0.17198510752787227,0.033293923532512634,39.16,0,random
8,mnist,FedVOI,7,1.4797688650692569,0.3992471339759311,0.8800293686832267,0.2575187947973233,0.07697708170861912,0.10049413019427154,0.15617510175087418,0.03414027135078421,70.33,0,random
9,mnist,FedVOI,8,1.3114017167013703,0.5236411338618605,0.9175438392225694,0.19437733817653982,0.04842195158646158,0.061862750480100426,0.12458942194973611,0.027850353161553768,41.75,0,random
10,mnist,FedVOI,9,1.2156229661393363,0.5887184166999373,0.9305289601488912,0.20541373574746807,0.045504353616099745,0.04771878836330789,0.10881207231704161,0.025000720868329378,62.19,0,random
11,mnist,FedVOI,10,1.0967401306932523,0.6285860947926767,0.9398449172589619,0.1963847848908219,0.04095261775080985,0.05213395905964278,0.11409414464397077,0.02579184302218962,49.84,0,random
12,mnist,FedVOI,11,1.0147838575750836,0.6573318884389437,0.9468096820123733,0.1799740608647496,0.03731407080055596,0.05364706422497988,0.11482217104296175,0.024936513017516086,49.84,0,random
13,mnist,FedVOI,12,0.9384667804074011,0.6919523184851423,0.9539679952506757,0.16797187633860547,0.03437455701843964,0.04382474286013165,0.10400111879119368,0.02235410651566196,59.60000000000001,0,random
14,mnist,FedVOI,13,0.856221406162786,0.7256031483488279,0.9612464344695321,0.15572421972765446,0.03048421404393459,0.03805333806466244,0.09674165438149739,0.021392972622127672,62.19,0,random
15,mnist,FedVOI,14,0.8114847488153738,0.7502994353504819,0.9663764589495462,0.1443299544519931,0.027435500449744275,0.033986004809365304,0.0919217903409194,0.020256714599206728,62.85999999999999,0,random
16,mnist,FedVOI,15,0.7743107864922375,0.7590258369930988,0.9679550816959032,0.14453059774291271,0.02750816787835867,0.03489895801211084,0.09344655319346093,0.021058304201145357,75.61999999999999,0,random
17,mnist,FedVOI,16,0.7399570148240191,0.7687218388182285,0.9700881797803123,0.14049154995655944,0.02619049954088034,0.02903289407023448,0.08514162541230665,0.018797829825239195,65.57,0,random
18,mnist,FedVOI,17,0.6914079043470185,0.7848057947869731,0.9732986752746104,0.1352063417690039,0.02453546251238558,0.026793699912677844,0.08207770954160243,0.017211750178187532,52.18,0,random
19,mnist,FedVOI,18,0.6666675111051199,0.7898819369189528,0.9745833743125769,0.13316794112287436,0.023346484531303058,0.02588069015105201,0.08061562054136819,0.017139809142093714,62.85999999999999,0,random
20,mnist,FedVOI,19,0.6511467947878231,0.7885701249073176,0.9747267041837779,0.13125083426014886,0.023126283153568183,0.032862786607746004,0.09054196612442872,0.01930284020500465,66.62,0,random
21,mnist,FedVOI,20,0.6352292298341273,0.790053042833514,0.9755230854815583,0.1278390703831517,0.021885520391626577,0.03592639900414968,0.0941418777558528,0.019539003342035666,66.62,0,random
22,mnist,FedVOI,21,0.623327035274599,0.7968972794159584,0.9768196822825402,0.12557923559094097,0.021187634571153607,0.023264385721219305,0.07560829041990554,0.016594307302958015,65.57,0,random
23,mnist,FedVOI,22,0.57656710355047,0.8146352592254605,0.9800622154754296,0.11373698644600061,0.01876813932524638,0.02184477022773469,0.07349153065926725,0.016180341188021603,75.61999999999999,0,random
24,mnist,FedVOI,23,0.5652763712518539,0.8205669309302458,0.9810191168325879,0.10902781500389823,0.01760288551402397,0.020908573312564918,0.07234303305451197,0.014457676571082566,48.94,0,random
25,mnist,FedVOI,24,0.548595596943426,0.8255860377573718,0.9816367626875822,0.1095550765309594,0.01768490206315024,0.016945458869740717,0.06534486721860423,0.01225658663616269,65.11,0,random
26,mnist,FedVOI,25,0.5356025390449938,0.8282096617806423,0.9818825826438329,0.11021887635574887,0.018041264233206247,0.017442447700309182,0.06651616359075774,0.011892509811122873,65.66,0,random
27,mnist,FedVOI,26,0.5246640607036223,0.8280385558660811,0.9822216785294242,0.10857901437056992,0.017597007803287303,0.02341595762644575,0.0770697933890687,0.014194264957469838,65.57,0,random
28,mnist,FedVOI,27,0.5125860453482679,0.8339702275708664,0.9831402919285994,0.10580116484172016,0.01620533017448985,0.017561063404509705,0.06668224375652032,0.01251461901081658,62.63,0,random
29,mnist,FedVOI,28,0.49875956021765444,0.839445616836822,0.9839429118636808,0.09893665643752977,0.015146014330272187,0.017493231194751623,0.06672521629718645,0.01147480602537995,75.61999999999999,0,random
30,mnist,FedVOI,29,0.4901049226837712,0.8414988878115554,0.9843923988338336,0.09528154128395099,0.014305085119989559,0.015187563743894895,0.062388710096893236,0.009853447851752082,65.57,0,random
31,mnist,FedVOI,30,0.4781721890551033,0.8461187475047054,0.9849898975737688,0.09310889803066694,0.013828935297380175,0.01445894713118362,0.060857542526515984,0.010024007677116933,71.33,0,random
32,mnist,FedVOI,31,0.4708382279010366,0.8473164889066332,0.9853462949332528,0.09150049389659556,0.013538208581268592,0.01704346984809841,0.06566127753953162,0.011817740863787377,67.98,0,random
33,mnist,FedVOI,32,0.4638171422757627,0.8489705127473907,0.9858068765010717,0.08781326440080274,0.012550484168483285,0.015242096066570973,0.062283259401607366,0.01100472585654103,65.57,0,random
34,mnist,FedVOI,33,0.46292802363218044,0.8476587007357554,0.9857013446081487,0.08580284761252674,0.012061735329875764,0.014845205200814716,0.061067343639406295,0.011094545666758488,65.11,0,random
35,mnist,FedVOI,34,0.4595449952508041,0.8467461358580962,0.9858055290125385,0.0882692249560379,0.011564984995901539,0.014017725097933656,0.0591688529611422,0.011685311940747865,65.57,0,random
36,mnist,FedVOI,35,0.45091064431068506,0.849084583357098,0.9863002652872987,0.08561187032449517,0.011013408020984473,0.012466334080193129,0.05583678507030143,0.010899350634531929,54.900000000000006,0,random
37,mnist,FedVOI,36,0.44419664961706423,0.8524496663434666,0.9867072868309255,0.08080477261132728,0.010736208795104984,0.014509734118335199,0.06029806197846033,0.012582693377959796,52.32,0,random
38,mnist,FedVOI,37,0.4396613613952389,0.8536474077453944,0.9869094594421088,0.08329093809639555,0.010556822815418785,0.013978445365986462,0.05912973793048157,0.012711842223042044,67.98,0,random
39,mnist,FedVOI,38,0.4335485146654585,0.8556436434152741,0.9872181388282737,0.083267244170936,0.010342506357006504,0.012487401971938112,0.055953261015943126,0.011640548312855202,62.63,0,random
40,mnist,FedVOI,39,0.42565095184735113,0.8582102321336907,0.9876604327539135,0.08092505476830256,0.009892879372049397,0.011309347737978911,0.053391999653491645,0.010166462190123576,62.85999999999999,0,random
41,mnist,FedVOI,40,0.4232424431039202,0.8583243027433982,0.9876657204857202,0.08108477565242575,0.0099883820193509,0.01036808490509683,0.05095374844076299,0.009546714118411941,66.62,0,random
42,mnist,FedVOI,41,0.4114658911695489,0.8643130097530372,0.9883077315596579,0.07166767139859645,0.009583288213141947,0.006899318795094214,0.04143042623224189,0.007893019069552734,55.74,0,random
43,mnist,FedVOI,42,0.40452563972878114,0.8667655278617464,0.9886669458840658,0.07404460640568236,0.009409760762557012,0.007488371803110336,0.0432251372645943,0.007865655814065372,70.33,0,random
44,mnist,FedVOI,43,0.3983875292073989,0.8688758341413335,0.989021756525473,0.07021610622873156,0.009053755741853062,0.0065482616987598274,0.040404837910172534,0.007075007216978788,56.870000000000005,0,random
45,mnist,FedVOI,44,0.3965814589129411,0.8695032224947242,0.9891282164919221,0.06959707262784652,0.009122116345991095,0.006117543968697861,0.03909987531863428,0.0060084852653076275,48.870000000000005,0,random
46,mnist,FedVOI,45,0.3945298846528675,0.8697313637141391,0.9891728895354145,0.07012222231385709,0.00908225911204928,0.006066632667808495,0.03906206001792931,0.005865572068235118,62.19,0,random
47,mnist,FedVOI,46,0.39165387359506576,0.8704157873723835,0.9892765412264007,0.06998115559859128,0.009026952951900157,0.005900432419826088,0.03853896051720875,0.004912147821058048,62.19,0,random
48,mnist,FedVOI,47,0.38716342698227213,0.8714994581646038,0.9894622291903964,0.06990449410073586,0.008875704799275514,0.005442986977520582,0.03700968598334038,0.004962218163503439,62.63,0,random
49,mnist,FedVOI,48,0.3846553208907297,0.8722979524325557,0.989526749217162,0.06823650620651382,0.00881118223264696,0.005855984556590381,0.038444876334959195,0.005858689256083109,65.57,0,random
50,mnist,FedVOI,49,0.3832043791792084,0.8717846346888725,0.9895456769290585,0.07042400705369521,0.008849936081818412,0.005304734670644903,0.036526386474456725,0.005437353292840405,75.61999999999999,0,random
51,mnist,FedVOI,50,0.37962552253693066,0.8730394113956539,0.9897347546280583,0.06925434294410288,0.008674905189812891,0.0054425320941169746,0.037060813384339975,0.005593777652710604,66.62,0,random
52,mnist,FedVOI,51,0.3763455848401329,0.8743512234072891,0.9898741058522681,0.06930966266522716,0.008607758007396335,0.004964266333191589,0.035387651131672145,0.005380251185465031,59.60000000000001,0,random
53,mnist,FedVOI,52,0.37167576573252237,0.8760622825529002,0.9901099317479253,0.06806809223943151,0.008434938913439471,0.004079894792828352,0.03206342842958545,0.004948242198131879,75.61999999999999,0,random
54,mnist,FedVOI,53,0.3708584242395097,0.8758341413334855,0.9901074502821892,0.06579054020912779,0.008339776625687516,0.004758892001041569,0.03467732343776641,0.005817565062179839,59.60000000000001,0,random
55,mnist,FedVOI,54,0.3710291575323386,0.8758911766383392,0.9900653230663005,0.06822140050226633,0.008287467475247114,0.004628160815994863,0.034192601917949414,0.005688557622480733,66.62,0,random
56,mnist,FedVOI,55,0.3689366734238684,0.8766326356014373,0.9901417494871505,0.0688241726453621,0.008253617849999773,0.004405109159149651,0.03336776149300581,0.0053841485051437385,75.61999999999999,0,random
57,mnist,FedVOI,56,0.36702538540344126,0.8769178121257059,0.9902000570489858,0.06866768168252003,0.008317504671092029,0.004465645355335626,0.03355207133624778,0.005438405878682296,71.33,0,random
58,mnist,FedVOI,57,0.36515062607751886,0.8769748474305595,0.9902470015726438,0.0677850376125849,0.00829201671401235,0.005232319918458208,0.03628974503584107,0.005925992769835782,75.61999999999999,0,random
59,mnist,FedVOI,58,0.3628352930350399,0.8776022357839502,0.9903189232015024,0.06776968238320524,0.008283322031874103,0.005584446199499861,0.03751615384806407,0.006640999261264968,75.61999999999999,0,random
60,mnist,FedVOI,59,0.3589475516516181,0.8790281184052928,0.9904765132280702,0.06807266524328907,0.008160934847214888,0.005228275772547765,0.03632350360482978,0.006268938550729686,59.60000000000001,0,random
61,mnist,FedVOI,60,0.3584982249346056,0.8788570124907318,0.9904535307505967,0.06825852176107207,0.008215918024036546,0.00586037873828785,0.038462801084641625,0.006131063142517277,62.19,0,random
1,case,method,group,Loss,Accurancy,AUC,Std Test Accurancy,Std Test AUC,Kl,JS,EMD,round_time,highResourceClientNum,select_mode
2,mnist,FedGCS,1,2.00997224698893,0.418753208235898,0.6934778501429677,0.32485918478568565,0.2871033174677568,0.24419461621051256,0.24529698546854184,0.05847896669090296,30.990000000000002,0,oort
3,mnist,FedGCS,2,1.784168161733483,0.4250270917698055,0.7703872720148758,0.36508714312635077,0.22779853613813297,0.1260713406310981,0.17998264911685802,0.040780009851702034,31.1,0,oort
4,mnist,FedGCS,3,1.4820393221268748,0.4827468202817544,0.8408885858596867,0.36164069292668766,0.19241706469298278,0.11948559612245864,0.17498421029459207,0.03940742699832859,26.14,0,oort
5,mnist,FedGCS,4,1.2659793764673068,0.5673872126846518,0.8914842106265212,0.2985035148820369,0.13595166545322376,0.08040373580189256,0.14643860948873386,0.028633685972339534,29.98,0,oort
6,mnist,FedGCS,5,1.124193104610599,0.6183767752238636,0.9159108083126255,0.2745742470608336,0.10788846782051163,0.0607756651983517,0.12453768682756758,0.028267742835125318,26.57,0,oort
7,mnist,FedGCS,6,1.0394074723140232,0.6187189870529858,0.931542506369816,0.26041972925007234,0.07213150411533018,0.04092515768969108,0.1047209945759357,0.018170519443318066,33.94,0,oort
1,case,method,group,Loss,Accurancy,AUC,Std Test Accurancy,Std Test AUC,Kl,JS,EMD,round_time,highResourceClientNum,select_mode
2,mnist,FedOORT,1,2.3385874021307242,0.14287343865852964,0.6221636595699686,0.2954534977427204,0.2924644620781805,0.2896571007966248,0.29344514742564204,0.05234964900514197,24.080000000000002,0,oort
3,mnist,FedOORT,2,2.096321288333976,0.3321736154679747,0.6990431965892481,0.31078983425723306,0.2833402219955655,0.3215671342567887,0.2977755059520186,0.055037024081872755,29.98,0,oort
4,mnist,FedOORT,3,1.806763861363393,0.395596874465294,0.7735886882783559,0.32296862004989063,0.24883042337482972,0.11359710495246127,0.17137745509337282,0.03147840176689087,30.990000000000002,0,oort
5,mnist,FedOORT,4,1.3922734976106494,0.5009981178349399,0.8892326211546936,0.28272656388773615,0.12102000244219666,0.047109956458974506,0.1087778788845302,0.025865678068029786,26.96,0,oort
6,mnist,FedOORT,5,1.1321031860985766,0.5845548394456168,0.9303612897530276,0.25966256227461054,0.07090024526647483,0.037086806920717474,0.09734513898397443,0.024746981497361854,21.409999999999997,0,oort
7,mnist,FedOORT,6,0.8931235054465315,0.7105458278674499,0.9595881355668295,0.1604185953254221,0.03380377061743465,0.036687893006672315,0.09684156898156868,0.02205258455292436,24.85,0,oort
1,case,method,group,Loss,Accurancy,AUC,Std Test Accurancy,Std Test AUC,Kl,JS,EMD,round_time,highResourceClientNum,select_mode
2,mnist,FedGCS,1,3.0541962179989968,0.12798722409171276,0.5591994794584808,0.24615731289315412,0.28780916701548803,0.7225362842576463,0.435046669875693,0.08904210258674501,29.98,0,oort
3,mnist,FedGCS,2,2.4387322551136714,0.29966349170136314,0.6390209004071659,0.3483024291348807,0.29000105076138083,0.2785035026377999,0.2675883603002697,0.055280225928343925,26.57,0,oort
4,mnist,FedGCS,3,1.9207036428323658,0.4581075685849541,0.7385558014138753,0.35484565905299514,0.29304225478333984,0.17381665232260976,0.21622268370296002,0.04351955886515558,33.94,0,oort
5,mnist,FedGCS,4,1.6525465267001038,0.49980037643301206,0.8003861498615471,0.35254542760146057,0.2771106026086624,0.1415891624197335,0.1977279716342393,0.03825958698545272,31.1,0,oort
6,mnist,FedGCS,5,1.3802261368867144,0.6036046312667541,0.8530184876683201,0.3112080463513301,0.26172577116177187,0.08717128108381463,0.15397504976588092,0.03094241292024671,26.14,0,oort
7,mnist,FedGCS,6,1.1736468997927116,0.6712485028232476,0.883326353743769,0.2834794201270548,0.2277499328919949,0.026117232865852998,0.08097739498347893,0.018464938968018933,24.89,0,oort
1,case,method,group,Loss,Accurancy,AUC,Std Test Accurancy,Std Test AUC,Kl,JS,EMD,round_time,highResourceClientNum,select_mode
2,mnist,FedGCS,1,2.8709074465950764,0.1013517367250328,0.5519897575850101,0.30366346233015795,0.2861240461325486,0.40615785120207537,0.3015528229965908,0.06411062690396024,30.97,0,oort
3,mnist,FedGCS,2,2.2854339899611413,0.24331261050590317,0.6111592857995186,0.32474378415582544,0.2580523223341342,0.303306327912474,0.2862354662353941,0.06790757839166249,31.1,0,oort
4,mnist,FedGCS,3,2.0434029669090004,0.30970170535561514,0.7042986847762988,0.3278803615936599,0.24495856223798643,0.16506433233666454,0.2070529298704902,0.05146460788469691,30.990000000000002,0,oort
5,mnist,FedGCS,4,1.8051511117385322,0.3589231734443621,0.784726539492625,0.3224106528428017,0.20960292223644306,0.1254889190142765,0.1811950945901199,0.04286590281350978,24.729999999999997,0,oort
6,mnist,FedGCS,5,1.6285097167893852,0.451947755660754,0.8226858342406419,0.3309309758158434,0.1952162456160217,0.12328307943616287,0.18008436295992902,0.04276525360338739,30.47,0,oort
7,mnist,FedGCS,6,1.3985038491402402,0.538983630867507,0.8723797270317095,0.3210508820375575,0.1627329051869441,0.045039865361039835,0.1083182532809442,0.0228403044891082,19.950000000000003,0,oort
1,case,method,group,Loss,Accurancy,AUC,Std Test Accurancy,Std Test AUC,Kl,JS,EMD,round_time,highResourceClientNum,select_mode
2,mnist,FedGCS,1,2.9033315653931133,0.20715222722865453,0.5488019969736192,0.39532062780413824,0.284819199677838,0.464675899688974,0.3579075190184652,0.07652673101673102,26.14,0,oort
3,mnist,FedGCS,2,2.3283653103488575,0.2693777448240461,0.6293267823453564,0.3349181491356982,0.2901179895596584,0.27139336354010846,0.26603555723912775,0.06184248789823259,29.98,0,oort
4,mnist,FedGCS,3,1.844028442263077,0.34717390064449893,0.7412232922289705,0.35038651872353865,0.2175572790148183,0.13129534481063954,0.191042587992768,0.03889455756422455,26.96,0,oort
5,mnist,FedGCS,4,1.4397668874245462,0.5282609935550105,0.8889122358512752,0.2575660707733597,0.09148540627583429,0.07995898540070571,0.141188689396893,0.0311195083185525,30.990000000000002,0,oort
6,mnist,FedGCS,5,1.2052962982598525,0.6581874180117493,0.9315543291950216,0.21885400574837896,0.06252546113684034,0.05250010078246556,0.11573151934518643,0.0277762005076352,24.89,0,oort
7,mnist,FedGCS,6,1.0571619127681355,0.7093480864655222,0.9473951943120178,0.18044095747369163,0.04834821883198858,0.06316156062333311,0.12666657224399547,0.026824589315610572,26.57,0,oort
1,case,method,group,Loss,Accurancy,AUC,Std Test Accurancy,Std Test AUC,Kl,JS,EMD,round_time,highResourceClientNum,select_mode
2,mnist,FedGCS,1,2.2899714067329535,0.1244510351907831,0.5703912878798748,0.28981760703184417,0.30359540435613935,0.25944302084064164,0.2694318214611557,0.053305449994994494,26.96,0,oort
3,mnist,FedGCS,2,2.2240786038738047,0.2221525124051788,0.6363950071234256,0.3661220518809549,0.29039442027642204,0.3719290519834961,0.31603940412135567,0.07396925878080289,29.98,0,oort
4,mnist,FedGCS,3,1.8897600537228552,0.4372326470084983,0.741975824633231,0.3532677940232916,0.2982795687980018,0.19869409435561075,0.22459876640445176,0.05403038634321654,22.96,0,oort
5,mnist,FedGCS,4,1.6838730778684545,0.5262077225802771,0.8024724976514481,0.3450036759247353,0.2854010069291767,0.13430825444259026,0.18880245094649478,0.04403974223307557,26.57,0,oort
6,mnist,FedGCS,5,1.5360426810693202,0.5699538014030685,0.8319151203850302,0.3251418118014876,0.2775980372262918,0.12290609594656389,0.1796602913106135,0.04243248923874528,31.1,0,oort
7,mnist,FedGCS,6,1.4740571326945593,0.5713796840244111,0.8358629446719292,0.33328459526314813,0.2716076086722021,0.14908597001355978,0.19826099827959043,0.04967198766114397,24.89,0,oort
1,case,method,group,Loss,Accurancy,AUC,Std Test Accurancy,Std Test AUC,Kl,JS,EMD,round_time,highResourceClientNum,select_mode
2,mnist,FedGCS,1,2.290876742517438,0.1668282666970855,0.5809998100960414,0.2700439980449194,0.2890386707810115,0.27956077450320366,0.2782410244267856,0.05170024291497976,24.89,0,oort
3,mnist,FedGCS,2,2.2234330869634924,0.15564934694575944,0.6264953981660731,0.29286670963889166,0.29211863170154867,0.250996029480292,0.2517769502381893,0.058344138479904495,26.96,0,oort
1,case,method,group,Loss,Accurancy,AUC,Std Test Accurancy,Std Test AUC,Kl,JS,EMD,round_time,highResourceClientNum,select_mode
2,mnist,FedGCS,1,3.6832500952084173,0.19055495351622653,0.5360393282886732,0.3434965928413365,0.24067301174776717,0.6571939257023173,0.4137490821188915,0.09078945875205997,24.85,0,oort
3,mnist,FedGCS,2,2.6454020309810833,0.24570809330975873,0.5740497325189248,0.3450913330048988,0.27998582466109806,0.350524689136143,0.31623748880941593,0.065583297914207,33.94,0,oort
4,mnist,FedGCS,3,2.2416615335217505,0.29498659670335936,0.6324376060334265,0.3451288406945707,0.30181758091830513,0.23273573236949235,0.2543419959216428,0.053707413497773214,31.1,0,oort
5,mnist,FedGCS,4,2.0038724440349953,0.3813380482518679,0.708777232552817,0.33324071742533884,0.30342119180002636,0.18583480435029473,0.22813058889982302,0.03914306950707511,26.14,0,oort
6,mnist,FedGCS,5,1.8418117225873587,0.44892488450350765,0.765996330257596,0.3374785717906801,0.29230026678202153,0.14624344104139725,0.20269603449643087,0.03588162718196512,29.98,0,oort
7,mnist,FedGCS,6,1.7160524391974719,0.4853134090001711,0.7954434349933397,0.36879572190677445,0.2821431247420053,0.11400705304263425,0.17892401404880226,0.028937122418890567,24.580000000000002,0,oort
8,mnist,FedGCS,7,1.6047253453658332,0.5146865909998289,0.8242313674293087,0.36722567653509675,0.27283528364228066,0.09037540204104982,0.15827701183488882,0.02736055946681686,30.97,0,oort
9,mnist,FedGCS,8,1.4450834121928977,0.566759824331261,0.8560985001608022,0.329189970681326,0.25366230816302293,0.06201555079577778,0.13009149132973402,0.022541352360996147,18.91,0,oort
10,mnist,FedGCS,9,1.3168938912521326,0.6222551759539154,0.8797173947445441,0.3009618906021744,0.22708959009566027,0.04942913986499978,0.1151529945340157,0.020747152992904968,26.57,0,oort
11,mnist,FedGCS,10,1.166869466220365,0.6528831346603547,0.9142496916063961,0.2945387983657865,0.1536319789577486,0.014108627919052354,0.06006970161560451,0.010620669043049084,26.7,0,oort
12,mnist,FedGCS,11,0.9586410912190214,0.724063195117778,0.9596341475408652,0.2261907365377669,0.042685191322527606,0.00012099691768452934,0.005482322464949578,0.000681993684390203,30.990000000000002,0,oort
13,mnist,FedGCS,12,0.8530267030686981,0.7766497461928934,0.9696185613081517,0.14038372597727553,0.024757108369628127,0.00214537650024424,0.022975647481915242,0.003112524104649693,30.47,0,oort
14,mnist,FedGCS,13,0.7772920373344668,0.8008327154508641,0.9737301876431299,0.11726848359380032,0.022532449293393923,0.007499224275072887,0.04263968132921725,0.006704968788267976,30.47,0,oort
15,mnist,FedGCS,14,0.7208133183943004,0.8121257058118976,0.9760113568121285,0.11076371267828224,0.022204710217449602,0.015172155456597888,0.06030212987573722,0.01020856023548531,30.47,0,oort
16,mnist,FedGCS,15,0.6790373174370342,0.8198254719671476,0.9773017340465692,0.109559114261668,0.022498681100200993,0.024471281376748776,0.07623411206806383,0.01378871788674868,30.47,0,oort
17,mnist,FedGCS,16,0.6478454638083078,0.8238749786117607,0.9780136504623189,0.10918011341234629,0.022980361814453763,0.03490633072001876,0.09071284266207803,0.01716212391588986,30.47,0,oort
18,mnist,FedGCS,17,0.624695553024507,0.8277533793418126,0.9783724275855914,0.11299858693020474,0.023540442679093318,0.0461225942385624,0.10396033854484936,0.02029949009408214,30.47,0,oort
19,mnist,FedGCS,18,0.6076684534514684,0.8285518736097645,0.9784922854000019,0.11601445793450983,0.024061196074109083,0.05785925204625303,0.11615244224745948,0.023224752835255047,30.47,0,oort
20,mnist,FedGCS,19,0.5951390418765029,0.8290081560485941,0.9784431695642236,0.11509173627143815,0.024659260500142006,0.06992224726368884,0.12743004450155906,0.025958717907934973,30.47,0,oort
21,mnist,FedGCS,20,0.5862421530072447,0.8286659442194718,0.978259392411542,0.12063713857903338,0.02527802015368128,0.08216598901913405,0.13790766808931432,0.028519556051511623,30.47,0,oort
22,mnist,FedGCS,21,0.5802180445796825,0.8288940854388867,0.9779970013629468,0.12329921515240334,0.025910811729909087,0.09448065863233557,0.14767968281774313,0.03092320732820299,30.47,0,oort
23,mnist,FedGCS,22,0.5764469094281347,0.8274111675126904,0.9776641175579577,0.12922618660139817,0.026580272788826357,0.1067831998405193,0.15682481051257144,0.03318371323353579,30.47,0,oort
24,mnist,FedGCS,23,0.5743332056509521,0.8253008612331033,0.9773070315376992,0.1315722877032898,0.027238858771553163,0.11901080209793807,0.1654094355833674,0.035313491187702856,30.47,0,oort
25,mnist,FedGCS,24,0.5736833580195363,0.8232475902583699,0.9769018988563865,0.13477281303946273,0.02783931825872051,0.13111611182128735,0.17349007788335352,0.037323562742698255,30.47,0,oort
26,mnist,FedGCS,25,0.574129085131994,0.8217646723321737,0.9764825284319543,0.13535786021633914,0.028362347294144028,0.14306366565186196,0.18111526978954648,0.03922374436143043,30.47,0,oort
27,mnist,FedGCS,26,0.5754735974233574,0.8193121542234644,0.976055008729623,0.13761612996165773,0.028907225736650388,0.15482720294595892,0.18832700256738982,0.04102280773988099,30.47,0,oort
28,mnist,FedGCS,27,0.5775993876899101,0.817258883248731,0.9756122687050773,0.14063765395507635,0.029538658844489467,0.16638762034560012,0.19516185622791102,0.04272861519797328,30.47,0,oort
29,mnist,FedGCS,28,0.5805110604575269,0.8150915416642902,0.975142422396385,0.1440329765967326,0.03013304140037733,0.1777314013771905,0.2016518931855373,0.04434823454804935,30.47,0,oort
30,mnist,FedGCS,29,0.5838115741925914,0.8125249529458735,0.9746729505084123,0.14654661671519703,0.030642729425235053,0.18884940153043245,0.20782537311173743,0.04588803698074974,30.47,0,oort
31,mnist,FedGCS,30,0.5875200325605014,0.8113842468487994,0.9742096724395555,0.1479075786000158,0.03118478514380122,0.1997359020661349,0.21370733064576075,0.04737604022764619,30.47,0,oort
32,mnist,FedGCS,31,0.5916472112485519,0.8085324816061142,0.9737283596969383,0.15271009801221874,0.031720325653089874,0.21038786881674443,0.21932004664555038,0.04884160334678975,30.47,0,oort
33,mnist,FedGCS,32,0.596145532512376,0.8063081047168197,0.9732350059999868,0.15542067061945405,0.032329295096881865,0.22080436863122424,0.22468343588303272,0.05023991313274895,30.47,0,oort
34,mnist,FedGCS,33,0.6008677508951124,0.8035704100838419,0.9727426149407822,0.15866396193164536,0.03292834445554559,0.23098610793769409,0.22981536849531836,0.051575495040740445,30.47,0,oort
35,mnist,FedGCS,34,0.6056195205784197,0.8013460331945474,0.9722635333215468,0.16004232853778047,0.03355032792152505,0.2409350665259305,0.23473193842741238,0.052852477411313915,30.47,0,oort
36,mnist,FedGCS,35,0.6105230085717638,0.7991786916101067,0.9717947352920752,0.16229171404849232,0.03415843859706139,0.2506542060171946,0.23944768909364608,0.0540746340944421,30.47,0,oort
37,mnist,FedGCS,36,0.6157180217456052,0.7972965265499344,0.9713201884990587,0.16393697409355595,0.03471202879798477,0.26014723723025024,0.24397580423832854,0.05524542169894753,30.47,0,oort
38,mnist,FedGCS,37,0.6207816508431118,0.7950721496606399,0.9708628382516101,0.16522352933918458,0.03520222860944575,0.2694184342156134,0.24832827027979343,0.05636801224165942,30.47,0,oort
39,mnist,FedGCS,38,0.6258194570541571,0.7930188786859066,0.9704213784933845,0.16703586605785128,0.035726394752315066,0.27847248542961534,0.2525160151281656,0.057445321845750595,30.47,0,oort
40,mnist,FedGCS,39,0.6308583989243016,0.7911367136257343,0.9699900761028841,0.1699428904026319,0.03627874586960477,0.28731437458051656,0.25654902747092384,0.058480036034989864,30.47,0,oort
41,mnist,FedGCS,40,0.635898850509457,0.7895967603946843,0.9695743588027024,0.1714042956968019,0.0367480672438653,0.2959492852627408,0.2604364597464308,0.05947463208585361,30.47,0,oort
42,mnist,FedGCS,41,0.6409942358502119,0.7879427365539269,0.969177082140375,0.17207972209652453,0.037147092470505676,0.30438252472049054,0.2641867174194513,0.06043139882915999,30.47,0,oort
43,mnist,FedGCS,42,0.6461741188561831,0.7862316774083158,0.9687559393954543,0.17329568335368728,0.03767647426140777,0.3126194630354241,0.2678075366942315,0.061352454234414,30.47,0,oort
44,mnist,FedGCS,43,0.6513598723535726,0.7846346888724121,0.9683489233192317,0.17392401376192765,0.03808716218703971,0.32066548477909795,0.2713060524203371,0.06223976106121776,30.47,0,oort
45,mnist,FedGCS,44,0.6566235719133957,0.782125135458849,0.9679351047152541,0.17667944894614843,0.038595601514963246,0.3285259507576524,0.27468885764196643,0.06309514082117407,30.47,0,oort
46,mnist,FedGCS,45,0.6619743478689123,0.7806992528375064,0.9675302991822958,0.17712436107592763,0.0390372266632416,0.3362061679399617,0.27796205599617785,0.06392028625929433,30.47,0,oort
47,mnist,FedGCS,46,0.6672405961621272,0.7797296526549934,0.9671389646044508,0.17839046298835484,0.039486786309633204,0.3437113660286187,0.28113130796667896,0.06471677253488406,30.47,0,oort
48,mnist,FedGCS,47,0.6723885768228562,0.7785319112530656,0.9667654502039801,0.1791052506059177,0.03986817679347558,0.3510466794266135,0.2842018718378048,0.06548606725730266,30.47,0,oort
49,mnist,FedGCS,48,0.677578435404786,0.7767638168026008,0.9663993861639044,0.18031972953375633,0.04025183440405326,0.3582171335874645,0.28717864006054117,0.06622953951112961,30.47,0,oort
50,mnist,FedGCS,49,0.6826556246383765,0.7753949694861119,0.9660352158635108,0.1810487118586376,0.040650255694601095,0.3652276349252486,0.2900661716330949,0.06694846798750465,30.47,0,oort
51,mnist,FedGCS,50,0.687641348485001,0.7737979809502081,0.9656867713893998,0.18233333803994542,0.04100654839825092,0.37208296361304777,0.2928687210080158,0.0676440483232399,30.47,0,oort
52,mnist,FedGCS,51,0.6926851198250396,0.7720298864997434,0.9653300475537467,0.1832981301724984,0.04143136048555228,0.3787877687213298,0.2955902639626296,0.06831739973631606,30.47,0,oort
53,mnist,FedGCS,52,0.6976823680465307,0.770946215707523,0.9649806818854786,0.18455561219357852,0.04181861277185434,0.3853465652474961,0.29823452080671764,0.06896957103522441,30.47,0,oort
54,mnist,FedGCS,53,0.7026290279386511,0.7700336508298636,0.9646428460502808,0.18543970033719404,0.04220309543018269,0.3917637326689592,0.30080497724869626,0.06960154607002164,30.47,0,oort
55,mnist,FedGCS,54,0.707567340266311,0.7686077682085211,0.9642969732387204,0.18595222723870009,0.04258397785173462,0.3980435147182241,0.3033049031972046,0.07021424868468652,30.47,0,oort
56,mnist,FedGCS,55,0.712534038765055,0.7671248502823248,0.9639595222010796,0.18697216485432916,0.042978271499832243,0.4041900201325286,0.3057373697375409,0.07080854722320626,30.47,0,oort
57,mnist,FedGCS,56,0.7174281188007235,0.7655848970512747,0.9636243935471,0.18749446304377174,0.043367886699113394,0.41020722417483185,0.3081052644906111,0.0713852586356164,30.47,0,oort
58,mnist,FedGCS,57,0.7223184449569586,0.7642160497347859,0.963295611477429,0.1882449181721174,0.04376729999003644,0.4160989707593082,0.310411305535017,0.07194515222482434,30.47,0,oort
59,mnist,FedGCS,58,0.72712957616382,0.7631894142474192,0.9629778189388398,0.1894432462884271,0.04412248017946542,0.42186897504433946,0.31265805404983,0.07248895307035391,30.47,0,oort
60,mnist,FedGCS,59,0.731900814490331,0.7619346375406376,0.9626597320227946,0.19203254945282347,0.044505462671542234,0.4275208263806321,0.3148479258158234,0.07301734516105123,30.47,0,oort
61,mnist,FedGCS,60,0.7366195946666497,0.7606798608338562,0.9623411747873863,0.19272448830161348,0.04490823424240205,0.4330579915223343,0.3169832016959649,0.0735309742652126,30.47,0,oort
62,mnist,FedGCS,61,0.7413391437446639,0.7594821194319283,0.9620335746203019,0.1942875902179973,0.045239753469583276,0.43848381802581543,0.3190660372013318,0.07403045056345721,30.47,0,oort
63,mnist,FedGCS,62,0.7460871231577109,0.7584554839445616,0.9617247916753363,0.19512173124907495,0.04558586244491181,0.44380153777457615,0.3210984712359806,0.07451635106691487,30.47,0,oort
64,mnist,FedGCS,63,0.7507318309299355,0.7573147778474876,0.9614297955616596,0.19525843099410747,0.045870288934323024,0.44901427058023946,0.3230824341033537,0.07498922184087824,30.47,0,oort
65,mnist,FedGCS,64,0.7552477690812947,0.7566873894940969,0.9611423663257936,0.19705394599943676,0.04618943972825271,0.4541250278190364,0.3250197548472985,0.07544958005193568,30.47,0,oort
66,mnist,FedGCS,65,0.7597299927289985,0.755318542177608,0.9608630781512524,0.19865728426821327,0.04651222704585801,0.4591367160710402,0.32691216799249906,0.0758979158547196,30.47,0,oort
67,mnist,FedGCS,66,0.7642930989425889,0.7548052244339246,0.9605711439237924,0.1990131435979894,0.04684008879936397,0.4640521407359257,0.3287613197418972,0.07633469413274073,30.47,0,oort
68,mnist,FedGCS,67,0.7688321007955037,0.7536645183368506,0.9602812421097177,0.1999967916449968,0.04717120867362331,0.4688740096043832,0.33056877368236076,0.07676035610630633,30.47,0,oort
69,mnist,FedGCS,68,0.7732244860564441,0.752980094678606,0.9600013259127937,0.2007688922992452,0.04753995269744909,0.4736049363687931,0.3323360160443216,0.077175320819213,30.47,0,oort
70,mnist,FedGCS,69,0.7776817561785134,0.7517253179718245,0.9597232166243694,0.20194856771837563,0.04785631622593779,0.47824744406042485,0.33406446055623806,0.07757998651474494,30.47,0,oort
71,mnist,FedGCS,70,0.7820621330341863,0.7506986824844579,0.959451873939118,0.20233241219478618,0.04816894862857162,0.48280396840349654,0.3357554529304518,0.077974731910475,30.47,0,oort
72,mnist,FedGCS,71,0.7863786475736229,0.7497861176067986,0.9591817672486564,0.20395583483841656,0.04849849434238048,0.4872768610788997,0.33741027501323634,0.0783599173804467,30.47,0,oort
73,mnist,FedGCS,72,0.7906728367383282,0.7486454115097245,0.9589173768115176,0.20501490660848334,0.04881426698237607,0.4916683928924967,0.3390301486284868,0.07873588605249358,30.47,0,oort
74,mnist,FedGCS,73,0.7948909765536888,0.7480750584611875,0.9586575800285189,0.20523125738988404,0.049125852298334806,0.49598075684455606,0.3406162391415516,0.07910296482771939,30.47,0,oort
75,mnist,FedGCS,74,0.7991236422671232,0.7475617407175041,0.9584003430718114,0.20579513766147708,0.0494162539407311,0.5002160710983086,0.3421696587670771,0.07946146532850532,30.47,0,oort
76,mnist,FedGCS,75,0.8032972571346647,0.7468773170592596,0.9581457566280549,0.20646184253167907,0.04969844810036159,0.5043763818467002,0.343691469642409,0.07981168478082276,30.47,0,oort
77,mnist,FedGCS,76,0.8073596397174483,0.7460788227913078,0.9579043058193106,0.2071747995133884,0.049981726444917475,0.5084636660773599,0.3451826866860175,0.08015390683610256,30.47,0,oort
78,mnist,FedGCS,77,0.8114621604908491,0.7454514344379171,0.9576577005568435,0.20726521905813067,0.05029392042817851,0.5124798342365153,0.34664428025856314,0.08048840233743626,30.47,0,oort
79,mnist,FedGCS,78,0.8155809525976071,0.7445388695602578,0.9574131003813479,0.20834452659692668,0.050587786961532884,0.5164267327931887,0.3480771786425677,0.08081543003446012,30.47,0,oort
80,mnist,FedGCS,79,0.8195781187995608,0.7436833399874523,0.9571729453641145,0.20897467355446248,0.05088850750585651,0.5203061467054471,0.349482270355176,0.08113523725088682,30.47,0,oort
81,mnist,FedGCS,80,0.8236247786240114,0.7431700222437689,0.9569365173301124,0.2093441404338393,0.05111367873583372,0.524119801790867,0.35086040630717125,0.08144806050830462,30.47,0,oort
82,mnist,FedGCS,81,0.8275669000567785,0.7420293161466948,0.9567057616584742,0.21093953762620476,0.051313049872907954,0.5278693670036149,0.35221240182021707,0.08175412610955031,30.47,0,oort
83,mnist,FedGCS,82,0.831606569256636,0.7412878571835967,0.9564684912903237,0.211402611374595,0.051606964759430184,0.5315564566207782,0.3535390385132325,0.0820536506846796,30.47,0,oort
84,mnist,FedGCS,83,0.8354989415988371,0.7406604688302059,0.9562424069515143,0.21201632085464678,0.05184747574143217,0.5351826323406984,0.35484106606784666,0.08234684170230355,30.47,0,oort
85,mnist,FedGCS,84,0.8394122938644685,0.7399760451719615,0.9560163663840997,0.21225485553539133,0.05207559100130988,0.5387494052961751,0.3561192038820121,0.082633897948827,30.47,0,oort
86,mnist,FedGCS,85,0.8432391209874901,0.7390064449894485,0.9557973074739892,0.2121834133828731,0.05231760067379621,0.5422582379854475,0.3573741426200787,0.08291500997791555,30.47,0,oort
87,mnist,FedGCS,86,0.8470409563619965,0.7380938801117892,0.9555776690419627,0.2130622423631632,0.052580326477183865,0.545710546123899,0.35860654566692085,0.08319036053232658,30.47,0,oort
88,mnist,FedGCS,87,0.8508141136015126,0.7374664917583984,0.9553619695744031,0.21450634071258579,0.05284290877275892,0.5491077004194165,0.3598170504930774,0.08346012494006694,30.47,0,oort
89,mnist,FedGCS,88,0.8545373513259364,0.7366679974904465,0.9551472802578415,0.21630767755843106,0.053107471578535896,0.5524510282743258,0.3610062699372814,0.08372447148668145,30.47,0,oort
90,mnist,FedGCS,89,0.8582896935122015,0.7360406091370558,0.9549346950498219,0.21676377626834908,0.05333811525067532,0.555741815416762,0.3621747934122377,0.08398356176533389,30.47,0,oort
91,mnist,FedGCS,90,0.8620171866405831,0.7352991501739576,0.9547246698772632,0.21784842698682524,0.05359506195990576,0.5589813074643067,0.36332318803902786,0.08423755100621023,30.47,0,oort
92,mnist,FedGCS,91,0.8656999446698339,0.7346147265157132,0.9545162846835912,0.21950593680666972,0.05384964144608051,0.5621707114226445,0.3644519997150928,0.08448658838665576,30.47,0,oort
93,mnist,FedGCS,92,0.8693952319555861,0.7338162322477614,0.954301721471274,0.21880698465238277,0.05411417031457882,0.5653111971219135,0.3655617541203458,0.08473081732334743,30.47,0,oort
94,mnist,FedGCS,93,0.8729689888770463,0.7333599498089317,0.9541042844868831,0.21921220525038024,0.05432907912866294,0.5684038985933665,0.3666529576656202,0.08497037574770422,30.47,0,oort
95,mnist,FedGCS,94,0.8765505384876225,0.732333314321565,0.9539012290813973,0.21978825641932997,0.054573426507585066,0.5714499153888593,0.36772609838731724,0.08520539636564675,30.47,0,oort
96,mnist,FedGCS,95,0.8800604260722641,0.7321051731021503,0.953703586841471,0.2201943280885776,0.05477523222341639,0.5744503138456056,0.36878164679183295,0.08543600690273395,30.47,0,oort
97,mnist,FedGCS,96,0.8835511342974675,0.7314777847487595,0.9535094589311351,0.22003199488964229,0.05500341455378028,0.5774061282985531,0.36982005665306567,0.08566233033562834,30.47,0,oort
98,mnist,FedGCS,97,0.8869918711147815,0.7310785376147836,0.9533263100283988,0.2201561016124203,0.05519795432714181,0.5803183622426445,0.37084176576605654,0.08588448511077111,30.47,0,oort
99,mnist,FedGCS,98,0.8904963376991226,0.7303941139565391,0.9531312410196571,0.22053968947392133,0.05542229969945568,0.5831879894471428,0.3718471966595922,0.08610258535108424,30.47,0,oort
100,mnist,FedGCS,99,0.8939794729002126,0.7297096902982947,0.9529412988492564,0.2216156886418054,0.05562844629170698,0.5860159550241147,0.37283675727038484,0.08631674105145737,30.47,0,oort
101,mnist,FedGCS,100,0.8973000975071427,0.729253407859465,0.952759670964277,0.22197868691675204,0.055819310548895315,0.5888031764530762,0.37381084158125727,0.08652705826372303,30.47,0,oort
102,mnist,FedGCS,101,0.9006492323734585,0.728683054810928,0.9525737430725368,0.22291189195127065,0.05604053210133239,0.5915505445637336,0.37476983022558574,0.0867336392717739,30.47,0,oort
