1,case,method,group,Loss,Accurancy,AUC,Std Test Accurancy,Std Test AUC,Kl,JS,EMD,round_time,highResourceClientNum,select_mode
2,mnist,FedVOI,1,2.416838137070841,0.1245651058004905,0.553577256373973,0.20425537091290633,0.21903132763173674,0.24467445376311636,0.2609441985691874,0.05014548518192837,64.84,0,random
3,mnist,FedVOI,2,2.277500866974322,0.18553584668910056,0.6234659741962494,0.30389793546252625,0.22489833273510465,0.15677202226452058,0.19329292708292184,0.03580130374479889,66.07000000000001,0,random
4,mnist,FedVOI,3,1.8260799737883446,0.3890948497119717,0.7686632156696523,0.30712785450193836,0.244456412952174,0.08724639865221079,0.14850606773343208,0.029949423464588096,58.3,0,random
5,mnist,FedVOI,4,1.5119241090132898,0.5315690412365254,0.8452413817157403,0.3279896100754989,0.19401845505024098,0.06132087322616275,0.12783680695891428,0.022635602858446104,70.38,0,random
6,mnist,FedVOI,5,1.3867642090019074,0.5403524781839959,0.8603415051487344,0.3278450206411892,0.1751367527125882,0.0871013180145165,0.15057364403273257,0.0285780495376059,57.0,0,random
7,mnist,FedVOI,6,1.3042255704484365,0.5359037244054069,0.8734690640300443,0.3284392933790998,0.15637465446525045,0.08684106683114728,0.147715910642756,0.03086044521028958,50.43,0,random
8,mnist,FedVOI,7,1.1853209928727566,0.5884902754805225,0.8924461635964488,0.32131982909298745,0.14018539306886257,0.07451899373719251,0.13890939312857328,0.025360371214875034,54.96,0,random
9,mnist,FedVOI,8,1.0566440487340896,0.6277876005247248,0.9127252230607816,0.30950480469339,0.12037232484554228,0.04302219196111593,0.10379519589119929,0.01887602664406914,65.28,0,random
10,mnist,FedVOI,9,0.964159789393477,0.6561911823418696,0.9302982793967433,0.29018852720922966,0.0931764637035014,0.04169872602127813,0.10261333360762742,0.01954136076522159,66.16,0,random
11,mnist,FedVOI,10,0.9110876196072097,0.6717618205669309,0.9387576896099716,0.2725848545798086,0.07827062353478112,0.05066173158187052,0.11184162531999488,0.021639699661217853,57.0,0,random
12,mnist,FedVOI,11,0.8684953266614985,0.6917241772657274,0.9430899505733682,0.2694136588362291,0.07388129432543358,0.050069193360319675,0.11211055263766576,0.022317318467106877,54.96,0,random
13,mnist,FedVOI,12,0.816399271967223,0.717275993840187,0.9511835001137651,0.23416909377983586,0.06263348356638343,0.047664677706274014,0.10969680638302122,0.02246397382015016,47.589999999999996,0,random
14,mnist,FedVOI,13,0.8006894261760498,0.7220669594478982,0.9532946428858443,0.2212637715278819,0.05887763105794704,0.056756503388713804,0.11938142367880729,0.024076597420165227,70.38,0,random
15,mnist,FedVOI,14,0.7412482090122787,0.7497861176067986,0.9612004289382726,0.19576208637959058,0.050769247076852465,0.05126570956414222,0.11345639727730489,0.022677443127024986,69.0,0,random
16,mnist,FedVOI,15,0.7048652145773533,0.7633034848571265,0.9649894194268086,0.18374282284596194,0.04699199958339321,0.051095271771540704,0.11302089873770038,0.022595534065370893,70.38,0,random
17,mnist,FedVOI,16,0.6929045271573793,0.7644441909542007,0.9650602499567408,0.1831739785441235,0.047899478438501536,0.05080155781348434,0.11323766686177754,0.020398947667434605,66.07000000000001,0,random
18,mnist,FedVOI,17,0.6564441312299628,0.7813266411908971,0.9687702848061799,0.16921918902714594,0.04296768140255091,0.03929819465701152,0.09937069246796948,0.016646673623697848,70.36,0,random
19,mnist,FedVOI,18,0.6251268801219494,0.7928477727713454,0.9720002880081583,0.1596288961369,0.03819216347281084,0.034108672581082876,0.0926255143350371,0.014561020175253632,70.38,0,random
20,mnist,FedVOI,19,0.6004230423080351,0.8032281982547197,0.9743820407029771,0.1492783129701436,0.03430275352656372,0.03275967081711244,0.09059746843771924,0.014632895813534103,65.12,0,random
21,mnist,FedVOI,20,0.5830138834538998,0.8110990703245309,0.9755391167716106,0.14600466266915016,0.03355237955323965,0.030991978210722984,0.08849674548142404,0.013125046731583287,70.36,0,random
22,mnist,FedVOI,21,0.57180226313401,0.8161752124565106,0.9759863321551845,0.14644048896710338,0.03393367102145163,0.03149330571570018,0.08994746111889847,0.014559941204262692,68.37,0,random
23,mnist,FedVOI,22,0.5576636604839628,0.8210232133690755,0.9771160704033091,0.13973620285268906,0.03240857302660968,0.030068348231672017,0.08795503605396042,0.01396256786940952,68.37,0,random
24,mnist,FedVOI,23,0.5440437622226073,0.8258712142816403,0.9782425904361878,0.13194569718249713,0.03046873736755261,0.03220101541604131,0.09108019059922626,0.014682002049243956,70.38,0,random
25,mnist,FedVOI,24,0.5198175723805117,0.8368219928135516,0.9805638750513093,0.11545021807152245,0.02569260876792948,0.024543417699297385,0.07849884939766123,0.011957216526033975,70.38,0,random
26,mnist,FedVOI,25,0.4996408609377774,0.8426966292134831,0.9825171132397804,0.1054469773494485,0.021305328565196173,0.02076695458238547,0.07171001753134663,0.009448858709788104,70.38,0,random
27,mnist,FedVOI,26,0.47759537133537455,0.8503963953687332,0.9841235228823376,0.09858936252317786,0.0189013408305107,0.014738318653693372,0.06015009611622201,0.0070390227431820565,65.28,0,random
28,mnist,FedVOI,27,0.4639173579100048,0.8534763018308333,0.9850469835121182,0.09533803395491755,0.017513520390578602,0.01413023179763273,0.05854058814971609,0.006681861552339835,66.16,0,random
29,mnist,FedVOI,28,0.46211307617113484,0.8526207722580277,0.9850202288088371,0.09830237959432997,0.017390858204393123,0.015526541644545205,0.06169472135353296,0.007961362929951673,65.12,0,random
30,mnist,FedVOI,29,0.4615555813098535,0.8520504192094907,0.9849539151301746,0.10057762688322931,0.017492380438228174,0.01792253759473586,0.06623319540532602,0.009162861340349144,70.38,0,random
31,mnist,FedVOI,30,0.45585612204362647,0.8533051959162722,0.9852376196813751,0.10023646597907732,0.0171132572822452,0.016087061582594594,0.06283419918326051,0.008141715243364503,65.87,0,random
32,mnist,FedVOI,31,0.4460892339048125,0.8570695260366167,0.9859350701785613,0.09657267187816865,0.015597474890928997,0.014332259074915362,0.05939440582943047,0.008143265346077741,70.36,0,random
33,mnist,FedVOI,32,0.45161160599205136,0.8539325842696629,0.9853701778975335,0.09829252524510476,0.01658428470908807,0.015192883383467611,0.06152001381052722,0.008300685025731384,70.36,0,random
34,mnist,FedVOI,33,0.4485663127293873,0.8551873609764444,0.9854833459336333,0.09791944546111957,0.016399330318121626,0.014021177328670083,0.059120791506266895,0.007763666428553778,70.36,0,random
35,mnist,FedVOI,34,0.4463231184474611,0.8551303256715908,0.9855633685436894,0.10016328545190956,0.0162227429660178,0.014962172044751837,0.060934184011212075,0.00840321130181012,55.47,0,random
36,mnist,FedVOI,35,0.4415960001285259,0.8562710317686648,0.9857711054036912,0.0998195526902525,0.01600010921488598,0.014825573390931294,0.06073331521711751,0.008371623494902187,64.37,0,random
37,mnist,FedVOI,36,0.4424493808001373,0.8550162550618833,0.9856184717388582,0.10029925279613339,0.01634391049523677,0.01640051455460752,0.06384404121314283,0.009002206545837924,79.64,0,random
38,mnist,FedVOI,37,0.43601283873480534,0.8568413848172018,0.9860340589906905,0.0997327316684437,0.01562890860976331,0.01530532921036691,0.06172710553455674,0.008812952307173182,59.260000000000005,0,random
39,mnist,FedVOI,38,0.4317326021820916,0.8584383733531056,0.9862774845189662,0.09853609550744488,0.015112518623036766,0.015120154836151489,0.061283459663149124,0.008700833996467702,65.28,0,random
40,mnist,FedVOI,39,0.4279504372240381,0.8602064678035705,0.9864318762410412,0.09738228122489827,0.015042373094423297,0.013875075621090416,0.05887559734549049,0.008102278484717661,79.64,0,random
41,mnist,FedVOI,40,0.42630805865836635,0.8604346090229852,0.9865393003639423,0.09110124984182794,0.014692467630303886,0.01380837970221312,0.05884599465827106,0.008296516933299733,70.36,0,random
42,mnist,FedVOI,41,0.4229657504602307,0.8610049620715222,0.9866881916951882,0.09025148555938149,0.014510275365725765,0.01458209327744213,0.06059405026695066,0.008973277572008564,79.64,0,random
43,mnist,FedVOI,42,0.41795932724242635,0.862601950607426,0.9869674310396109,0.09068816339011097,0.01408977707232169,0.014562058659224358,0.06042927657719378,0.008791422900554378,55.47,0,random
44,mnist,FedVOI,43,0.4192562091059381,0.8607768208521075,0.9868337588774151,0.0908741128738902,0.014174671454770789,0.015502619012836987,0.06254111156579939,0.009968176312584464,59.260000000000005,0,random
45,mnist,FedVOI,44,0.42011513945326134,0.8611760679860834,0.9867177356310175,0.09041754464184294,0.014518347210474585,0.01615763887374338,0.0641599302375139,0.009849161548214077,70.38,0,random
46,mnist,FedVOI,45,0.41914788669463504,0.8608908914618149,0.9867002524391599,0.09128958415840922,0.014719437373515975,0.015041108860520097,0.06179166693890255,0.00925205275812497,66.16,0,random
47,mnist,FedVOI,46,0.41766057807708745,0.862601950607426,0.9867129950174437,0.08929078791439284,0.014919026556217858,0.014609473887431515,0.06100724927669686,0.008809744465046601,65.87,0,random
48,mnist,FedVOI,47,0.4178007927422439,0.8628300918268408,0.9866347946731148,0.08965670630520348,0.015126233356021014,0.014385837453349412,0.06054192885805971,0.008750338177362857,64.84,0,random
49,mnist,FedVOI,48,0.4151506692439538,0.8631152683511093,0.9868138035891472,0.08878804936004976,0.014699501444927382,0.014091608145580008,0.059861531005526526,0.008622175864205328,58.3,0,random
50,mnist,FedVOI,49,0.4148112388293403,0.8630582330462556,0.9868625134946803,0.08650521870052881,0.014475825751319166,0.014441781061364173,0.06071523868917917,0.008796062533667725,56.2,0,random
51,mnist,FedVOI,50,0.41051593769655903,0.864541150972452,0.987159725526139,0.08466114782411105,0.013840692064790239,0.01407472493297455,0.05989281673999241,0.008571162187660792,66.07000000000001,0,random
52,mnist,FedVOI,51,0.4061163428531825,0.8660240688986482,0.9874236212113132,0.08256226128505503,0.013414997118598533,0.013949565272175744,0.05971857699581,0.008887921036000215,65.03,0,random
53,mnist,FedVOI,52,0.4007988359670635,0.867050704386015,0.9877382545011786,0.08201881201602963,0.013070944736834728,0.012965627607413367,0.05762519810870547,0.008493782805237,69.0,0,random
54,mnist,FedVOI,53,0.3959644212373383,0.8688187988364798,0.9879624751775039,0.08167807286791584,0.012822338742960307,0.011112397764358784,0.05316219026429026,0.007506446300487272,65.28,0,random
55,mnist,FedVOI,54,0.39336503371398845,0.8692180459704557,0.9880811639283545,0.08168341798667435,0.012710790089311537,0.010682368013570899,0.05210753667078793,0.007127727399557249,66.16,0,random
56,mnist,FedVOI,55,0.3925038935018607,0.8697883990189927,0.9881086305782752,0.08009047652698652,0.012722321694156049,0.011569425412526561,0.05426006555337515,0.007284671121575865,54.49,0,random
57,mnist,FedVOI,56,0.39008193332673324,0.8705298579820909,0.9881962056308995,0.08003720819440271,0.012697305417885694,0.011182894208080402,0.053348678317292446,0.007047109580389319,66.16,0,random
58,mnist,FedVOI,57,0.3874842079026659,0.8705298579820909,0.9882936300270523,0.08043973000547197,0.012610359695235922,0.010507726284647498,0.051595528670938376,0.006237680536908956,54.96,0,random
59,mnist,FedVOI,58,0.3852815955736203,0.8706439285917983,0.9884247491908161,0.0805437321102889,0.012256908545633424,0.01030822623509897,0.050974145591023624,0.006123645292997982,66.07000000000001,0,random
60,mnist,FedVOI,59,0.3816338945198497,0.8717275993840187,0.9886336356062353,0.08026985779786959,0.012033661505963545,0.010493703714338299,0.05147371460003698,0.006335843412568203,56.95,0,random
61,mnist,FedVOI,60,0.37663928507166844,0.8734386585296299,0.9889591690876243,0.07823474009214872,0.011413836391303197,0.009388267904197906,0.04858149557731545,0.0058125615917079,65.12,0,random
62,mnist,FedVOI,61,0.3722919110382825,0.8744652940169966,0.9892457409074771,0.07716321415819145,0.010866019188093011,0.008626783228595484,0.04659349770557825,0.005715643774938855,58.6,0,random
63,mnist,FedVOI,62,0.36833149857161024,0.8753208235898021,0.9894620596673532,0.07917658885969182,0.010563489934374663,0.007249797101051193,0.04259620225568463,0.004918198283386678,65.03,0,random
64,mnist,FedVOI,63,0.3650393950821454,0.8764615296868762,0.9896256274077,0.0766113178405465,0.010426192634477588,0.0070865367778251845,0.042130684310285105,0.004632111804861434,44.25000000000001,0,random
65,mnist,FedVOI,64,0.36210411550015864,0.8776592710888039,0.9897796732708922,0.07686798332637018,0.010308315582810326,0.006895042778668276,0.04157882413310862,0.0044368740955137475,44.25000000000001,0,random
66,mnist,FedVOI,65,0.3599186203813095,0.8784007300519021,0.9898611060329054,0.0769187377944158,0.01024027966642707,0.006332236212535635,0.03983784460993492,0.004640779231998622,65.12,0,random
67,mnist,FedVOI,66,0.35955255813997633,0.8792562596247077,0.9898103054594994,0.07720247400005074,0.010470233828364105,0.00628116643145757,0.03973316718648171,0.0053889689783807974,66.16,0,random
68,mnist,FedVOI,67,0.35870677926154054,0.8798266126732447,0.9898090561625388,0.0794084388846478,0.010538581288057961,0.0062406459316454894,0.03960591368841918,0.0056087955840319215,66.16,0,random
69,mnist,FedVOI,68,0.3574442639494323,0.8798266126732447,0.9898549971075061,0.07876505797666417,0.010490622903590669,0.00630459206978181,0.039872828059413105,0.005935542949356566,64.84,0,random
70,mnist,FedVOI,69,0.3593456382630259,0.8784007300519021,0.9897291283252505,0.08005741089024225,0.010701322039759606,0.007532704095296671,0.043593568986996525,0.006396688773542814,59.260000000000005,0,random
71,mnist,FedVOI,70,0.35646527942470746,0.8794844008441225,0.9898860651475196,0.07824588161316208,0.01041309161464768,0.0062432541784906825,0.03967095073216055,0.006168379910849114,55.47,0,random
72,mnist,FedVOI,71,0.35335469379925655,0.8807962128557577,0.9900494877589843,0.07566790137132898,0.010230800131245969,0.0056183453938355235,0.03763030996884999,0.005834868730013354,64.84,0,random
73,mnist,FedVOI,72,0.3510226765528233,0.8817087777334169,0.9901672390212323,0.07533613872225339,0.01010890124314685,0.005462867207079214,0.03713603533272497,0.005426944571669867,44.25000000000001,0,random
74,mnist,FedVOI,73,0.34932088349785706,0.8822791307819541,0.9902507587401184,0.07445705886712377,0.010003786293123486,0.005437841088143603,0.03701094354907031,0.005263758061504512,68.37,0,random
75,mnist,FedVOI,74,0.3476307959741007,0.8828494838304911,0.9903251642906489,0.07383916775944713,0.009966609861911911,0.005759929545374409,0.03808747968981879,0.005573367599883748,54.96,0,random
76,mnist,FedVOI,75,0.3484414636937219,0.8822791307819541,0.9902515146298511,0.07414989663222252,0.010057139921724212,0.006473573346561578,0.04046085066808736,0.006338613444036061,65.12,0,random
77,mnist,FedVOI,76,0.34857949808282296,0.8823932013916614,0.9902118958203903,0.07555181191349744,0.010207280060941366,0.006667009605830472,0.04115360900048732,0.006736465043421057,65.28,0,random
78,mnist,FedVOI,77,0.34806828470370743,0.8827354132207836,0.9902201186636783,0.07546392009843624,0.010229958665785214,0.006930868899019429,0.04196012314667405,0.0067758804178504415,47.589999999999996,0,random
79,mnist,FedVOI,78,0.3468588085006815,0.8833628015741745,0.9902754503995104,0.07538611122894895,0.01015351534221653,0.0072114282985176695,0.042803217940429995,0.006614377950046298,65.87,0,random
80,mnist,FedVOI,79,0.34418234811888265,0.8837050134032967,0.9904310940210833,0.07306715930435606,0.009857578408954707,0.006248360443319874,0.039699279885502,0.005933617625539276,64.37,0,random
81,mnist,FedVOI,80,0.3436885409457389,0.8833628015741745,0.9904600253697887,0.0749357227247996,0.009746943481114679,0.006811921880408874,0.04137957865645766,0.00576403830242151,58.6,0,random
82,mnist,FedVOI,81,0.3422420000877893,0.8834768721838818,0.9905276776576093,0.07437257571853367,0.009676686553079709,0.006975176475251288,0.041948122847021124,0.005903035362747384,79.64,0,random
83,mnist,FedVOI,82,0.3414901192896061,0.8846746135858096,0.9905503922623173,0.07388282114812116,0.009692328516518248,0.007373325598128401,0.04317176549025383,0.006227856358399471,57.0,0,random
84,mnist,FedVOI,83,0.34039562304707605,0.8854160725489078,0.9905937942441023,0.0740758279856912,0.009680145245599152,0.007523006360077544,0.043626527922119455,0.006438322968865312,65.87,0,random
85,mnist,FedVOI,84,0.337699499869823,0.8861575315120059,0.990732204037694,0.07324513519927274,0.009524672690093461,0.007178671006522614,0.0426544370900519,0.006251186777912928,70.36,0,random
86,mnist,FedVOI,85,0.33595398807784854,0.8865567786459818,0.990813419437736,0.07159519348828408,0.009455151018336062,0.00742328112873934,0.043404260490815916,0.006483163604561228,65.12,0,random
87,mnist,FedVOI,86,0.334288067123757,0.887127131694519,0.9908707710784369,0.07182007892535779,0.009458222284278102,0.007122011564071583,0.04255037090004362,0.0067041428997911216,69.0,0,random
88,mnist,FedVOI,87,0.3327769318131208,0.8874693435236412,0.9909376679973598,0.07163331011034929,0.009442812852143483,0.00752824008292092,0.043723541831245355,0.006441284959915286,65.12,0,random
89,mnist,FedVOI,88,0.33136360907708756,0.8880967318770319,0.9909922156358689,0.07151737775632881,0.009351489434031343,0.007368809507699683,0.04323500474300467,0.006425987026750051,65.28,0,random
90,mnist,FedVOI,89,0.3303558911131922,0.8879256259624708,0.9910066689572138,0.07339454346538438,0.00936069949725264,0.0077335801760986325,0.044248156239647805,0.006781844645385005,66.16,0,random
91,mnist,FedVOI,90,0.3291213524962724,0.8885530143158615,0.99105226276937,0.07351553139929318,0.009327884789257022,0.008075599065868574,0.045209474973338035,0.006613010812231532,59.260000000000005,0,random
92,mnist,FedVOI,91,0.32890007830253704,0.8885530143158615,0.9910362713168248,0.07386313917831205,0.009312028482290569,0.008161625737771688,0.04548186640098555,0.006924618674730165,46.199999999999996,0,random
93,mnist,FedVOI,92,0.32782713772487404,0.8887811555352764,0.9910753810062898,0.07340579395268688,0.00927413020685196,0.00805731753310435,0.045248151454067624,0.006743110514643892,66.07000000000001,0,random
94,mnist,FedVOI,93,0.32719122605416884,0.8886100496207152,0.9910863890819183,0.07374804999941942,0.009318110467070075,0.008168860045492962,0.04561493273307058,0.007194248412738719,56.95,0,random
95,mnist,FedVOI,94,0.32628080001172566,0.8889522614498374,0.9911078258094446,0.07461670838017267,0.009371169975896567,0.008513622973833969,0.046567633589789714,0.007331848561873843,69.0,0,random
96,mnist,FedVOI,95,0.3254789572990003,0.8890092967546912,0.9911278975389336,0.07436845671811082,0.00935819599030956,0.008535569918156663,0.04667355236631613,0.0072791736132397835,70.36,0,random
97,mnist,FedVOI,96,0.323599958897574,0.8894655791935208,0.9912202665097861,0.07415778467565881,0.009192485819356267,0.00852650839546227,0.046649029096525726,0.007205795464641248,65.12,0,random
98,mnist,FedVOI,97,0.3222482295913203,0.8895796498032282,0.9912802808655258,0.07404901451320954,0.009087169607370806,0.008753681797721109,0.04723501896248046,0.007314221261413533,47.589999999999996,0,random
99,mnist,FedVOI,98,0.3219722695463022,0.8898648263274967,0.9912897075215484,0.07387725180761867,0.009082565943037852,0.009072431881757246,0.048093010562218104,0.007401632172877624,56.95,0,random
100,mnist,FedVOI,99,0.3212415426493903,0.8894085438886671,0.9913344652170408,0.07477097219418077,0.009001488131728163,0.008668802053683316,0.04697711620201749,0.007378384814826671,66.07000000000001,0,random
101,mnist,FedVOI,100,0.32019532016852276,0.8899218616323504,0.9913773018620672,0.07446642619954674,0.009009400388428295,0.008506207516901381,0.0466121599376816,0.007645038829998186,69.0,0,random
102,mnist,FedVOI,101,0.31835848115790905,0.8908344265100097,0.9914755441972208,0.0712239504579523,0.008839259249924701,0.008045926610323375,0.045325808139938466,0.007385381249794128,64.84,0,random
103,mnist,FedVOI,102,0.3165206591607804,0.8918610619973764,0.9915700680943675,0.07107250584733267,0.008753923832745416,0.008154833555496266,0.04560639312923633,0.0072888301372166986,58.6,0,random
104,mnist,FedVOI,103,0.3147113583630131,0.8930588033993042,0.9916583045173467,0.06967386974842986,0.008668587509148815,0.007692700442990077,0.04429995110478285,0.007109742035333393,69.0,0,random
105,mnist,FedVOI,104,0.3136754231237247,0.8932869446187189,0.9916980129009569,0.06988210573294135,0.008616149836765702,0.008157693673196948,0.04558569592854681,0.007293680032740407,66.07000000000001,0,random
106,mnist,FedVOI,105,0.31190477726765503,0.8937432270575486,0.9917718458643786,0.07007926634804305,0.008531531655280193,0.007766677027196677,0.0445089268200495,0.0073882874763417615,79.64,0,random
107,mnist,FedVOI,106,0.31058616116800225,0.8944846860206468,0.9918247167422936,0.07007041551304936,0.008486948419734899,0.007991265335728838,0.045114906017396754,0.007445352342824463,58.6,0,random
108,mnist,FedVOI,107,0.3088662515006473,0.894826897849769,0.9919102623387069,0.06936676373600302,0.008367604533152885,0.0072784251775012306,0.042987516642529935,0.006908202632170554,59.96000000000001,0,random
109,mnist,FedVOI,108,0.3084762837444515,0.8948839331546227,0.9919094868327551,0.07035689752361769,0.008381222888044182,0.007473998346945208,0.04360191132082063,0.007320138317316354,65.12,0,random
110,mnist,FedVOI,109,0.3085226666839442,0.8945987566303542,0.9918831266427985,0.06979256530279813,0.008460416002764657,0.008199706508104162,0.04567438301168986,0.007611231426504534,41.57,0,random
111,mnist,FedVOI,110,0.3077259218219317,0.8947128272400616,0.9918994545230126,0.06995204573930038,0.008454030825330873,0.007944728676535727,0.044965298786733464,0.0077438668985667335,46.199999999999996,0,random
112,mnist,FedVOI,111,0.30753846502585136,0.8949409684594765,0.9918910473680113,0.07091077863199893,0.008448525435716888,0.008557321326803187,0.04664950586741284,0.00794501793439334,59.260000000000005,0,random
113,mnist,FedVOI,112,0.30707659250865826,0.8952831802885987,0.9918882317584351,0.07080656117978534,0.008471443821887682,0.008609284759112481,0.04686974697806149,0.008469926681542879,69.0,0,random
114,mnist,FedVOI,113,0.3065946573403889,0.894826897849769,0.9918920205046976,0.07117630597527738,0.008481550015139477,0.008992741007171458,0.047892580388410634,0.009032810203886894,54.96,0,random
115,mnist,FedVOI,114,0.30642410119381297,0.8945417213255005,0.991882327997475,0.07129807009647372,0.008528732570995378,0.009048627152167102,0.048103132459988936,0.0091760034814676,65.12,0,random
116,mnist,FedVOI,115,0.3064697316467152,0.8943706154109393,0.9918578148511227,0.07182506339442696,0.008575371260446876,0.009511166415544338,0.04929479277424827,0.009514762539146866,66.07000000000001,0,random
117,mnist,FedVOI,116,0.30603335579164503,0.8940854388866708,0.9918643054908061,0.07239083910056505,0.008606448377278628,0.009734080417823043,0.04986620552196373,0.00972651231556226,79.64,0,random
118,mnist,FedVOI,117,0.3044521215940706,0.894826897849769,0.9919431112771613,0.07184123858322101,0.008478033909392809,0.009090264282893307,0.048148964074421305,0.009387915036867258,70.38,0,random
119,mnist,FedVOI,118,0.30274477290400476,0.8955683568128672,0.9920367922631049,0.07110197228388682,0.008366375493930149,0.008640920238404532,0.04696322382677844,0.008875664163177652,65.12,0,random
120,mnist,FedVOI,119,0.3015510225362487,0.8963098157759654,0.9920958943220268,0.07016996084229134,0.008283426147621684,0.008607777810021379,0.04686925001499992,0.008684129127309915,70.38,0,random
121,mnist,FedVOI,120,0.30050421415580997,0.8968801688245024,0.9921415107858292,0.07014462167539635,0.008231065562184057,0.008771924971910889,0.04731019550701304,0.008901231065188846,59.260000000000005,0,random
122,mnist,FedVOI,121,0.29932068035103393,0.8972794159584783,0.9921900450292988,0.06984840501807114,0.008193124889485487,0.008575899039928577,0.04680610699829042,0.008772814492774388,70.36,0,random
123,mnist,FedVOI,122,0.2984552390196655,0.8976216277876006,0.9922106993864125,0.07026382854504405,0.008260588711348608,0.008812278095945933,0.04749068540007497,0.008977945605023038,65.12,0,random
124,mnist,FedVOI,123,0.2983434532104043,0.8975645924827468,0.9922015687739293,0.07088337570701492,0.008271485836552708,0.009415745288048893,0.04904099890276442,0.009301650961017125,56.95,0,random
125,mnist,FedVOI,124,0.2974674107210281,0.8977356983973079,0.9922401938369523,0.07089063304035909,0.00823739320162629,0.009347649583813946,0.04884093664102337,0.009114997108910157,70.38,0,random
126,mnist,FedVOI,125,0.2966254235069603,0.8984201220555524,0.9922740411287657,0.07053471934839173,0.00820898373837969,0.009316714734669006,0.04878962323875387,0.00926647976749074,79.64,0,random
127,mnist,FedVOI,126,0.2971654777436141,0.8981349455312838,0.9922316851406358,0.07052626440621942,0.008274651470999515,0.009836963229510226,0.050134896985704606,0.009321213000679859,56.2,0,random
128,mnist,FedVOI,127,0.29695090282124165,0.8983630867506986,0.9922305938169859,0.07018275190149395,0.008334055378309892,0.009705765543653736,0.04987769244898663,0.008971270311222988,66.07000000000001,0,random
129,mnist,FedVOI,128,0.2959752423157785,0.8991045457137968,0.9922674359621331,0.07039679186910287,0.008338586764704023,0.009697122390111128,0.0498740977493562,0.008872205406098541,58.6,0,random
130,mnist,FedVOI,129,0.2964016356944396,0.8984201220555524,0.9922381454426753,0.07082656868808412,0.008358737416294367,0.010638643695397385,0.052154694687217625,0.00934001546481975,55.47,0,random
131,mnist,FedVOI,130,0.2960005441912309,0.8984771573604061,0.9922474894731055,0.07066077776525485,0.008381529472989565,0.010740308188030913,0.052454220155392334,0.009446564254223832,53.18,0,random
132,mnist,FedVOI,131,0.29578188512389586,0.8984771573604061,0.9922454811469001,0.07076110788764135,0.008400602349050074,0.011013154447992533,0.05313407797151472,0.009708799871877699,66.16,0,random
133,mnist,FedVOI,132,0.29518389550950147,0.8985341926652598,0.9922672268985965,0.07076057936510244,0.008396343575976538,0.011175940428335683,0.05348887119232735,0.009781650548797108,65.87,0,random
134,mnist,FedVOI,133,0.2956439140804798,0.8981349455312838,0.9922339958971345,0.07108898608448927,0.008438436463821397,0.011785019852544437,0.05490932960214315,0.00997745291625543,66.16,0,random
135,mnist,FedVOI,134,0.2947880884859803,0.8987623338846746,0.9922781236899849,0.06982975024131811,0.008410621979032347,0.01155892513308751,0.05437239757549545,0.009772195420741113,58.6,0,random
136,mnist,FedVOI,135,0.29394514204607536,0.8991045457137968,0.9923107833321807,0.0700665129294407,0.008402694523295158,0.011439455892495872,0.054132474823069,0.009805049049572322,59.260000000000005,0,random
137,mnist,FedVOI,136,0.2942533015447855,0.8987623338846746,0.9922790691418946,0.07053622609470529,0.008475022057922115,0.01221945267297243,0.05595598757985976,0.010221107812191594,66.16,0,random
138,mnist,FedVOI,137,0.293653016231683,0.8992186163235042,0.9923032636280678,0.0703871468222641,0.008450972838589626,0.012049011780558058,0.05558495370718707,0.010012633835797606,59.260000000000005,0,random
139,mnist,FedVOI,138,0.2935604350686497,0.8997319340671875,0.992302868467854,0.07030327639443269,0.008449036973592627,0.012159983640134235,0.0558684190095779,0.010084539889283532,79.64,0,random
140,mnist,FedVOI,139,0.29343418043134584,0.8993897222380653,0.9923001580632751,0.07061845112614829,0.008477286460279248,0.012363175463051485,0.05635051225839538,0.010228954275268723,65.12,0,random
141,mnist,FedVOI,140,0.29323963244940954,0.8992186163235042,0.9923007883902323,0.0717368200396025,0.008499620101704446,0.012576785545903878,0.05686701814856014,0.010163364257399717,70.36,0,random
142,mnist,FedVOI,141,0.29227840616793116,0.8996178634574802,0.9923430554691437,0.07069481904915348,0.008464937742918502,0.012665884124286524,0.05707346264232956,0.01020025657609333,54.96,0,random
143,mnist,FedVOI,142,0.291630707423506,0.9000741458963099,0.9923655978327166,0.07061495311170565,0.008451826051321864,0.012926353657036656,0.057665550479385166,0.010303650560375126,64.84,0,random
144,mnist,FedVOI,143,0.29098425726803484,0.9003022871157247,0.9923833212918569,0.07075128190352517,0.008432644707116252,0.013071732905283162,0.05803777190062877,0.010362588774612115,51.83,0,random
145,mnist,FedVOI,144,0.2898724877413679,0.9007015342497006,0.992429346196049,0.07057924551743086,0.008373010654944182,0.01291562763210429,0.05776532589262501,0.010279206930819561,70.38,0,random
146,mnist,FedVOI,145,0.28949095296801797,0.9007585695545542,0.9924422956308312,0.07070021031533039,0.00837143112799866,0.012716292367764566,0.057349554727970646,0.010175500391951925,59.260000000000005,0,random
147,mnist,FedVOI,146,0.28883560666202723,0.9010437460788228,0.9924692841982445,0.07055127660454538,0.008347958247004935,0.012757832852517076,0.05743430683288283,0.010164246191841251,64.84,0,random
148,mnist,FedVOI,147,0.2880065655637043,0.9011578166885302,0.9924999050693003,0.07057821874581653,0.008320906933830228,0.012768951022212455,0.057503859137359135,0.010202557978523425,56.95,0,random
149,mnist,FedVOI,148,0.28724283795616395,0.9012148519933839,0.9925268814422434,0.07055629259069048,0.008309313176120768,0.012985270697509021,0.05799323884267816,0.010251183960986184,79.64,0,random
150,mnist,FedVOI,149,0.28626063593385004,0.9015570638225061,0.9925709340028379,0.07076250545640521,0.008267091893044856,0.01300377680072021,0.0580404047487837,0.010223418902473563,64.84,0,random
151,mnist,FedVOI,150,0.28558782969229574,0.9018992756516283,0.9925913371356239,0.07065932085007111,0.008275342251515083,0.013248330707673428,0.058645524116537666,0.010588840663271357,69.0,0,random
152,mnist,FedVOI,151,0.2864151145951952,0.9015000285176524,0.9925332539690096,0.0716383012023339,0.00838406810983793,0.013971602583153137,0.06021038266731977,0.010984644390542312,70.36,0,random
153,mnist,FedVOI,152,0.28619274875702544,0.9013859579079451,0.9925385367710355,0.07125117497715118,0.008382069391491923,0.013947517266322205,0.06012580429460466,0.010902868016782917,70.38,0,random
154,mnist,FedVOI,153,0.2861103885486402,0.9015570638225061,0.9925425824216816,0.07121672830962639,0.008369449892239277,0.014170729499436834,0.06059359911180067,0.011087373518241565,56.2,0,random
155,mnist,FedVOI,154,0.28526928275112057,0.9021844521758969,0.9925786905676609,0.0709144686741734,0.008344438323938297,0.014147919926279876,0.060583880223967566,0.011062024153894017,57.61,0,random
156,mnist,FedVOI,155,0.28428156874085175,0.9024696287001654,0.9926250232560119,0.07071593260775996,0.008282362665836865,0.013971359889961236,0.06018436597301693,0.010852830781388057,70.38,0,random
157,mnist,FedVOI,156,0.28289954816929963,0.9030399817487025,0.9926997837502659,0.07052648462190968,0.00816134637918835,0.013384490455637856,0.0588624422917265,0.010609909162214232,64.84,0,random
158,mnist,FedVOI,157,0.28257198742466366,0.9030970170535562,0.9927078817594893,0.07045651517393374,0.008175701221167182,0.01355675181568134,0.05930914539599594,0.010974207271914083,57.0,0,random
2,mnist,FedRL,1,4.09000839640368,0.09832886556778646,0.5313537091215496,0.25238407109720834,0.22913275816249076,1.1664303015535542,0.5304414761103481,0.11692283182785798,65.28,0,random
3,mnist,FedRL,2,2.090643902591084,0.29692579706838534,0.7218559568098645,0.32295667045147336,0.2431566951086406,0.14473835491047018,0.21118229661412402,0.03387515629400169,70.38,0,random
4,mnist,FedRL,3,1.9477522903661928,0.38561569611589575,0.7615474706798908,0.3239611673164785,0.22942731288962465,0.0490603240008781,0.11041347466430584,0.02169438773818079,70.36,0,random
5,mnist,FedRL,4,1.5309220467100924,0.5252381223977642,0.8281477457093989,0.36408103542482256,0.20308017970563247,0.04714698092722524,0.1103133237094176,0.021310790103751004,55.47,0,random
6,mnist,FedRL,5,1.342582808034339,0.5757714024981464,0.8651367936101898,0.35201579666889504,0.16382968045818977,0.04123282482400881,0.10229399687043722,0.021121857232777114,65.28,0,random
7,mnist,FedRL,6,1.1162302947367788,0.6106770090686134,0.9090767445501202,0.32835766860972154,0.11386507263551152,0.011296574019376913,0.053601975276261614,0.011424059437693763,56.95,0,random
8,mnist,FedRL,7,1.0168484052601359,0.6621798893515086,0.9264730273655581,0.27599322765580075,0.09488367350803006,0.03075570163600605,0.08838893458646026,0.01992166406980368,66.16,0,random
9,mnist,FedRL,8,0.9083588029358216,0.7151656875606001,0.9411922424888528,0.25307311686621975,0.08291915382532772,0.034715618506152346,0.0935620285174073,0.020956910221960466,65.12,0,random
10,mnist,FedRL,9,0.81778294569004,0.7355843266982262,0.9506381859822781,0.24812355816784007,0.06776583062743693,0.05707802325518831,0.11889082424993366,0.027379544187640242,66.16,0,random
11,mnist,FedRL,10,0.7623786105302695,0.7484743055951634,0.9554979223833142,0.23350583876656128,0.06052772323517113,0.06532709979648801,0.12715022900921977,0.026962493548216723,58.3,0,random
12,mnist,FedRL,11,0.7479295704136326,0.7526949181543375,0.9566431091713603,0.23019932366072327,0.05729020349745542,0.057920736279524224,0.1211467087253383,0.027448887966764465,65.03,0,random
13,mnist,FedRL,12,0.7176516090304008,0.762847202418297,0.9601722177186809,0.21303506371243916,0.05136255967133429,0.05828229285821113,0.12193980308518869,0.028560058289159886,35.480000000000004,0,random
14,mnist,FedRL,13,0.6823820976990469,0.7757371813152342,0.9643538745870198,0.20006318334133893,0.044039360334109996,0.05280817553124951,0.1173248742299437,0.024276243669796947,68.37,0,random
15,mnist,FedRL,14,0.6506479057361665,0.7837791592996065,0.967545771296363,0.1897877755231604,0.039229986587375344,0.04903524128340524,0.11405928669135866,0.022347204949132286,79.64,0,random
16,mnist,FedRL,15,0.6142428518294204,0.7968402441111048,0.9713843157068169,0.16823512459278112,0.033620740100051255,0.04172121805448343,0.10515151327225637,0.020551789627762305,70.38,0,random
17,mnist,FedRL,16,0.5798939358454818,0.809330975874066,0.975005862109361,0.14781974879573534,0.028229246473733684,0.037437076138912326,0.09970528616298849,0.019555055602220983,66.07000000000001,0,random
18,mnist,FedRL,17,0.5433427711859034,0.825928249586494,0.9789012856044264,0.12970720495520055,0.022040035000461047,0.028270448223764674,0.08576045982426873,0.017253587390169543,65.28,0,random
19,mnist,FedRL,18,0.518654261807931,0.8354531454970627,0.9813241318047672,0.11503312916717026,0.01865034314003867,0.0284576730638887,0.08605205842225125,0.015760180875703106,65.12,0,random
20,mnist,FedRL,19,0.5025720218390604,0.8405863229338961,0.9825407990444193,0.10697064087622349,0.01721334092756287,0.029304489569624618,0.08740041122195631,0.01561524691985097,79.64,0,random
21,mnist,FedRL,20,0.4946712038321219,0.845605429761022,0.9828303630055117,0.10483471990244116,0.017382219763648184,0.030570256090700642,0.09019751108611462,0.016217166914797087,64.37,0,random
22,mnist,FedRL,21,0.48456507207312133,0.8491986539668055,0.9834381524121533,0.10471371212676268,0.017017045094996477,0.03336001573269899,0.09443437188510412,0.01805560631789653,66.16,0,random
23,mnist,FedRL,22,0.47334657032832694,0.851993383904637,0.9843258316522533,0.10154445128741649,0.01551311157491392,0.026630829308558576,0.0837178382611523,0.01697547179499148,66.07000000000001,0,random
24,mnist,FedRL,23,0.45925067881793513,0.8559858552443963,0.9853508952145958,0.09497172300754825,0.014004511458099207,0.020111481920832,0.07218697075287701,0.014713854288590244,66.16,0,random
25,mnist,FedRL,24,0.4417400981086542,0.8608338561569612,0.9867902094675934,0.08549019949086607,0.011766779719901026,0.015549773554363856,0.06326115791942627,0.012469216103498168,70.36,0,random
26,mnist,FedRL,25,0.4281337164157247,0.8661381395083557,0.9878949319781396,0.08000205518041441,0.010367775239975808,0.013144373271074011,0.058047489162911574,0.01130140376183659,48.01,0,random
27,mnist,FedRL,26,0.4200948611700007,0.867621057434552,0.9882777471587754,0.07701412331406089,0.009893906409483037,0.013966834052819684,0.05992102459374492,0.011850522707797772,70.36,0,random
28,mnist,FedRL,27,0.41214677708393604,0.8700735755432613,0.9886559472915579,0.07436843773771087,0.009640382229650735,0.007990775784085033,0.04514515274208616,0.008748660848858256,57.0,0,random
29,mnist,FedRL,28,0.40569355342868874,0.8724120230422632,0.9889778519248383,0.07316966262364613,0.00916206564123816,0.007859920280530905,0.04471639138309913,0.007127064239380626,58.6,0,random
30,mnist,FedRL,29,0.4004278585258096,0.8736097644441909,0.9891514636639739,0.07319042753503596,0.00918271992900256,0.007346412154363673,0.04329608739821227,0.007169013098636364,79.64,0,random
31,mnist,FedRL,30,0.39491997456329625,0.8749786117606798,0.989341277115479,0.07315554505564681,0.009235682352197294,0.006419393950079894,0.04039923888814434,0.006666470646608186,69.0,0,random
32,mnist,FedRL,31,0.3897970500567471,0.8774311298693892,0.9896253999328531,0.06944018880545803,0.00881329383957838,0.005908467047539931,0.038702833578533644,0.006210675594962695,70.38,0,random
33,mnist,FedRL,32,0.3847420235590538,0.8790851537101466,0.9898934494385377,0.06812912370570848,0.008742286944496998,0.0053931072600384555,0.036898918247948234,0.005922831962280526,66.07000000000001,0,random
34,mnist,FedRL,33,0.38053264785675944,0.880339930416928,0.9900736176960915,0.0650891418075472,0.008545491491480432,0.004097073404495732,0.03208388684162288,0.00478440966083701,65.12,0,random
35,mnist,FedRL,34,0.37643220397064503,0.8809673187703189,0.9902585168947793,0.06466374473077134,0.008314347500080428,0.004255419493444114,0.03271374199118202,0.005153433231994324,55.47,0,random
36,mnist,FedRL,35,0.3755182969658056,0.8806821422460503,0.9902052577498294,0.0655377285615263,0.008346799848685143,0.006470108108733051,0.040317250074808554,0.0066029507625975335,65.87,0,random
37,mnist,FedRL,36,0.3753787709683869,0.879199224319854,0.9901723828932014,0.0670716819279001,0.00823627092469179,0.005944173119029445,0.038688336748153564,0.006694656990669576,68.37,0,random
38,mnist,FedRL,37,0.37291471550303307,0.8800547538926595,0.9902038255766017,0.0677022999818716,0.008311889982750858,0.005225540439248642,0.0363553889241954,0.005664892031259787,57.0,0,random
39,mnist,FedRL,38,0.371857845151432,0.8793132949295615,0.9901589676437652,0.06818056954982962,0.008480103113780127,0.005263674362215812,0.03656581360658031,0.005521898535811089,57.0,0,random
40,mnist,FedRL,39,0.3731390678191908,0.8770889180402669,0.9899909378447409,0.0704092404681933,0.0087215803577226,0.006451794099904318,0.04045187585532274,0.005920332256266164,79.64,0,random
41,mnist,FedRL,40,0.37439979438322724,0.8767467062111447,0.9898807501165262,0.0710625085825023,0.008827013591760701,0.007246813550294395,0.04291878155605537,0.006916642254443144,65.28,0,random
42,mnist,FedRL,41,0.37188906717214054,0.8769178121257059,0.9899192559357759,0.07294406300174426,0.008819507020150063,0.00829070152479134,0.0459979228989265,0.0072423606485177185,58.6,0,random
43,mnist,FedRL,42,0.3693903442643793,0.8778303770033651,0.989998901109036,0.07189526987061971,0.008863639848310545,0.007967913125641062,0.045060115740411265,0.0067983878115062376,58.3,0,random
44,mnist,FedRL,43,0.3673644189998426,0.8782866594421948,0.9900357658899196,0.0737878720923613,0.008903945073623997,0.008794436383821222,0.04728521213678403,0.007525098648960985,79.64,0,random
45,mnist,FedRL,44,0.3659369504208618,0.8785148006616096,0.9900823036879981,0.07338853937259468,0.008920381728593413,0.00961235206814843,0.04927571650764733,0.007993212438267875,54.96,0,random
46,mnist,FedRL,45,0.36500891444947614,0.8787999771858781,0.9900814978403923,0.07436413108940688,0.008939086868054823,0.009945668939457452,0.0502197300105512,0.00825398348957605,66.07000000000001,0,random
47,mnist,FedRL,46,0.36201544831959254,0.8800547538926595,0.9902162238304434,0.07455003921268309,0.008776020753007712,0.009190850947381016,0.04833605973864426,0.007580518145590128,70.36,0,random
48,mnist,FedRL,47,0.35989522399392243,0.8809102834654651,0.9902933207884996,0.07450113719430294,0.008749558879843739,0.009927120702977951,0.05015884662919534,0.008127112827632657,66.16,0,random
49,mnist,FedRL,48,0.35851224302497414,0.880739177550904,0.9903346940398505,0.07365684312031984,0.008687616988445005,0.008921170024326438,0.047430233200052005,0.007949993168433181,69.0,0,random
50,mnist,FedRL,49,0.35658865393522066,0.8807962128557577,0.9903969953011578,0.07574395772405647,0.008725199798999553,0.00856548950584234,0.046340055238132706,0.007898981783049708,69.0,0,random
51,mnist,FedRL,50,0.35541060013595394,0.8809102834654651,0.9903794989038615,0.07457829105296386,0.008852845936704401,0.009985049272003853,0.05003350782583029,0.008573805671429048,57.0,0,random
52,mnist,FedRL,51,0.3544874649219296,0.880739177550904,0.9903863038628637,0.07494851663806307,0.008894525417850886,0.010914427043108011,0.05233100196883629,0.009113243370062942,57.0,0,random
53,mnist,FedRL,52,0.3530989364933382,0.8818228483431244,0.9904573187806417,0.07429252759556634,0.00901988551370552,0.010335817149200646,0.0508184071256073,0.008547924601701062,65.87,0,random
54,mnist,FedRL,53,0.3516284087628149,0.8811954599897337,0.9905191422331894,0.07434941769133539,0.008858639823415131,0.010405083388122337,0.05096808586473324,0.008598345974111679,69.0,0,random
55,mnist,FedRL,54,0.3506318767232643,0.8811384246848799,0.9905429584825028,0.0748963111634494,0.00886572784966197,0.01279962657712986,0.05639587460413027,0.00964948377756834,70.38,0,random
56,mnist,FedRL,55,0.34987842587995766,0.8806821422460503,0.9905501793662991,0.075417650495296,0.008730537875267674,0.013274028857394319,0.05755899796154898,0.010365376056901812,68.37,0,random
57,mnist,FedRL,56,0.34926745889097527,0.880739177550904,0.9905872776955017,0.07532195233679426,0.008678644167092117,0.013593810229624217,0.05828558475378301,0.0104118883586458,65.87,0,random
58,mnist,FedRL,57,0.3468789256436454,0.8811384246848799,0.9907296433545894,0.07438808871580518,0.008593313295200564,0.01233905729159382,0.05538552298483435,0.009767329869963513,70.38,0,random
59,mnist,FedRL,58,0.34562068319876077,0.8814806365140022,0.9907807158413818,0.07310739531584312,0.008556106125161465,0.012954058362726298,0.05670357057899293,0.01031731740963078,70.36,0,random
60,mnist,FedRL,59,0.3417040528125476,0.8826213426110763,0.9909311527378798,0.07411760669010174,0.008531102772330757,0.01062904198005631,0.051308667551236684,0.009005461193115051,69.0,0,random
61,mnist,FedRL,60,0.3391572406070996,0.883819084013004,0.9910389280066229,0.07401414364708898,0.008631022421724827,0.011255484748306847,0.05275793055010618,0.009118042560887765,65.28,0,random
62,mnist,FedRL,61,0.33827731608533085,0.884389437061541,0.9910230136990779,0.07418146551407936,0.008684478343596872,0.011013761367326538,0.05220168939433288,0.009459663090223124,69.0,0,random
63,mnist,FedRL,62,0.3357304159734692,0.8852449666343467,0.991100317263986,0.07449117847979049,0.008616639565463565,0.009882820069577396,0.04951129774184459,0.008591664111590583,47.589999999999996,0,random
64,mnist,FedRL,63,0.3340781508585071,0.8854731078537614,0.9911874856881383,0.07411615965058484,0.008499908200789138,0.009876505094809038,0.04956941144930396,0.008884525388144198,79.64,0,random
65,mnist,FedRL,64,0.33425211102646857,0.884788684195517,0.9911609931752341,0.07444503067133383,0.008470693832064701,0.009888127988241608,0.049656796082242396,0.008789447382243683,79.64,0,random
66,mnist,FedRL,65,0.333204637234682,0.8851879313294929,0.9912265937553981,0.07425420786954386,0.008389329038441556,0.010353951626505592,0.050758966523331554,0.009150548801799503,70.38,0,random
67,mnist,FedRL,66,0.33173932845777,0.8853020019392004,0.9912881447496765,0.07408186179901789,0.008330507791544208,0.010152792279683187,0.05031962019551386,0.009014555911407821,50.43,0,random
68,mnist,FedRL,67,0.32991337584397046,0.8858153196828837,0.9913585519258276,0.07382947864352583,0.008243354156318944,0.009924574339815117,0.04971878598631584,0.008864865593660284,66.16,0,random
69,mnist,FedRL,68,0.3281327206255395,0.8864427080362745,0.9914500827445399,0.07358644258829626,0.008239326731775415,0.00984959582110372,0.04948229650038259,0.009258088190641132,79.64,0,random
70,mnist,FedRL,69,0.3266221217101937,0.8868989904751041,0.9915002726054775,0.07122802013042162,0.008147218997547574,0.009851503415105031,0.04952283351555796,0.00926004303768595,66.16,0,random
71,mnist,FedRL,70,0.32599953631995554,0.8868419551702504,0.9915102675559654,0.07486966364816386,0.008112621248474073,0.010058727308625745,0.05000651410320223,0.009225319388528656,70.36,0,random
72,mnist,FedRL,71,0.32472358469669377,0.8874693435236412,0.9915760737483496,0.07242129408503829,0.007982413391303195,0.01069142663210674,0.05156400007640544,0.009707072220811332,65.12,0,random
73,mnist,FedRL,72,0.3239199809314166,0.8875263788284948,0.9916058079286337,0.07244297307278728,0.008027938862754148,0.011425197743505396,0.053289078352527296,0.010373477617005838,70.38,0,random
74,mnist,FedRL,73,0.32281657015901033,0.8876404494382022,0.9916636990772463,0.07233531440753373,0.008061081409115255,0.011334577666317338,0.053039160471218455,0.010466078372577771,53.18,0,random
75,mnist,FedRL,74,0.3210206770666878,0.8886670849255689,0.9917511712158653,0.07198871551712167,0.007963778947549164,0.011775803914340426,0.05408399503719512,0.010787751890243964,64.37,0,random
76,mnist,FedRL,75,0.3196403136485989,0.8892374379741059,0.9918108075959465,0.07187205852869394,0.007905644368854799,0.011470520721326857,0.05336488192345157,0.01067645706617672,51.83,0,random
77,mnist,FedRL,76,0.3184047633277764,0.8896937204129356,0.9918697545137588,0.07187893915873972,0.00783331262097122,0.011872889032632776,0.05431430209685017,0.010858607376259327,65.87,0,random
78,mnist,FedRL,77,0.31594608824599496,0.8908344265100097,0.9919707263079218,0.07169120260877233,0.0078015698365674555,0.011289323294697125,0.05291953586985407,0.010370245305624103,65.12,0,random
79,mnist,FedRL,78,0.31332673486634033,0.891746991387669,0.9920978187768031,0.0709523843983917,0.007721013260094176,0.010772913646590013,0.05173156828653051,0.010135058946890853,54.49,0,random
80,mnist,FedRL,79,0.31112470689578714,0.8924884503507671,0.9922151773985134,0.0704348456662263,0.00760769223088821,0.010181502636196703,0.05029308521983742,0.009764931726728154,79.64,0,random
81,mnist,FedRL,80,0.3093721073917845,0.8931158387041579,0.9922968171259999,0.07027431650086313,0.0075104203098002725,0.010025970985887856,0.04987847061966606,0.00954399635980932,66.07000000000001,0,random
82,mnist,FedRL,81,0.3085978242127764,0.8932869446187189,0.99231839787751,0.07015222235954766,0.007464265781621558,0.010616962233597569,0.05136221816520016,0.009986615852149239,66.16,0,random
83,mnist,FedRL,82,0.30748903423413165,0.8936291564478412,0.9923767653355766,0.06968743083642337,0.0074167748554240095,0.010282857126213511,0.05053870710625738,0.009669693127098315,66.07000000000001,0,random
84,mnist,FedRL,83,0.3066034386970347,0.8938002623624023,0.9924130761239212,0.06979166876089835,0.007387936510595926,0.010845694331655093,0.05194640143700023,0.01025642372781938,53.18,0,random
85,mnist,FedRL,84,0.304670254222831,0.8948839331546227,0.9925136098514813,0.06893931667441493,0.007215766690879688,0.010459353333965877,0.05107618236053216,0.009851420847587614,70.36,0,random
86,mnist,FedRL,85,0.30334908981300673,0.8949980037643301,0.99256590633687,0.06943696399165698,0.006995204111776059,0.011034232528986238,0.05244413329554165,0.009982999517644413,66.16,0,random
87,mnist,FedRL,86,0.30228017223400183,0.8955113215080135,0.992619444540074,0.06906449537226672,0.0069245157892749536,0.011050018833585633,0.05248605030185065,0.009956049494231255,70.36,0,random
88,mnist,FedRL,87,0.302385731720103,0.895397250898306,0.9925867605358845,0.0683072774695769,0.007003286934943991,0.011173435286567565,0.052781116001962385,0.010236392162679684,69.0,0,random
89,mnist,FedRL,88,0.3009376623255375,0.895796498032282,0.9926220839613722,0.06948168761215778,0.00699609256999562,0.010639856433128304,0.05151408718604151,0.010488018913031931,69.0,0,random
90,mnist,FedRL,89,0.3000680380045558,0.8958535333371357,0.9926459175161572,0.06946583150230141,0.006993973046258028,0.010831952004638554,0.051969916545375645,0.010574363420276194,54.49,0,random
91,mnist,FedRL,90,0.29855581385272406,0.8962527804711116,0.9927129314349835,0.06808077666245264,0.00696379977452305,0.010760476405848129,0.051837014165822745,0.010539173256458678,79.64,0,random
92,mnist,FedRL,91,0.2963858328452625,0.8972223806536246,0.9927921125476985,0.06839403917426794,0.006893900201847845,0.010493494358924606,0.05115820916599414,0.010446273464110466,69.0,0,random
93,mnist,FedRL,92,0.2945726231639789,0.8973364512633321,0.9928671818607392,0.06834704122747663,0.006816099098337402,0.010533234203703586,0.05126066854164571,0.010360636571261968,66.16,0,random
94,mnist,FedRL,93,0.29345145851989907,0.8978497690070153,0.992913334926977,0.0686344097690377,0.006773617923954513,0.011030871112185729,0.05248875226784937,0.010529432198987915,70.36,0,random
95,mnist,FedRL,94,0.29233341317273914,0.898876404494382,0.9929650279970537,0.06775648031334215,0.006754133871500353,0.010953249673597095,0.052314491243257176,0.010379408173196852,66.07000000000001,0,random
96,mnist,FedRL,95,0.29082265475888547,0.899446757542919,0.9930436660660875,0.06724530159484186,0.006699880980505248,0.0107567010277539,0.05190696316288809,0.010164915020670651,55.47,0,random
97,mnist,FedRL,96,0.28963345829351866,0.8993326869332117,0.9930994623040773,0.06724664829828568,0.006642314693447249,0.011076957029701033,0.052686810780567625,0.010307744906994635,66.16,0,random
98,mnist,FedRL,97,0.2887292004909654,0.9001882165060172,0.9931456538827966,0.0668219283318668,0.006600542151664449,0.010685159373416223,0.051748507987729495,0.010093983653750702,57.61,0,random
99,mnist,FedRL,98,0.28769170151482976,0.9007015342497006,0.9931880049590448,0.06656296440192977,0.006577845251338954,0.010498743926758302,0.051311326153886706,0.010128784945629559,70.38,0,random
100,mnist,FedRL,99,0.2870359005042977,0.9007015342497006,0.993200687569243,0.0667021214219118,0.006568614080224573,0.011009627071457945,0.052475024841391535,0.010292514267387925,46.540000000000006,0,random
101,mnist,FedRL,100,0.2862791200315877,0.9012148519933839,0.9932227373811563,0.06658401690580744,0.006566413110922006,0.01081404955351509,0.0520003785057997,0.010219289002251757,55.47,0,random
102,mnist,FedRL,101,0.2852786428886111,0.9013289226030913,0.9932559582886655,0.0658801311858596,0.006536786858805767,0.010762668297452174,0.05188824169189004,0.010199938920936546,65.28,0,random
103,mnist,FedRL,102,0.2839442741961707,0.9019563109564821,0.9933142447650756,0.0656245737416696,0.006543322664811169,0.010641844682099943,0.051626323318580816,0.010166358822601168,59.260000000000005,0,random
104,mnist,FedRL,103,0.2831230548403373,0.9020133462613358,0.9933474385934712,0.06657169955342655,0.006509705973680504,0.01033250275333464,0.050843748256529035,0.01006733232482752,70.36,0,random
105,mnist,FedRL,104,0.28245489190214096,0.9020703815661895,0.9933701951143269,0.06655617690071303,0.0065071600215950345,0.010540673109136268,0.05137006861691936,0.010358268164717034,37.809999999999995,0,random
106,mnist,FedRL,105,0.2819136581179008,0.9018992756516283,0.9933894346991312,0.06563761667568158,0.0064556629523711785,0.010050191012173674,0.050150689034651516,0.01000178980416241,56.2,0,random
107,mnist,FedRL,106,0.28119279596547275,0.9026407346147265,0.9934252257345387,0.0646147583804056,0.00642029478579927,0.009989684267714146,0.0499871214588391,0.009747536582834126,65.28,0,random
108,mnist,FedRL,107,0.28046688307499373,0.902754805224434,0.9934594832247927,0.06439602232012588,0.006409551183371142,0.01018555767183167,0.05050788045918637,0.009944899628784663,54.96,0,random
109,mnist,FedRL,108,0.2799897640911804,0.9024125933953117,0.9934710549752512,0.06440428392304692,0.006412362534075161,0.010320211513474894,0.05079496587570233,0.009961117711965763,70.36,0,random
110,mnist,FedRL,109,0.2794782184040708,0.9024696287001654,0.9934852452016154,0.06438087899631648,0.006396892738871097,0.010420328832159043,0.050979736965492996,0.010009510226938115,70.36,0,random
111,mnist,FedRL,110,0.278918113279203,0.9028118405292876,0.9935091689676457,0.06408957863038248,0.006358203244266478,0.010606295081612163,0.05141389466185662,0.010099305922930051,65.87,0,random
112,mnist,FedRL,111,0.27813690074501807,0.902925911138995,0.9935392738481262,0.06399145052762724,0.006301464266305714,0.01035904204263188,0.050817618902442525,0.009962854838035013,70.36,0,random
113,mnist,FedRL,112,0.277554761561408,0.9030970170535562,0.9935566878184838,0.06400319793599962,0.006264927037790804,0.0104159736668477,0.050913210924533554,0.009832632292989819,55.47,0,random
114,mnist,FedRL,113,0.27685953321217216,0.9032681229681173,0.9935734737472648,0.0641776912097115,0.006246244302342534,0.0106380056867789,0.051466755166609965,0.01008309630965473,79.64,0,random
115,mnist,FedRL,114,0.2761330764521413,0.9034392288826784,0.9935965187145467,0.06461896264529092,0.0062035416408643095,0.010787761682585877,0.05183088817164871,0.010163406321713205,66.07000000000001,0,random
116,mnist,FedRL,115,0.2755856741970125,0.9036103347972395,0.9936136361442358,0.06455090191509279,0.006235718662002659,0.011157247950263762,0.052685322501209504,0.010362692387818265,56.95,0,random
117,mnist,FedRL,116,0.27464080455793755,0.9036103347972395,0.993646165595769,0.06477378881798411,0.006175217496261999,0.011131259044595967,0.05265826972164767,0.010460411701265404,66.07000000000001,0,random
118,mnist,FedRL,117,0.27432700091535256,0.9036673701020932,0.9936507022065731,0.06453327003222441,0.006170385814898646,0.011130631171764958,0.05269958435366805,0.010455513539865192,46.540000000000006,0,random
119,mnist,FedRL,118,0.27336466564768985,0.903895511321508,0.9936745980332764,0.06482391211973502,0.00614521328352311,0.011038015505206108,0.052507161512984166,0.01059209693263966,65.03,0,random
120,mnist,FedRL,119,0.27249698885821944,0.903895511321508,0.9936989715047109,0.06481461842721649,0.006155573882238983,0.011040209047697536,0.05251931475018347,0.010730027288390016,69.0,0,random
121,mnist,FedRL,120,0.27178726407254805,0.903895511321508,0.9937198045052654,0.06512329110475339,0.006098894870804926,0.011683307502058187,0.054029165130392506,0.011043294766226284,46.199999999999996,0,random
122,mnist,FedRL,121,0.27104527364152364,0.9040666172360692,0.9937478244531356,0.06499276829278014,0.00607991203590505,0.01152479214586458,0.05364362427098349,0.010988456013879884,65.28,0,random
123,mnist,FedRL,122,0.2701938721355168,0.9042947584554839,0.993776895253944,0.0650756443330978,0.006057823360679414,0.011692054933967959,0.054035725162742215,0.011058144114363611,65.03,0,random
124,mnist,FedRL,123,0.26981972396994186,0.9041236525409229,0.9937762794226228,0.06533596434268407,0.006065986149273612,0.012541851296453469,0.05593150613784616,0.011449407007684929,65.03,0,random
125,mnist,FedRL,124,0.2691310528588975,0.9044658643700451,0.9937968245409933,0.0656595474406803,0.006068098854431056,0.01226523712042056,0.055315712857843875,0.011518979006383852,66.07000000000001,0,random
126,mnist,FedRL,125,0.268490118877351,0.9048651115040209,0.9938112794822035,0.06551473157944553,0.006106509412706236,0.012202840888381819,0.055201063143344976,0.011661645513414672,66.07000000000001,0,random
127,mnist,FedRL,126,0.2677501456715425,0.905834711686534,0.9938377193028727,0.0644057001287801,0.006106594772171486,0.011602197248658653,0.05379686391377006,0.011281906337296258,70.38,0,random
128,mnist,FedRL,127,0.2675970465062483,0.9054924998574118,0.9938339349149163,0.06452447765114427,0.006101185080877003,0.012157652205785541,0.055082169091198105,0.01150571756413409,65.12,0,random
129,mnist,FedRL,128,0.26722761311185766,0.9054354645525581,0.9938437591450682,0.06455226492248667,0.006081193572343179,0.01205511366410494,0.05483359464868286,0.011422616364591371,65.28,0,random
130,mnist,FedRL,129,0.2668100721707458,0.9056065704671191,0.9938539596234495,0.06441859967407448,0.006054836007901625,0.01268291075297204,0.05627493654365816,0.011848211773749064,69.0,0,random
131,mnist,FedRL,130,0.2661554059062873,0.9057776763816803,0.9938774381598202,0.06420097512740186,0.006029495087741312,0.012815881563545678,0.05660296073747676,0.01205302307150682,56.95,0,random
132,mnist,FedRL,131,0.26561542429355933,0.9058917469913876,0.993898660431989,0.0640133991109777,0.006010786263337842,0.013078304945704902,0.0571754390181823,0.01214153576168199,65.12,0,random
133,mnist,FedRL,132,0.26498549392151893,0.9063480294302173,0.9939215067606615,0.06369498689321726,0.0059804211858330595,0.013276863078631091,0.05761394709498307,0.012334974620567228,66.07000000000001,0,random
134,mnist,FedRL,133,0.26514202270741627,0.906405064735071,0.9939111561833378,0.06175622327048524,0.0059939499964734135,0.013913713043164175,0.058956668111071905,0.012726283215271361,69.0,0,random
135,mnist,FedRL,134,0.26481763285373766,0.9067472765641932,0.9939197593629913,0.061077210747817426,0.006007230995098256,0.014067120183135284,0.05929174685420198,0.01287459698686358,70.36,0,random
136,mnist,FedRL,135,0.26415824677872557,0.9067472765641932,0.9939425478493148,0.06128862743254631,0.005968516419274632,0.013787370195924643,0.05868111276333152,0.012804237325709025,65.87,0,random
137,mnist,FedRL,136,0.2628185398087563,0.9073176296127303,0.9939861112761613,0.061771591969062865,0.005967402947439683,0.013221454904110627,0.05747464678823899,0.0126264572892069,57.0,0,random
138,mnist,FedRL,137,0.2616142445350056,0.9082301944903896,0.9940324847505878,0.0615285622197694,0.005900015997014307,0.01249241231807029,0.055849694363549605,0.012121788359395841,66.07000000000001,0,random
139,mnist,FedRL,138,0.26013289169643666,0.9088005475389266,0.9940866147457049,0.06146514018048496,0.005848074650634823,0.011514839122946995,0.053620916838323776,0.011657645861875393,79.64,0,random
140,mnist,FedRL,139,0.2593350523008077,0.9090286887583414,0.9941173843237388,0.06142541301195584,0.0057965781311442935,0.01170211795234429,0.054050553924422366,0.01176632905287467,34.53,0,random
141,mnist,FedRL,140,0.2587479438243648,0.9091997946729026,0.9941302544710048,0.06132095459219635,0.005794850220221706,0.012273024392071988,0.05535194161404421,0.012076706523980359,70.38,0,random
142,mnist,FedRL,141,0.25836526140069055,0.9093138652826099,0.9941410551712854,0.06135205079025914,0.005795188450259363,0.012587821200654187,0.05606495905114797,0.01231579065279581,46.06,0,random
143,mnist,FedRL,142,0.25826906645509684,0.9093709005874636,0.9941353050251233,0.061216247684150196,0.005799860498090303,0.012432457474513834,0.05569068600255759,0.012218146495915232,56.2,0,random
144,mnist,FedRL,143,0.25790396352053974,0.9093709005874636,0.9941449293502957,0.061172692629636205,0.005790814605296575,0.012626310344232141,0.05614137023526969,0.012395633574152166,64.84,0,random
145,mnist,FedRL,144,0.2576143036432857,0.9096560771117321,0.9941460981716856,0.061079035584191005,0.005746071959232975,0.013232296564880506,0.05746885327464635,0.012757421499158938,70.36,0,random
146,mnist,FedRL,145,0.2570819746058347,0.909884218331147,0.9941584524365201,0.06097737183289827,0.0057401592967521115,0.013052240361328767,0.057071597227204694,0.012593091755225397,65.03,0,random
147,mnist,FedRL,146,0.25662064934029194,0.9101693948554155,0.994165789436211,0.06103220504627242,0.005750869033048761,0.012859993603739938,0.05660861133878819,0.012573484843677797,50.43,0,random
148,mnist,FedRL,147,0.25656237835368806,0.9097131124165858,0.9941549839794999,0.06115920236712861,0.00579215676966532,0.013200053431010383,0.05735758672852296,0.012697162409525994,70.38,0,random
149,mnist,FedRL,148,0.2564104277099231,0.9095420065020248,0.9941573095871501,0.06080176908737123,0.005760497947946453,0.01356082691536443,0.058119225205704325,0.012949917191084553,58.6,0,random
150,mnist,FedRL,149,0.25648099259215845,0.9091427593680488,0.9941485635036351,0.06133783299733046,0.0057513850063591375,0.013717989751047183,0.058385027865002534,0.01298991290286714,70.36,0,random
151,mnist,FedRL,150,0.25604240064532624,0.9094849711971711,0.9941595437479078,0.06112852527881234,0.005761150180851602,0.014102998443233507,0.05919318084119648,0.013239837467795475,66.07000000000001,0,random
152,mnist,FedRL,151,0.2562776377494836,0.9091427593680488,0.994138327272366,0.06144120959542945,0.005812304403369088,0.015029587066521431,0.06109876437922476,0.013773611064410659,69.0,0,random
153,mnist,FedRL,152,0.2560024842692234,0.9091427593680488,0.9941440418307228,0.06132977808738967,0.005814680692263066,0.01549725663188702,0.06203825864076793,0.013977401719810751,57.0,0,random
154,mnist,FedRL,153,0.25516914629254195,0.9094279358923173,0.9941670420122027,0.061140881627191605,0.0058042613456772,0.015110209984316059,0.061262376530474415,0.013936504818213912,65.03,0,random
155,mnist,FedRL,154,0.2546361279869799,0.9094279358923173,0.9941869620971745,0.061241596845958,0.0057697931584465775,0.015051487066011095,0.06111994288927264,0.013800989223931833,79.64,0,random
156,mnist,FedRL,155,0.25417188107416466,0.9094849711971711,0.994199519716335,0.06129017358717789,0.005754195746816094,0.015582069396920976,0.062185572055478804,0.01399223670980511,70.36,0,random
2,mnist,FedAvg,0,3.472468924514393,0.09188387611931786,0.5408550899897213,0.27889272512650076,0.2733261008952254,0.6842379050975712,0.4283841821102113,0.08760250523669878,31.18,3,random
3,mnist,FedAvg,1,3.1887615977276584,0.2727998631152683,0.5829429840993454,0.38012910986031884,0.30885397630233113,0.6231761211586857,0.4133632238632639,0.0944988195841717,31.28,0,random
4,mnist,FedAvg,2,3.4456517128872566,0.1000399247133976,0.5985663885868207,0.2520755759602871,0.2656629211478756,0.8201624997418574,0.4543709567840828,0.09665418121046729,30.15,2,random
5,mnist,FedAvg,3,2.6258682846677,0.3079336109051503,0.6259856262813874,0.38702404096631154,0.30605335119417976,0.5341833491524635,0.3903355671119138,0.09083178771998704,31.28,0,random
6,mnist,FedAvg,4,2.1110966967497786,0.4094564535447442,0.7258762726758559,0.3592522664170347,0.23416107886283039,0.4429539292141428,0.35981204984730275,0.07547946970698127,31.59,3,random
7,mnist,FedAvg,5,1.482795061079263,0.42827810414646666,0.8462446469124038,0.35045947391777654,0.17138653472505422,0.46004840318005114,0.35819429170362554,0.07006813807137204,28.94,3,random
8,mnist,FedAvg,6,1.6421870549944502,0.40877202988649974,0.8317413230156914,0.32732021665260486,0.1404956154177209,0.65026149501727,0.41793149264774354,0.0961037210969708,31.18,1,random
9,mnist,FedAvg,7,1.2423835294616072,0.5532994923857868,0.8919277962495402,0.34077608425023126,0.1134335349163752,0.13434726394131097,0.18393873453887488,0.042383893412287196,31.28,1,random
10,mnist,FedAvg,8,1.5143715463184797,0.40848685336223123,0.881031325136937,0.3472874758869762,0.08643900414430293,0.4537449299463626,0.3395497779605195,0.08042883116883116,31.28,3,random
11,mnist,FedAvg,9,1.7445811895756191,0.33183140363885244,0.8533188935128474,0.2880238944951816,0.08848051184711808,0.4852122174063687,0.3613483458073619,0.0787625715213057,34.36,1,random
12,mnist,FedAvg,10,1.0926381786804444,0.6179204927850339,0.9140327312643127,0.2648950937000178,0.07878766590388415,0.22491286518328096,0.24416045784206172,0.05078773473814689,31.17,3,random
13,mnist,FedAvg,11,1.6131010538814587,0.42137683225916844,0.8515021629934834,0.35432844006207953,0.1356896641089217,0.48857704989636974,0.37344062755170304,0.08070043956043955,31.17,3,random
14,mnist,FedAvg,12,2.6671642068073096,0.26133576683967374,0.8108092264715211,0.3457786356827774,0.12303645060518473,0.8958268881214819,0.4928800134556424,0.1075012566866701,19.16,1,random
15,mnist,FedAvg,13,1.0217132983617363,0.6487195574060344,0.9197895352973375,0.2838192342960339,0.09321360817782369,0.324050672401301,0.2689885417203047,0.06393631867203899,30.509999999999998,2,random
16,mnist,FedAvg,14,1.2580893246411942,0.5481092796440997,0.8982412926990576,0.3313856387161235,0.10129595618882764,0.42011219333739375,0.3352587812885299,0.08112718905165388,30.509999999999998,2,random
17,mnist,FedAvg,15,1.453433619244866,0.5107511549649233,0.8887284294734119,0.3341474151592127,0.10316783640506892,0.6718252832060512,0.4337547846409254,0.0899144051122509,18.87,3,random
18,mnist,FedAvg,16,1.417278824542101,0.5380710659898477,0.8809107539795711,0.35345322472401997,0.1134501686436989,0.46275484281505047,0.35666131953249464,0.0759121477701028,34.36,5,random
19,mnist,FedAvg,17,1.5750157661107624,0.4968345405806194,0.8628809295364113,0.3475640926959696,0.11812000985221036,0.43079331953505623,0.3383345094631913,0.07273186679711295,27.47,3,random
20,mnist,FedAvg,18,1.4296569895050022,0.5110933667940455,0.882122271083434,0.3334952044616361,0.11917950856706305,0.32549907338760414,0.2974504527655118,0.06180639895592812,18.5,1,random
21,mnist,FedAvg,19,1.5025009254703472,0.5055039069183824,0.8954528715267442,0.34336751754388073,0.08967560677043715,0.5527637185025831,0.3880008153993162,0.08467231064237776,28.22,2,random
22,mnist,FedAvg,20,1.5315352493605852,0.5212456510580049,0.9067579131136098,0.2994160778303615,0.07571192801935722,0.6474720432505926,0.42362809522804684,0.09490253408852528,31.17,2,random
23,mnist,FedAvg,21,1.8925368015254571,0.5462841498887812,0.8785565116128411,0.33821113002501824,0.1283668971102868,0.9277435401619188,0.48953799923100344,0.11022980460731391,31.28,1,random
24,mnist,FedAvg,22,1.5138281557953024,0.5923116409057206,0.8941939229156736,0.32939235567579667,0.127181158086706,0.757811698860475,0.46205020076905057,0.10412954703832752,31.17,2,random
25,mnist,FedAvg,23,2.0561949648734683,0.47424855985855247,0.8756715391477675,0.366304846306595,0.10515293965259796,0.6832482275522074,0.4215322982965289,0.09510558390468699,34.36,3,random
26,mnist,FedAvg,24,0.8793190723516793,0.7419722808418411,0.9315076107713951,0.2251127540379287,0.07779232079730099,0.7285599771675055,0.43538704080590007,0.1014375764218731,34.36,1,random
27,mnist,FedAvg,25,0.7095905712137177,0.7741972280841841,0.9476614613324291,0.18483942228237393,0.05508060620313121,0.3116766271923561,0.29205880553783264,0.06490828669612175,29.8,3,random
28,mnist,FedAvg,26,1.4432014221301122,0.6103918325443449,0.9061311257005383,0.29641824165110053,0.08735442241208453,0.8289922687043874,0.4630836634912372,0.10651565184650623,27.12,2,random
29,mnist,FedAvg,27,0.6725765041743532,0.7726572748531341,0.9551978024002141,0.18369042276386596,0.043039101641400304,0.40661963767569653,0.31953306974190077,0.06580428571428572,19.16,4,random
30,mnist,FedAvg,28,1.715155051797631,0.43597787030171675,0.9137304361681894,0.3057172118126857,0.05324733229275772,1.2063995422037466,0.5258066909043062,0.11117203238644159,27.66,3,random
31,mnist,FedAvg,29,0.9709516565508898,0.6672560314834883,0.9322532479767416,0.28435853735369526,0.07488409516565606,0.30760344364520725,0.29342390481704184,0.05692043014513027,34.36,2,random
32,mnist,FedAvg,30,1.1468507501592367,0.6293845890606286,0.9328798044936601,0.2805992967998042,0.054665354133001096,0.3618959905031794,0.3224982470375802,0.06258590169440292,31.59,1,random
33,mnist,FedAvg,31,0.73966319383916,0.7529230593737524,0.9527430145327042,0.2378691408255919,0.048391162995568095,0.5317755716097625,0.3652885167557533,0.07339459354386411,31.17,2,random
34,mnist,FedAvg,32,1.1915853590229333,0.5543261278731535,0.9307986675961746,0.3221645259129665,0.05003305344722211,0.5033584606565731,0.3578982602136704,0.06828683196895849,31.59,5,random
35,mnist,FedAvg,33,0.731987573937768,0.7841784064335824,0.9488405700234346,0.20783704906135675,0.06709399082689231,0.38658552342701086,0.3220238080073337,0.07296417014363255,29.8,2,random
36,mnist,FedAvg,34,1.2434598125211396,0.5834141333485428,0.9280537408352765,0.29032405918637616,0.05742367294483865,0.9420687988159477,0.4798642069143956,0.09878187953327025,34.36,2,random
37,mnist,FedAvg,35,0.805164686128802,0.7545200479096561,0.9519433673169397,0.19044924438915076,0.04928604609525065,0.41220856506885284,0.33376040918873606,0.07117382287494436,31.28,2,random
38,mnist,FedAvg,36,0.9419011207925609,0.6839103405007699,0.9423167886987781,0.2269736926764567,0.04806681516447632,0.7783835414397456,0.45266527473972634,0.09287205396877721,28.94,3,random
39,mnist,FedAvg,37,0.4669089157470203,0.8469172417726573,0.9712364783823931,0.13352985167369363,0.02965850960690043,0.3494472834934603,0.32219338906439243,0.06360528735632184,28.94,1,random
40,mnist,FedAvg,38,0.5381932389802964,0.8256430730622255,0.9659485776534116,0.15017745115961287,0.03533893571443154,0.39628479281323664,0.33005977421474914,0.06931147104103626,29.8,2,random
41,mnist,FedAvg,39,0.8873836437698979,0.6651457252039013,0.9418522323088586,0.2507625806065609,0.04401204411413043,0.56750631084302,0.38257826588947164,0.08861991172007909,28.93,1,random
42,mnist,FedAvg,40,0.8889774161541891,0.7169337820110648,0.9435309972130062,0.2111730779122843,0.05150546917650021,0.5025522518631885,0.37493225312058615,0.07957334557473374,34.36,2,random
43,mnist,FedAvg,41,1.0532989311172294,0.6262476472936748,0.9303531593942765,0.23340405262878167,0.055613780952476634,0.38964200554621947,0.32869588728045196,0.07165209287326671,30.46,1,random
44,mnist,FedAvg,42,1.2884548186799982,0.5942508412707466,0.9215575639320779,0.271044233795689,0.06264851907973056,0.5113341117601496,0.37397502140946265,0.08180125172085143,28.94,1,random
45,mnist,FedAvg,43,0.7487435818805674,0.7229224890207038,0.9445126934864283,0.243312210499961,0.05318149054432031,0.5597337480662844,0.3754773749782364,0.07701458491243467,25.54,3,random
46,mnist,FedAvg,44,1.1991454119108793,0.6073689613870986,0.9267979082427226,0.2938783575270385,0.0650658683983418,0.8084320453050168,0.46421765573883694,0.09904414729976117,20.58,1,random
47,mnist,FedAvg,45,0.7168763115208734,0.751440141447556,0.9556211103442961,0.19347997426651495,0.03539572944461205,0.44437161492022403,0.3444602599427612,0.07520297960319669,29.8,3,random
48,mnist,FedAvg,46,0.6397794160673648,0.7808703587520676,0.9588016925043127,0.16972731486276754,0.03319065926033705,0.5036424700357423,0.36289161778347484,0.08052968109929998,34.36,2,random
49,mnist,FedAvg,47,0.48354130447417715,0.830377003365083,0.9707360830829167,0.1273310892866555,0.025245531355060104,0.11906392786910043,0.17615034887438658,0.0387002432696806,20.72,3,random
50,mnist,FedAvg,48,0.927605647614421,0.7030742029316147,0.9506042572408964,0.2235193947908721,0.04183530536361406,0.477612258787686,0.3633113836535122,0.07816003522459797,34.36,3,random
51,mnist,FedAvg,49,1.4553471967471694,0.5663035418924314,0.9205432496595142,0.2989673800713698,0.06363938419423595,0.5774639557668605,0.3748615533340081,0.08942695417789756,27.130000000000003,2,random
52,mnist,FedAvg,50,0.5946084505496392,0.7960417498431529,0.9613578853496895,0.15481258725506705,0.03186010223825141,0.28308138844336334,0.28464503305490685,0.054569430647608407,30.46,1,random
1,case,method,group,Loss,Accurancy,AUC,Std Test Accurancy,Std Test AUC,Kl,JS,EMD,round_time,highResourceClientNum,select_mode
2,mnist,FedAvg,0,3.2550412399758306,0.12011635202190156,0.5711728708848941,0.2904170016113469,0.2988823082200057,0.45592795556877747,0.36113175398766345,0.08075483790853126,36.19,1,random
3,mnist,FedAvg,1,3.0453178685560975,0.22802714880511035,0.5956964862817831,0.3090607542043857,0.30490995676370686,0.46752171471174964,0.3749334319150175,0.07157504474534976,30.97,1,random
4,mnist,FedAvg,2,2.95185699281423,0.11133291507443108,0.6722590103555662,0.29226681702943674,0.2660010543458454,0.6005741544011174,0.39293237082396565,0.0823175202156334,33.91,2,random
5,mnist,FedAvg,3,3.130083473321001,0.35898020874921577,0.6780745090100235,0.38222378037124355,0.28223510193910545,0.4612075513665251,0.3664939119435347,0.07957670839818638,36.19,3,random
6,mnist,FedAvg,4,2.124329132327999,0.3449495237552045,0.7325886366687817,0.32298989687714574,0.2708771624103273,0.8942275546727312,0.48878933442756867,0.11846100180674102,33.91,1,random
7,mnist,FedAvg,5,2.1572109552565335,0.3430103233901785,0.7679280830759238,0.31326659582606453,0.2529660247172063,0.5416357726616989,0.3833167911323057,0.07117670933606417,37.69,0,random
8,mnist,FedAvg,6,1.7183814144590908,0.45491359151314664,0.8019624572886872,0.34918021866743787,0.2704620100852143,0.3608622775666225,0.3048796543674758,0.07140548716546978,27.49,3,random
9,mnist,FedAvg,7,2.3535821448878953,0.5168539325842697,0.7670469401880315,0.36063814411423356,0.2711036762304222,0.41780093824901215,0.3600886055976746,0.0595203932836491,26.880000000000003,3,random
10,mnist,FedAvg,8,1.6587118875191353,0.6015513602920207,0.8196760452528963,0.3060023267940988,0.2566132561684268,0.605682225608631,0.40227299695380986,0.08661435940378495,37.69,3,random
11,mnist,FedAvg,9,1.4854624305265192,0.5211315804482975,0.8724888546910612,0.3454697446123983,0.15152318824938366,0.5048237491096519,0.36722338308620245,0.08265782684302049,20.33,4,random
12,mnist,FedAvg,10,0.9602151868800196,0.6479780984429362,0.9329255046585015,0.20496907273790357,0.05009786503683512,0.6446458584002006,0.4022791625172171,0.08968997662795297,32.17,2,random
13,mnist,FedAvg,11,1.3137951777535566,0.5100667313066788,0.9000883663533964,0.3311818722690029,0.08528037303126342,0.3680271366912929,0.31310835761127076,0.06201975228920764,19.83,2,random
14,mnist,FedAvg,12,1.2025291899282065,0.5381851365995551,0.9047530711731709,0.30398814803252094,0.08447498142635051,0.668109395719389,0.4127336096154869,0.09449421353554194,30.97,3,random
15,mnist,FedAvg,13,1.235550794394962,0.5211886157531512,0.9078350968011025,0.34636831788043815,0.08247584726416123,0.2650356459152202,0.26744307035766096,0.0557410018356929,30.37,1,random
16,mnist,FedAvg,14,1.3073717641182272,0.5294016996520846,0.9042768232082189,0.3194038687250158,0.09319353798170717,0.44782465608303323,0.3613498728814732,0.07455768216936828,29.11,3,random
17,mnist,FedAvg,15,1.3764137393260396,0.54765299720527,0.9112820416001839,0.30974425383150184,0.06968610692953198,0.38858458373172,0.322809226679932,0.06725433295931021,37.69,1,random
18,mnist,FedAvg,16,2.743793548933051,0.39822049848856444,0.823601374714623,0.38884149398348766,0.13526273713929465,0.8308515527841881,0.4747650850292339,0.1110963136349323,30.97,0,random
19,mnist,FedAvg,17,1.515928271496104,0.47384931272457653,0.9091694882877792,0.31287824965381933,0.06451088831277513,0.5391482251736287,0.3804460071073087,0.08258588744588743,33.93,2,random
20,mnist,FedAvg,18,1.0322761193017327,0.6417042149090287,0.9316192281693496,0.2767936846881008,0.06003079712848901,0.42059362045642196,0.34496604848758927,0.06803878401190237,29.11,4,random
21,mnist,FedAvg,19,0.6633527348147938,0.7617064963212229,0.9569195990362461,0.1784713454261123,0.036160345989755226,0.4419308980257335,0.35574324567024823,0.07531215040941251,32.51,2,random
22,mnist,FedAvg,20,0.7003636630017878,0.7566303541892432,0.951282283756911,0.19691367139161844,0.042694550906173856,0.3433757462769134,0.30037986397239397,0.061786796289828076,21.46,2,random
23,mnist,FedAvg,21,0.6514505860714749,0.791592996064564,0.9558628946625036,0.16704416776916822,0.043834876538793664,0.6245004018704134,0.4260280172041368,0.08526227358848049,32.51,2,random
24,mnist,FedAvg,22,0.5616662502346009,0.8135515884332402,0.9635727182319591,0.13503399458677048,0.03413421687253072,0.25997194594131195,0.2658690658245874,0.05989665728873607,25.580000000000002,2,random
25,mnist,FedAvg,23,0.5886707082880485,0.7978668795984715,0.9627622602153842,0.1555402594203981,0.031454157808704336,0.3022648050280917,0.28918194583348994,0.05981615378567498,33.93,4,random
26,mnist,FedAvg,24,0.7524222277470878,0.7333599498089317,0.9483054439718758,0.2039996499964041,0.054069348758087506,0.4382661186545962,0.3571480648534732,0.07596688984040484,26.509999999999998,1,random
27,mnist,FedAvg,25,1.7093688491081667,0.490161409912736,0.9020785522454581,0.356087960975989,0.08022101299801301,0.594390443770571,0.3918628593378196,0.08850079039733172,22.48,4,random
28,mnist,FedAvg,26,0.962712765702768,0.6436434152740547,0.9413518219867305,0.2693343573125139,0.05214182572139324,0.5210967310038574,0.35987490634831265,0.08071435320584927,37.69,2,random
29,mnist,FedAvg,27,0.9950103317148807,0.6483773455769121,0.9386358104470582,0.22937790658958887,0.04871112591125672,0.5353708181262736,0.37659400714588037,0.08178368116776098,32.17,2,random
30,mnist,FedAvg,28,1.1347327095144908,0.6409057206410769,0.9298563932784847,0.3060512969723492,0.07048142255933164,0.5346327371756696,0.3665452126367733,0.08116473685915082,32.17,4,random
31,mnist,FedAvg,29,0.8725806548031566,0.6837962698910626,0.9434651883909667,0.25509464137468446,0.06167197473482321,0.367615972491024,0.30890161158782153,0.06143569557080474,26.94,2,random
32,mnist,FedAvg,30,1.237544302729955,0.5886613813950835,0.9140231283984512,0.3127608843792056,0.0951599450308113,0.4512923866097371,0.3495021326007705,0.07653547740622721,30.97,2,random
33,mnist,FedAvg,31,1.0711816788096205,0.6279016711344322,0.9319676673357404,0.28256102105465897,0.06456078027494071,0.5527479639207359,0.3870182903761103,0.07818761904761905,37.69,2,random
34,mnist,FedAvg,32,0.8512225138139486,0.7107169337820111,0.9379460315321104,0.2629685258464589,0.06432502161977484,0.5217386356418935,0.3710218944140603,0.07586285980561842,30.97,3,random
35,mnist,FedAvg,33,1.1330875358606676,0.6050875491929505,0.9353779206712923,0.24825049870599528,0.04267276658256723,0.7755527669681148,0.4474028880318721,0.10550668787036725,21.0,2,random
36,mnist,FedAvg,34,0.537920232432496,0.8313466035475959,0.966072220048274,0.1596134762955342,0.03930642702880904,0.37234065078379674,0.3253643145905669,0.06735611829944547,30.97,2,random
37,mnist,FedAvg,35,1.5549719810664848,0.5169680031939771,0.9086771861834345,0.32907730256074,0.07012017107006134,0.39753122322118045,0.3245914042281548,0.06925539313399778,37.69,2,random
38,mnist,FedAvg,36,0.7200590441426188,0.770946215707523,0.9574578107679232,0.18418817221889403,0.04182188710499685,0.26128700707918623,0.26943477175334585,0.05508174554675646,30.37,3,random
39,mnist,FedAvg,37,1.2596455959480954,0.6275024240004563,0.9302425191098609,0.29850759651347175,0.06238063724441762,0.6219907567961769,0.4206589197997149,0.09401822609960016,26.94,3,random
40,mnist,FedAvg,38,0.9829021968544572,0.6828837050134033,0.9444839165006144,0.22810645073908523,0.043212856874624096,0.5281598128497211,0.36953849471883665,0.07546996295925518,37.69,2,random
41,mnist,FedAvg,39,0.8848381568436895,0.694119660069583,0.9454627288751667,0.19039456872293417,0.036221613803943536,0.6987840205265938,0.4122559049171693,0.08084091988044455,32.51,3,random
42,mnist,FedAvg,40,0.7482630496681476,0.7731705925968174,0.9518143836028209,0.1786482848389818,0.04596949955719123,0.735736584830601,0.4404426351153026,0.09776323712093532,32.51,2,random
43,mnist,FedAvg,41,0.964229488241826,0.6747276564193235,0.9445367660203795,0.23331277189542704,0.043786099874770376,0.5877003794089012,0.39593813163194974,0.07621808650065529,29.11,0,random
44,mnist,FedAvg,42,0.5866112773322931,0.8101294701420179,0.9606615443277277,0.1385137112383507,0.033998593015624023,0.39032437111321183,0.3248467028786392,0.07458824856113425,30.97,0,random
45,mnist,FedAvg,43,1.0136847984414816,0.6620087834369475,0.9444368929648942,0.2552720313851895,0.04289797324411652,0.39315132464766067,0.31286016711159703,0.07584788917707277,26.509999999999998,2,random
46,mnist,FedAvg,44,0.7212060170035114,0.7615924257115154,0.9558160879273255,0.18162604919654254,0.04177346147749746,0.4676702615198386,0.34684619143012474,0.07511984731650097,21.34,2,random
47,mnist,FedAvg,45,1.8670560996879475,0.4504648377345577,0.9034845337588685,0.3298688063205865,0.06775416621139463,0.8292553398134371,0.4419573065725004,0.09778804913134889,33.91,1,random
48,mnist,FedAvg,46,0.524192729303758,0.821878742941881,0.9674340015501739,0.13611741179444534,0.03012064790170666,0.31756513733823905,0.2835086185051407,0.07114680506080334,32.17,1,random
49,mnist,FedAvg,47,0.6546348147336195,0.8024867392916215,0.960291128378408,0.153480435374276,0.039969190772764826,0.44100654905623426,0.3360530556316996,0.07515477253651166,20.77,4,random
50,mnist,FedAvg,48,0.8051591619110278,0.7271431015798779,0.9467734594190963,0.2341931962916074,0.06346866963780053,0.3902355695063215,0.34020964950591487,0.07018343426311495,25.880000000000003,3,random
51,mnist,FedAvg,49,0.5365743482468502,0.8256430730622255,0.9683125056847646,0.13513548143140217,0.02882998999959732,0.40326138281121604,0.34273667727801393,0.07061158989066141,30.97,1,random
52,mnist,FedAvg,50,0.7509129786171664,0.7509268237038726,0.9569564032045166,0.2000120959762758,0.0399888792735902,0.3349451078694329,0.29913671625547505,0.06011402734360287,32.17,2,random
53,mnist,FedAvg,51,0.602078020077065,0.8035704100838419,0.9651386751319361,0.16622006838976824,0.03270706357355063,0.7158812292823549,0.4229889037500175,0.101140491009223,26.880000000000003,4,random
54,mnist,FedAvg,52,0.7482238098061212,0.7722580277191582,0.9506285956263527,0.20894023728871652,0.06141504087321836,0.6812594405004774,0.4403137061913619,0.10063245063879211,36.19,2,random
55,mnist,FedAvg,53,0.7116968890833709,0.7744824046084526,0.9566597080513679,0.21016765170450624,0.05495297168335589,0.5044039796377139,0.37206457365475604,0.0801490570650664,36.19,2,random
56,mnist,FedAvg,54,0.5399702289731498,0.8258712142816403,0.9686068373302342,0.13819497639270417,0.02843759154338406,0.4427170723671251,0.34568523135645185,0.07571226296112064,37.69,2,random
57,mnist,FedAvg,55,0.5794091374003667,0.8146352592254605,0.9658400906385461,0.1502203314315411,0.029846106758622076,0.21172174369607225,0.23990672213727554,0.04602653224272399,23.74,1,random
58,mnist,FedAvg,56,0.6216173212865975,0.8018593509382308,0.963526583362755,0.1792969187927579,0.03696374709123363,0.38648933527249474,0.3205444036684658,0.07107690352568857,25.84,2,random
59,mnist,FedAvg,57,0.7078436510257841,0.7614213197969543,0.9582972035802634,0.18228189414328277,0.03512370661007336,0.7499078712363267,0.43679600918952,0.09369111402359108,32.17,3,random
60,mnist,FedAvg,58,1.7530280514213623,0.47955284320994696,0.9114080614960954,0.33818380523939234,0.06193887975420011,0.9749589202341044,0.49210085304201145,0.11432198956020877,26.94,0,random
61,mnist,FedAvg,59,0.7349467956291852,0.7759082872297952,0.9562583299815793,0.20100282227194527,0.0440978739706563,0.40278715499447104,0.3440819091262542,0.07370896086015866,33.91,0,random
62,mnist,FedAvg,60,0.49574449108983243,0.8401870757999201,0.9691949052919523,0.1282578309496707,0.03128512821428061,0.3275963314541457,0.3043759598983586,0.06672352390369907,37.69,1,random
63,mnist,FedAvg,61,0.6011009202892013,0.8089317287400901,0.9660122991834156,0.1514263610372215,0.036892955217981124,0.5102218070296674,0.385097340239378,0.08096841346628494,36.19,2,random
64,mnist,FedAvg,62,0.6335107095046206,0.7869161010665602,0.9667380227491844,0.12354470707402747,0.021891440862688547,0.7781515866790595,0.4417706780186125,0.09575257533800291,26.94,1,random
65,mnist,FedAvg,63,0.4769420847621543,0.8454913591513147,0.9723609806367651,0.11418174693534687,0.02247431949817998,0.8092141025839824,0.46023779407451404,0.10542740587416581,32.51,2,random
66,mnist,FedAvg,64,0.49529546534934255,0.8311184623281811,0.9702282560761636,0.1554919104408513,0.02954057833496009,0.855345557371229,0.4913333237415568,0.11038783695443184,37.69,2,random
67,mnist,FedAvg,65,0.4798785741465582,0.8448069354930702,0.9720760696379769,0.13183884810132218,0.026569506413349833,0.3055017094852419,0.3035233239953851,0.05401590476823836,25.880000000000003,1,random
68,mnist,FedAvg,66,0.8396573632259227,0.7381509154166429,0.9548895376669592,0.22615106744136323,0.04419150281378326,0.45845862320584785,0.3666794214533814,0.07325968154249236,26.94,2,random
69,mnist,FedAvg,67,0.6085915113068691,0.7979809502081788,0.9666824540021919,0.1400891863391039,0.02596221091947474,0.14414420877751882,0.2027525000388159,0.03478580242235415,24.97,2,random
70,mnist,FedAvg,68,0.8490463088533206,0.7043289796383961,0.9469416900086417,0.21745262249954259,0.04507961576575954,0.34698251631394317,0.311867956820273,0.06652273547529587,32.51,4,random
71,mnist,FedAvg,69,0.779639624473814,0.7553755774824616,0.9525771374868143,0.18476472360678262,0.046200713198551784,0.38332246360648525,0.33194485326733303,0.06534860041590523,37.69,1,random
72,mnist,FedAvg,70,0.944697496801907,0.6892716591570182,0.9506627628034366,0.2089449508942756,0.03698292993890505,0.6248104827562178,0.4107904159592912,0.09593462668391811,25.580000000000002,4,random
73,mnist,FedAvg,71,0.5951637851155439,0.8043118690469401,0.9673814680125622,0.16885001770741281,0.028115911762100647,0.6449574503479284,0.41606278640933253,0.09823157017479164,21.09,3,random
74,mnist,FedAvg,72,0.5311875106953406,0.82940740318257,0.9691338638517147,0.13052512154477713,0.025797642758458958,0.6360575617144391,0.4068224947723268,0.09739761628595099,33.91,1,random
75,mnist,FedAvg,73,1.0996973438534732,0.6078252438259283,0.9392314967194392,0.26365184820428106,0.041391472844410394,0.8037681566217433,0.455334795350665,0.10206224824355971,33.91,1,random
76,mnist,FedAvg,74,0.6461337907942788,0.7971254206353733,0.9601903476446005,0.174836664701576,0.04145153105097555,0.4051166798061251,0.3475284196888062,0.06930724063426962,21.560000000000002,0,random
77,mnist,FedAvg,75,0.7924272174082573,0.7693492271716192,0.9553101711021342,0.20964084883549244,0.051069629808304574,0.6027601935457487,0.3936235472481819,0.08441710199591387,24.97,3,random
78,mnist,FedAvg,76,0.961935543682901,0.6876176353162607,0.9494729839805929,0.2640680264715493,0.043023004350985286,0.42836619799400644,0.33805878126134814,0.07208783785138047,27.49,1,random
79,mnist,FedAvg,77,0.522966710394776,0.8266126732447385,0.969131922794193,0.14433333998655187,0.030006523662112174,0.476438635827506,0.37237360712765993,0.07747384095356698,33.91,2,random
80,mnist,FedAvg,78,0.4486795050420712,0.8586094792676667,0.9725625803652274,0.12505627584838913,0.029159261744268014,0.44834534548597005,0.3548666647426331,0.07329428730734,33.93,1,random
81,mnist,FedAvg,79,0.5004592896676976,0.8424684879940684,0.97296278627144,0.11972085602945566,0.023965206644818455,0.6666735372656994,0.4147446663300772,0.09969807154656635,26.94,2,random
82,mnist,FedAvg,80,0.6115433042732668,0.8013460331945474,0.9619999753539634,0.13537568828076724,0.026665804398542294,0.7807202022609258,0.46717696284223564,0.10524653377630122,33.93,1,random
83,mnist,FedAvg,81,0.6244529445494883,0.7948440084412252,0.962849384078282,0.20150355813606724,0.04280298675088488,0.39525095801539933,0.3209850877524492,0.06717516483516484,32.17,2,random
84,mnist,FedAvg,82,0.4526232248815565,0.842525523298922,0.971414573467568,0.09225058417024638,0.018134259094519465,0.5473891038834832,0.373327893545648,0.08329030868628857,26.94,2,random
85,mnist,FedAvg,83,0.5323824952423315,0.8379626989106257,0.9692418873706719,0.13069192674290775,0.031033485757463602,0.6406289248773537,0.39477848611820415,0.08318936007046997,25.880000000000003,2,random
86,mnist,FedAvg,84,0.5568665689831429,0.8043689043517938,0.9680813052375976,0.13871312520937845,0.024162323630870227,0.24958450548161634,0.24986164561574514,0.05283516548677922,37.69,3,random
87,mnist,FedAvg,85,0.4467638390472688,0.8478298066503166,0.9734715586802231,0.09805355692695847,0.019427499686225116,0.4246804303662733,0.34236033534324667,0.07212665072723651,36.19,4,random
88,mnist,FedAvg,86,0.8630540138412336,0.7054696857354703,0.9512330116802035,0.24906749108833476,0.04217536138006264,0.24921064108906554,0.26962019055292313,0.05109328866255696,32.17,1,random
89,mnist,FedAvg,87,0.6952996822460376,0.7683225916842525,0.9603101858935655,0.18168747903487734,0.03275530892192781,0.425957460722268,0.33286258252675255,0.077195502745832,24.52,3,random
90,mnist,FedAvg,88,0.46951947139992867,0.8481149831745851,0.9716435601054945,0.1163675041565134,0.02015784707418112,0.5518422498518157,0.3870642591058166,0.08700937435512615,33.91,3,random
91,mnist,FedAvg,89,0.5185107251809765,0.8239890492214681,0.9707045670910253,0.11208956655672685,0.019913459437213114,0.759483451931448,0.4466403865701496,0.09725036096127448,24.97,3,random
92,mnist,FedAvg,90,0.6601538913015464,0.7860605714937546,0.961283028994723,0.17924169368874568,0.04298868357426534,0.49864765092232377,0.37188765816165886,0.08366559516243259,33.91,2,random
93,mnist,FedAvg,91,0.845636931486101,0.7199566531683111,0.954766184571206,0.23239301844557467,0.04228804159054895,0.5425939551691333,0.3754407485450156,0.0705695238095238,27.49,1,random
94,mnist,FedAvg,92,0.48374938694118924,0.8340842981805737,0.9719969701392501,0.1433345532514538,0.025886437753237023,0.26470846108103546,0.2598881687575554,0.06347413469677989,25.84,2,random
95,mnist,FedAvg,93,0.5232572968097418,0.8291222266583015,0.9699738248025854,0.1322465343757128,0.027394048517325416,1.0204022183055463,0.5099182373212999,0.11559448574414091,26.880000000000003,2,random
96,mnist,FedAvg,94,0.811940605445347,0.7633034848571265,0.9576393577995898,0.1780077356882282,0.03845670246540406,0.9115211455373265,0.47977929092393695,0.11833335189600262,25.84,1,random
97,mnist,FedAvg,95,0.59801687976406,0.8132664119089716,0.9636809737286017,0.14095723775523117,0.035023732479954696,0.7844900963792579,0.46157239351298956,0.1028192692210099,33.91,3,random
98,mnist,FedAvg,96,0.7676700980766699,0.7608509667484172,0.9558498179968242,0.17906409354039657,0.04257114078562838,0.5447122602214223,0.3680186188744861,0.08067972055888223,26.94,4,random
99,mnist,FedAvg,97,0.40786450080188774,0.8716135287743113,0.976789629644017,0.1201113545545918,0.022915752135384035,0.4004756280796093,0.34680590715907056,0.06820669642163231,25.580000000000002,1,random
100,mnist,FedAvg,98,0.476009487241355,0.8483431243939998,0.9706747949756278,0.12294186468670111,0.030208259009320972,0.5488372561033211,0.391015813819294,0.08506720119386788,30.37,3,random
101,mnist,FedAvg,99,0.8201247110910904,0.740432327610791,0.9586776664874233,0.20584452715198473,0.03204665904809162,0.9588099430836966,0.48531090249715364,0.10940573801961535,32.17,3,random
102,mnist,FedAvg,100,0.4292765132967323,0.860092397193863,0.9757506739074522,0.12110409652748226,0.026172780675918314,0.359719631612308,0.3224811407800359,0.06427818181818182,37.69,1,random
103,mnist,FedAvg,101,0.6878796960855987,0.7738550162550619,0.9631118463108076,0.1919435056197772,0.030598361176349988,0.33929060216518303,0.30285096599727107,0.059243963312502174,37.69,2,random
104,mnist,FedAvg,102,0.3402319190824052,0.891176638339132,0.9811680630922737,0.08851084050012778,0.018362126004685855,0.33787694886616204,0.3053229535263572,0.06653223370146064,33.91,2,random
105,mnist,FedAvg,103,0.7717388121332254,0.7499572235213597,0.9555752057383728,0.2067461103302919,0.04094699481501527,0.36368621130679557,0.32241132500064296,0.06303303111641316,24.45,2,random
106,mnist,FedAvg,104,0.4028410945949158,0.862601950607426,0.9766389948570132,0.08603152597652575,0.016138176594541302,0.32185409862517833,0.29523918861139,0.06295710387395437,36.19,1,random
107,mnist,FedAvg,105,0.6779941970690032,0.763987908515371,0.9628807254917945,0.1574347926744255,0.024637009855590575,0.3616380993022693,0.2972467787575441,0.06400269882243037,29.11,5,random
108,mnist,FedAvg,106,0.5332856624596936,0.8146922945303142,0.9704017861751391,0.13090831142169929,0.020901302720748857,0.7405472542676352,0.45291107512189155,0.09785079753719364,37.69,3,random
109,mnist,FedAvg,107,0.6550605584435262,0.7899960075286603,0.9662936042607279,0.14160818626393964,0.026193700521060403,0.8686760571257275,0.47669233021794477,0.10857310134520325,37.69,1,random
110,mnist,FedAvg,108,0.9193890198283834,0.7057548622597388,0.947203611848631,0.2707138539106851,0.05732918740633263,0.5043574482488813,0.36193995780928706,0.07490572511506183,37.69,4,random
111,mnist,FedAvg,109,0.3380405453826469,0.8904922146808875,0.9803282229589847,0.0961661205524936,0.01862472507616599,0.49277586653551597,0.3748353603976389,0.07256819859566271,26.880000000000003,2,random
112,mnist,FedAvg,110,0.5583631181540993,0.8282096617806423,0.9665988120467143,0.15374631888969184,0.040069018483418276,0.44353132625346675,0.3588021896130395,0.07032809438501306,29.11,2,random
113,mnist,FedAvg,111,0.4873984719866591,0.844863970797924,0.9716821707681327,0.12831228903102757,0.0286270048842823,0.3617921150361798,0.3167771032591121,0.0626709327824567,25.84,2,random
114,mnist,FedAvg,112,0.6767498570221785,0.7939314435635658,0.9626390542539911,0.174511805917322,0.03880263065177212,0.5748657169108097,0.3899892341441292,0.07771142857142857,32.51,3,random
115,mnist,FedAvg,113,0.5938627592738813,0.8151485769691439,0.9661095332377054,0.16286942511595406,0.0289937888646321,0.5737687775026015,0.4048470101550614,0.08975863139558185,25.880000000000003,2,random
116,mnist,FedAvg,114,0.5541943927909574,0.8033422688644271,0.9663215212638869,0.14609943854939728,0.025180989810112676,0.5782023264725571,0.40407141346677933,0.08252831839746967,29.11,1,random
117,mnist,FedAvg,115,0.7179448019084261,0.7541208007756801,0.9589686744997779,0.24832098692245252,0.04537064850001398,0.7725118682718205,0.4494711529128855,0.09642087800939206,32.17,2,random
118,mnist,FedAvg,116,0.3446839547195798,0.8799406832829522,0.9801285328915429,0.08158555852205288,0.013311193376522961,0.4492536274642827,0.3479848512739771,0.07199166940339354,33.93,0,random
119,mnist,FedAvg,117,0.5048641037894379,0.8433810528717276,0.971764493266198,0.1266162288425076,0.026150442941263015,0.44464164599673894,0.3533739187331407,0.073048384953188,26.880000000000003,3,random
120,mnist,FedAvg,118,0.8894185212010649,0.7326755261506873,0.9528872235015206,0.23280869650282215,0.050600948031858606,0.43403998225813234,0.34535561486226457,0.06129019928676316,36.19,2,random
121,mnist,FedAvg,119,0.5547114651997901,0.8169166714196088,0.9714020303674659,0.14439189929340815,0.02325470817090785,0.3497574005083982,0.3165525088738059,0.06369915757875745,33.91,2,random
122,mnist,FedAvg,120,0.5075578617994168,0.8339131922660127,0.9733072923421786,0.11593073682796175,0.02009723071139389,0.9101882890241827,0.45555382672059724,0.10914942340412122,32.17,2,random
123,mnist,FedAvg,121,0.40773454894010086,0.8591227970113501,0.9776658476021937,0.10510859630445547,0.017701253297949138,0.3807786374183044,0.3243869094060655,0.06482137208981954,21.560000000000002,2,random
124,mnist,FedAvg,122,0.37554092039768444,0.8745223293218503,0.9806494052752492,0.07869159158985102,0.014440101378880642,0.5889918123918131,0.3920054072298962,0.08022063855914859,36.19,1,random
125,mnist,FedAvg,123,0.39402440548062817,0.8733816232247761,0.9775922013735328,0.10703733367781465,0.022807222079336748,0.6177048154431248,0.4087953773691929,0.0845162445010419,24.97,4,random
126,mnist,FedAvg,124,0.781399029330022,0.7778474875948211,0.9564322139482057,0.18473705395640333,0.04551386493661471,0.5382995820711306,0.37022444302045576,0.08656368491321761,24.52,2,random
127,mnist,FedAvg,125,0.8932649421151112,0.7416300690127189,0.9539472551219198,0.25116368413142637,0.04971173038594221,0.7033290739065317,0.4484861321497973,0.10070794864859993,33.93,2,random
128,mnist,FedAvg,126,0.875699143502855,0.7380938801117892,0.9540791895123399,0.18579454831163647,0.041977579963208576,0.9151495524946223,0.4771208264955076,0.11189274495138367,32.51,3,random
129,mnist,FedAvg,127,0.7286529818406294,0.7603376490047339,0.9587027375156341,0.17171281868022814,0.03557942747375739,0.9245958821721781,0.512197372326711,0.11367335108507522,26.94,1,random
130,mnist,FedAvg,128,0.5883500199409019,0.8110990703245309,0.9687491243869771,0.1380363753475715,0.02593343844716327,0.3863827365889174,0.3319137877489639,0.07156559107288155,26.509999999999998,2,random
131,mnist,FedAvg,129,0.6310776934783824,0.7910796783208807,0.9626770208829302,0.1891864635218774,0.03727274380671351,0.45783160771659104,0.3714722497026386,0.07385892561230994,33.93,2,random
132,mnist,FedAvg,130,0.8798847129708862,0.7340443734671762,0.9544800415318303,0.2122123992925293,0.04161285662154488,0.5106961744841906,0.3705418759895931,0.07954060818404178,25.580000000000002,3,random
133,mnist,FedAvg,131,0.3610070841717998,0.8793132949295615,0.9794129109512215,0.09876875051114663,0.021499185294629203,0.47778110783940564,0.3664666789769045,0.07640646321567725,32.51,1,random
134,mnist,FedAvg,132,0.3322575660666121,0.8861004962071523,0.9817603904018746,0.09079518007851439,0.017034981224668864,0.21499485760167802,0.2456755489242743,0.050926485652576375,22.13,1,random
135,mnist,FedAvg,133,0.4004830749387389,0.8703587520675298,0.9780502285658292,0.10461123869733192,0.02219552977745555,0.5892783089919896,0.3940371162412464,0.08014232836470458,26.509999999999998,2,random
136,mnist,FedAvg,134,0.4494693471172916,0.8541607254890777,0.9765138158982309,0.12122234372227497,0.01933590922801444,0.5624035067265699,0.37492254350030463,0.08203570404289931,33.93,2,random
137,mnist,FedAvg,135,0.351662834902013,0.8814236012091484,0.9810056614945097,0.09078669530579994,0.019009875759334022,0.6189154726447156,0.40419167972359965,0.09617538109604483,33.91,2,random
138,mnist,FedAvg,136,0.3756153854581738,0.8738379056636058,0.978841767774855,0.11043279782299785,0.024031600061913662,0.33036062491274554,0.28596548383066467,0.06430156516789982,30.37,0,random
139,mnist,FedAvg,137,0.4594107268824269,0.8510808190269777,0.9753803169783571,0.10714147129614221,0.020832638080545647,0.3751043859906529,0.3369893300215643,0.061625762867398994,32.51,4,random
140,mnist,FedAvg,138,0.3709597599740362,0.8821080248673929,0.9774785484690361,0.11474176850461822,0.020995096729872993,0.46405631258612307,0.36681463787922897,0.07183258413982378,26.509999999999998,3,random
141,mnist,FedAvg,139,0.39729425824259856,0.8721838818228483,0.9783423578302527,0.09121988260375201,0.017898391814850634,0.7550946089325006,0.458746769238783,0.10057915343915343,25.880000000000003,1,random
142,mnist,FedAvg,140,0.39310507390895316,0.8746934352364113,0.9776946632991249,0.09854212800504424,0.018495444818241485,0.25903773363862476,0.2744661744139207,0.05031838347444905,24.52,1,random
143,mnist,FedAvg,141,1.7532104859496014,0.5137169908173159,0.9352860642049617,0.3016563555945492,0.039337525049991724,0.9091825282187327,0.44375094719645797,0.1017524360802205,26.509999999999998,3,random
144,mnist,FedAvg,142,0.3780916539873415,0.8785148006616096,0.9780664642238424,0.1052044916667775,0.021300763225388642,0.4510320658773833,0.3524869465220793,0.07440287392842154,37.69,4,random
145,mnist,FedAvg,143,0.28577159158559867,0.9028688758341413,0.9848847815089663,0.06611043662598204,0.012351434648559095,0.3662219468177068,0.30057225668268944,0.07020506346521957,30.97,2,random
146,mnist,FedAvg,144,0.43240159961011526,0.8612901385957908,0.9769244771923015,0.09363236891788833,0.01961155450696195,0.6410718796151126,0.41958869331379,0.08821921462423832,21.46,1,random
147,mnist,FedAvg,145,0.40828773557837666,0.8692750812753094,0.9782702361236899,0.0890219433374461,0.018231560928248656,0.8747797938705908,0.46877580142426223,0.10973316624895571,25.880000000000003,4,random
148,mnist,FedAvg,146,0.37671293932391503,0.8723549877374095,0.9790438389536265,0.09118708752821507,0.014646469624041557,0.5995487595672738,0.3830278595901499,0.06928760079111515,32.51,4,random
149,mnist,FedAvg,147,0.4998386938013314,0.8283807676952033,0.9721033824209814,0.13428613525769015,0.022597094482000306,0.3463032999067269,0.29968706987196453,0.06497123938879457,30.37,2,random
150,mnist,FedAvg,148,0.3930778709615843,0.8684765870073575,0.9774531519301213,0.1097110772671738,0.018455823895463953,0.4873100769030255,0.36076592992001666,0.07970127194083174,26.94,1,random
151,mnist,FedAvg,149,0.3154053043640482,0.8975645924827468,0.9816518296451235,0.08879515466525724,0.01693422332626395,0.2338067580209916,0.25998353278568653,0.0510845654426154,33.93,1,random
152,mnist,FedAvg,150,0.5710546257374968,0.810300576056579,0.9672915399719464,0.15486399644340157,0.028525750048817775,0.2972485504712126,0.29959458302485276,0.054185976045727224,32.17,1,random
153,mnist,FedAvg,151,0.4741336643290469,0.8482290537842925,0.9695219375687694,0.133901605566014,0.02522863817454842,0.5895740874515311,0.4125608639361774,0.08894510879848627,26.880000000000003,1,random
154,mnist,FedAvg,152,0.5400139730540149,0.8265556379398847,0.9708027868175478,0.171865264233597,0.030416255582727536,0.4581984187819852,0.3529032425103661,0.07969263827177116,27.49,1,random
155,mnist,FedAvg,153,0.6329425409697444,0.7919352078936862,0.9678219477526371,0.1708350843646275,0.02425625795594463,0.5268250176551064,0.35957746788367645,0.06874233393710841,21.09,3,random
156,mnist,FedAvg,154,0.45043403687304817,0.8520504192094907,0.9755159277248996,0.1404143677410997,0.022839192085273834,0.3883200860868355,0.3242798064838952,0.07352476777459829,33.93,0,random
157,mnist,FedAvg,155,0.5313086530250004,0.8252438259282496,0.9715640864162174,0.13257455304588545,0.019860477442772764,0.5896611858459764,0.39579725411445965,0.08490534480012742,22.48,2,random
158,mnist,FedAvg,156,0.7165270260833211,0.7665544972337878,0.9608286072214146,0.20249307155360657,0.032916356265220346,0.6824007485129026,0.4320174465461188,0.08615043929096897,26.94,1,random
159,mnist,FedAvg,157,0.5068717825370408,0.8377915929960645,0.9706155726508643,0.14766546360015584,0.033175422777080625,0.37674681208928323,0.3315828550198528,0.059541273131014066,37.69,2,random
160,mnist,FedAvg,158,0.45566205853240577,0.8530770546968574,0.9744657528349965,0.12052379794951526,0.02060558187255014,0.4171610493599517,0.32669140133305774,0.07648840956499163,30.37,2,random
161,mnist,FedAvg,159,0.30878276292576096,0.9019563109564821,0.9820947276349116,0.08119265211185556,0.015017128506852113,0.37475719472049895,0.32397696002830095,0.06701129678956962,33.93,1,random
162,mnist,FedAvg,160,0.46315931598493915,0.844464723663948,0.9738584587743189,0.14177624580893886,0.023895738839640537,0.6423890982748169,0.4346256549583973,0.08651414490120372,36.19,0,random
163,mnist,FedAvg,161,0.38092223943124937,0.8781155535276336,0.9793392983110117,0.11072079053284188,0.021767269696579616,0.49527913251099975,0.3872126658542619,0.07422772188936881,33.91,0,random
164,mnist,FedAvg,162,0.4921573857338251,0.8486853362231221,0.9726759138265542,0.1082341430920395,0.021163226637624554,0.6227930630503299,0.43202840641800627,0.08993011585986735,26.880000000000003,1,random
165,mnist,FedAvg,163,0.2780273300946436,0.9081731591855359,0.9845339464937352,0.07119565277346523,0.013508874206011172,0.30149049628163643,0.29624483862135176,0.06331029130220818,36.19,1,random
166,mnist,FedAvg,164,0.5025295367636454,0.8477727713454628,0.9738552201901469,0.12072534214813425,0.026464975603636486,0.5015437040488355,0.377791634312217,0.08384687552762404,32.17,1,random
167,mnist,FedAvg,165,0.4499514018949761,0.8598072206695945,0.9757065510315025,0.10891838157591226,0.02208737852142962,0.5339399354896301,0.37682065048884866,0.08159381044606352,30.97,1,random
168,mnist,FedAvg,166,0.32192603578950074,0.8984771573604061,0.9826298471037186,0.08319601510222939,0.016732184711240845,0.4358681930118355,0.3161574211446556,0.06383158720783057,37.69,5,random
169,mnist,FedAvg,167,0.44557029690555705,0.8511378543318314,0.9743518244161267,0.09934213681199616,0.017271101188051283,0.7994377546848432,0.4649862866959314,0.10555770956316411,29.11,2,random
170,mnist,FedAvg,168,0.46335679446849826,0.8485712656134147,0.972818483167155,0.13576351427067823,0.03116694886930823,0.5662231822018905,0.3726605148699728,0.0871684259595993,30.37,2,random
171,mnist,FedAvg,169,0.8835882900122066,0.6832259168425255,0.9546875515144427,0.22555904232478305,0.029833971971398598,0.9044541231964143,0.4896620681628711,0.10906150706436418,29.11,1,random
172,mnist,FedAvg,170,0.4101855399971044,0.8623167740831574,0.9772600712744208,0.09358697783801505,0.017034102350999298,0.5038322515508964,0.3553728131069636,0.07501729857405301,36.19,2,random
173,mnist,FedAvg,171,0.5576790010036843,0.8158330006273884,0.9703151895206971,0.1319710188089232,0.023345988600359562,0.44362172910664865,0.3378932025081592,0.07055289258357968,27.49,2,random
174,mnist,FedAvg,172,0.5862634543935522,0.8119545998973364,0.9688484241173668,0.14067174701802473,0.022893286050173274,0.34307404628820964,0.3181719465993678,0.05198051563936543,29.11,2,random
175,mnist,FedAvg,173,0.27320249033526844,0.9054354645525581,0.984522801599375,0.07317967774495053,0.012738663091922793,0.4611958245222049,0.3659640777515533,0.0760871954674221,36.19,3,random
176,mnist,FedAvg,174,0.3592270921694634,0.884788684195517,0.9796546164822216,0.08249845786638708,0.015427918133422308,0.36041700903851703,0.31500123136809777,0.06049678060989264,20.77,1,random
177,mnist,FedAvg,175,0.33297925899690606,0.8882108024867393,0.9816025464618481,0.10264478081956047,0.018981546927909997,0.6206345766762339,0.4037723273484145,0.09140435392710972,37.69,2,random
178,mnist,FedAvg,176,0.4518655626842953,0.8619745622540352,0.9758948605516445,0.11672510592285329,0.02326179515536687,0.3950397238037105,0.32356362836333974,0.06292748304712827,33.91,0,random
179,mnist,FedAvg,177,0.5720013186169944,0.8231335196486625,0.9719084099618948,0.18638447015284312,0.030323523728253098,0.7449761144100834,0.44116889325802694,0.09999054945054944,24.45,0,random
180,mnist,FedAvg,178,0.4181683100181984,0.8626589859122797,0.9759833917534769,0.13182918339960634,0.02411275007087729,0.593199546622792,0.4077773622462556,0.08680875407697324,36.19,2,random
181,mnist,FedAvg,179,0.27862170723217883,0.9054354645525581,0.9839758727172665,0.06916506210696462,0.012459022821526578,0.350637070920559,0.31853051206204924,0.07139052364507717,33.91,1,random
182,mnist,FedAvg,180,0.9479910269479348,0.748360234985456,0.963945041490405,0.1513679645299019,0.02301075780335276,1.5349815758766263,0.5967233381956185,0.14298791325851246,29.11,0,random
183,mnist,FedAvg,181,0.29612367739098927,0.9012148519933839,0.9823312862758674,0.06995138457029262,0.012487029188199878,0.25738656002940646,0.25806255595943334,0.05605916910584459,32.17,2,random
184,mnist,FedAvg,182,0.7098679262032153,0.7731135572919637,0.9629828256834,0.16759642390353743,0.02816267745994748,0.7724308048418651,0.44400264177195914,0.10075274971855978,27.49,3,random
185,mnist,FedAvg,183,0.35545588253454763,0.8859293902925911,0.9797614912230098,0.10006357666074286,0.020142478120377495,0.43864095814844656,0.341249214434218,0.07804821234233557,21.46,4,random
186,mnist,FedAvg,184,0.3377742304930528,0.8868419551702504,0.9801591945502846,0.09678614516090263,0.018147885560303584,0.31203505527564346,0.2828659498947143,0.06632647447347652,36.19,3,random
187,mnist,FedAvg,185,0.3813951656227113,0.8688187988364798,0.9766495732576052,0.09867320677172647,0.01834053496637946,0.4412935926031496,0.367323208837517,0.06701312372139867,22.48,3,random
188,mnist,FedAvg,186,0.5834327715839965,0.829806650316546,0.9734095062577423,0.13943591629552782,0.027664606390420603,1.1077585236979748,0.5235208784109152,0.12136302521008402,33.91,0,random
189,mnist,FedAvg,187,0.37485761168792553,0.8819939542576855,0.9791766606297964,0.1131706791026373,0.02528501419183655,0.9663873098048927,0.5173055325889806,0.11597888210554877,26.880000000000003,2,random
190,mnist,FedAvg,188,0.5044638308151022,0.8374493811669423,0.9709646536343838,0.13935749703428776,0.027483138850207273,0.2836482945012684,0.28629631024913044,0.05295836805754845,25.880000000000003,4,random
191,mnist,FedAvg,189,0.4463344221582442,0.8472024182969258,0.9737358984743697,0.1128210850221873,0.019413601147482556,0.672347098474514,0.4261625751381096,0.09634545495193383,32.17,1,random
192,mnist,FedAvg,190,0.33051356347607,0.8834768721838818,0.9810888478064712,0.08825410716074977,0.015132803987201501,0.43172722699486454,0.35898499197008593,0.061586979572316736,33.93,1,random
193,mnist,FedAvg,191,0.2911138169140717,0.9054354645525581,0.9832566471844992,0.07143004201028104,0.014204857653259111,0.37495408519367707,0.3250480415252917,0.06416777254802189,25.84,2,random
194,mnist,FedAvg,192,0.3285776493136549,0.884389437061541,0.9803502047554353,0.08405077865571146,0.014241123225210551,0.7064672717440614,0.4420447091168809,0.09720495571201454,32.51,0,random
195,mnist,FedAvg,193,0.7675693239863957,0.764957508697884,0.9637516121413624,0.19340287224233907,0.03013808391827886,0.6537554835255962,0.43373729504135405,0.0906720190892467,25.84,0,random
196,mnist,FedAvg,194,0.7567528708115783,0.7508127530941653,0.9591920696989832,0.18695979821271222,0.032439202785879535,0.8068199465974165,0.4582754500526781,0.10118004990642544,22.13,3,random
197,mnist,FedAvg,195,0.38942287396705977,0.8691039753607483,0.9788729983330214,0.07807547024260784,0.01355183282210616,0.5859985515216023,0.4060434658197688,0.08118486723923163,32.51,2,random
198,mnist,FedAvg,196,0.28254559812769187,0.9026977699195802,0.9853722629388715,0.06592825259554791,0.010603703299109424,0.4199378150675685,0.3109066090903407,0.06787531216202929,37.69,2,random
199,mnist,FedAvg,197,0.4440763705710529,0.8570695260366167,0.9741083548064086,0.1359493698984901,0.029878626177981423,0.5599477058215986,0.3961341715456085,0.08931656500802568,30.97,2,random
200,mnist,FedAvg,198,0.48237849906805785,0.843894370615411,0.9737847682180859,0.16755799363359608,0.030272243352716034,0.6062486998202969,0.41207522588021234,0.09132566536203522,32.17,1,random
201,mnist,FedAvg,199,0.5801614389356049,0.8178862716021217,0.9691846043363965,0.1310379592522867,0.024206086981991854,0.33918263961504613,0.3022504674402418,0.06743578095765146,24.52,5,random
202,mnist,FedAvg,200,0.36089837757367094,0.8766326356014373,0.9796117261398268,0.08064295574022728,0.015545644016725646,0.8066045612310682,0.45594119143427164,0.10023454887218045,36.19,1,random
